Oviedo,Queue,RD,Newton,BFGS
6.2278942541168265e7,2.4707968300674353e9,2.4716287873167715e9,2.947735964962414e9,1.3558924954517484e8
2.432288042856987e6,2.0055186130634272e9,1.9939820717815163e9,1.3558924954517487e8,5.179647348054067e7
73053.32259449014,1.536415590631718e9,1.495309262585713e9,2.1957580843106564e7,5.179647348054067e7
2966.463910238717,1.0671482059877404e9,4.193410561987776e9,163148.39275787806,5.179647348054067e7
70.71443619177873,6.109428897752976e8,2.750269171088267e9,39.61632619057452,5.179647348054067e7
3.299356368079179,1.6324364562376958e8,1.3512166314066188e9,2.3031674892283215e-6,5.179647348054067e7
0.07583863461980321,3.4544811555993743e6,7.439184354002304e7,6.829732906370984e-8,5.179647348054067e7
0.0020262074103357614,85146.5882843092,941231.2957734565,6.709081285316696e-8,5.179647348054067e7
7.53567557570043e-5,950.157380491467,1166.045543155045,6.708987629455571e-8,5.179647348054067e7
3.459694050561758e-6,8.345590593172034,0.0011983500298813983,6.708708459360401e-8,5.179647348054067e7
9.368215847747632e-8,0.053078352202751054,6.832854566766188e-8,6.7076508431956e-8,5.179647348054067e7
6.76017542328568e-8,0.00037331007432366215,6.707571590693423e-8,6.707375674777899e-8,5.179647348054067e7
6.705969878029633e-8,1.5066824397790156e-6,6.710359481784225e-8,6.708983328844241e-8,5.179647348054067e7
6.704544345763496e-8,7.29731450258048e-8,6.709216224048064e-8,6.707375674777899e-8,5.179647348054067e7
6.704739531645697e-8,6.729593768826808e-8,6.708882750664478e-8,6.7076508431956e-8,5.179647348054067e7
6.704441882368406e-8,6.706586403836245e-8,6.707886761253593e-8,6.708708459360401e-8,5.179647348054067e7
6.704076577948303e-8,6.704803920128705e-8,6.710211161331221e-8,6.7076508431956e-8,5.179647348054067e7
6.705164514670116e-8,6.705686055805515e-8,6.707886761253593e-8,6.707375674777899e-8,5.179647348054067e7
6.704394290211553e-8,6.704397905934889e-8,6.708882750664478e-8,6.708983328844241e-8,5.179647348054067e7
6.706005343713e-8,6.704187629096602e-8,6.709216224048064e-8,6.708855857743107e-8,5.179647348054067e7
6.705611042026444e-8,6.705907052391654e-8,6.708882750664478e-8,6.7076508431956e-8,5.179647348054067e7
6.705109426730427e-8,6.704478438604329e-8,6.707886761253593e-8,6.708708459360401e-8,5.179647348054067e7
6.704076577948303e-8,6.705051174277871e-8,6.710211161331221e-8,6.7076508431956e-8,5.179647348054067e7
6.705109426730427e-8,6.705220200227484e-8,6.709363394370673e-8,6.707375674777899e-8,5.179647348054067e7
6.704076577948303e-8,6.705213151439428e-8,6.708882750664478e-8,6.708983328844241e-8,5.179647348054067e7
6.705156001545781e-8,6.706498103406703e-8,6.709216224048064e-8,6.707375674777899e-8,5.179647348054067e7
6.704076577948303e-8,6.705158373284485e-8,6.708882750664478e-8,6.7076508431956e-8,5.179647348054067e7
6.705164514670116e-8,6.70567274438282e-8,6.707886761253593e-8,6.708708459360401e-8,5.179647348054067e7
6.704349847839721e-8,6.704868766959729e-8,6.710211161331221e-8,6.7076508431956e-8,5.179647348054067e7
6.705109426730427e-8,6.70522790074871e-8,6.707886761253593e-8,6.707375674777899e-8,5.179647348054067e7
6.704076577948303e-8,6.704998469200263e-8,6.708882750664478e-8,6.710463504009011e-8,5.179647348054067e7
6.70510249721333e-8,6.704318705431316e-8,6.709216224048064e-8,6.707375674777899e-8,5.179647348054067e7
6.704129032804694e-8,6.704998469200263e-8,6.708882750664478e-8,6.7076508431956e-8,5.179647348054067e7
6.705164514670116e-8,6.704418502580913e-8,6.707886761253593e-8,6.708708459360401e-8,5.179647348054067e7
6.704068913459741e-8,6.706732648333258e-8,6.71168776695812e-8,6.7076508431956e-8,5.179647348054067e7
6.705109426730427e-8,6.705905947967937e-8,6.707886761253593e-8,6.707375674777899e-8,5.179647348054067e7
6.704076577948303e-8,6.705823361624134e-8,6.708882750664478e-8,6.708983328844241e-8,5.179647348054067e7
6.705109426730427e-8,6.705725885065405e-8,6.709216224048064e-8,6.707375674777899e-8,5.179647348054067e7
6.704076577948303e-8,6.704998469200263e-8,6.708882750664478e-8,6.7076508431956e-8,5.179647348054067e7
6.705162703515068e-8,6.704318705431316e-8,6.707886761253593e-8,6.708708459360401e-8,5.179647348054067e7
6.704068913459741e-8,6.704998469200263e-8,6.710211161331221e-8,6.7076508431956e-8,5.179647348054067e7
6.705164514670116e-8,6.704318705431316e-8,6.707886761253593e-8,6.708855857743107e-8,5.179647348054067e7
6.704349847839721e-8,6.704998469200263e-8,6.708882750664478e-8,6.708983328844241e-8,5.179647348054067e7
6.706637825237805e-8,6.704318705431316e-8,6.709216224048064e-8,6.707375674777899e-8,5.179647348054067e7
6.704076577948303e-8,6.70490181803294e-8,6.708882750664478e-8,6.7076508431956e-8,5.179647348054067e7
6.705162703515068e-8,6.70520897109827e-8,6.709363394370673e-8,6.708708459360401e-8,5.179647348054067e7
6.704068913459741e-8,6.706580444767253e-8,6.710211161331221e-8,6.7076508431956e-8,5.179647348054067e7
6.705109426730427e-8,6.704318705431316e-8,6.707886761253593e-8,6.707375674777899e-8,5.179647348054067e7
6.704076577948303e-8,6.70506556963084e-8,6.708882750664478e-8,6.708983328844241e-8,5.179647348054067e7
6.705217920826489e-8,6.704120437578362e-8,6.709216224048064e-8,6.707375674777899e-8,5.179647348054067e7
6.704892108066659e-8,6.704998469200263e-8,6.708882750664478e-8,6.7076508431956e-8,5.179647348054067e7
6.706695415062899e-8,6.704318705431316e-8,6.707886761253593e-8,6.708708459360401e-8,5.179647348054067e7
6.704076577948303e-8,6.704998469200263e-8,6.710211161331221e-8,6.709131145481996e-8,5.179647348054067e7
6.705109426730427e-8,6.704318705431316e-8,6.707886761253593e-8,6.707375674777899e-8,5.179647348054067e7
6.704076577948303e-8,6.704846695291358e-8,6.708882750664478e-8,6.708983328844241e-8,5.179647348054067e7
6.705109426730427e-8,6.70438552155091e-8,6.709216224048064e-8,6.707375674777899e-8,5.179647348054067e7
6.704129032804694e-8,6.70505333580968e-8,6.710359481784225e-8,6.7076508431956e-8,5.179647348054067e7
6.705157716245156e-8,6.70459268290132e-8,6.707886761253593e-8,6.708708459360401e-8,5.179647348054067e7
6.704900192663992e-8,6.705891220001683e-8,6.710211161331221e-8,6.7076508431956e-8,5.179647348054067e7
6.706695415062899e-8,6.70459268290132e-8,6.707886761253593e-8,6.707375674777899e-8,5.179647348054067e7
6.704076577948303e-8,6.705891220001683e-8,6.708882750664478e-8,6.708983328844241e-8,5.179647348054067e7
6.705109426730427e-8,6.70459268290132e-8,6.709216224048064e-8,6.707375674777899e-8,5.179647348054068e7
6.704076577948303e-8,6.704998469200263e-8,6.708882750664478e-8,6.7076508431956e-8,5.179647348054068e7
6.705156001545781e-8,6.704120437578362e-8,6.707886761253593e-8,6.71018851515653e-8,5.179647348054068e7
6.704131235114258e-8,6.70511228080518e-8,6.710211161331221e-8,6.7076508431956e-8,5.179647348054068e7
6.705383626254441e-8,6.704318705431316e-8,6.707886761253593e-8,6.707375674777899e-8,5.179647348054068e7
6.705525270295343e-8,6.704998469200263e-8,6.708882750664478e-8,6.708983328844241e-8,5.179647348054068e7
6.704496373860562e-8,6.70437334090158e-8,6.710692731441576e-8,6.707375674777899e-8,5.179647348054068e7
6.704739531645697e-8,6.705823361624134e-8,6.708882750664478e-8,6.7076508431956e-8,5.179647348054068e7
6.704494095826081e-8,6.705848810228509e-8,6.707886761253593e-8,6.708708459360401e-8,5.179647348054068e7
6.704076577948303e-8,6.704998469200263e-8,6.710211161331221e-8,6.7076508431956e-8,5.179647348054068e7
6.70510249721333e-8,6.704318705431316e-8,6.707886761253593e-8,6.707375674777899e-8,5.179647348054068e7
6.704131235114258e-8,6.70480129117114e-8,6.708882750664478e-8,6.708983328844241e-8,5.179647348054068e7
6.705383626254441e-8,6.70438552155091e-8,6.709216224048064e-8,6.707375674777899e-8,5.179647348054068e7
6.704068913459741e-8,6.704998469200263e-8,6.708882750664478e-8,6.709131145481996e-8,5.179647348054068e7
6.705162703515068e-8,6.704363606601986e-8,6.707886761253593e-8,6.708708459360401e-8,5.179647348054068e7
6.704076577948303e-8,6.704998469200263e-8,6.710211161331221e-8,6.7076508431956e-8,5.179647348054068e7
6.70510249721333e-8,6.704120437578362e-8,6.707886761253593e-8,6.707375674777899e-8,5.179647348054068e7
6.704131235114258e-8,6.70505333580968e-8,6.710359481784225e-8,6.708983328844241e-8,5.179647348054068e7
6.705933447095626e-8,6.705143027513662e-8,6.709216224048064e-8,6.707375674777899e-8,5.179647348054068e7
6.704123701743603e-8,6.706523076148085e-8,6.708882750664478e-8,6.7076508431956e-8,5.179647348054068e7
6.705436617187082e-8,6.704363606601986e-8,6.707886761253593e-8,6.708708459360401e-8,5.179647348054068e7
6.705525270295343e-8,6.70506556963084e-8,6.710211161331221e-8,6.7076508431956e-8,5.179647348054068e7
6.704488555115215e-8,6.704318705431316e-8,6.707886761253593e-8,6.707375674777899e-8,5.179647348054068e7
6.704746175763934e-8,6.704998469200263e-8,6.708882750664478e-8,6.708983328844241e-8,5.179647348054068e7
6.704441882368406e-8,6.704318705431316e-8,6.709216224048064e-8,6.708855857743107e-8,5.179647348054068e7
6.704076577948303e-8,6.70480129117114e-8,6.708882750664478e-8,6.7076508431956e-8,5.179647348054068e7
6.705156001545781e-8,6.704318705431316e-8,6.707886761253593e-8,6.708708459360401e-8,5.179647348054068e7
6.704076577948303e-8,6.70480129117114e-8,6.710211161331221e-8,6.7076508431956e-8,5.179647348054068e7
6.705109426730427e-8,6.704440404426435e-8,6.709363394370673e-8,6.707375674777899e-8,5.179647348054068e7
6.704076577948303e-8,6.705823361624134e-8,6.708882750664478e-8,6.708983328844241e-8,5.179647348054068e7
6.705164514670116e-8,6.704318705431316e-8,6.709216224048064e-8,6.707375674777899e-8,5.179647348054068e7
6.704349847839721e-8,6.705043892893513e-8,6.708882750664478e-8,6.7076508431956e-8,5.179647348054068e7
6.70510249721333e-8,6.704120437578362e-8,6.707886761253593e-8,6.708708459360401e-8,5.179647348054068e7
6.704129032804694e-8,6.704998469200263e-8,6.710211161331221e-8,6.7076508431956e-8,5.179647348054068e7
6.705109426730427e-8,6.704318705431316e-8,6.707886761253593e-8,6.707375674777899e-8,5.179647348054068e7
6.704068913459741e-8,6.704998469200263e-8,6.708882750664478e-8,6.710463504009011e-8,5.179647348054068e7
6.705164514670116e-8,6.70437334090158e-8,6.709216224048064e-8,6.707375674777899e-8,5.179647348054068e7
6.704349847839721e-8,6.705889589567627e-8,6.708882750664478e-8,6.7076508431956e-8,5.179647348054068e7
6.70510249721333e-8,6.705848810228509e-8,6.707886761253593e-8,6.708708459360401e-8,5.179647348054068e7
6.704129032804694e-8,6.704998469200263e-8,6.71168776695812e-8,6.7076508431956e-8,5.179647348054068e7
6.705109426730427e-8,6.704440404426435e-8,6.707886761253593e-8,6.707375674777899e-8,5.179647348054068e7
6.704068913459741e-8,6.705067620916519e-8,6.708882750664478e-8,6.708983328844241e-8,5.179647348054068e7
6.705164514670116e-8,6.70526983258864e-8,6.709216224048064e-8,6.707375674777899e-8,5.179647348054068e7
6.704349847839721e-8,6.704998469200263e-8,6.708882750664478e-8,6.7076508431956e-8,5.179647348054068e7
6.70510249721333e-8,6.704318705431316e-8,6.707886761253593e-8,6.708708459360401e-8,5.179647348054068e7
6.704129032804694e-8,6.704998469200263e-8,6.710211161331221e-8,6.7076508431956e-8,5.179647348054068e7
6.705109426730427e-8,6.704371126722739e-8,6.707886761253593e-8,6.708855857743107e-8,5.179647348054068e7
6.704068913459741e-8,6.704868766959729e-8,6.708882750664478e-8,6.708983328844241e-8,5.179647348054068e7
6.705164514670116e-8,6.704318705431316e-8,6.709216224048064e-8,6.707375674777899e-8,5.179647348054068e7
6.704349847839721e-8,6.704998469200263e-8,6.708882750664478e-8,6.7076508431956e-8,5.179647348054068e7
6.70510249721333e-8,6.70437334090158e-8,6.709363394370673e-8,6.708708459360401e-8,5.179647348054068e7
6.704129032804694e-8,6.704990960260324e-8,6.710211161331221e-8,6.7076508431956e-8,5.179647348054068e7
6.705109426730427e-8,6.704318705431316e-8,6.707886761253593e-8,6.707375674777899e-8,5.179647348054068e7
6.704068913459741e-8,6.704998469200263e-8,6.708882750664478e-8,6.708983328844241e-8,5.179647348054068e7
6.705164514670116e-8,6.704318705431316e-8,6.709216224048064e-8,6.707375674777899e-8,5.179647348054068e7
6.704349847839721e-8,6.704896926524424e-8,6.708882750664478e-8,6.7076508431956e-8,5.179647348054068e7
6.70510249721333e-8,6.704342630419135e-8,6.707886761253593e-8,6.708708459360401e-8,5.179647348054068e7
6.704129032804694e-8,6.704998469200263e-8,6.710211161331221e-8,6.709131145481996e-8,5.179647348054068e7
6.705109426730427e-8,6.704318705431316e-8,6.707886761253593e-8,6.707375674777899e-8,5.179647348054068e7
6.704068913459741e-8,6.704990960260324e-8,6.708882750664478e-8,6.708983328844241e-8,5.179647348054068e7
6.705164514670116e-8,6.704216645381802e-8,6.709216224048064e-8,6.707375674777899e-8,5.179647348054068e7
6.704349847839721e-8,6.704998469200263e-8,6.710359481784225e-8,6.7076508431956e-8,5.179647348054068e7
6.70510249721333e-8,6.70437334090158e-8,6.707886761253593e-8,6.708708459360401e-8,5.179647348054068e7
6.704129032804694e-8,6.705273309521534e-8,6.710211161331221e-8,6.7076508431956e-8,5.179647348054068e7
6.705109426730427e-8,6.705748913467974e-8,6.707886761253593e-8,6.707375674777899e-8,5.179647348054068e7
6.704068913459741e-8,6.704970240176918e-8,6.708882750664478e-8,6.708983328844241e-8,5.179647348054068e7
6.705164514670116e-8,6.704318705431316e-8,6.709216224048064e-8,6.707375674777899e-8,5.179647348054068e7
6.704349847839721e-8,6.705051174277871e-8,6.708882750664478e-8,6.7076508431956e-8,5.179647348054068e7
6.70510249721333e-8,6.704318705431316e-8,6.707886761253593e-8,6.71018851515653e-8,5.179647348054068e7
6.704129032804694e-8,6.704998469200263e-8,6.710211161331221e-8,6.7076508431956e-8,5.179647348054068e7
6.705109426730427e-8,6.704310957730344e-8,6.707886761253593e-8,6.707375674777899e-8,5.179647348054068e7
6.704068913459741e-8,6.705051174277871e-8,6.708882750664478e-8,6.708983328844241e-8,5.179647348054068e7
6.705164514670116e-8,6.704216645381802e-8,6.710692731441576e-8,6.707375674777899e-8,5.179647348054068e7
6.704349847839721e-8,6.704998469200263e-8,6.708882750664478e-8,6.7076508431956e-8,5.179647348054068e7
6.70510249721333e-8,6.704344483545985e-8,6.707886761253593e-8,6.708708459360401e-8,5.179647348054068e7
6.704129032804694e-8,6.705273309521534e-8,6.710211161331221e-8,6.7076508431956e-8,5.179647348054068e7
6.705109426730427e-8,6.705215999909748e-8,6.707886761253593e-8,6.707375674777899e-8,5.179647348054068e7
6.704068913459741e-8,6.705171414310356e-8,6.708882750664478e-8,6.708983328844241e-8,5.179647348054068e7
6.705164514670116e-8,6.705215999909748e-8,6.709216224048064e-8,6.707375674777899e-8,5.179647348054068e7
6.704349847839721e-8,6.705273309521534e-8,6.708882750664478e-8,6.709131145481996e-8,5.179647348054068e7
6.70510249721333e-8,6.705209703226465e-8,6.707886761253593e-8,6.708708459360401e-8,5.179647348054068e7
6.704129032804694e-8,6.705273309521534e-8,6.710211161331221e-8,6.7076508431956e-8,5.179647348054068e7
6.705109426730427e-8,6.70426908258669e-8,6.707886761253593e-8,6.707375674777899e-8,5.179647348054068e7
6.704068913459741e-8,6.704970240176918e-8,6.710359481784225e-8,6.708983328844241e-8,5.179647348054068e7
6.705164514670116e-8,6.704318705431316e-8,6.709216224048064e-8,6.707375674777899e-8,5.179647348054068e7
6.704349847839721e-8,6.704990960260324e-8,6.708882750664478e-8,6.7076508431956e-8,5.179647348054068e7
6.70510249721333e-8,6.704318705431316e-8,6.707886761253593e-8,6.708708459360401e-8,5.179647348054068e7
6.704129032804694e-8,6.70505333580968e-8,6.710211161331221e-8,6.7076508431956e-8,5.179647348054068e7
6.705109426730427e-8,6.70459268290132e-8,6.707886761253593e-8,6.707375674777899e-8,5.179647348054068e7
6.704068913459741e-8,6.705891220001683e-8,6.708882750664478e-8,6.708983328844241e-8,5.179647348054068e7
6.705164514670116e-8,6.70459268290132e-8,6.709216224048064e-8,6.708855857743107e-8,5.179647348054068e7
6.704349847839721e-8,6.706417970240641e-8,6.708882750664478e-8,6.7076508431956e-8,5.179647348054068e7
6.70510249721333e-8,6.70428961969563e-8,6.707886761253593e-8,6.708708459360401e-8,5.179647348054068e7
6.704129032804694e-8,6.705051174277871e-8,6.710211161331221e-8,6.7076508431956e-8,5.179647348054068e7
6.705109426730427e-8,6.704365724314433e-8,6.709363394370673e-8,6.707375674777899e-8,5.179647348054068e7
6.704068913459741e-8,6.705171414310356e-8,6.708882750664478e-8,6.708983328844241e-8,5.179647348054068e7
6.705164514670116e-8,6.705215999909748e-8,6.709216224048064e-8,6.707375674777899e-8,5.179647348054068e7
6.704349847839721e-8,6.705273309521534e-8,6.708882750664478e-8,6.7076508431956e-8,5.179647348054068e7
6.70510249721333e-8,6.705215999909748e-8,6.707886761253593e-8,6.708708459360401e-8,5.179647348054068e7
6.704129032804694e-8,6.705223849459458e-8,6.710211161331221e-8,6.7076508431956e-8,5.179647348054068e7
6.705109426730427e-8,6.705215999909748e-8,6.707886761253593e-8,6.707375674777899e-8,5.179647348054068e7
6.704068913459741e-8,6.705768302704103e-8,6.708882750664478e-8,6.710463504009011e-8,5.179647348054068e7
6.705164514670116e-8,6.70459268290132e-8,6.709216224048064e-8,6.707375674777899e-8,5.179647348054068e7
6.704349847839721e-8,6.70647810710606e-8,6.708882750664478e-8,6.7076508431956e-8,5.179647348054068e7
6.70510249721333e-8,6.70421491978689e-8,6.707886761253593e-8,6.708708459360401e-8,5.179647348054068e7
6.704129032804694e-8,6.704998469200263e-8,6.71168776695812e-8,6.7076508431956e-8,5.179647348054068e7
6.705109426730427e-8,6.704318705431316e-8,6.707886761253593e-8,6.707375674777899e-8,5.179647348054068e7
6.704068913459741e-8,6.704998469200263e-8,6.708882750664478e-8,6.708983328844241e-8,5.179647348054068e7
6.705164514670116e-8,6.70437334090158e-8,6.709216224048064e-8,6.707375674777899e-8,5.179647348054068e7
6.704349847839721e-8,6.705171414310356e-8,6.708882750664478e-8,6.7076508431956e-8,5.179647348054068e7
6.70510249721333e-8,6.705285889050931e-8,6.707886761253593e-8,6.708708459360401e-8,5.179647348054068e7
6.704129032804694e-8,6.705325728760758e-8,6.710211161331221e-8,6.7076508431956e-8,5.179647348054068e7
6.705109426730427e-8,6.705848810228509e-8,6.707886761253593e-8,6.708855857743107e-8,5.179647348054068e7
6.704068913459741e-8,6.704903027912147e-8,6.708882750664478e-8,6.708983328844241e-8,5.179647348054068e7
6.705164514670116e-8,6.704318705431316e-8,6.709216224048064e-8,6.707375674777899e-8,5.179647348054068e7
6.704349847839721e-8,6.704990960260324e-8,6.708882750664478e-8,6.7076508431956e-8,5.179647348054068e7
6.70510249721333e-8,6.704120437578362e-8,6.709363394370673e-8,6.708708459360401e-8,5.179647348054068e7
6.704129032804694e-8,6.704998469200263e-8,6.710211161331221e-8,6.7076508431956e-8,5.179647348054068e7
6.705109426730427e-8,6.704318705431316e-8,6.707886761253593e-8,6.707375674777899e-8,5.179647348054068e7
6.704068913459741e-8,6.705120683615788e-8,6.708882750664478e-8,6.708983328844241e-8,5.179647348054068e7
6.705164514670116e-8,6.704490270288723e-8,6.709216224048064e-8,6.707375674777899e-8,5.179647348054068e7
6.704349847839721e-8,6.705939505731947e-8,6.708882750664478e-8,6.7076508431956e-8,5.179647348054068e7
6.70510249721333e-8,6.70459268290132e-8,6.707886761253593e-8,6.708708459360401e-8,5.179647348054068e7
6.704129032804694e-8,6.705891220001683e-8,6.710211161331221e-8,6.709131145481996e-8,5.179647348054068e7
6.705109426730427e-8,6.704318705431316e-8,6.707886761253593e-8,6.707375674777899e-8,5.179647348054068e7
6.704068913459741e-8,6.704903027912147e-8,6.708882750664478e-8,6.708983328844241e-8,5.179647348054068e7
6.705164514670116e-8,6.704318705431316e-8,6.709216224048064e-8,6.707375674777899e-8,5.179647348054068e7
6.704349847839721e-8,6.704903027912147e-8,6.710359481784225e-8,6.7076508431956e-8,5.179647348054068e7
6.70510249721333e-8,6.70438552155091e-8,6.707886761253593e-8,6.708708459360401e-8,5.179647348054068e7
6.704129032804694e-8,6.704896926524424e-8,6.710211161331221e-8,6.7076508431956e-8,5.179647348054068e7
6.705109426730427e-8,6.704318705431316e-8,6.707886761253593e-8,6.707375674777899e-8,5.179647348054068e7
6.704068913459741e-8,6.705004658179427e-8,6.708882750664478e-8,6.708983328844241e-8,5.179647348054068e7
6.705164514670116e-8,6.704488230877543e-8,6.709216224048064e-8,6.707375674777899e-8,5.179647348054068e7
6.704349847839721e-8,6.706438706889424e-8,6.708882750664478e-8,6.7076508431956e-8,5.179647348054068e7
6.70510249721333e-8,6.704318705431316e-8,6.707886761253593e-8,6.71018851515653e-8,5.179647348054068e7
6.704129032804694e-8,6.70480129117114e-8,6.710211161331221e-8,6.7076508431956e-8,5.179647348054068e7
6.705109426730427e-8,6.704318705431316e-8,6.707886761253593e-8,6.707375674777899e-8,5.179647348054068e7
6.704068913459741e-8,6.704861920676265e-8,6.708882750664478e-8,6.708983328844241e-8,5.179647348054068e7
6.705164514670116e-8,6.704318705431316e-8,6.710692731441576e-8,6.707375674777899e-8,5.179647348054068e7
6.704349847839721e-8,6.704964290471423e-8,6.708882750664478e-8,6.7076508431956e-8,5.179647348054068e7
6.70510249721333e-8,6.704371126722739e-8,6.707886761253593e-8,6.708708459360401e-8,5.179647348054068e7
6.704129032804694e-8,6.704998469200263e-8,6.710211161331221e-8,6.7076508431956e-8,5.179647348054068e7
6.705109426730427e-8,6.704277308171103e-8,6.707886761253593e-8,6.707375674777899e-8,5.179647348054068e7
6.704068913459741e-8,6.705273309521534e-8,6.708882750664478e-8,6.708983328844241e-8,5.179647348054068e7
6.705164514670116e-8,6.705757351385971e-8,6.709216224048064e-8,6.707375674777899e-8,5.179647348054068e7
6.704349847839721e-8,6.70505333580968e-8,6.708882750664478e-8,6.709131145481996e-8,5.179647348054068e7
6.70510249721333e-8,6.705143027513662e-8,6.707886761253593e-8,6.708708459360401e-8,5.179647348054068e7
6.704129032804694e-8,6.706523076148085e-8,6.710211161331221e-8,6.7076508431956e-8,5.179647348054068e7
6.705109426730427e-8,6.704283725045417e-8,6.707886761253593e-8,6.707375674777899e-8,5.179647348054068e7
6.704068913459741e-8,6.704998469200263e-8,6.710359481784225e-8,6.708983328844241e-8,5.179647348054068e7
6.705164514670116e-8,6.704318705431316e-8,6.709216224048064e-8,6.707375674777899e-8,5.179647348054068e7
6.704349847839721e-8,6.704955680256933e-8,6.708882750664478e-8,6.7076508431956e-8,5.179647348054068e7
6.70510249721333e-8,6.704318705431316e-8,6.707886761253593e-8,6.708708459360401e-8,5.179647348054068e7
6.704129032804694e-8,6.704903027912147e-8,6.710211161331221e-8,6.7076508431956e-8,5.179647348054068e7
6.705109426730427e-8,6.704318705431316e-8,6.707886761253593e-8,6.707375674777899e-8,5.179647348054068e7
6.704068913459741e-8,6.705003482704352e-8,6.708882750664478e-8,6.708983328844241e-8,5.179647348054068e7
6.705164514670116e-8,6.705143027513662e-8,6.709216224048064e-8,6.708855857743107e-8,5.179647348054068e7
6.704349847839721e-8,6.706552373215294e-8,6.708882750664478e-8,6.7076508431956e-8,5.179647348054068e7
6.70510249721333e-8,6.704496292529667e-8,6.707886761253593e-8,6.708708459360401e-8,5.179647348054068e7
6.704129032804694e-8,6.705791474167249e-8,6.710211161331221e-8,6.7076508431956e-8,5.179647348054068e7
6.705109426730427e-8,6.70459268290132e-8,6.709363394370673e-8,6.707375674777899e-8,5.179647348054068e7
6.704068913459741e-8,6.705891220001683e-8,6.708882750664478e-8,6.708983328844241e-8,5.179647348054068e7
6.705164514670116e-8,6.70459268290132e-8,6.709216224048064e-8,6.707375674777899e-8,5.179647348054068e7
6.704349847839721e-8,6.705785457554514e-8,6.708882750664478e-8,6.7076508431956e-8,5.179647348054068e7
6.70510249721333e-8,6.70459268290132e-8,6.707886761253593e-8,6.708708459360401e-8,5.179647348054068e7
6.704129032804694e-8,6.705845606404741e-8,6.710211161331221e-8,6.7076508431956e-8,5.179647348054068e7
6.705109426730427e-8,6.70438552155091e-8,6.707886761253593e-8,6.707375674777899e-8,5.179647348054068e7
6.704068913459741e-8,6.70480129117114e-8,6.708882750664478e-8,6.710463504009011e-8,5.179647348054068e7
6.705164514670116e-8,6.704310957730344e-8,6.709216224048064e-8,6.707375674777899e-8,5.179647348054068e7
6.704349847839721e-8,6.704998469200263e-8,6.708882750664478e-8,6.7076508431956e-8,5.179647348054068e7
6.70510249721333e-8,6.70437334090158e-8,6.707886761253593e-8,6.708708459360401e-8,5.179647348054068e7
6.704129032804694e-8,6.705823361624134e-8,6.71168776695812e-8,6.7076508431956e-8,5.179647348054068e7
6.705109426730427e-8,6.705960188554549e-8,6.707886761253593e-8,6.707375674777899e-8,5.179647348054068e7
6.704068913459741e-8,6.705273309521534e-8,6.708882750664478e-8,6.708983328844241e-8,5.179647348054068e7
6.705164514670116e-8,6.705215999909748e-8,6.709216224048064e-8,6.707375674777899e-8,5.179647348054068e7
6.704349847839721e-8,6.705339790814334e-8,6.708882750664478e-8,6.7076508431956e-8,5.179647348054068e7
6.70510249721333e-8,6.705021444933035e-8,6.707886761253593e-8,6.708708459360401e-8,5.179647348054068e7
6.704129032804694e-8,6.705273309521534e-8,6.710211161331221e-8,6.7076508431956e-8,5.179647348054068e7
6.705109426730427e-8,6.705091709474415e-8,6.707886761253593e-8,6.708855857743107e-8,5.179647348054068e7
6.704068913459741e-8,6.704663634207766e-8,6.708882750664478e-8,6.708983328844241e-8,5.179647348054068e7
6.705164514670116e-8,6.705811518083003e-8,6.709216224048064e-8,6.707375674777899e-8,5.179647348054068e7
6.704349847839721e-8,6.704397905934889e-8,6.708882750664478e-8,6.7076508431956e-8,5.179647348054068e7
6.70510249721333e-8,6.704971961070343e-8,6.709363394370673e-8,6.708708459360401e-8,5.179647348054068e7
6.704129032804694e-8,6.704397905934889e-8,6.710211161331221e-8,6.7076508431956e-8,5.179647348054068e7
6.705109426730427e-8,6.704919118549868e-8,6.707886761253593e-8,6.707375674777899e-8,5.179647348054068e7
6.704068913459741e-8,6.704397905934889e-8,6.708882750664478e-8,6.708983328844241e-8,5.179647348054068e7
6.705164514670116e-8,6.705027074987522e-8,6.709216224048064e-8,6.707375674777899e-8,5.179647348054068e7
6.704349847839721e-8,6.704538883278136e-8,6.708882750664478e-8,6.7076508431956e-8,5.179647348054068e7
6.70510249721333e-8,6.705811518083003e-8,6.707886761253593e-8,6.708708459360401e-8,5.179647348054068e7
6.704129032804694e-8,6.705295551674973e-8,6.710211161331221e-8,6.709131145481996e-8,5.179647348054068e7
6.705109426730427e-8,6.705186372037326e-8,6.707886761253593e-8,6.707375674777899e-8,5.179647348054068e7
6.704068913459741e-8,6.705295551674973e-8,6.708882750664478e-8,6.708983328844241e-8,5.179647348054068e7
6.705164514670116e-8,6.705743975836897e-8,6.709216224048064e-8,6.707375674777899e-8,5.179647348054068e7
6.704349847839721e-8,6.705928426851969e-8,6.710359481784225e-8,6.7076508431956e-8,5.179647348054068e7
6.70510249721333e-8,6.704911745785271e-8,6.707886761253593e-8,6.708708459360401e-8,5.179647348054068e7
6.704129032804694e-8,6.704397905934889e-8,6.710211161331221e-8,6.7076508431956e-8,5.179647348054068e7
6.705109426730427e-8,6.704789916053356e-8,6.707886761253593e-8,6.707375674777899e-8,5.179647348054068e7
6.704068913459741e-8,6.704450189777283e-8,6.708882750664478e-8,6.708983328844241e-8,5.179647348054068e7
6.705164514670116e-8,6.704919118549868e-8,6.709216224048064e-8,6.707375674777899e-8,5.179647348054068e7
6.704349847839721e-8,6.704397905934889e-8,6.708882750664478e-8,6.7076508431956e-8,5.179647348054068e7
6.70510249721333e-8,6.704919118549868e-8,6.707886761253593e-8,6.71018851515653e-8,5.179647348054068e7
6.704129032804694e-8,6.704397905934889e-8,6.710211161331221e-8,6.7076508431956e-8,5.179647348054068e7
6.705109426730427e-8,6.704974103087252e-8,6.707886761253593e-8,6.707375674777899e-8,5.179647348054068e7
6.704068913459741e-8,6.705222263182019e-8,6.708882750664478e-8,6.708983328844241e-8,5.179647348054068e7
6.705164514670116e-8,6.70644330937898e-8,6.710692731441576e-8,6.707375674777899e-8,5.179647348054068e7
6.704349847839721e-8,6.704259108652829e-8,6.708882750664478e-8,6.7076508431956e-8,5.179647348054068e7
6.70510249721333e-8,6.704919118549868e-8,6.707886761253593e-8,6.708708459360401e-8,5.179647348054068e7
6.704129032804694e-8,6.704397905934889e-8,6.710211161331221e-8,6.7076508431956e-8,5.179647348054068e7
6.705109426730427e-8,6.704971961070343e-8,6.707886761253593e-8,6.707375674777899e-8,5.179647348054068e7
6.704068913459741e-8,6.704397905934889e-8,6.708882750664478e-8,6.708983328844241e-8,5.179647348054068e7
6.705164514670116e-8,6.704919118549868e-8,6.709216224048064e-8,6.707375674777899e-8,5.179647348054068e7
6.704349847839721e-8,6.704397905934889e-8,6.708882750664478e-8,6.709131145481996e-8,5.179647348054068e7
6.70510249721333e-8,6.705027074987522e-8,6.707886761253593e-8,6.708708459360401e-8,5.179647348054068e7
6.704129032804694e-8,6.704671807789703e-8,6.710211161331221e-8,6.7076508431956e-8,5.179647348054068e7
6.705109426730427e-8,6.706236244749219e-8,6.707886761253593e-8,6.707375674777899e-8,5.179647348054068e7
6.704068913459741e-8,6.70445242347197e-8,6.710359481784225e-8,6.708983328844241e-8,5.179647348054068e7
6.705164514670116e-8,6.704911745785271e-8,6.709216224048064e-8,6.707375674777899e-8,5.179647348054068e7
6.704349847839721e-8,6.704450189777283e-8,6.708882750664478e-8,6.7076508431956e-8,5.179647348054068e7
6.70510249721333e-8,6.704919118549868e-8,6.707886761253593e-8,6.708708459360401e-8,5.179647348054068e7
6.704129032804694e-8,6.704397905934889e-8,6.710211161331221e-8,6.7076508431956e-8,5.179647348054068e7
6.705109426730427e-8,6.704919118549868e-8,6.707886761253593e-8,6.707375674777899e-8,5.179647348054068e7
6.704068913459741e-8,6.704266329830488e-8,6.708882750664478e-8,6.708983328844241e-8,5.179647348054068e7
6.705164514670116e-8,6.704919118549868e-8,6.709216224048064e-8,6.708855857743107e-8,5.179647348054068e7
6.704349847839721e-8,6.704266329830488e-8,6.708882750664478e-8,6.7076508431956e-8,5.179647348054068e7
6.70510249721333e-8,6.704919118549868e-8,6.707886761253593e-8,6.708708459360401e-8,5.179647348054068e7
6.704129032804694e-8,6.704266329830488e-8,6.710211161331221e-8,6.7076508431956e-8,5.179647348054068e7
6.705109426730427e-8,6.704966861422058e-8,6.709363394370673e-8,6.707375674777899e-8,5.179647348054068e7
6.704068913459741e-8,6.704723805792641e-8,6.708882750664478e-8,6.708983328844241e-8,5.179647348054068e7
6.705164514670116e-8,6.706358894222943e-8,6.709216224048064e-8,6.707375674777899e-8,5.179647348054068e7
6.704349847839721e-8,6.705985446652079e-8,6.708882750664478e-8,6.7076508431956e-8,5.179647348054068e7
6.70510249721333e-8,6.70519403449678e-8,6.707886761253593e-8,6.708708459360401e-8,5.179647348054068e7
6.704129032804694e-8,6.705295551674973e-8,6.710211161331221e-8,6.7076508431956e-8,5.179647348054068e7
6.705109426730427e-8,6.70519403449678e-8,6.707886761253593e-8,6.707375674777899e-8,5.179647348054068e7
6.704068913459741e-8,6.705928426851969e-8,6.708882750664478e-8,6.710463504009011e-8,5.179647348054068e7
6.705164514670116e-8,6.704789916053356e-8,6.709216224048064e-8,6.707375674777899e-8,5.179647348054068e7
6.704349847839721e-8,6.704397905934889e-8,6.708882750664478e-8,6.7076508431956e-8,5.179647348054068e7
6.70510249721333e-8,6.704964815863092e-8,6.707886761253593e-8,6.708708459360401e-8,5.179647348054068e7
6.704129032804694e-8,6.704397905934889e-8,6.71168776695812e-8,6.7076508431956e-8,5.179647348054068e7
6.705109426730427e-8,6.704919118549868e-8,6.707886761253593e-8,6.707375674777899e-8,5.179647348054068e7
6.704068913459741e-8,6.704397905934889e-8,6.708882750664478e-8,6.708983328844241e-8,5.179647348054068e7
6.705164514670116e-8,6.704964815863092e-8,6.709216224048064e-8,6.707375674777899e-8,5.179647348054068e7
6.704349847839721e-8,6.704199434118529e-8,6.708882750664478e-8,6.7076508431956e-8,5.179647348054068e7
6.70510249721333e-8,6.70504174666966e-8,6.707886761253593e-8,6.708708459360401e-8,5.179647348054068e7
6.704129032804694e-8,6.704671807789703e-8,6.710211161331221e-8,6.7076508431956e-8,5.179647348054068e7
6.705109426730427e-8,6.704964815863092e-8,6.707886761253593e-8,6.708855857743107e-8,5.179647348054068e7
6.704068913459741e-8,6.704464426259332e-8,6.708882750664478e-8,6.708983328844241e-8,5.179647348054068e7
6.705164514670116e-8,6.704919118549868e-8,6.709216224048064e-8,6.707375674777899e-8,5.179647348054068e7
6.704349847839721e-8,6.704397905934889e-8,6.708882750664478e-8,6.7076508431956e-8,5.179647348054068e7
6.70510249721333e-8,6.704919118549868e-8,6.709363394370673e-8,6.708708459360401e-8,5.179647348054068e7
6.704129032804694e-8,6.704397905934889e-8,6.710211161331221e-8,6.7076508431956e-8,5.179647348054068e7
6.705109426730427e-8,6.704722144476715e-8,6.707886761253593e-8,6.707375674777899e-8,5.179647348054068e7
6.704068913459741e-8,6.704397905934889e-8,6.708882750664478e-8,6.708983328844241e-8,5.179647348054068e7
6.705164514670116e-8,6.704722144476715e-8,6.709216224048064e-8,6.707375674777899e-8,5.179647348054068e7
6.704349847839721e-8,6.70445242347197e-8,6.708882750664478e-8,6.7076508431956e-8,5.179647348054068e7
6.70510249721333e-8,6.705856644100104e-8,6.707886761253593e-8,6.708708459360401e-8,5.179647348054068e7
6.704129032804694e-8,6.705734423476694e-8,6.710211161331221e-8,6.709131145481996e-8,5.179647348054068e7
6.705109426730427e-8,6.704919118549868e-8,6.707886761253593e-8,6.707375674777899e-8,5.179647348054068e7
6.704068913459741e-8,6.704397905934889e-8,6.708882750664478e-8,6.708983328844241e-8,5.179647348054068e7
6.705164514670116e-8,6.704919118549868e-8,6.709216224048064e-8,6.707375674777899e-8,5.179647348054068e7
6.704349847839721e-8,6.704397905934889e-8,6.710359481784225e-8,6.7076508431956e-8,5.179647348054068e7
6.70510249721333e-8,6.704919118549868e-8,6.707886761253593e-8,6.708708459360401e-8,5.179647348054068e7
6.704129032804694e-8,6.704076297978982e-8,6.710211161331221e-8,6.7076508431956e-8,5.179647348054068e7
6.705109426730427e-8,6.705095572435317e-8,6.707886761253593e-8,6.707375674777899e-8,5.179647348054068e7
6.704068913459741e-8,6.70442282212039e-8,6.708882750664478e-8,6.708983328844241e-8,5.179647348054068e7
6.705164514670116e-8,6.705231763582921e-8,6.709216224048064e-8,6.707375674777899e-8,5.179647348054068e7
6.704349847839721e-8,6.704306020103507e-8,6.708882750664478e-8,6.7076508431956e-8,5.179647348054068e7
6.70510249721333e-8,6.70504284939637e-8,6.707886761253593e-8,6.71018851515653e-8,5.179647348054068e7
6.704129032804694e-8,6.705090094151919e-8,6.710211161331221e-8,6.7076508431956e-8,5.179647348054068e7
6.705109426730427e-8,6.705363131446271e-8,6.707886761253593e-8,6.707375674777899e-8,5.179647348054068e7
6.704068913459741e-8,6.705433620573587e-8,6.708882750664478e-8,6.708983328844241e-8,5.179647348054068e7
6.705164514670116e-8,6.705062938847305e-8,6.710692731441576e-8,6.707375674777899e-8,5.179647348054068e7
6.704349847839721e-8,6.704435771223084e-8,6.708882750664478e-8,6.7076508431956e-8,5.179647348054068e7
6.70510249721333e-8,6.70489543562521e-8,6.707886761253593e-8,6.708708459360401e-8,5.179647348054068e7
6.704129032804694e-8,6.704937664765416e-8,6.710211161331221e-8,6.7076508431956e-8,5.179647348054068e7
6.705109426730427e-8,6.7052393595345e-8,6.707886761253593e-8,6.707375674777899e-8,5.179647348054068e7
6.704068913459741e-8,6.704694578119391e-8,6.708882750664478e-8,6.708983328844241e-8,5.179647348054068e7
6.705164514670116e-8,6.705137723550383e-8,6.709216224048064e-8,6.707375674777899e-8,5.179647348054068e7
6.704349847839721e-8,6.704548191028652e-8,6.708882750664478e-8,6.709131145481996e-8,5.179647348054068e7
6.70510249721333e-8,6.705138099608648e-8,6.707886761253593e-8,6.708708459360401e-8,5.179647348054068e7
6.704129032804694e-8,6.704455094214613e-8,6.710211161331221e-8,6.7076508431956e-8,5.179647348054068e7
6.705109426730427e-8,6.705095572435317e-8,6.707886761253593e-8,6.707375674777899e-8,5.179647348054068e7
6.704068913459741e-8,6.704470766359336e-8,6.710359481784225e-8,6.708983328844241e-8,5.179647348054068e7
6.705164514670116e-8,6.705117824045543e-8,6.709216224048064e-8,6.707375674777899e-8,5.179647348054068e7
6.704349847839721e-8,6.704143717391942e-8,6.708882750664478e-8,6.7076508431956e-8,5.179647348054068e7
6.70510249721333e-8,6.704967685371036e-8,6.707886761253593e-8,6.708708459360401e-8,5.179647348054068e7
6.704129032804694e-8,6.704562337244522e-8,6.710211161331221e-8,6.7076508431956e-8,5.179647348054068e7
6.705109426730427e-8,6.705231763582921e-8,6.707886761253593e-8,6.707375674777899e-8,5.179647348054068e7
6.704068913459741e-8,6.704231220197473e-8,6.708882750664478e-8,6.708983328844241e-8,5.179647348054068e7
6.705164514670116e-8,6.705305931555324e-8,6.709216224048064e-8,6.708855857743107e-8,5.179647348054068e7
6.704349847839721e-8,6.70421491978689e-8,6.708882750664478e-8,6.7076508431956e-8,5.179647348054068e7
6.70510249721333e-8,6.7052393595345e-8,6.707886761253593e-8,6.708708459360401e-8,5.179647348054068e7
6.704129032804694e-8,6.704495781074495e-8,6.710211161331221e-8,6.7076508431956e-8,5.179647348054068e7
6.705109426730427e-8,6.705091198356826e-8,6.709363394370673e-8,6.707375674777899e-8,5.179647348054068e7
6.704068913459741e-8,6.705320458234298e-8,6.708882750664478e-8,6.708983328844241e-8,5.179647348054068e7
6.705164514670116e-8,6.706816931518111e-8,6.709216224048064e-8,6.707375674777899e-8,5.179647348054068e7
6.704349847839721e-8,6.705320458234298e-8,6.708882750664478e-8,6.7076508431956e-8,5.179647348054068e7
6.70510249721333e-8,6.706680019487364e-8,6.707886761253593e-8,6.708708459360401e-8,5.179647348054068e7
6.704129032804694e-8,6.70488880555266e-8,6.710211161331221e-8,6.7076508431956e-8,5.179647348054068e7
6.705109426730427e-8,6.705722846738669e-8,6.707886761253593e-8,6.707375674777899e-8,5.179647348054068e7
6.704068913459741e-8,6.704565045280222e-8,6.708882750664478e-8,6.710463504009011e-8,5.179647348054068e7
6.705164514670116e-8,6.70598506522415e-8,6.709216224048064e-8,6.707375674777899e-8,5.179647348054068e7
6.704349847839721e-8,6.705848810228509e-8,6.708882750664478e-8,6.7076508431956e-8,5.179647348054068e7
6.70510249721333e-8,6.7052393595345e-8,6.707886761253593e-8,6.708708459360401e-8,5.179647348054068e7
6.704129032804694e-8,6.704318705431316e-8,6.71168776695812e-8,6.7076508431956e-8,5.179647348054068e7
6.705109426730427e-8,6.7052393595345e-8,6.707886761253593e-8,6.707375674777899e-8,5.179647348054068e7
6.704068913459741e-8,6.704310957730344e-8,6.708882750664478e-8,6.708983328844241e-8,5.179647348054068e7
6.705164514670116e-8,6.705361036798028e-8,6.709216224048064e-8,6.707375674777899e-8,5.179647348054068e7
6.704349847839721e-8,6.704641001088755e-8,6.708882750664478e-8,6.7076508431956e-8,5.179647348054068e7
6.70510249721333e-8,6.705703431091589e-8,6.707886761253593e-8,6.708708459360401e-8,5.179647348054068e7
6.704129032804694e-8,6.704737298661003e-8,6.710211161331221e-8,6.7076508431956e-8,5.179647348054068e7
6.705109426730427e-8,6.705027259079381e-8,6.707886761253593e-8,6.708855857743107e-8,5.179647348054068e7
6.704068913459741e-8,6.705991297996932e-8,6.708882750664478e-8,6.708983328844241e-8,5.179647348054068e7
6.705164514670116e-8,6.7052393595345e-8,6.709216224048064e-8,6.707375674777899e-8,5.179647348054068e7
6.704349847839721e-8,6.704463026903304e-8,6.708882750664478e-8,6.7076508431956e-8,5.179647348054068e7
6.70510249721333e-8,6.7052393595345e-8,6.709363394370673e-8,6.708708459360401e-8,5.179647348054068e7
6.704129032804694e-8,6.704529278707694e-8,6.710211161331221e-8,6.7076508431956e-8,5.179647348054068e7
6.705109426730427e-8,6.705136683184595e-8,6.707886761253593e-8,6.707375674777899e-8,5.179647348054068e7
6.704068913459741e-8,6.704463026903304e-8,6.708882750664478e-8,6.708983328844241e-8,5.179647348054068e7
6.705164514670116e-8,6.70529421740613e-8,6.709216224048064e-8,6.707375674777899e-8,5.179647348054068e7
6.704349847839721e-8,6.704849182775861e-8,6.708882750664478e-8,6.7076508431956e-8,5.179647348054068e7
6.70510249721333e-8,6.706759571687018e-8,6.707886761253593e-8,6.708708459360401e-8,5.179647348054068e7
6.704129032804694e-8,6.704517563028931e-8,6.710211161331221e-8,6.709131145481996e-8,5.179647348054068e7
6.705109426730427e-8,6.705514913456084e-8,6.707886761253593e-8,6.707375674777899e-8,5.179647348054068e7
6.704068913459741e-8,6.705358801282604e-8,6.708882750664478e-8,6.708983328844241e-8,5.179647348054068e7
6.705164514670116e-8,6.705580866375964e-8,6.709216224048064e-8,6.707375674777899e-8,5.179647348054068e7
6.704349847839721e-8,6.705264795931233e-8,6.710359481784225e-8,6.7076508431956e-8,5.179647348054068e7
6.70510249721333e-8,6.705514913456084e-8,6.707886761253593e-8,6.708708459360401e-8,5.179647348054068e7
6.704129032804694e-8,6.705985106891982e-8,6.710211161331221e-8,6.7076508431956e-8,5.179647348054068e7
6.705109426730427e-8,6.704753065576274e-8,6.707886761253593e-8,6.707375674777899e-8,5.179647348054068e7
6.704068913459741e-8,6.704463026903304e-8,6.708882750664478e-8,6.708983328844241e-8,5.179647348054068e7
6.705164514670116e-8,6.705284656593135e-8,6.709216224048064e-8,6.707375674777899e-8,5.179647348054068e7
6.704349847839721e-8,6.704463026903304e-8,6.708882750664478e-8,6.7076508431956e-8,5.179647348054068e7
6.70510249721333e-8,6.705144303370553e-8,6.707886761253593e-8,6.71018851515653e-8,5.179647348054068e7
6.704129032804694e-8,6.704584062238863e-8,6.710211161331221e-8,6.7076508431956e-8,5.179647348054068e7
6.705109426730427e-8,6.705567293086187e-8,6.707886761253593e-8,6.707375674777899e-8,5.179647348054068e7
6.704068913459741e-8,6.705258290035197e-8,6.708882750664478e-8,6.708983328844241e-8,5.179647348054068e7
6.705164514670116e-8,6.705370832108997e-8,6.710692731441576e-8,6.707375674777899e-8,5.179647348054068e7
6.704349847839721e-8,6.704294586318499e-8,6.708882750664478e-8,6.7076508431956e-8,5.179647348054068e7
6.70510249721333e-8,6.705986193841849e-8,6.707886761253593e-8,6.708708459360401e-8,5.179647348054068e7
6.704129032804694e-8,6.704463026903304e-8,6.710211161331221e-8,6.7076508431956e-8,5.179647348054068e7
6.705109426730427e-8,6.7052393595345e-8,6.707886761253593e-8,6.707375674777899e-8,5.179647348054068e7
6.704068913459741e-8,6.704463026903304e-8,6.708882750664478e-8,6.708983328844241e-8,5.179647348054068e7
6.705164514670116e-8,6.705216181965422e-8,6.709216224048064e-8,6.707375674777899e-8,5.179647348054068e7
6.704349847839721e-8,6.704463026903304e-8,6.708882750664478e-8,6.709131145481996e-8,5.179647348054068e7
6.70510249721333e-8,6.705155943116844e-8,6.707886761253593e-8,6.708708459360401e-8,5.179647348054068e7
6.704129032804694e-8,6.704463026903304e-8,6.710211161331221e-8,6.7076508431956e-8,5.179647348054068e7
6.705109426730427e-8,6.704834192006119e-8,6.707886761253593e-8,6.707375674777899e-8,5.179647348054068e7
6.704068913459741e-8,6.704729076279887e-8,6.710359481784225e-8,6.708983328844241e-8,5.179647348054068e7
6.705164514670116e-8,6.706128461230942e-8,6.709216224048064e-8,6.707375674777899e-8,5.179647348054068e7
6.704349847839721e-8,6.705077897924634e-8,6.708882750664478e-8,6.7076508431956e-8,5.179647348054068e7
6.70510249721333e-8,6.706128461230942e-8,6.707886761253593e-8,6.708708459360401e-8,5.179647348054068e7
6.704129032804694e-8,6.705077897924634e-8,6.710211161331221e-8,6.7076508431956e-8,5.179647348054068e7
6.705109426730427e-8,6.706675935517228e-8,6.707886761253593e-8,6.707375674777899e-8,5.179647348054068e7
6.704068913459741e-8,6.705991297996932e-8,6.708882750664478e-8,6.708983328844241e-8,5.179647348054068e7
6.705164514670116e-8,6.7052393595345e-8,6.709216224048064e-8,6.708855857743107e-8,5.179647348054068e7
6.704349847839721e-8,6.704229026715069e-8,6.708882750664478e-8,6.7076508431956e-8,5.179647348054068e7
6.70510249721333e-8,6.7052393595345e-8,6.707886761253593e-8,6.708708459360401e-8,5.179647348054068e7
6.704129032804694e-8,6.704274912473312e-8,6.710211161331221e-8,6.7076508431956e-8,5.179647348054068e7
6.705109426730427e-8,6.7052393595345e-8,6.709363394370673e-8,6.707375674777899e-8,5.179647348054068e7
6.704068913459741e-8,6.704229026715069e-8,6.708882750664478e-8,6.708983328844241e-8,5.179647348054068e7
6.705164514670116e-8,6.705011396203187e-8,6.709216224048064e-8,6.707375674777899e-8,5.179647348054068e7
6.704349847839721e-8,6.705287729561113e-8,6.708882750664478e-8,6.7076508431956e-8,5.179647348054068e7
6.70510249721333e-8,6.706808299733652e-8,6.707886761253593e-8,6.708708459360401e-8,5.179647348054068e7
6.704129032804694e-8,6.704178781256267e-8,6.710211161331221e-8,6.7076508431956e-8,5.179647348054068e7
6.705109426730427e-8,6.7052393595345e-8,6.707886761253593e-8,6.707375674777899e-8,5.179647348054068e7
6.704068913459741e-8,6.704463026903304e-8,6.708882750664478e-8,6.710463504009011e-8,5.179647348054068e7
6.705164514670116e-8,6.7052393595345e-8,6.709216224048064e-8,6.707375674777899e-8,5.179647348054068e7
6.704349847839721e-8,6.704463026903304e-8,6.708882750664478e-8,6.7076508431956e-8,5.179647348054068e7
6.70510249721333e-8,6.705008096728383e-8,6.707886761253593e-8,6.708708459360401e-8,5.179647348054068e7
6.704129032804694e-8,6.704507577352202e-8,6.71168776695812e-8,6.7076508431956e-8,5.179647348054068e7
6.705109426730427e-8,6.7052393595345e-8,6.707886761253593e-8,6.707375674777899e-8,5.179647348054068e7
6.704068913459741e-8,6.704233423744599e-8,6.708882750664478e-8,6.708983328844241e-8,5.179647348054068e7
6.705164514670116e-8,6.706064952507491e-8,6.709216224048064e-8,6.707375674777899e-8,5.179647348054068e7
6.704349847839721e-8,6.706048336376176e-8,6.708882750664478e-8,6.7076508431956e-8,5.179647348054068e7
6.70510249721333e-8,6.706064952507491e-8,6.707886761253593e-8,6.708708459360401e-8,5.179647348054068e7
6.704129032804694e-8,6.706048336376176e-8,6.710211161331221e-8,6.7076508431956e-8,5.179647348054068e7
6.705109426730427e-8,6.705781294964495e-8,6.707886761253593e-8,6.708855857743107e-8,5.179647348054068e7
6.704068913459741e-8,6.705767649097166e-8,6.708882750664478e-8,6.708983328844241e-8,5.179647348054068e7
6.705164514670116e-8,6.7052393595345e-8,6.709216224048064e-8,6.707375674777899e-8,5.179647348054068e7
6.704349847839721e-8,6.704463026903304e-8,6.708882750664478e-8,6.7076508431956e-8,5.179647348054068e7
6.70510249721333e-8,6.705284656593135e-8,6.709363394370673e-8,6.708708459360401e-8,5.179647348054068e7
6.704129032804694e-8,6.704233423744599e-8,6.710211161331221e-8,6.7076508431956e-8,5.179647348054068e7
6.705109426730427e-8,6.7052393595345e-8,6.707886761253593e-8,6.707375674777899e-8,5.179647348054068e7
6.704068913459741e-8,6.704737298661003e-8,6.708882750664478e-8,6.708983328844241e-8,5.179647348054068e7
6.705164514670116e-8,6.707017811112102e-8,6.709216224048064e-8,6.707375674777899e-8,5.179647348054068e7
6.704349847839721e-8,6.704178781256267e-8,6.708882750664478e-8,6.7076508431956e-8,5.179647348054068e7
6.70510249721333e-8,6.705305931555324e-8,6.707886761253593e-8,6.708708459360401e-8,5.179647348054068e7
6.704129032804694e-8,6.704463026903304e-8,6.710211161331221e-8,6.709131145481996e-8,5.179647348054068e7
6.705109426730427e-8,6.7052393595345e-8,6.707886761253593e-8,6.707375674777899e-8,5.179647348054068e7
6.704068913459741e-8,6.704206731127823e-8,6.708882750664478e-8,6.708983328844241e-8,5.179647348054068e7
6.705164514670116e-8,6.705791194271849e-8,6.709216224048064e-8,6.707375674777899e-8,5.179647348054068e7
6.704349847839721e-8,6.704463026903304e-8,6.710359481784225e-8,6.7076508431956e-8,5.179647348054068e7
6.70510249721333e-8,6.7052393595345e-8,6.707886761253593e-8,6.708708459360401e-8,5.179647348054068e7
6.704129032804694e-8,6.704517563028931e-8,6.710211161331221e-8,6.7076508431956e-8,5.179647348054068e7
6.705109426730427e-8,6.705231336679283e-8,6.707886761253593e-8,6.707375674777899e-8,5.179647348054068e7
6.704068913459741e-8,6.705428126133934e-8,6.708882750664478e-8,6.708983328844241e-8,5.179647348054068e7
6.705164514670116e-8,6.7052393595345e-8,6.709216224048064e-8,6.707375674777899e-8,5.179647348054068e7
6.704349847839721e-8,6.704529278707694e-8,6.708882750664478e-8,6.7076508431956e-8,5.179647348054068e7
6.70510249721333e-8,6.70465733745087e-8,6.707886761253593e-8,6.71018851515653e-8,5.179647348054068e7
6.704129032804694e-8,6.704515282464314e-8,6.710211161331221e-8,6.7076508431956e-8,5.179647348054068e7
6.705109426730427e-8,6.705231763582921e-8,6.707886761253593e-8,6.707375674777899e-8,5.179647348054068e7
6.704068913459741e-8,6.704463026903304e-8,6.708882750664478e-8,6.708983328844241e-8,5.179647348054068e7
6.705164514670116e-8,6.70529421740613e-8,6.710692731441576e-8,6.707375674777899e-8,5.179647348054068e7
6.704349847839721e-8,6.705287729561113e-8,6.708882750664478e-8,6.7076508431956e-8,5.179647348054068e7
6.70510249721333e-8,6.706759571687018e-8,6.707886761253593e-8,6.708708459360401e-8,5.179647348054068e7
6.704129032804694e-8,6.704463026903304e-8,6.710211161331221e-8,6.7076508431956e-8,5.179647348054068e7
6.705109426730427e-8,6.705361036798028e-8,6.707886761253593e-8,6.707375674777899e-8,5.179647348054068e7
6.704068913459741e-8,6.703877269245826e-8,6.708882750664478e-8,6.708983328844241e-8,5.179647348054068e7
6.705164514670116e-8,6.7052393595345e-8,6.709216224048064e-8,6.707375674777899e-8,5.179647348054068e7
6.704349847839721e-8,6.704455094214613e-8,6.708882750664478e-8,6.709131145481996e-8,5.179647348054068e7
6.70510249721333e-8,6.70529202499667e-8,6.707886761253593e-8,6.708708459360401e-8,5.179647348054068e7
6.704129032804694e-8,6.704463026903304e-8,6.710211161331221e-8,6.7076508431956e-8,5.179647348054068e7
6.705109426730427e-8,6.7052393595345e-8,6.707886761253593e-8,6.707375674777899e-8,5.179647348054068e7
6.704068913459741e-8,6.704463026903304e-8,6.710359481784225e-8,6.708983328844241e-8,5.179647348054068e7
6.705164514670116e-8,6.7052393595345e-8,6.709216224048064e-8,6.707375674777899e-8,5.179647348054068e7
6.704349847839721e-8,6.705080945227935e-8,6.708882750664478e-8,6.7076508431956e-8,5.179647348054068e7
6.70510249721333e-8,6.70465733745087e-8,6.707886761253593e-8,6.708708459360401e-8,5.179647348054068e7
6.704129032804694e-8,6.704463026903304e-8,6.710211161331221e-8,6.7076508431956e-8,5.179647348054068e7
6.705109426730427e-8,6.70529202499667e-8,6.707886761253593e-8,6.707375674777899e-8,5.179647348054068e7
6.704068913459741e-8,6.703924396788376e-8,6.708882750664478e-8,6.708983328844241e-8,5.179647348054068e7
6.705164514670116e-8,6.705514913456084e-8,6.709216224048064e-8,6.708855857743107e-8,5.179647348054068e7
6.704349847839721e-8,6.705287729561113e-8,6.708882750664478e-8,6.7076508431956e-8,5.179647348054068e7
6.70510249721333e-8,6.706759571687018e-8,6.707886761253593e-8,6.708708459360401e-8,5.179647348054068e7
6.704129032804694e-8,6.704463026903304e-8,6.710211161331221e-8,6.7076508431956e-8,5.179647348054068e7
6.705109426730427e-8,6.705305931555324e-8,6.709363394370673e-8,6.707375674777899e-8,5.179647348054068e7
6.704068913459741e-8,6.704463026903304e-8,6.708882750664478e-8,6.708983328844241e-8,5.179647348054068e7
6.705164514670116e-8,6.705305931555324e-8,6.709216224048064e-8,6.707375674777899e-8,5.179647348054068e7
6.704349847839721e-8,6.704463026903304e-8,6.708882750664478e-8,6.7076508431956e-8,5.179647348054068e7
6.70510249721333e-8,6.704778853649203e-8,6.707886761253593e-8,6.708708459360401e-8,5.179647348054068e7
6.704129032804694e-8,6.704455094214613e-8,6.710211161331221e-8,6.7076508431956e-8,5.179647348054068e7
6.705109426730427e-8,6.7052393595345e-8,6.707886761253593e-8,6.707375674777899e-8,5.179647348054068e7
6.704068913459741e-8,6.704517563028931e-8,6.708882750664478e-8,6.710463504009011e-8,5.179647348054068e7
6.705164514670116e-8,6.706064952507491e-8,6.709216224048064e-8,6.707375674777899e-8,5.179647348054068e7
6.704349847839721e-8,6.705991297996932e-8,6.708882750664478e-8,6.7076508431956e-8,5.179647348054068e7
6.70510249721333e-8,6.7052393595345e-8,6.707886761253593e-8,6.708708459360401e-8,5.179647348054068e7
6.704129032804694e-8,6.704463026903304e-8,6.71168776695812e-8,6.7076508431956e-8,5.179647348054068e7
6.705109426730427e-8,6.7052393595345e-8,6.707886761253593e-8,6.707375674777899e-8,5.179647348054068e7
6.704068913459741e-8,6.70399987659083e-8,6.708882750664478e-8,6.708983328844241e-8,5.179647348054068e7
6.705164514670116e-8,6.706064952507491e-8,6.709216224048064e-8,6.707375674777899e-8,5.179647348054068e7
6.704349847839721e-8,6.705822484976534e-8,6.708882750664478e-8,6.7076508431956e-8,5.179647348054068e7
6.70510249721333e-8,6.705507027833369e-8,6.707886761253593e-8,6.708708459360401e-8,5.179647348054068e7
6.704129032804694e-8,6.705358801282604e-8,6.710211161331221e-8,6.7076508431956e-8,5.179647348054068e7
6.705109426730427e-8,6.705514913456084e-8,6.707886761253593e-8,6.708855857743107e-8,5.179647348054068e7
6.704068913459741e-8,6.705358801282604e-8,6.708882750664478e-8,6.708983328844241e-8,5.179647348054068e7
6.705164514670116e-8,6.705514913456084e-8,6.709216224048064e-8,6.707375674777899e-8,5.179647348054068e7
6.704349847839721e-8,6.705358801282604e-8,6.708882750664478e-8,6.7076508431956e-8,5.179647348054068e7
6.70510249721333e-8,6.705229423480376e-8,6.709363394370673e-8,6.708708459360401e-8,5.179647348054068e7
6.704129032804694e-8,6.706642683575381e-8,6.710211161331221e-8,6.7076508431956e-8,5.179647348054068e7
6.705109426730427e-8,6.704356003982384e-8,6.707886761253593e-8,6.707375674777899e-8,5.179647348054068e7
6.704068913459741e-8,6.70475647997705e-8,6.708882750664478e-8,6.708983328844241e-8,5.179647348054068e7
6.705164514670116e-8,6.70469231354731e-8,6.709216224048064e-8,6.707375674777899e-8,5.179647348054068e7
6.704349847839721e-8,6.704834822609743e-8,6.708882750664478e-8,6.7076508431956e-8,5.179647348054068e7
6.70510249721333e-8,6.705465127040326e-8,6.707886761253593e-8,6.708708459360401e-8,5.179647348054068e7
6.704129032804694e-8,6.706759571687018e-8,6.710211161331221e-8,6.709131145481996e-8,5.179647348054068e7
6.705109426730427e-8,6.704463026903304e-8,6.707886761253593e-8,6.707375674777899e-8,5.179647348054068e7
6.704068913459741e-8,6.705305931555324e-8,6.708882750664478e-8,6.708983328844241e-8,5.179647348054068e7
6.705164514670116e-8,6.704463026903304e-8,6.709216224048064e-8,6.707375674777899e-8,5.179647348054068e7
6.704349847839721e-8,6.705023830200765e-8,6.710359481784225e-8,6.7076508431956e-8,5.179647348054068e7
6.70510249721333e-8,6.704162133021115e-8,6.707886761253593e-8,6.708708459360401e-8,5.179647348054068e7
6.704129032804694e-8,6.7052236777479e-8,6.710211161331221e-8,6.7076508431956e-8,5.179647348054068e7
6.705109426730427e-8,6.70558772088264e-8,6.707886761253593e-8,6.707375674777899e-8,5.179647348054068e7
6.704068913459741e-8,6.70644330937898e-8,6.708882750664478e-8,6.708983328844241e-8,5.179647348054068e7
6.705164514670116e-8,6.704492389280976e-8,6.709216224048064e-8,6.707375674777899e-8,5.179647348054068e7
6.704349847839721e-8,6.705062938847305e-8,6.708882750664478e-8,6.7076508431956e-8,5.179647348054068e7
6.70510249721333e-8,6.704552580312231e-8,6.707886761253593e-8,6.71018851515653e-8,5.179647348054068e7
6.704129032804694e-8,6.705055381102927e-8,6.710211161331221e-8,6.7076508431956e-8,5.179647348054068e7
6.705109426730427e-8,6.704760817396421e-8,6.707886761253593e-8,6.707375674777899e-8,5.179647348054068e7
6.704068913459741e-8,6.705215349022308e-8,6.708882750664478e-8,6.708983328844241e-8,5.179647348054068e7
6.705164514670116e-8,6.705358801282604e-8,6.710692731441576e-8,6.707375674777899e-8,5.179647348054068e7
6.704349847839721e-8,6.704779831052857e-8,6.708882750664478e-8,6.7076508431956e-8,5.179647348054068e7
6.70510249721333e-8,6.704463026903304e-8,6.707886761253593e-8,6.708708459360401e-8,5.179647348054068e7
6.704129032804694e-8,6.705062938847305e-8,6.710211161331221e-8,6.7076508431956e-8,5.179647348054068e7
6.705109426730427e-8,6.704515282464314e-8,6.707886761253593e-8,6.707375674777899e-8,5.179647348054068e7
6.704068913459741e-8,6.705062938847305e-8,6.708882750664478e-8,6.708983328844241e-8,5.179647348054068e7
6.705164514670116e-8,6.704463026903304e-8,6.709216224048064e-8,6.707375674777899e-8,5.179647348054068e7
6.704349847839721e-8,6.704177299158734e-8,6.708882750664478e-8,6.709131145481996e-8,5.179647348054068e7
6.70510249721333e-8,6.705880198923314e-8,6.707886761253593e-8,6.708708459360401e-8,5.179647348054068e7
6.704129032804694e-8,6.705822484976534e-8,6.710211161331221e-8,6.7076508431956e-8,5.179647348054068e7
6.705109426730427e-8,6.705888176725847e-8,6.707886761253593e-8,6.707375674777899e-8,5.179647348054068e7
6.704068913459741e-8,6.706048336376176e-8,6.710359481784225e-8,6.708983328844241e-8,5.179647348054068e7
6.705164514670116e-8,6.705338149055894e-8,6.709216224048064e-8,6.707375674777899e-8,5.179647348054068e7
6.704349847839721e-8,6.705358801282604e-8,6.708882750664478e-8,6.7076508431956e-8,5.179647348054068e7
6.70510249721333e-8,6.705338149055894e-8,6.707886761253593e-8,6.708708459360401e-8,5.179647348054068e7
6.704129032804694e-8,6.705358801282604e-8,6.710211161331221e-8,6.7076508431956e-8,5.179647348054068e7
6.705109426730427e-8,6.705281943704468e-8,6.707886761253593e-8,6.707375674777899e-8,5.179647348054068e7
6.704068913459741e-8,6.705352319603694e-8,6.708882750664478e-8,6.708983328844241e-8,5.179647348054068e7
6.705164514670116e-8,6.705106966337149e-8,6.709216224048064e-8,6.708855857743107e-8,5.179647348054068e7
6.704349847839721e-8,6.705358801282604e-8,6.708882750664478e-8,6.7076508431956e-8,5.179647348054068e7
6.70510249721333e-8,6.705062938847305e-8,6.707886761253593e-8,6.708708459360401e-8,5.179647348054068e7
6.704129032804694e-8,6.703877269245826e-8,6.710211161331221e-8,6.7076508431956e-8,5.179647348054068e7
6.705109426730427e-8,6.7052393595345e-8,6.709363394370673e-8,6.707375674777899e-8,5.179647348054068e7
6.704068913459741e-8,6.70464006931869e-8,6.708882750664478e-8,6.708983328844241e-8,5.179647348054068e7
6.705164514670116e-8,6.70529421740613e-8,6.709216224048064e-8,6.707375674777899e-8,5.179647348054068e7
6.704349847839721e-8,6.705530246516858e-8,6.708882750664478e-8,6.7076508431956e-8,5.179647348054068e7
6.70510249721333e-8,6.706753717033732e-8,6.707886761253593e-8,6.708708459360401e-8,5.179647348054068e7
6.704129032804694e-8,6.70469231354731e-8,6.710211161331221e-8,6.7076508431956e-8,5.179647348054068e7
6.705109426730427e-8,6.7052393595345e-8,6.707886761253593e-8,6.707375674777899e-8,5.179647348054068e7
6.704068913459741e-8,6.70464006931869e-8,6.708882750664478e-8,6.710463504009011e-8,5.179647348054068e7
6.705164514670116e-8,6.704472980975578e-8,6.709216224048064e-8,6.707375674777899e-8,5.179647348054068e7
6.704349847839721e-8,6.705246753788588e-8,6.708882750664478e-8,6.7076508431956e-8,5.179647348054068e7
6.70510249721333e-8,6.705514913456084e-8,6.707886761253593e-8,6.708708459360401e-8,5.179647348054068e7
6.704129032804694e-8,6.705534065284067e-8,6.71168776695812e-8,6.7076508431956e-8,5.179647348054068e7
6.705109426730427e-8,6.705580866375964e-8,6.707886761253593e-8,6.707375674777899e-8,5.179647348054068e7
6.704068913459741e-8,6.705534065284067e-8,6.708882750664478e-8,6.708983328844241e-8,5.179647348054068e7
6.705164514670116e-8,6.705305931555324e-8,6.709216224048064e-8,6.707375674777899e-8,5.179647348054068e7
6.704349847839721e-8,6.70464006931869e-8,6.708882750664478e-8,6.7076508431956e-8,5.179647348054068e7
6.70510249721333e-8,6.7052393595345e-8,6.707886761253593e-8,6.708708459360401e-8,5.179647348054068e7
6.704129032804694e-8,6.703931909115311e-8,6.710211161331221e-8,6.7076508431956e-8,5.179647348054068e7
6.705109426730427e-8,6.705567293086187e-8,6.707886761253593e-8,6.708855857743107e-8,5.179647348054068e7
6.704068913459741e-8,6.706075291598582e-8,6.708882750664478e-8,6.708983328844241e-8,5.179647348054068e7
6.705164514670116e-8,6.70529421740613e-8,6.709216224048064e-8,6.707375674777899e-8,5.179647348054068e7
6.704349847839721e-8,6.705465127040326e-8,6.708882750664478e-8,6.7076508431956e-8,5.179647348054068e7
6.70510249721333e-8,6.706759571687018e-8,6.709363394370673e-8,6.708708459360401e-8,5.179647348054068e7
6.704129032804694e-8,6.704706061194317e-8,6.710211161331221e-8,6.7076508431956e-8,5.179647348054068e7
6.705109426730427e-8,6.7052393595345e-8,6.707886761253593e-8,6.707375674777899e-8,5.179647348054068e7
6.704068913459741e-8,6.70464006931869e-8,6.708882750664478e-8,6.708983328844241e-8,5.179647348054068e7
6.705164514670116e-8,6.704480249469624e-8,6.709216224048064e-8,6.707375674777899e-8,5.179647348054068e7
6.704349847839721e-8,6.70464006931869e-8,6.708882750664478e-8,6.7076508431956e-8,5.179647348054068e7
6.70510249721333e-8,6.704480249469624e-8,6.707886761253593e-8,6.708708459360401e-8,5.179647348054068e7
6.704129032804694e-8,6.70469231354731e-8,6.710211161331221e-8,6.709131145481996e-8,5.179647348054068e7
6.705109426730427e-8,6.70528675254938e-8,6.707886761253593e-8,6.707375674777899e-8,5.179647348054068e7
6.704068913459741e-8,6.704914684819412e-8,6.708882750664478e-8,6.708983328844241e-8,5.179647348054068e7
6.705164514670116e-8,6.706745326705962e-8,6.709216224048064e-8,6.707375674777899e-8,5.179647348054068e7
6.704349847839721e-8,6.704517563028931e-8,6.710359481784225e-8,6.7076508431956e-8,5.179647348054068e7
6.70510249721333e-8,6.705023830200765e-8,6.707886761253593e-8,6.708708459360401e-8,5.179647348054068e7
6.704129032804694e-8,6.704632098429976e-8,6.710211161331221e-8,6.7076508431956e-8,5.179647348054068e7
6.705109426730427e-8,6.7052393595345e-8,6.707886761253593e-8,6.707375674777899e-8,5.179647348054068e7
6.704068913459741e-8,6.704339662569722e-8,6.708882750664478e-8,6.708983328844241e-8,5.179647348054068e7
6.705164514670116e-8,6.705514913456084e-8,6.709216224048064e-8,6.707375674777899e-8,5.179647348054068e7
6.704349847839721e-8,6.705358801282604e-8,6.708882750664478e-8,6.7076508431956e-8,5.179647348054068e7
6.70510249721333e-8,6.705567293086187e-8,6.707886761253593e-8,6.71018851515653e-8,5.179647348054068e7
6.704129032804694e-8,6.705358801282604e-8,6.710211161331221e-8,6.7076508431956e-8,5.179647348054068e7
6.705109426730427e-8,6.705231763582921e-8,6.707886761253593e-8,6.707375674777899e-8,5.179647348054068e7
6.704068913459741e-8,6.70442282212039e-8,6.708882750664478e-8,6.708983328844241e-8,5.179647348054068e7
6.705164514670116e-8,6.705115615647085e-8,6.710692731441576e-8,6.707375674777899e-8,5.179647348054068e7
6.704349847839721e-8,6.704908156203551e-8,6.708882750664478e-8,6.7076508431956e-8,5.179647348054068e7
6.70510249721333e-8,6.704940882902205e-8,6.707886761253593e-8,6.708708459360401e-8,5.179647348054068e7
6.704129032804694e-8,6.704233423744599e-8,6.710211161331221e-8,6.7076508431956e-8,5.179647348054068e7
6.705109426730427e-8,6.706064952507491e-8,6.707886761253593e-8,6.707375674777899e-8,5.179647348054068e7
6.704068913459741e-8,6.705705117579667e-8,6.708882750664478e-8,6.708983328844241e-8,5.179647348054068e7
6.705164514670116e-8,6.7052393595345e-8,6.709216224048064e-8,6.707375674777899e-8,5.179647348054068e7
6.704349847839721e-8,6.704495781074495e-8,6.708882750664478e-8,6.709131145481996e-8,5.179647348054068e7
6.70510249721333e-8,6.705305931555324e-8,6.707886761253593e-8,6.708708459360401e-8,5.179647348054068e7
6.704129032804694e-8,6.704495781074495e-8,6.710211161331221e-8,6.7076508431956e-8,5.179647348054068e7
6.705109426730427e-8,6.705359239089787e-8,6.707886761253593e-8,6.707375674777899e-8,5.179647348054068e7
6.704068913459741e-8,6.704187510432916e-8,6.710359481784225e-8,6.708983328844241e-8,5.179647348054068e7
6.705164514670116e-8,6.704923677541526e-8,6.709216224048064e-8,6.707375674777899e-8,5.179647348054068e7
6.704349847839721e-8,6.704495781074495e-8,6.708882750664478e-8,6.7076508431956e-8,5.179647348054068e7
6.70510249721333e-8,6.704624236408325e-8,6.707886761253593e-8,6.708708459360401e-8,5.179647348054068e7
6.704129032804694e-8,6.704617192787507e-8,6.710211161331221e-8,6.7076508431956e-8,5.179647348054068e7
6.705109426730427e-8,6.705740629944567e-8,6.707886761253593e-8,6.707375674777899e-8,5.179647348054068e7
6.704068913459741e-8,6.706023739906428e-8,6.708882750664478e-8,6.708983328844241e-8,5.179647348054068e7
6.705164514670116e-8,6.704976371989249e-8,6.709216224048064e-8,6.708855857743107e-8,5.179647348054068e7
6.704349847839721e-8,6.704495781074495e-8,6.708882750664478e-8,6.7076508431956e-8,5.179647348054068e7
6.70510249721333e-8,6.704978569756834e-8,6.707886761253593e-8,6.708708459360401e-8,5.179647348054068e7
6.704129032804694e-8,6.70477010230135e-8,6.710211161331221e-8,6.7076508431956e-8,5.179647348054068e7
6.705109426730427e-8,6.706442455756477e-8,6.709363394370673e-8,6.707375674777899e-8,5.179647348054068e7
6.704068913459741e-8,6.70419523382901e-8,6.708882750664478e-8,6.708983328844241e-8,5.179647348054068e7
6.705164514670116e-8,6.70499077142338e-8,6.709216224048064e-8,6.707375674777899e-8,5.179647348054068e7
6.704349847839721e-8,6.704495781074495e-8,6.708882750664478e-8,6.7076508431956e-8,5.179647348054068e7
6.70510249721333e-8,6.704923677541526e-8,6.707886761253593e-8,6.708708459360401e-8,5.179647348054068e7
6.704129032804694e-8,6.704487995167839e-8,6.710211161331221e-8,6.7076508431956e-8,5.179647348054068e7
6.705109426730427e-8,6.704976371989249e-8,6.707886761253593e-8,6.707375674777899e-8,5.179647348054068e7
6.704068913459741e-8,6.704550389216355e-8,6.708882750664478e-8,6.710463504009011e-8,5.179647348054068e7
6.705164514670116e-8,6.705748566024878e-8,6.709216224048064e-8,6.707375674777899e-8,5.179647348054068e7
6.704349847839721e-8,6.706023739906428e-8,6.708882750664478e-8,6.7076508431956e-8,5.179647348054068e7
6.70510249721333e-8,6.704624236408325e-8,6.707886761253593e-8,6.708708459360401e-8,5.179647348054068e7
6.704129032804694e-8,6.704562337244522e-8,6.71168776695812e-8,6.7076508431956e-8,5.179647348054068e7
6.705109426730427e-8,6.704923677541526e-8,6.707886761253593e-8,6.707375674777899e-8,5.179647348054068e7
6.704068913459741e-8,6.704495781074495e-8,6.708882750664478e-8,6.708983328844241e-8,5.179647348054068e7
6.705164514670116e-8,6.704923677541526e-8,6.709216224048064e-8,6.707375674777899e-8,5.179647348054068e7
6.704349847839721e-8,6.704495781074495e-8,6.708882750664478e-8,6.7076508431956e-8,5.179647348054068e7
6.70510249721333e-8,6.704916161533644e-8,6.707886761253593e-8,6.708708459360401e-8,5.179647348054068e7
6.704129032804694e-8,6.704602928564977e-8,6.710211161331221e-8,6.7076508431956e-8,5.179647348054068e7
6.705109426730427e-8,6.705198532779576e-8,6.707886761253593e-8,6.708855857743107e-8,5.179647348054068e7
6.704068913459741e-8,6.705644109793323e-8,6.708882750664478e-8,6.708983328844241e-8,5.179647348054068e7
6.705164514670116e-8,6.705596962795982e-8,6.709216224048064e-8,6.707375674777899e-8,5.179647348054068e7
6.704349847839721e-8,6.705018852930151e-8,6.708882750664478e-8,6.7076508431956e-8,5.179647348054068e7
6.70510249721333e-8,6.706448230398506e-8,6.709363394370673e-8,6.708708459360401e-8,5.179647348054068e7
6.704129032804694e-8,6.704495781074495e-8,6.710211161331221e-8,6.7076508431956e-8,5.179647348054068e7
6.705109426730427e-8,6.704923677541526e-8,6.707886761253593e-8,6.707375674777899e-8,5.179647348054068e7
6.704068913459741e-8,6.704495781074495e-8,6.708882750664478e-8,6.708983328844241e-8,5.179647348054068e7
6.705164514670116e-8,6.704969083539529e-8,6.709216224048064e-8,6.707375674777899e-8,5.179647348054068e7
6.704349847839721e-8,6.704550389216355e-8,6.708882750664478e-8,6.7076508431956e-8,5.179647348054068e7
6.70510249721333e-8,6.705198532779576e-8,6.707886761253593e-8,6.708708459360401e-8,5.179647348054068e7
6.704129032804694e-8,6.705460926220393e-8,6.710211161331221e-8,6.709131145481996e-8,5.179647348054068e7
6.705109426730427e-8,6.70489800380184e-8,6.707886761253593e-8,6.707375674777899e-8,5.179647348054068e7
6.704068913459741e-8,6.704836039314543e-8,6.708882750664478e-8,6.708983328844241e-8,5.179647348054068e7
6.705164514670116e-8,6.705816379049798e-8,6.709216224048064e-8,6.707375674777899e-8,5.179647348054068e7
6.704349847839721e-8,6.70477010230135e-8,6.710359481784225e-8,6.7076508431956e-8,5.179647348054068e7
6.70510249721333e-8,6.705816379049798e-8,6.707886761253593e-8,6.708708459360401e-8,5.179647348054068e7
6.704129032804694e-8,6.704495781074495e-8,6.710211161331221e-8,6.7076508431956e-8,5.179647348054068e7
6.705109426730427e-8,6.704923677541526e-8,6.707886761253593e-8,6.707375674777899e-8,5.179647348054068e7
6.704068913459741e-8,6.70454063269649e-8,6.708882750664478e-8,6.708983328844241e-8,5.179647348054068e7
6.705164514670116e-8,6.704923677541526e-8,6.709216224048064e-8,6.707375674777899e-8,5.179647348054068e7
6.704349847839721e-8,6.704249839342747e-8,6.708882750664478e-8,6.7076508431956e-8,5.179647348054068e7
6.70510249721333e-8,6.705814787410762e-8,6.707886761253593e-8,6.71018851515653e-8,5.179647348054068e7
6.704129032804694e-8,6.706072022942282e-8,6.710211161331221e-8,6.7076508431956e-8,5.179647348054068e7
6.705109426730427e-8,6.704923677541526e-8,6.707886761253593e-8,6.707375674777899e-8,5.179647348054068e7
6.704068913459741e-8,6.704317284816349e-8,6.708882750664478e-8,6.708983328844241e-8,5.179647348054068e7
6.705164514670116e-8,6.705748566024878e-8,6.710692731441576e-8,6.707375674777899e-8,5.179647348054068e7
6.704349847839721e-8,6.705696995519389e-8,6.708882750664478e-8,6.7076508431956e-8,5.179647348054068e7
6.70510249721333e-8,6.705155110150967e-8,6.707886761253593e-8,6.708708459360401e-8,5.179647348054068e7
6.704129032804694e-8,6.70459268290132e-8,6.710211161331221e-8,6.7076508431956e-8,5.179647348054068e7
6.705109426730427e-8,6.706039387083716e-8,6.707886761253593e-8,6.707375674777899e-8,5.179647348054068e7
6.704068913459741e-8,6.70477010230135e-8,6.708882750664478e-8,6.708983328844241e-8,5.179647348054068e7
6.705164514670116e-8,6.705991168624112e-8,6.709216224048064e-8,6.707375674777899e-8,5.179647348054068e7
6.704349847839721e-8,6.70477010230135e-8,6.708882750664478e-8,6.709131145481996e-8,5.179647348054068e7
6.70510249721333e-8,6.705346143926385e-8,6.707886761253593e-8,6.708708459360401e-8,5.179647348054068e7
6.704129032804694e-8,6.705391297056558e-8,6.710211161331221e-8,6.7076508431956e-8,5.179647348054068e7
6.705109426730427e-8,6.70480129117114e-8,6.707886761253593e-8,6.707375674777899e-8,5.179647348054068e7
6.704068913459741e-8,6.704495781074495e-8,6.710359481784225e-8,6.708983328844241e-8,5.179647348054068e7
6.705164514670116e-8,6.704081730194004e-8,6.709216224048064e-8,6.707375674777899e-8,5.179647348054068e7
6.704349847839721e-8,6.705203490197319e-8,6.708882750664478e-8,6.7076508431956e-8,5.179647348054068e7
6.70510249721333e-8,6.705325026800597e-8,6.707886761253593e-8,6.708708459360401e-8,5.179647348054068e7
6.704129032804694e-8,6.706617617786645e-8,6.710211161331221e-8,6.7076508431956e-8,5.179647348054068e7
6.705109426730427e-8,6.704500318439719e-8,6.707886761253593e-8,6.707375674777899e-8,5.179647348054068e7
6.704068913459741e-8,6.704919118549868e-8,6.708882750664478e-8,6.708983328844241e-8,5.179647348054068e7
6.705164514670116e-8,6.704500318439719e-8,6.709216224048064e-8,6.708855857743107e-8,5.179647348054068e7
6.704349847839721e-8,6.704919118549868e-8,6.708882750664478e-8,6.7076508431956e-8,5.179647348054068e7
6.70510249721333e-8,6.704500318439719e-8,6.707886761253593e-8,6.708708459360401e-8,5.179647348054068e7
6.704129032804694e-8,6.704688052557585e-8,6.710211161331221e-8,6.7076508431956e-8,5.179647348054068e7
6.705109426730427e-8,6.704500318439719e-8,6.709363394370673e-8,6.707375674777899e-8,5.179647348054068e7
6.704068913459741e-8,6.757053979128043e-8,6.708882750664478e-8,6.708983328844241e-8,5.179647348054068e7
6.705164514670116e-8,6.706638110573592e-8,6.709216224048064e-8,6.707375674777899e-8,5.179647348054068e7
6.704349847839721e-8,6.704602037013585e-8,6.708882750664478e-8,6.7076508431956e-8,5.179647348054068e7
6.70510249721333e-8,6.706323359891388e-8,6.707886761253593e-8,6.708708459360401e-8,5.179647348054068e7
6.704129032804694e-8,6.704956483012266e-8,6.710211161331221e-8,6.7076508431956e-8,5.179647348054068e7
6.705109426730427e-8,6.707570708644639e-8,6.707886761253593e-8,6.707375674777899e-8,5.179647348054068e7
6.704068913459741e-8,6.704339662569722e-8,6.708882750664478e-8,6.710463504009011e-8,5.179647348054068e7
6.705164514670116e-8,6.706179693256338e-8,6.709216224048064e-8,6.707375674777899e-8,5.179647348054068e7
6.704349847839721e-8,6.70464006931869e-8,6.708882750664478e-8,6.7076508431956e-8,5.179647348054068e7
6.70510249721333e-8,6.705730208996222e-8,6.707886761253593e-8,6.708708459360401e-8,5.179647348054068e7
6.704129032804694e-8,6.704323128945951e-8,6.71168776695812e-8,6.7076508431956e-8,5.179647348054068e7
6.705109426730427e-8,6.705889972323308e-8,6.707886761253593e-8,6.707375674777899e-8,5.179647348054068e7
6.704068913459741e-8,6.70464006931869e-8,6.708882750664478e-8,6.708983328844241e-8,5.179647348054068e7
6.705164514670116e-8,6.705623974619346e-8,6.709216224048064e-8,6.707375674777899e-8,5.179647348054068e7
6.704349847839721e-8,6.704694578119391e-8,6.708882750664478e-8,6.7076508431956e-8,5.179647348054068e7
6.70510249721333e-8,6.705749471398856e-8,6.707886761253593e-8,6.708708459360401e-8,5.179647348054068e7
6.704129032804694e-8,6.707189922131475e-8,6.710211161331221e-8,6.7076508431956e-8,5.179647348054068e7
6.705109426730427e-8,6.705367667646305e-8,6.707886761253593e-8,6.708855857743107e-8,5.179647348054068e7
6.704068913459741e-8,6.705305931555324e-8,6.708882750664478e-8,6.708983328844241e-8,5.179647348054068e7
6.705164514670116e-8,6.705367667646305e-8,6.709216224048064e-8,6.707375674777899e-8,5.179647348054068e7
6.704349847839721e-8,6.704323128945951e-8,6.708882750664478e-8,6.7076508431956e-8,5.179647348054068e7
6.70510249721333e-8,6.705422573867234e-8,6.709363394370673e-8,6.708708459360401e-8,5.179647348054068e7
6.704129032804694e-8,6.705580866375964e-8,6.710211161331221e-8,6.7076508431956e-8,5.179647348054068e7
6.705109426730427e-8,6.706075847499305e-8,6.707886761253593e-8,6.707375674777899e-8,5.179647348054068e7
6.704068913459741e-8,6.70541528504871e-8,6.708882750664478e-8,6.708983328844241e-8,5.179647348054068e7
6.705164514670116e-8,6.70608190393494e-8,6.709216224048064e-8,6.707375674777899e-8,5.179647348054068e7
6.704349847839721e-8,6.705580866375964e-8,6.708882750664478e-8,6.7076508431956e-8,5.179647348054068e7
6.70510249721333e-8,6.70608190393494e-8,6.707886761253593e-8,6.708708459360401e-8,5.179647348054068e7
6.704129032804694e-8,6.705305931555324e-8,6.710211161331221e-8,6.709131145481996e-8,5.179647348054068e7
6.705109426730427e-8,6.704463026903304e-8,6.707886761253593e-8,6.707375674777899e-8,5.179647348054068e7
6.704068913459741e-8,6.706032649346154e-8,6.708882750664478e-8,6.708983328844241e-8,5.179647348054068e7
6.705164514670116e-8,6.704463026903304e-8,6.709216224048064e-8,6.707375674777899e-8,5.179647348054068e7
6.704349847839721e-8,6.70608175770669e-8,6.710359481784225e-8,6.7076508431956e-8,5.179647348054068e7
6.70510249721333e-8,6.704149803770787e-8,6.707886761253593e-8,6.708708459360401e-8,5.179647348054068e7
6.704129032804694e-8,6.70746645723488e-8,6.710211161331221e-8,6.7076508431956e-8,5.179647348054068e7
6.705109426730427e-8,6.757314720217988e-8,6.707886761253593e-8,6.707375674777899e-8,5.179647348054068e7
6.704068913459741e-8,6.706921021487493e-8,6.708882750664478e-8,6.708983328844241e-8,5.179647348054068e7
6.705164514670116e-8,6.705287729561113e-8,6.709216224048064e-8,6.707375674777899e-8,5.179647348054068e7
6.704349847839721e-8,6.708381577152983e-8,6.708882750664478e-8,6.7076508431956e-8,5.179647348054068e7
6.70510249721333e-8,6.704515282464314e-8,6.707886761253593e-8,6.71018851515653e-8,5.179647348054068e7
6.704129032804694e-8,6.706872750770893e-8,6.710211161331221e-8,6.7076508431956e-8,5.179647348054068e7
6.705109426730427e-8,6.704463026903304e-8,6.707886761253593e-8,6.707375674777899e-8,5.179647348054068e7
6.704068913459741e-8,6.706295000576816e-8,6.708882750664478e-8,6.708983328844241e-8,5.179647348054068e7
6.705164514670116e-8,6.704529278707694e-8,6.710692731441576e-8,6.707375674777899e-8,5.179647348054068e7
6.704349847839721e-8,6.706872750770893e-8,6.708882750664478e-8,6.7076508431956e-8,5.179647348054068e7
6.70510249721333e-8,6.705007181969605e-8,6.707886761253593e-8,6.708708459360401e-8,5.179647348054068e7
6.704129032804694e-8,6.706872750770893e-8,6.710211161331221e-8,6.7076508431956e-8,5.179647348054068e7
6.705109426730427e-8,6.704517563028931e-8,6.707886761253593e-8,6.707375674777899e-8,5.179647348054068e7
6.704068913459741e-8,6.70719581974146e-8,6.708882750664478e-8,6.708983328844241e-8,5.179647348054068e7
6.705164514670116e-8,6.705358801282604e-8,6.709216224048064e-8,6.707375674777899e-8,5.179647348054068e7
6.704349847839721e-8,6.70775245541708e-8,6.708882750664478e-8,6.709131145481996e-8,5.179647348054068e7
6.70510249721333e-8,6.704149803770787e-8,6.707886761253593e-8,6.708708459360401e-8,5.179647348054068e7
6.704129032804694e-8,6.707822903707025e-8,6.710211161331221e-8,6.7076508431956e-8,5.179647348054068e7
6.705109426730427e-8,6.704737298661003e-8,6.707886761253593e-8,6.707375674777899e-8,5.179647348054068e7
6.704068913459741e-8,6.70775245541708e-8,6.710359481784225e-8,6.708983328844241e-8,5.179647348054068e7
6.705164514670116e-8,6.704737298661003e-8,6.709216224048064e-8,6.707375674777899e-8,5.179647348054068e7
6.704349847839721e-8,6.708381577152983e-8,6.708882750664478e-8,6.7076508431956e-8,5.179647348054068e7
6.70510249721333e-8,6.704463026903304e-8,6.707886761253593e-8,6.708708459360401e-8,5.179647348054068e7
6.704129032804694e-8,6.706872750770893e-8,6.710211161331221e-8,6.7076508431956e-8,5.179647348054068e7
6.705109426730427e-8,6.704507577352202e-8,6.707886761253593e-8,6.707375674777899e-8,5.179647348054068e7
6.704068913459741e-8,6.706295000576816e-8,6.708882750664478e-8,6.708983328844241e-8,5.179647348054068e7
6.705164514670116e-8,6.704584062238863e-8,6.709216224048064e-8,6.708855857743107e-8,5.179647348054068e7
6.704349847839721e-8,6.707150073862711e-8,6.708882750664478e-8,6.7076508431956e-8,5.179647348054068e7
6.70510249721333e-8,6.705358801282604e-8,6.707886761253593e-8,6.708708459360401e-8,5.179647348054068e7
6.704129032804694e-8,6.706872750770893e-8,6.710211161331221e-8,6.7076508431956e-8,5.179647348054068e7
6.705109426730427e-8,6.704463026903304e-8,6.709363394370673e-8,6.707375674777899e-8,5.179647348054068e7
6.704068913459741e-8,6.706872750770893e-8,6.708882750664478e-8,6.708983328844241e-8,5.179647348054068e7
6.705164514670116e-8,6.704463026903304e-8,6.709216224048064e-8,6.707375674777899e-8,5.179647348054068e7
6.704349847839721e-8,6.706872750770893e-8,6.708882750664478e-8,6.7076508431956e-8,5.179647348054068e7
6.70510249721333e-8,6.703877269245826e-8,6.707886761253593e-8,6.708708459360401e-8,5.179647348054068e7
6.704129032804694e-8,6.706987735513218e-8,6.710211161331221e-8,6.7076508431956e-8,5.179647348054068e7
6.705109426730427e-8,6.704463026903304e-8,6.707886761253593e-8,6.707375674777899e-8,5.179647348054068e7
6.704068913459741e-8,6.706872750770893e-8,6.708882750664478e-8,6.710463504009011e-8,5.179647348054068e7
6.705164514670116e-8,6.704463026903304e-8,6.709216224048064e-8,6.707375674777899e-8,5.179647348054068e7
6.704349847839721e-8,6.706928013917451e-8,6.708882750664478e-8,6.7076508431956e-8,5.179647348054068e7
6.70510249721333e-8,6.704463026903304e-8,6.707886761253593e-8,6.708708459360401e-8,5.179647348054068e7
6.704129032804694e-8,6.706872750770893e-8,6.71168776695812e-8,6.7076508431956e-8,5.179647348054068e7
6.705109426730427e-8,6.704463026903304e-8,6.707886761253593e-8,6.707375674777899e-8,5.179647348054068e7
6.704068913459741e-8,6.704725377548701e-8,6.708882750664478e-8,6.708983328844241e-8,5.179647348054068e7
6.705164514670116e-8,6.706154554898536e-8,6.709216224048064e-8,6.707375674777899e-8,5.179647348054068e7
6.704349847839721e-8,6.705559635004125e-8,6.708882750664478e-8,6.7076508431956e-8,5.179647348054068e7
6.70510249721333e-8,6.707533301250038e-8,6.707886761253593e-8,6.708708459360401e-8,5.179647348054068e7
6.704129032804694e-8,6.706759571687018e-8,6.710211161331221e-8,6.7076508431956e-8,5.179647348054068e7
6.705109426730427e-8,6.704963251073703e-8,6.707886761253593e-8,6.708855857743107e-8,5.179647348054068e7
6.704068913459741e-8,6.706423798433513e-8,6.708882750664478e-8,6.708983328844241e-8,5.179647348054068e7
6.705164514670116e-8,6.705077897924634e-8,6.709216224048064e-8,6.707375674777899e-8,5.179647348054068e7
6.704349847839721e-8,6.70775245541708e-8,6.708882750664478e-8,6.7076508431956e-8,5.179647348054068e7
6.70510249721333e-8,6.704501591396348e-8,6.709363394370673e-8,6.708708459360401e-8,5.179647348054068e7
6.704129032804694e-8,6.707479347019352e-8,6.710211161331221e-8,6.7076508431956e-8,5.179647348054068e7
6.705109426730427e-8,6.704455094214613e-8,6.707886761253593e-8,6.707375674777899e-8,5.179647348054068e7
6.704068913459741e-8,6.705736921998391e-8,6.708882750664478e-8,6.708983328844241e-8,5.179647348054068e7
6.705164514670116e-8,6.704463026903304e-8,6.709216224048064e-8,6.707375674777899e-8,5.179647348054068e7
6.704349847839721e-8,6.70596533311201e-8,6.708882750664478e-8,6.7076508431956e-8,5.179647348054068e7
6.70510249721333e-8,6.704463026903304e-8,6.707886761253593e-8,6.708708459360401e-8,5.179647348054068e7
6.704129032804694e-8,6.706646799737416e-8,6.710211161331221e-8,6.709131145481996e-8,5.179647348054068e7
6.705109426730427e-8,6.704463026903304e-8,6.707886761253593e-8,6.707375674777899e-8,5.179647348054068e7
6.704068913459741e-8,6.705455256584911e-8,6.708882750664478e-8,6.708983328844241e-8,5.179647348054068e7
6.705164514670116e-8,6.704463026903304e-8,6.709216224048064e-8,6.707375674777899e-8,5.179647348054068e7
6.704349847839721e-8,6.704718716266043e-8,6.710359481784225e-8,6.7076508431956e-8,5.179647348054068e7
6.70510249721333e-8,6.704569947986863e-8,6.707886761253593e-8,6.708708459360401e-8,5.179647348054068e7
6.704129032804694e-8,6.70664781737158e-8,6.710211161331221e-8,6.7076508431956e-8,5.179647348054068e7
6.705109426730427e-8,6.704323128945951e-8,6.707886761253593e-8,6.707375674777899e-8,5.179647348054068e7
6.704068913459741e-8,6.706729672798351e-8,6.708882750664478e-8,6.708983328844241e-8,5.179647348054068e7
6.705164514670116e-8,6.704463026903304e-8,6.709216224048064e-8,6.707375674777899e-8,5.179647348054068e7
6.704349847839721e-8,6.706729672798351e-8,6.708882750664478e-8,6.7076508431956e-8,5.179647348054068e7
6.70510249721333e-8,6.704463026903304e-8,6.707886761253593e-8,6.71018851515653e-8,5.179647348054068e7
6.704129032804694e-8,6.706729672798351e-8,6.710211161331221e-8,6.7076508431956e-8,5.179647348054068e7
6.705109426730427e-8,6.704081730194004e-8,6.707886761253593e-8,6.707375674777899e-8,5.179647348054068e7
6.704068913459741e-8,6.705822091888501e-8,6.708882750664478e-8,6.708983328844241e-8,5.179647348054068e7
6.705164514670116e-8,6.704323128945951e-8,6.710692731441576e-8,6.707375674777899e-8,5.179647348054068e7
6.704349847839721e-8,6.705930874125131e-8,6.708882750664478e-8,6.7076508431956e-8,5.179647348054068e7
6.70510249721333e-8,6.704737298661003e-8,6.707886761253593e-8,6.708708459360401e-8,5.179647348054068e7
6.704129032804694e-8,6.706508982067671e-8,6.710211161331221e-8,6.7076508431956e-8,5.179647348054068e7
6.705109426730427e-8,6.705991297996932e-8,6.707886761253593e-8,6.707375674777899e-8,5.179647348054068e7
6.704068913459741e-8,6.705822091888501e-8,6.708882750664478e-8,6.708983328844241e-8,5.179647348054068e7
6.705164514670116e-8,6.704323128945951e-8,6.709216224048064e-8,6.707375674777899e-8,5.179647348054068e7
6.704349847839721e-8,6.705593957841129e-8,6.708882750664478e-8,6.709131145481996e-8,5.179647348054068e7
6.70510249721333e-8,6.704463026903304e-8,6.707886761253593e-8,6.708708459360401e-8,5.179647348054068e7
6.704129032804694e-8,6.705815106274847e-8,6.710211161331221e-8,6.7076508431956e-8,5.179647348054068e7
6.705109426730427e-8,6.704463026903304e-8,6.707886761253593e-8,6.707375674777899e-8,5.179647348054068e7
6.704068913459741e-8,6.705822091888501e-8,6.710359481784225e-8,6.708983328844241e-8,5.179647348054068e7
6.705164514670116e-8,6.70412868573954e-8,6.709216224048064e-8,6.707375674777899e-8,5.179647348054068e7
6.704349847839721e-8,6.706640411677492e-8,6.708882750664478e-8,6.7076508431956e-8,5.179647348054068e7
6.70510249721333e-8,6.706048336376176e-8,6.707886761253593e-8,6.708708459360401e-8,5.179647348054068e7
6.704129032804694e-8,6.706098327566874e-8,6.710211161331221e-8,6.7076508431956e-8,5.179647348054068e7
6.705109426730427e-8,6.705428126133934e-8,6.707886761253593e-8,6.707375674777899e-8,5.179647348054068e7
6.704068913459741e-8,6.706098327566874e-8,6.708882750664478e-8,6.708983328844241e-8,5.179647348054068e7
6.705164514670116e-8,6.705428126133934e-8,6.709216224048064e-8,6.708855857743107e-8,5.179647348054068e7
6.704349847839721e-8,6.705822091888501e-8,6.708882750664478e-8,6.7076508431956e-8,5.179647348054068e7
6.70510249721333e-8,6.704463026903304e-8,6.707886761253593e-8,6.708708459360401e-8,5.179647348054068e7
6.704129032804694e-8,6.7053864724007e-8,6.710211161331221e-8,6.7076508431956e-8,5.179647348054068e7
6.705109426730427e-8,6.704455094214613e-8,6.709363394370673e-8,6.707375674777899e-8,5.179647348054068e7
6.704068913459741e-8,6.705875390208688e-8,6.708882750664478e-8,6.708983328844241e-8,5.179647348054068e7
6.705164514670116e-8,6.704529278707694e-8,6.709216224048064e-8,6.707375674777899e-8,5.179647348054068e7
6.704349847839721e-8,6.705822091888501e-8,6.708882750664478e-8,6.7076508431956e-8,5.179647348054068e7
6.70510249721333e-8,6.704517563028931e-8,6.707886761253593e-8,6.708708459360401e-8,5.179647348054068e7
6.704129032804694e-8,6.706098327566874e-8,6.710211161331221e-8,6.7076508431956e-8,5.179647348054068e7
6.705109426730427e-8,6.705358801282604e-8,6.707886761253593e-8,6.707375674777899e-8,5.179647348054068e7
6.704068913459741e-8,6.706098327566874e-8,6.708882750664478e-8,6.710463504009011e-8,5.179647348054068e7
6.705164514670116e-8,6.705558893201573e-8,6.709216224048064e-8,6.707375674777899e-8,5.179647348054068e7
6.704349847839721e-8,6.705822091888501e-8,6.708882750664478e-8,6.7076508431956e-8,5.179647348054068e7
6.70510249721333e-8,6.704013929011629e-8,6.707886761253593e-8,6.708708459360401e-8,5.179647348054068e7
6.704129032804694e-8,6.705945574217854e-8,6.71168776695812e-8,6.7076508431956e-8,5.179647348054068e7
6.705109426730427e-8,6.704515282464314e-8,6.707886761253593e-8,6.707375674777899e-8,5.179647348054068e7
6.704068913459741e-8,6.705822091888501e-8,6.708882750664478e-8,6.708983328844241e-8,5.179647348054068e7
6.705164514670116e-8,6.704463026903304e-8,6.709216224048064e-8,6.707375674777899e-8,5.179647348054068e7
6.704349847839721e-8,6.70637324128845e-8,6.708882750664478e-8,6.7076508431956e-8,5.179647348054068e7
6.70510249721333e-8,6.704463026903304e-8,6.707886761253593e-8,6.708708459360401e-8,5.179647348054068e7
6.704129032804694e-8,6.705822091888501e-8,6.710211161331221e-8,6.7076508431956e-8,5.179647348054068e7
6.705109426730427e-8,6.704515282464314e-8,6.707886761253593e-8,6.708855857743107e-8,5.179647348054068e7
6.704068913459741e-8,6.704725377548701e-8,6.708882750664478e-8,6.708983328844241e-8,5.179647348054068e7
6.705164514670116e-8,6.704463026903304e-8,6.709216224048064e-8,6.707375674777899e-8,5.179647348054068e7
6.704349847839721e-8,6.705732154818007e-8,6.708882750664478e-8,6.7076508431956e-8,5.179647348054068e7
6.70510249721333e-8,6.704737298661003e-8,6.709363394370673e-8,6.708708459360401e-8,5.179647348054068e7
6.704129032804694e-8,6.706707588147919e-8,6.710211161331221e-8,6.7076508431956e-8,5.179647348054068e7
6.705109426730427e-8,6.704737298661003e-8,6.707886761253593e-8,6.707375674777899e-8,5.179647348054068e7
6.704068913459741e-8,6.706707588147919e-8,6.708882750664478e-8,6.708983328844241e-8,5.179647348054068e7
6.705164514670116e-8,6.704737298661003e-8,6.709216224048064e-8,6.707375674777899e-8,5.179647348054068e7
6.704349847839721e-8,6.706608756885868e-8,6.708882750664478e-8,6.7076508431956e-8,5.179647348054068e7
6.70510249721333e-8,6.704878130787472e-8,6.707886761253593e-8,6.708708459360401e-8,5.179647348054068e7
6.704129032804694e-8,6.705084803078901e-8,6.710211161331221e-8,6.709131145481996e-8,5.179647348054068e7
6.705109426730427e-8,6.704463026903304e-8,6.707886761253593e-8,6.707375674777899e-8,5.179647348054068e7
6.704068913459741e-8,6.705877446449265e-8,6.708882750664478e-8,6.708983328844241e-8,5.179647348054068e7
6.705164514670116e-8,6.704323128945951e-8,6.709216224048064e-8,6.707375674777899e-8,5.179647348054068e7
6.704349847839721e-8,6.705822091888501e-8,6.710359481784225e-8,6.7076508431956e-8,5.179647348054068e7
6.70510249721333e-8,6.704463026903304e-8,6.707886761253593e-8,6.708708459360401e-8,5.179647348054068e7
6.704129032804694e-8,6.705822091888501e-8,6.710211161331221e-8,6.7076508431956e-8,5.179647348054068e7
6.705109426730427e-8,6.704463026903304e-8,6.707886761253593e-8,6.707375674777899e-8,5.179647348054068e7
6.704068913459741e-8,6.705449020611378e-8,6.708882750664478e-8,6.708983328844241e-8,5.179647348054068e7
6.705164514670116e-8,6.704517563028931e-8,6.709216224048064e-8,6.707375674777899e-8,5.179647348054068e7
6.704349847839721e-8,6.706151340048463e-8,6.708882750664478e-8,6.7076508431956e-8,5.179647348054068e7
6.70510249721333e-8,6.705358801282604e-8,6.707886761253593e-8,6.71018851515653e-8,5.179647348054068e7
6.704129032804694e-8,6.706098327566874e-8,6.710211161331221e-8,6.7076508431956e-8,5.179647348054068e7
6.705109426730427e-8,6.705358801282604e-8,6.707886761253593e-8,6.707375674777899e-8,5.179647348054068e7
6.704068913459741e-8,6.706098327566874e-8,6.708882750664478e-8,6.708983328844241e-8,5.179647348054068e7
6.705164514670116e-8,6.705358801282604e-8,6.710692731441576e-8,6.707375674777899e-8,5.179647348054068e7
6.704349847839721e-8,6.705959486762987e-8,6.708882750664478e-8,6.7076508431956e-8,5.179647348054068e7
6.70510249721333e-8,6.705133414798715e-8,6.707886761253593e-8,6.708708459360401e-8,5.179647348054068e7
6.704129032804694e-8,6.70500928080645e-8,6.710211161331221e-8,6.7076508431956e-8,5.179647348054068e7
6.705109426730427e-8,6.705183748741259e-8,6.707886761253593e-8,6.707375674777899e-8,5.179647348054068e7
6.704068913459741e-8,6.705095572435317e-8,6.708882750664478e-8,6.708983328844241e-8,5.179647348054068e7
6.705164514670116e-8,6.705191255967556e-8,6.709216224048064e-8,6.707375674777899e-8,5.179647348054068e7
6.704349847839721e-8,6.705150529642624e-8,6.708882750664478e-8,6.709131145481996e-8,5.179647348054068e7
6.70510249721333e-8,6.706568598864963e-8,6.707886761253593e-8,6.708708459360401e-8,5.179647348054068e7
6.704129032804694e-8,6.704796955382963e-8,6.710211161331221e-8,6.7076508431956e-8,5.179647348054068e7
6.705109426730427e-8,6.704463026903304e-8,6.707886761253593e-8,6.707375674777899e-8,5.179647348054068e7
6.704068913459741e-8,6.705889972323308e-8,6.710359481784225e-8,6.708983328844241e-8,5.179647348054068e7
6.705164514670116e-8,6.704323128945951e-8,6.709216224048064e-8,6.707375674777899e-8,5.179647348054068e7
6.704349847839721e-8,6.705822091888501e-8,6.708882750664478e-8,6.7076508431956e-8,5.179647348054068e7
6.70510249721333e-8,6.704463026903304e-8,6.707886761253593e-8,6.708708459360401e-8,5.179647348054068e7
6.704129032804694e-8,6.705732154818007e-8,6.710211161331221e-8,6.7076508431956e-8,5.179647348054068e7
6.705109426730427e-8,6.704515282464314e-8,6.707886761253593e-8,6.707375674777899e-8,5.179647348054068e7
6.704068913459741e-8,6.705822091888501e-8,6.708882750664478e-8,6.708983328844241e-8,5.179647348054068e7
6.705164514670116e-8,6.704162133021115e-8,6.709216224048064e-8,6.708855857743107e-8,5.179647348054068e7
6.704349847839721e-8,6.705959486762987e-8,6.708882750664478e-8,6.7076508431956e-8,5.179647348054068e7
6.70510249721333e-8,6.705428126133934e-8,6.707886761253593e-8,6.708708459360401e-8,5.179647348054068e7
6.704129032804694e-8,6.706098327566874e-8,6.710211161331221e-8,6.7076508431956e-8,5.179647348054068e7
6.705109426730427e-8,6.705906666434583e-8,6.709363394370673e-8,6.707375674777899e-8,5.179647348054068e7
6.704068913459741e-8,6.705822091888501e-8,6.708882750664478e-8,6.708983328844241e-8,5.179647348054068e7
6.705164514670116e-8,6.704463026903304e-8,6.709216224048064e-8,6.707375674777899e-8,5.179647348054068e7
6.704349847839721e-8,6.705815106274847e-8,6.708882750664478e-8,6.7076508431956e-8,5.179647348054068e7
6.70510249721333e-8,6.704515282464314e-8,6.707886761253593e-8,6.708708459360401e-8,5.179647348054068e7
6.704129032804694e-8,6.705525435617235e-8,6.710211161331221e-8,6.7076508431956e-8,5.179647348054068e7
6.705109426730427e-8,6.704323128945951e-8,6.707886761253593e-8,6.707375674777899e-8,5.179647348054068e7
6.704068913459741e-8,6.705889972323308e-8,6.708882750664478e-8,6.710463504009011e-8,5.179647348054068e7
6.705164514670116e-8,6.704463026903304e-8,6.709216224048064e-8,6.707375674777899e-8,5.179647348054068e7
6.704349847839721e-8,6.705683606025517e-8,6.708882750664478e-8,6.7076508431956e-8,5.179647348054068e7
6.70510249721333e-8,6.704517563028931e-8,6.707886761253593e-8,6.708708459360401e-8,5.179647348054068e7
6.704129032804694e-8,6.706098327566874e-8,6.71168776695812e-8,6.7076508431956e-8,5.179647348054068e7
6.705109426730427e-8,6.705358801282604e-8,6.707886761253593e-8,6.707375674777899e-8,5.179647348054068e7
6.704068913459741e-8,6.70609105228294e-8,6.708882750664478e-8,6.708983328844241e-8,5.179647348054068e7
6.705164514670116e-8,6.705063448063783e-8,6.709216224048064e-8,6.707375674777899e-8,5.179647348054068e7
6.704349847839721e-8,6.706151340048463e-8,6.708882750664478e-8,6.7076508431956e-8,5.179647348054068e7
6.70510249721333e-8,6.705428126133934e-8,6.707886761253593e-8,6.708708459360401e-8,5.179647348054068e7
6.704129032804694e-8,6.70664781737158e-8,6.710211161331221e-8,6.7076508431956e-8,5.179647348054068e7
6.705109426730427e-8,6.70585359583001e-8,6.707886761253593e-8,6.708855857743107e-8,5.179647348054068e7
6.704068913459741e-8,6.705095572435317e-8,6.708882750664478e-8,6.708983328844241e-8,5.179647348054068e7
6.705164514670116e-8,6.705052012783607e-8,6.709216224048064e-8,6.707375674777899e-8,5.179647348054068e7
6.704349847839721e-8,6.705095572435317e-8,6.708882750664478e-8,6.7076508431956e-8,5.179647348054068e7
6.70510249721333e-8,6.705052012783607e-8,6.709363394370673e-8,6.708708459360401e-8,5.179647348054068e7
6.704129032804694e-8,6.7047896069294e-8,6.710211161331221e-8,6.7076508431956e-8,5.179647348054068e7
6.705109426730427e-8,6.705052012783607e-8,6.707886761253593e-8,6.707375674777899e-8,5.179647348054068e7
6.704068913459741e-8,6.705138286164823e-8,6.708882750664478e-8,6.708983328844241e-8,5.179647348054068e7
6.705164514670116e-8,6.705907559027725e-8,6.709216224048064e-8,6.707375674777899e-8,5.179647348054068e7
6.704349847839721e-8,6.70508816145787e-8,6.708882750664478e-8,6.7076508431956e-8,5.179647348054068e7
6.70510249721333e-8,6.704323128945951e-8,6.707886761253593e-8,6.708708459360401e-8,5.179647348054068e7
6.704129032804694e-8,6.705875390208688e-8,6.710211161331221e-8,6.709131145481996e-8,5.179647348054068e7
6.705109426730427e-8,6.704377672087207e-8,6.707886761253593e-8,6.707375674777899e-8,5.179647348054068e7
6.704068913459741e-8,6.706640411677492e-8,6.708882750664478e-8,6.708983328844241e-8,5.179647348054068e7
6.705164514670116e-8,6.70585359583001e-8,6.709216224048064e-8,6.707375674777899e-8,5.179647348054068e7
6.704349847839721e-8,6.705822091888501e-8,6.710359481784225e-8,6.7076508431956e-8,5.179647348054068e7
6.70510249721333e-8,6.70408891315012e-8,6.707886761253593e-8,6.708708459360401e-8,5.179647348054068e7
6.704129032804694e-8,6.705822091888501e-8,6.710211161331221e-8,6.7076508431956e-8,5.179647348054068e7
6.705109426730427e-8,6.70408891315012e-8,6.707886761253593e-8,6.707375674777899e-8,5.179647348054068e7
6.704068913459741e-8,6.705877446449265e-8,6.708882750664478e-8,6.708983328844241e-8,5.179647348054068e7
6.705164514670116e-8,6.704649033072234e-8,6.709216224048064e-8,6.707375674777899e-8,5.179647348054068e7
6.704349847839721e-8,6.706707588147919e-8,6.708882750664478e-8,6.7076508431956e-8,5.179647348054068e7
6.70510249721333e-8,6.704597045707818e-8,6.707886761253593e-8,6.71018851515653e-8,5.179647348054068e7
6.704129032804694e-8,6.70670205311483e-8,6.710211161331221e-8,6.7076508431956e-8,5.179647348054068e7
6.705109426730427e-8,6.704597045707818e-8,6.707886761253593e-8,6.707375674777899e-8,5.179647348054068e7
6.704068913459741e-8,6.706707588147919e-8,6.708882750664478e-8,6.708983328844241e-8,5.179647348054068e7
6.705164514670116e-8,6.70585359583001e-8,6.710692731441576e-8,6.707375674777899e-8,5.179647348054068e7
6.704349847839721e-8,6.705587680107311e-8,6.708882750664478e-8,6.7076508431956e-8,5.179647348054068e7
6.70510249721333e-8,6.7043754021527e-8,6.707886761253593e-8,6.708708459360401e-8,5.179647348054068e7
6.704129032804694e-8,6.705822091888501e-8,6.710211161331221e-8,6.7076508431956e-8,5.179647348054068e7
6.705109426730427e-8,6.704323128945951e-8,6.707886761253593e-8,6.707375674777899e-8,5.179647348054068e7
6.704068913459741e-8,6.705822091888501e-8,6.708882750664478e-8,6.708983328844241e-8,5.179647348054068e7
6.705164514670116e-8,6.704377672087207e-8,6.709216224048064e-8,6.707375674777899e-8,5.179647348054068e7
6.704349847839721e-8,6.706098327566874e-8,6.708882750664478e-8,6.709131145481996e-8,5.179647348054068e7
6.70510249721333e-8,6.70522072544115e-8,6.707886761253593e-8,6.708708459360401e-8,5.179647348054068e7
6.704129032804694e-8,6.706098327566874e-8,6.710211161331221e-8,6.7076508431956e-8,5.179647348054068e7
6.705109426730427e-8,6.704995123619776e-8,6.707886761253593e-8,6.707375674777899e-8,5.179647348054068e7
6.704068913459741e-8,6.705822091888501e-8,6.710359481784225e-8,6.708983328844241e-8,5.179647348054068e7
6.705164514670116e-8,6.704066414957551e-8,6.709216224048064e-8,6.707375674777899e-8,5.179647348054068e7
6.704349847839721e-8,6.705889972323308e-8,6.708882750664478e-8,6.7076508431956e-8,5.179647348054068e7
6.70510249721333e-8,6.704377672087207e-8,6.707886761253593e-8,6.708708459360401e-8,5.179647348054068e7
6.704129032804694e-8,6.70664781737158e-8,6.710211161331221e-8,6.7076508431956e-8,5.179647348054068e7
6.705109426730427e-8,6.70585359583001e-8,6.707886761253593e-8,6.707375674777899e-8,5.179647348054068e7
6.704068913459741e-8,6.705822091888501e-8,6.708882750664478e-8,6.708983328844241e-8,5.179647348054068e7
6.705164514670116e-8,6.704377672087207e-8,6.709216224048064e-8,6.708855857743107e-8,5.179647348054068e7
6.704349847839721e-8,6.70664781737158e-8,6.708882750664478e-8,6.7076508431956e-8,5.179647348054068e7
6.70510249721333e-8,6.70585359583001e-8,6.707886761253593e-8,6.708708459360401e-8,5.179647348054068e7
6.704129032804694e-8,6.705525435617235e-8,6.710211161331221e-8,6.7076508431956e-8,5.179647348054068e7
6.705109426730427e-8,6.704389642714471e-8,6.709363394370673e-8,6.707375674777899e-8,5.179647348054068e7
6.704068913459741e-8,6.70586863211913e-8,6.708882750664478e-8,6.708983328844241e-8,5.179647348054068e7
6.705164514670116e-8,6.704323128945951e-8,6.709216224048064e-8,6.707375674777899e-8,5.179647348054068e7
6.704349847839721e-8,6.705822091888501e-8,6.708882750664478e-8,6.7076508431956e-8,5.179647348054068e7
6.70510249721333e-8,6.704323128945951e-8,6.707886761253593e-8,6.708708459360401e-8,5.179647348054068e7
6.704129032804694e-8,6.705822091888501e-8,6.710211161331221e-8,6.7076508431956e-8,5.179647348054068e7
6.705109426730427e-8,6.704323128945951e-8,6.707886761253593e-8,6.707375674777899e-8,5.179647348054068e7
6.704068913459741e-8,6.705525435617235e-8,6.708882750664478e-8,6.710463504009011e-8,5.179647348054068e7
6.705164514670116e-8,6.704377672087207e-8,6.709216224048064e-8,6.707375674777899e-8,5.179647348054068e7
6.704349847839721e-8,6.705915786335777e-8,6.708882750664478e-8,6.7076508431956e-8,5.179647348054068e7
6.70510249721333e-8,6.70522072544115e-8,6.707886761253593e-8,6.708708459360401e-8,5.179647348054068e7
6.704129032804694e-8,6.706098327566874e-8,6.71168776695812e-8,6.7076508431956e-8,5.179647348054068e7
6.705109426730427e-8,6.70522072544115e-8,6.707886761253593e-8,6.707375674777899e-8,5.179647348054068e7
6.704068913459741e-8,6.706098327566874e-8,6.708882750664478e-8,6.708983328844241e-8,5.179647348054068e7
6.705164514670116e-8,6.70522072544115e-8,6.709216224048064e-8,6.707375674777899e-8,5.179647348054068e7
6.704349847839721e-8,6.70569311639897e-8,6.708882750664478e-8,6.7076508431956e-8,5.179647348054068e7
6.70510249721333e-8,6.70585359583001e-8,6.707886761253593e-8,6.708708459360401e-8,5.179647348054068e7
6.704129032804694e-8,6.705822091888501e-8,6.710211161331221e-8,6.7076508431956e-8,5.179647348054068e7
6.705109426730427e-8,6.704389642714471e-8,6.707886761253593e-8,6.708855857743107e-8,5.179647348054068e7
6.704068913459741e-8,6.705815106274847e-8,6.708882750664478e-8,6.708983328844241e-8,5.179647348054068e7
6.705164514670116e-8,6.704430074693381e-8,6.709216224048064e-8,6.707375674777899e-8,5.179647348054068e7
6.704349847839721e-8,6.70664781737158e-8,6.708882750664478e-8,6.7076508431956e-8,5.179647348054068e7
6.70510249721333e-8,6.70585359583001e-8,6.709363394370673e-8,6.708708459360401e-8,5.179647348054068e7
6.704129032804694e-8,6.705877446449265e-8,6.710211161331221e-8,6.7076508431956e-8,5.179647348054068e7
6.705109426730427e-8,6.704845052761345e-8,6.707886761253593e-8,6.707375674777899e-8,5.179647348054068e7
6.704068913459741e-8,6.707337938541688e-8,6.708882750664478e-8,6.708983328844241e-8,5.179647348054068e7
6.705164514670116e-8,6.704323128945951e-8,6.709216224048064e-8,6.707375674777899e-8,5.179647348054068e7
6.704349847839721e-8,6.705889972323308e-8,6.708882750664478e-8,6.7076508431956e-8,5.179647348054068e7
6.70510249721333e-8,6.704323128945951e-8,6.707886761253593e-8,6.708708459360401e-8,5.179647348054068e7
6.704129032804694e-8,6.705889972323308e-8,6.710211161331221e-8,6.709131145481996e-8,5.179647348054068e7
6.705109426730427e-8,6.704315237988952e-8,6.707886761253593e-8,6.707375674777899e-8,5.179647348054068e7
6.704068913459741e-8,6.705930874125131e-8,6.708882750664478e-8,6.708983328844241e-8,5.179647348054068e7
6.705164514670116e-8,6.704389642714471e-8,6.709216224048064e-8,6.707375674777899e-8,5.179647348054068e7
6.704349847839721e-8,6.705525435617235e-8,6.710359481784225e-8,6.7076508431956e-8,5.179647348054068e7
6.70510249721333e-8,6.704323128945951e-8,6.707886761253593e-8,6.708708459360401e-8,5.179647348054068e7
6.704129032804694e-8,6.705822091888501e-8,6.710211161331221e-8,6.7076508431956e-8,5.179647348054068e7
6.705109426730427e-8,6.704323128945951e-8,6.707886761253593e-8,6.707375674777899e-8,5.179647348054068e7
6.704068913459741e-8,6.706098327566874e-8,6.708882750664478e-8,6.708983328844241e-8,5.179647348054068e7
6.705164514670116e-8,6.704323128945951e-8,6.709216224048064e-8,6.707375674777899e-8,5.179647348054068e7
6.704349847839721e-8,6.705525435617235e-8,6.708882750664478e-8,6.7076508431956e-8,5.179647348054068e7
6.70510249721333e-8,6.704323128945951e-8,6.707886761253593e-8,6.71018851515653e-8,5.179647348054068e7
6.704129032804694e-8,6.70491171645226e-8,6.710211161331221e-8,6.7076508431956e-8,5.179647348054068e7
6.705109426730427e-8,6.704377672087207e-8,6.707886761253593e-8,6.707375674777899e-8,5.179647348054068e7
6.704068913459741e-8,6.70664781737158e-8,6.708882750664478e-8,6.708983328844241e-8,5.179647348054068e7
6.705164514670116e-8,6.704323128945951e-8,6.710692731441576e-8,6.707375674777899e-8,5.179647348054068e7
6.704349847839721e-8,6.705822091888501e-8,6.708882750664478e-8,6.7076508431956e-8,5.179647348054068e7
6.70510249721333e-8,6.704377672087207e-8,6.707886761253593e-8,6.708708459360401e-8,5.179647348054068e7
6.704129032804694e-8,6.70664781737158e-8,6.710211161331221e-8,6.7076508431956e-8,5.179647348054068e7
6.705109426730427e-8,6.70585359583001e-8,6.707886761253593e-8,6.707375674777899e-8,5.179647348054068e7
6.704068913459741e-8,6.705822091888501e-8,6.708882750664478e-8,6.708983328844241e-8,5.179647348054068e7
6.705164514670116e-8,6.70408891315012e-8,6.709216224048064e-8,6.707375674777899e-8,5.179647348054068e7
6.704349847839721e-8,6.705815106274847e-8,6.708882750664478e-8,6.709131145481996e-8,5.179647348054068e7
6.70510249721333e-8,6.7043754021527e-8,6.707886761253593e-8,6.708708459360401e-8,5.179647348054068e7
