AMG,Gradient Queue,Random,Newton,BFGS,GDLS
84.64434790948903,84.64434790948903,274.17884055062916,235.4502639935323,122.84475994474361,340.28276360294996
184.21465042518278,288.91405194207226,122.76491468282637,99.77876647298227,122.8447599447416,49.45269436555031
150.84922340668217,289.7997343225201,327.2701980567511,384.3444802914223,122.84475994473804,152.1544743615245
339.3127220849428,266.1697609156993,202.42064489784235,352.84787061201996,122.84475994473601,203.72618967004146
151.78164835182343,233.24000531382066,307.1816183385555,104.9300532662672,122.8447599447296,231.40533870532545
223.39892755068269,206.61516350778285,307.9911322668659,120.95622710559091,122.84475994472552,40.45952154757045
410.5024793142774,223.2343265050277,281.03766751782973,57.32956732156574,122.8447599447235,245.69613487679874
220.8393120855019,388.9102747393012,248.8893897507259,40.122393771814764,122.84475994471005,114.45792564331255
319.0782816958235,307.10068192324786,235.7829445337026,322.0564576753431,122.844759944708,173.64643682381512
171.4593734965868,346.98092491211094,220.81174489439618,234.25908434925984,122.84475994470664,89.13876448781764
288.36275895835684,353.5236051879542,222.12838581997372,382.7700065424275,122.8447599447053,56.28641180636089
379.7150982933183,42.437833464769284,79.18254024441032,271.77855598226034,122.84475994469058,150.7522307744875
364.35631035490377,209.14927903073536,168.46453737231198,219.31311335898062,122.84475994468924,36.1888076809644
157.58953398331417,351.8732169114125,406.2938039096505,227.43732242130102,122.84475994468788,41.91994324791634
221.29015178852933,283.89778416599205,275.5631103417995,241.24212358202027,122.84475994467371,16.31816348461008
369.2123345979419,401.79618557631846,325.71823850581956,218.22561537138913,122.84475994467236,16.470258538518358
222.62736113803777,270.4673934268392,230.1699877973543,408.2631197198475,122.84475994467168,22.056282962809398
101.17799900442692,222.92208208462918,350.0643935676777,267.0434489423473,122.84475994466963,7.096104591390249
118.45112982526668,241.8798247796498,119.40810588501847,370.24486532966705,122.84475994465497,8.925891622899586
152.6119148951078,213.65105361267024,117.4618634517219,227.19790730857508,122.84475994465427,3.1806243264478504
82.60040861023211,332.46438120220375,99.67128335162224,278.8345664367062,122.84475994465224,3.6996032346398557
46.884576150662504,192.29044831787536,302.5006736403364,190.358060915391,122.84475994464584,1.4689490773937146
71.63098174467532,308.87139572444585,384.3113470349406,414.895257291054,122.84475994464448,1.5600052735842007
177.28414171978272,239.00533672321865,171.8352533686673,198.44716562505826,122.84475994464243,0.6965036558798032
188.54740234776102,400.8053962753731,219.61118521655712,212.01273953110876,122.84475994462895,1.487800497007917
211.72951991212906,223.43033577009246,68.78865007800627,179.49539381434104,122.8447599446276,0.41064020399023754
176.14169921912082,184.25109477287134,69.6096410605211,377.45149299208913,122.84475994462625,0.1447391333606942
101.90307554404806,140.04753689985364,144.71660222329373,168.13883955080323,122.84475994462422,0.17056097551337587
82.87895934271393,115.1843539698671,94.17945021914974,94.2810367868222,122.8447599446102,0.06658059144988347
154.45497267690195,284.0035629826414,115.92874302096124,86.72446681517835,122.84475994460885,0.07179621841345836
198.6107752418399,223.3869656613819,74.50946780056192,35.463669528177086,122.84475994460679,0.03144467205179771
216.400809700473,192.4058378388829,171.89719543539476,74.94410728698088,122.84475994459332,0.06901732960099567
151.72900222018313,423.32185802596234,120.5719505605499,27.804586387080363,122.84475994459196,0.018992399073109803
246.9520651809305,66.04409562063042,203.65333603608215,80.39452796741183,122.8447599445906,0.006594447204863245
67.59988630594404,414.8175042995668,100.42355478701081,27.57225336124602,122.84475994458924,0.007874630158439888
248.71822268329242,209.76551016997,20.306567429729327,124.11342033427086,122.84475994457455,0.0030198886667321028
100.53512237989075,180.7501280503945,174.73095302853636,36.17987824821516,122.8447599445732,0.0033065031670520377
263.09286230462897,424.2488151969852,102.1661688496429,30.732441043330248,122.84475994457183,0.0014203847722369534
162.78699461749153,170.33314033929534,118.20868525814181,49.36986955110558,122.84475994456477,0.001412649961552936
364.1001409838376,74.27602774109249,286.83813879190825,25.72254177628846,122.84475994456409,0.0018947646663079007
261.2945451051372,308.17492013482337,180.03726043682278,222.49261030276884,122.84475994456204,0.0006170631880525663
226.85054747538615,219.3744531195906,271.0688399551197,197.65941735951273,122.84475994454736,0.0007800891053109663
292.02569641384304,204.46083600408008,90.3694835177208,228.45987637159018,122.84475994454668,0.00027663695795742267
325.03147460121806,228.54447044664138,124.30417159252895,139.21117173177223,122.84475994454463,0.0003242513563564269
223.04780391676354,206.29298931266453,162.38323900462007,84.03607342847404,122.84475994453824,0.0001274790521399962
123.85109783012302,108.85159715552084,217.79168721163308,98.37272212903243,122.84475994453689,0.00013663054480523028
223.72970193833012,195.82512959451853,69.92328162171594,39.12223703118301,122.84475994453484,6.0301995499700276e-5
227.20325029502473,227.49315020529647,113.91988502973797,49.347534890958336,122.84475994452136,0.0001309471748873784
374.65212789024304,269.88455386928126,214.3231737043269,26.171104580200943,122.84475994451935,3.607646802744843e-5
200.92920836248038,223.54492479402379,222.72218083833891,333.14467176808625,122.84475994450464,1.2600156671491117e-5
223.2577053040411,326.74553256065747,377.0557756383917,29.237732317477562,122.84475994450396,1.4968322368061507e-5
298.0627116229404,212.0859620579085,101.7300108362392,175.98071506618643,122.84475994450194,5.780427919074584e-6
235.71327486104914,407.40136585316316,185.86308579975446,113.54972481556763,122.84475994449554,6.291198884425484e-6
248.36979566911955,183.21333175482968,215.22890427358624,33.866567400667144,122.84475994449419,2.7232337667379935e-6
177.69112155972712,187.16337684790366,250.4589809518081,231.1782549736257,122.84475994449214,6.074823565711685e-6
359.2903509980753,212.78494460256297,195.257130711364,297.48017066698765,122.84475994447813,1.6688098498189253e-6
276.2891021619946,397.2510016046924,127.82459144383341,373.22493896359254,122.84475994447676,2.4633015256066714e-6
131.04790537272947,276.5171251642238,253.48710088582763,330.39325000854734,122.84475994447473,6.912153433574192e-7
326.66674747723744,55.73586371243992,308.72973652742627,236.67714565456077,122.84475994446125,2.6246847405903466e-6
193.9950522637596,122.78587257440566,48.04777109045808,378.8744485360159,122.8447599444599,6.958373053827004e-7
223.93980798703302,227.84937430179215,335.04525863869617,187.09307826406447,122.84475994445854,1.0615060834425356e-6
378.6064573009997,207.06398149306264,108.08213235742556,244.83854981637603,122.84475994445718,1.622364312019775e-6
165.9822787414214,311.851781052149,391.83736475674874,195.99726662262646,122.84475994445583,2.4803432542110063e-6
249.1854608777277,389.66024069084597,241.52318831483862,150.14787466775178,122.84475994444114,6.560533708694246e-7
205.76872896029565,384.9705130414085,237.77711373654324,231.86005498420155,122.84475994443979,1.0029648884006863e-6
249.01515454111876,240.7757772699694,278.29816871538327,177.76319158263226,122.84475994443842,1.533449704345468e-6
207.48536142844327,368.86259171334126,107.14936313555604,296.527320733931,122.84475994442427,2.344550754287126e-6
303.41446795346747,212.52583539778863,369.14260348461727,399.12876950381906,122.84475994442292,6.200703714399526e-7
256.6813060662741,193.30492879477475,350.9953030458552,335.37988080420627,122.84475994442155,2.5161610186418985e-6
218.23286982859003,112.31377029532011,409.98996640911076,276.2869788523097,122.84475994440685,6.654533979764873e-7
142.00395901077223,221.32234495788245,404.5532451495161,387.52559031679317,122.8447599444055,1.0174403382516702e-6
223.12291535616183,246.55209106958304,361.4987528970285,169.88031775710692,122.84475994440413,1.5556085515296154e-6
379.59792244919254,423.389365021287,201.0274948867581,222.33932776378967,122.84475994439705,2.378437276079818e-6
352.44137141283676,323.40640696998213,172.4212373557394,222.39041878324502,122.84475994439637,6.290292486336404e-7
409.93875311953013,221.88295746848826,141.5890264421674,304.70512347344004,122.84475994439434,9.61750053764229e-7
358.3781704916243,217.78807022375005,139.96583844050363,226.6730420051412,122.84475994438017,1.470461308830013e-6
233.5005298824426,218.00026504993303,202.83897619849992,386.69143372685863,122.8447599443795,2.2482519806482945e-6
158.2544417415439,207.66349961397353,405.87173215423945,127.31286687399768,122.84475994437814,5.945989227464609e-7
235.18231801678112,369.9112953575583,144.59433861641494,56.94592599581481,122.84475994437611,2.4128150121360896e-6
118.23711978964052,27.45458491123076,162.7184293699867,44.2505232846574,122.8447599443621,6.381211798286674e-7
267.33553449573554,353.4964957706418,386.88687989882334,180.97851573519677,122.84475994436075,9.756511090396888e-7
184.6364316054219,386.15466452206806,300.10872186167467,65.25027974290543,122.84475994435871,1.4917152363400395e-6
221.7845536844473,371.31077985897656,225.562144986026,76.65998311019942,122.84475994434521,2.280748031459447e-6
65.04059392463449,250.42602699625772,251.75396178644243,27.628525052120406,122.84475994434386,6.031932068496726e-7
241.57618642173384,363.852526021538,224.4538894960178,167.58080401144875,122.8447599443425,2.4476896436986015e-6
217.3884147105997,223.9894717486525,425.08136344730406,42.04009701393387,122.84475994434048,6.473445313507623e-7
178.49737075191612,269.05316333511456,354.27781538878963,26.925554101735123,122.84475994432648,9.897530906618035e-7
214.44472983358716,223.5840029081592,193.27035922296199,145.48850718955418,122.84475994432445,1.5132763668066149e-6
367.8824082650801,134.2172059662035,174.1747702455957,39.33312984050004,122.84475994431095,2.3137137776495475e-6
183.1291227495377,225.17028634549274,308.8396252345739,28.14130664833124,122.8447599443096,6.119117123072404e-7
391.8113436107072,208.22513479157095,245.18036809046316,84.09377402925898,122.84475994430824,2.483068350348246e-6
340.5091517238808,224.78276227504108,296.72696843786605,29.566725631447067,122.8447599443062,6.567011964552733e-7
353.0217799938581,122.5900956960737,424.9182764254101,52.318671850383886,122.84475994429219,1.0040589011799978e-6
383.686108620402,261.2677789785367,158.39670852412297,25.833381279557212,122.84475994429083,1.5351491400966963e-6
265.0528001381626,322.89817837832993,141.86008012402402,222.84760755744844,122.8447599442888,2.3471560080489177e-6
214.75917061640277,157.2364633656315,223.22598030264894,106.52533020063666,122.84475994427531,6.207562343327083e-7
406.5401571127836,175.97942300089238,235.4035880700977,211.39430907231784,122.84475994427396,2.5189584179408276e-6
407.2182367108593,319.98257308909314,134.3084785226965,74.20719661857547,122.84475994427261,6.661931020347564e-7
223.15819404010506,370.46599943021715,254.35252956644814,27.343148367477042,122.84475994427125,1.0185714867176567e-6
213.04431410513206,184.30790252607457,347.41070421312696,166.14435579826045,122.84475994425655,1.5573380606695174e-6
265.4641511356116,174.05815157256345,271.1849020729487,41.782530167861125,122.8447599442552,2.381081609721298e-6
222.544891356504,232.4699724651335,351.9006562913908,27.015169655970343,122.84475994425385,6.297285943587997e-7
138.60025960004967,425.831074180243,195.3210903576466,137.66523240960524,122.84475994424676,9.628193216434696e-7
355.9279200105877,174.94542733422546,389.7423133052967,38.24191482933953,122.84475994424609,1.4720961608451323e-6
258.66188681282,59.86689580807587,302.308753252091,28.852562489511726,122.84475994424405,2.2507515772283594e-6
93.37080928465171,250.91600683911528,308.81336344929514,69.04885303251088,122.84475994422937,5.952599949502642e-7
118.61922557125506,192.24070695972742,195.14568380309555,27.23205166468328,122.84475994422868,2.415497569275682e-6
203.44672086163794,135.71130087620557,341.11240720637534,98.306599879568,122.84475994422665,6.388306401455576e-7
249.49107957663307,249.06928676793976,37.061720196647165,30.132300498909835,122.84475994421248,9.7673583365909e-7
220.28142478645384,353.8699643449629,229.99279203814802,72.00379692297244,122.84475994421179,1.4933737187939919e-6
127.85980624712589,134.19859442787845,234.3906714807527,27.63531601491282,122.84475994421044,2.283283757113584e-6
143.21124400369987,279.7890352281135,284.3768659008448,84.24962797171379,122.8447599442084,6.038638344099905e-7
232.1769725393626,220.32155778794933,100.84192121811773,28.22241318971192,122.8447599441944,2.450410974304931e-6
223.62494548476397,233.91772436335327,225.47026373791658,104.2446261086656,122.84475994419303,6.480642461603983e-7
221.93986960676207,295.20920447705987,293.5083516710988,32.94004447747434,122.844759944191,9.908534938053378e-7
185.25393324500087,260.5372032919021,138.0838991683396,36.30049817473468,122.84475994417753,1.5149588208315505e-6
272.4368527512317,281.5416563396766,378.4413548691019,32.45086993378751,122.84475994417616,2.3162861544758455e-6
328.95941225861225,246.13365904745012,338.44959158950746,37.6384551293994,122.84475994417481,6.125920330641481e-7
292.95414259969243,213.06551330966946,231.26062275971955,30.88632493151399,122.84475994417343,2.485829014845409e-6
182.67017602336804,335.8913336938247,310.45083431329374,43.64092342272481,122.84475994417208,6.574313139641389e-7
304.0920258562505,235.14593665564107,219.09414808442423,27.23722287638103,122.84475994416856,1.0051752094609038e-6
210.41244542339763,37.64871107989218,289.168453625679,98.93937814549639,122.84475994416653,1.5368559121750093e-6
217.6607101498082,223.60475324561168,217.01610232352664,30.00712232768461,122.8447599441601,2.3497655658002444e-6
414.2763195888424,267.83276231794684,138.5172125698037,71.89782558126832,122.84475994415808,6.214463883903987e-7
175.07517228983178,70.91348304021072,194.68289626175567,27.621965405182067,122.84475994415114,2.5217589848576696e-6
302.26960143033835,393.5183105806353,257.45262829463377,84.62230915994117,122.84475994414912,6.669337726025987e-7
418.20249925836083,25.84681875957811,215.18306550676277,28.26759737715392,122.84475994414557,1.0197039300274881e-6
69.31190952133542,355.01271126332716,243.1575389907476,102.84107068153365,122.84475994414203,1.5590695022923678e-6
189.82848040077138,75.92835867370952,136.60761376398588,32.70411451921428,122.84475994413998,2.383728885807713e-6
255.12420832069995,75.02932171905181,243.47374265988051,36.92371370165915,122.84475994412533,6.30428723847e-7
220.84653158992342,250.13387538805938,212.71507179091512,31.66686544142699,122.84475994412398,9.638897799407903e-7
395.4920041186171,355.2049033791067,210.3622887017072,40.26176641857326,122.84475994412041,1.4737328308977658e-6
270.96662987913527,186.86304339923333,348.53161294719473,28.79682951940933,122.84475994411687,2.253253952956486e-6
237.30820623177215,192.07736658403516,220.7678196528324,60.72678166722153,122.84475994411484,5.959218024008766e-7
324.0856540672942,259.7735594313602,224.7456862656577,25.881516198879687,122.84475994410843,2.4181831088749233e-6
43.72014429402083,222.95661271766795,209.04391427451213,324.027033508243,122.84475994410639,6.395408892483273e-7
261.2267557832769,214.29011829909228,241.7618386621881,205.11267231983726,122.84475994410286,9.778217642734095e-7
252.17238393018206,172.17588378946786,279.91255142322467,246.58142333588287,122.84475994409932,1.4950340451421944e-6
172.15684649903574,179.17468587134059,216.81728125430317,305.3575565964928,122.84475994409728,2.2858223019765677e-6
223.33757864414545,328.9342529378816,226.94256474288764,71.99949820334173,122.84475994409374,6.045352075715646e-7
225.06007869861037,223.1718992777419,306.91371732033224,32.66181894237165,122.84475994409021,2.4531353304747e-6
380.4954723688996,175.13590078808318,392.1252166924211,41.972509819485225,122.84475994408614,6.487847611458223e-7
259.0006214321304,307.7877235413964,245.4652450435777,27.013171401714335,122.84475994408412,9.91955120372266e-7
202.48885707558094,330.18179168260554,288.22874727107524,137.90961489408969,122.84475994408058,1.5166431454014933e-6
178.64998492761907,399.9692232306992,199.38552180972957,38.2743428083353,122.84475994407703,2.3188613912594176e-6
299.7104551040946,260.16495434431766,236.81952716462195,28.829375868426567,122.844759944075,6.1327311019869e-7
54.028224486823994,243.27991817132212,181.29002982699026,69.43628576089364,122.84475994407146,2.4885927486372506e-6
341.66477627108895,217.1467582704495,424.4507797136693,27.28621590608379,122.84475994406792,6.581622432144481e-7
221.59121097840594,215.41253632968488,362.9793194385846,95.9930519936124,122.84475994406587,1.0062927588484598e-6
113.18600428735635,206.60263309973317,336.4898267167411,29.772517225509446,122.84475994406233,1.5385645818350327e-6
256.8566092865584,172.51199557261708,290.906587582016,75.34360586688803,122.8447599440588,2.352378024846434e-6
349.49936957943936,252.00472052350258,193.2400302799943,28.140627347378626,122.84475994405473,6.221373097583435e-7
183.6174015193701,194.1755892481876,229.15489499713388,71.61068521584878,122.84475994405268,2.5245626654325263e-6
424.8906472119747,277.6600507124217,360.9988974131243,26.77273214627338,122.84475994404914,6.676752666447299e-7
203.72740350329445,114.45737899780913,323.9117026251774,206.10699188303897,122.8447599440456,1.0208376323828248e-6
147.4043703006798,262.34615555958453,223.5253101994773,44.66295000659045,122.84475994404424,1.5608028689244198e-6
274.542065275742,222.49159767315655,193.3246713114692,26.242499054121414,122.84475994404004,2.38637910512407e-6
220.26528572540087,256.47882400681084,291.7735012276659,265.06582752995,122.84475994403648,6.311296317360947e-7
251.85170149715205,297.9023340237117,294.5351047246847,42.061989179815704,122.84475994403515,9.649614283689514e-7
284.8155242921819,412.0241268324736,209.82468780244008,26.9777061522285,122.84475994403091,1.4753713205929856e-6
111.29822399485542,65.82811936732111,224.70569284321977,140.92348034944027,122.84475994402956,2.2557591108149717e-6
245.48700678244757,224.25789934017524,216.88969747739188,38.70210119077458,122.84475994402247,5.965843456461105e-7
223.58750443174245,333.9719475498653,157.8192825513905,28.533623940980785,122.84475994402112,2.420871634245314e-6
347.167862317046,254.09411826712528,318.8681571674622,74.90308679943219,122.84475994401349,6.402519280029343e-7
112.80719201442554,291.07197759050194,373.16403340199366,28.0929605443263,122.84475994401215,9.789089022206228e-7
275.69923706720976,196.44788885265146,160.7122655804866,72.23590515197378,122.84475994400862,1.49669621743395e-6
261.689153436969,242.59274309949274,269.3399206145051,26.808673922298865,122.84475994400506,2.2883636691825972e-6
381.4667687193259,226.33738650477258,212.5921017403109,197.4399704878767,122.84475994400302,6.052073271628746e-7
245.66365016466582,219.75862962071196,231.74208308833073,44.30781733034333,122.84475994399662,2.4558627155717066e-6
219.80296863692868,201.7708077181786,93.97987883827099,26.313453717132425,122.84475994399459,6.495060771966458e-7
307.29766592577926,423.20869802681955,326.3787042917644,244.2566454657637,122.84475994399105,9.930579717227776e-7
195.82452304288262,149.77693276892262,93.72062387657012,44.16979118372327,122.84475994398751,1.5183293425961029e-6
287.48729480066424,300.5899188518972,148.05195701959806,26.357340573728646,122.84475994398343,2.3214394911799468e-6
192.00738204378132,234.2829097424305,362.98948235440844,232.71783121604366,122.8447599439814,6.139549445518019e-7
282.51626562067105,239.33063286447097,221.55319663100693,44.751630711374034,122.84475994397788,2.491359555136195e-6
103.49332094631653,204.85203517556008,212.2195082783191,26.231777948939452,122.84475994397431,6.588939851086896e-7
340.5059679275179,216.00053280654132,210.97863102844482,268.3612555197754,122.84475994397229,1.0074115507225194e-6
262.9472327087891,201.8383540172458,221.067669558908,41.59255869787648,122.84475994396874,1.5402751511864833e-6
253.5716586270887,199.08659357475113,290.76938048102454,27.160126164283355,122.8447599439652,2.3549933884131217e-6
294.70306321979695,99.65648659669787,191.3961781347935,126.74809319967994,122.84475994396318,6.228289992896321e-7
129.23653158464714,223.3717459751331,193.51973704548033,36.610517690224675,122.84475994395963,2.5273694631271384e-6
168.4857826289588,66.6194075715621,223.72006489164306,30.266705766482126,122.84475994395608,6.684175850766813e-7
108.18227827353282,344.5371982537772,221.96666629392774,52.758346954268575,122.84475994395406,1.0219725951834624e-6
246.85662613345355,395.55515437978016,256.6100050610726,25.6916736530635,122.84475994394006,1.5625381627058834e-6
66.13789934813276,385.93655540473765,266.09286012720946,362.84992432218337,122.84475994393654,2.3890322709426273e-6
36.55816043677709,414.5589213365589,273.61511133269556,166.7178388358643,122.84475994393448,6.318313188915037e-7
204.65564451151022,231.78625661574767,368.0633529609487,227.01617049973763,122.84475994393095,9.660342682511308e-7
235.57754766435707,227.67176879617085,337.34085485786477,256.6117078910397,122.8447599439274,1.477011631953857e-6
222.87199935972617,224.40485458454543,348.85732518513026,372.0516327701938,122.84475994392537,2.2582670538969696e-6
412.13065654961764,224.29213678695976,205.60793507231037,216.0753480186281,122.84475994392183,5.972476255040163e-7
397.75768155042675,368.52496308627207,204.33652901836697,77.04207252870384,122.84475994391978,2.4235631487064104e-6
268.63390379253724,235.66351999377926,291.150931870384,378.02940071431567,122.84475994391285,6.409637572873077e-7
250.38653839886763,360.25252401750106,215.94447169219347,205.7803299662687,122.84475994390931,9.799972488430344e-7
261.82043375471164,149.36955911894273,267.9583062689646,265.0287983219202,122.84475994390726,1.498360237721563e-6
318.10081164068936,218.16348234910262,123.00138027937125,123.84505243225364,122.84475994390372,2.2909078618695306e-6
88.44980898048885,220.88877477657033,383.0565455476713,33.169720775655335,122.84475994390019,6.058801940137963e-7
292.2433520864592,183.36948943668432,198.23853186152576,55.24763995490963,122.84475994389815,2.4585931329634946e-6
189.23578068640668,58.83521460311176,359.45780012925957,25.687622979383384,122.84475994389463,6.502281952034895e-7
329.0542570940154,281.4187569130723,222.7625655741305,189.27575810586706,122.84475994389108,9.941620492185815e-7
216.05587504613962,260.70202545231365,350.7897543866846,271.06468037025735,122.84475994388973,1.5200174144973548e-6
244.58142603984865,204.15610769088175,118.82571831786044,209.94551337925444,122.84475994388552,2.3240204574206544e-6
99.26035934056964,258.8368719962976,102.31325448299432,107.92651834705832,122.84475994388416,6.146375369653558e-7
225.23181807717498,221.13210123965396,376.5456639328317,28.34973996126919,122.84475994387707,2.4941294377584654e-6
287.981081164877,100.63161925009797,257.0064943171812,141.4444863744804,122.844759943873,6.596265405503599e-7
339.9311150255799,146.59417907401058,398.8147367569587,38.702096758667665,122.84475994387165,1.0085315864644781e-6
407.36535484727165,212.30929704160752,299.1602765755362,28.540461871563796,122.84475994386743,1.5419876223414369e-6
344.86416646425215,309.54208641560353,279.08137552282716,74.77924970808374,122.84475994386388,2.3576116597295534e-6
260.63165978101557,223.5799087083414,236.1971606077785,28.073838147312227,122.84475994386253,6.235214578383077e-7
415.8412496269324,230.25275453717305,237.02138877354767,72.63483337974671,122.84475994385899,2.5301793814071154e-6
64.08192423010587,145.2952585698594,372.4924005834373,26.848416863459928,122.84475994385696,6.691607288150095e-7
421.19006957874626,308.3334996286231,229.27457483045544,191.83669903237336,122.84475994385055,1.0231088198307637e-6
218.35201264022606,167.57266723843168,237.9858632071138,43.992307615374834,122.84475994384853,1.5642753857793613e-6
223.64696419647169,312.5466996228444,331.11181606688734,26.38172984748433,122.84475994384158,2.3916883865393037e-6
391.5889105230655,235.2754605122635,235.10764752707473,226.9751598160062,122.84475994383955,6.325337861796135e-7
409.9885790485143,337.6533497734452,98.86414092064665,44.911949177094506,122.84475994383314,9.67108300911984e-7
220.07905295736523,93.81942890128693,238.75904052081262,26.199769864350287,122.84475994383111,1.4786537670057018e-6
116.7834715266914,205.33473107202127,254.61710513644732,279.13939536186035,122.84475994382468,2.2607777852990808e-6
276.93834179564624,405.6729142270462,287.83908267859715,39.8295747850271,122.84475994382265,5.979116427935578e-7
161.492307465724,247.14258131781764,222.53217712611473,28.037428515137943,122.84475994381913,2.426257655581475e-6
98.8844291171027,228.7504532518815,244.5322702558961,87.1795046805954,122.8447599438171,6.416763779803562e-7
156.72773260212173,191.3257201591373,209.42227535619358,30.0803698995267,122.84475994381069,9.810868054844456e-7
68.25981954358785,219.79516816003135,218.80577250538258,48.33891122002712,122.84475994380865,1.5000261080596308e-6
225.4714812268727,234.9810871749442,306.23002060567677,26.18435359723002,122.84475994380172,2.293454883178731e-6
248.1029185624339,224.31248938612308,378.7009912972727,201.07134002741205,122.84475994379967,6.065538089551307e-7
301.0728556202434,348.67645901391546,395.8801268088957,381.79052251625035,122.84475994379613,2.461326586021359e-6
139.42332966212345,210.69847856752114,215.65314163073117,125.35883004116937,122.8447599437926,6.509511160579646e-7
159.49894033783588,221.76401934758871,201.7331210750627,42.40304248851711,122.84475994379058,9.952673542229007e-7
302.34590885959864,219.887172397162,398.0331148356114,53.76096992451728,122.84475994378704,1.521707363189539e-6
166.43685659689837,213.70782620268685,309.67494114675634,25.99808231202376,122.84475994378349,2.3266042931683034e-6
224.24279236986888,145.00039524950387,268.0025663224384,391.204762277316,122.84475994378145,6.153208882821603e-7
96.52259358021767,128.13254311628216,281.1561237891399,101.47588944204159,122.84475994377792,2.4969023999240826e-6
252.64335594235004,342.8179007577338,217.8629406216929,43.70179119888414,122.84475994377436,6.603599104439556e-7
273.20719773318467,109.04842384834714,289.83812897621925,42.310976510990464,122.8447599437703,1.0096528674572596e-6
24.526672443723225,243.03747909465292,357.8416048912124,31.09073166805266,122.84475994376895,1.5437019974143063e-6
104.96442698923457,126.97619268164874,140.71284750965256,48.44539905820209,122.84475994376473,2.360232842028546e-6
50.50301544050234,181.59961124393718,223.49196327289573,25.78044907134485,122.84475994376119,6.242146862593597e-7
40.53185581387443,400.4720690438504,144.01426535502523,321.7670040866088,122.84475994375983,2.532992423741908e-6
228.8683468120473,231.29357722862036,265.5996486938143,205.2824623295503,122.84475994374569,6.699046987772854e-7
297.5425781766424,367.16122734465216,358.3486532799879,213.42171505515148,122.84475994374365,1.024246307727642e-6
208.9705908067217,374.1846821098752,30.808952560004283,404.38849839462034,122.84475994374012,1.56601454028983e-6
163.6343958505817,47.505217986413896,211.66907914898374,241.98209128455582,122.84475994373875,2.3943474551936457e-6
156.70246453068853,57.973453832646435,215.51872769879307,225.0188700527913,122.84475994373113,6.332370344677715e-7
93.19575069609087,341.34965076977375,199.099574073987,200.1776440803576,122.8447599437276,9.68183527677636e-7
132.49893034382873,251.65299007665345,266.8426134163334,229.72072583339659,122.84475994372623,1.4802977277760907e-6
58.823091261902306,230.19480926669385,158.09278904383854,376.8359659697661,122.84475994372202,2.2632913081213466e-6
256.7310452901261,283.70817431756933,222.2321593624513,232.86656279989222,122.84475994371849,5.985763983346075e-7
105.82688517515729,249.07060275397802,130.09320752912842,44.7210640635473,122.84475994371712,2.428955158197458e-6
149.8909356111914,425.4587542787913,372.9998654298334,27.907010264660837,122.8447599437129,6.423897909619638e-7
60.45152408955172,322.741429789887,162.3902930453417,96.0843484971432,122.84475994370935,9.821775734901487e-7
21.659607637025566,265.73511652194117,222.20942308735516,31.57862212034682,122.84475994370801,1.5016938305050294e-6
287.7732004471766,206.13202582641358,263.30783680450855,40.577220751077064,122.84475994370041,2.2960047362550445e-6
257.71488254759515,225.2784914109974,328.9861162760465,28.60875372657935,122.84475994369905,6.072281728186005e-7
299.0826782994582,355.59418618229506,270.8737583093119,63.458825326917335,122.84475994369551,2.4640630781203354e-6
102.15906282631002,363.7413018537636,123.891635456704,26.031283049136974,122.84475994369346,6.516748406526723e-7
175.5176790481458,228.9126644883404,224.59305849571433,406.8538797629268,122.84475994368707,9.963738881004715e-7
104.12954358431024,201.36312424167681,352.37411652962146,359.5235816361185,122.84475994368503,1.5233991907592606e-6
179.68428364099262,184.04755544203348,298.63753607814044,344.5253749565917,122.84475994367861,2.329191001613194e-6
101.46842635139413,271.3342445819334,404.6535424195474,264.8206764238223,122.84475994367658,6.160049993459583e-7
236.25973389337776,140.10831277237378,306.79065185806434,267.4415457042752,122.84475994367303,2.4996784450568597e-6
111.05967987024106,57.83131268619811,201.8445131206094,292.67645892960445,122.8447599436695,6.610940956949791e-7
86.57420803234923,331.1399401972048,361.1768257887482,64.00646941952563,122.84475994366747,1.010775395085326e-6
279.6786873392798,230.5245129829388,222.6776873623756,48.01522554847816,122.84475994366055,1.5454182785218545e-6
100.42944100789664,267.1967520215958,348.31788121118313,26.755292113092388,122.84475994365701,2.36285693854651e-6
31.50106025341314,359.2837070217346,278.8846379667675,160.97011454163817,122.84475994365498,6.249086854087263e-7
73.1851373549725,221.60416523351583,227.1002459714136,96.30393501541539,122.84475994365143,9.55449954098046e-7
93.29963999571083,183.4309495217031,204.98165618027065,32.56883444047186,122.84475994364941,1.4608288156354857e-6
164.58543748279232,145.10743296260827,199.56360783382178,221.8118281010428,122.84475994364298,2.2335244451453372e-6
307.169226474005,288.8404762015499,214.96027011826843,425.31764236407895,122.84475994364095,5.907039068148621e-7
203.12021685862086,242.57466318901334,230.51191974575588,221.09973829583814,122.84475994363741,2.3970094801888474e-6
167.44854149574232,354.6252209019284,218.6996224997977,356.65781161134345,122.84475994363386,6.33941064624291e-7
156.18906249908883,69.41070348769989,122.33855259908611,237.21822001673422,122.84475994362978,9.692599498756898e-7
128.4106581862105,268.19395019813857,411.0977008562245,216.3961550752311,122.84475994362776,1.481943516294853e-6
293.8426118057083,206.1113138895575,201.85893963037094,44.64223972439743,122.84475994362423,2.2658076254672615e-6
113.43835573751814,306.76281981710287,266.8015579618445,26.24968056341501,122.84475994362067,5.992418929479525e-7
33.74460077359349,233.10070533436394,227.27627423167996,262.6800036246028,122.84475994361864,2.4316556598850195e-6
117.03960771651259,46.582702716910546,165.92428963219552,42.37126033672991,122.8447599436151,6.431039971129958e-7
84.83136198627771,237.03099840480743,286.37968202232344,26.8677545473028,122.84475994361156,9.832695542069374e-7
54.57888751597857,138.6400743732882,114.68841894018436,151.28664172921785,122.84475994360953,1.5033634071169297e-6
100.91709933860209,185.35984810591205,172.66272376003053,40.09340050945951,122.844759943606,2.2985574242468263e-6
102.83051775828052,277.0713427591591,401.5390955617608,27.731067767203587,122.84475994360464,6.079032864368561e-7
112.68064764747855,101.79198849268838,291.4558661478191,97.26211291925853,122.84475994359755,2.466802612639227e-6
54.281773937259736,141.10082775897234,164.06405838187607,31.78266758074072,122.8447599435962,6.523993698812111e-7
280.7041018862532,209.83754673367133,155.08550448895315,39.79417444591102,122.84475994358858,9.974816522175559e-7
197.99047283192115,120.09535988046707,389.5375300526196,29.09758535748549,122.84475994358723,1.5250928992954563e-6
101.38264894986295,103.23819172322037,270.6155655823405,57.10677203511241,122.8447599435837,2.3317805859491928e-6
181.2300648767832,185.49385829140803,225.54864578381418,25.760728144777733,122.84475994358166,6.166898710014379e-7
73.98941393960595,99.96558967563969,223.56562690265432,215.59757201821537,122.84475994357524,2.502457576584446e-6
117.85503753406924,90.31599942814209,197.52722799168205,282.68183447423104,122.84475994357322,6.618290972099461e-7
79.10558435309161,296.2318312447837,346.02080019041193,101.00343999627027,122.84475994355853,1.0118991707346877e-6
160.1211196656044,144.11511187145618,373.63000544682006,63.26991610240013,122.84475994355502,1.5471364677832135e-6
152.35261197510067,174.1699368032798,251.63251950370312,53.77919951313477,122.84475994355364,2.3654839525234772e-6
109.52233159547936,95.19870553998217,218.092979017575,26.18233387780001,122.84475994354943,6.256034561433045e-7
64.29196831005505,100.00633121481269,143.92404862111,224.56435370497198,122.84475994354588,9.565122191648646e-7
104.20193139812041,243.94958404221742,236.99601422610587,267.5542002319494,122.84475994354453,1.4624529587031532e-6
220.9118861339376,99.1912214107701,146.62138247293487,378.82752740638165,122.84475994354098,2.2360076678236017e-6
102.24653488385636,231.688872635795,211.89302164113616,216.39903789984325,122.84475994353895,5.913606488266766e-7
100.76682483440844,85.38360440936817,228.8917006106247,293.083551602891,122.84475994353254,2.3996744648117623e-6
170.47755744054572,273.95189538531827,218.84448173743434,46.06162699272975,122.8447599435305,6.346458775184497e-7
287.9452735545169,303.7379853544675,387.83610665318344,41.09607412590756,122.84475994352408,9.7033756883522e-7
100.01273742391899,101.21322596216173,168.5975513684163,28.698910553483785,122.84475994352208,1.483591134594069e-6
251.77183113425522,151.9294520250145,298.6609569430334,63.16987439427572,122.84475994351511,2.2683267404437593e-6
160.59606402576108,281.9412643039581,228.59711662507968,26.08778844173677,122.8447599435131,5.999081274552875e-7
125.28695054301443,259.8174444603026,350.3229010239119,409.2212768298467,122.8447599435067,2.4343591639785036e-6
104.67661201352142,266.7472859897554,211.69295437971266,209.68374354421255,122.84475994350466,6.438189973152913e-7
239.85106898660914,104.45275044523682,138.77909414608203,41.678017885742015,122.84475994350112,9.843627489830936e-7
227.8251159003914,93.85214183847553,223.40728409393742,27.278394341261905,122.84475994349758,1.5050348399567782e-6
60.62341602915603,200.52358145585117,268.071255687089,119.6395663664235,122.84475994349555,2.3011129503059124e-6
112.17579922453835,101.65171362089517,334.4070184224858,35.49241681168522,122.8447599434886,6.085791506434696e-7
120.80742143443909,266.2447980004293,251.13148033043157,31.570812804895677,122.84475994348658,2.4695451929605733e-6
133.8471628174712,271.1846255445605,218.3822963961663,44.6701152797747,122.84475994348304,6.531247046381665e-7
195.44329505307869,143.38568387469238,292.5402949985254,26.24049349783374,122.8447599434795,9.985906479419238e-7
171.83058394994868,210.5360352668411,357.0343763509862,265.8002560117097,122.84475994347747,1.5267884908893692e-6
91.11150279964822,126.34817267495119,146.54665574092343,41.96355540318627,122.84475994347392,2.3343730493736898e-6
131.23762783492347,152.64351119477482,371.52555974186004,27.0142484664367,122.84475994347038,6.173755040942177e-7
117.06512385085746,107.90636616024456,376.3891035911407,137.81029763700388,122.84475994346835,2.5052397979382648e-6
103.09271260292434,280.2949247158139,61.07152175263499,38.26012582762041,122.84475994346481,6.625649158963706e-7
295.80888273215385,115.92018345621574,135.60249798414114,28.83965546235956,122.84475994346127,1.0130241957928833e-6
222.98301009593985,94.03851193931733,300.10406342687435,69.2641741369941,122.8447599434599,1.5488565673198504e-6
198.1224846003057,266.74476057735023,265.8306378390745,27.26209362581593,122.8447599434557,2.368113887203052e-6
133.51033364546862,204.33054806716055,394.1889812559834,97.00748549904284,122.84475994345215,6.262989993209354e-7
94.95839841270141,101.10570579127702,210.74219229143003,29.927976132602847,122.84475994344807,9.575756652533216e-7
81.13683821043978,136.63023125103663,179.38604745584294,73.81518673514317,122.84475994344604,1.4640789074859542e-6
237.25185035741245,194.75510441317314,243.08104770854763,27.906477939239114,122.8447599434425,2.238493651337941e-6
85.7511800780446,169.02033660869074,132.8753550134608,76.84043485100224,122.84475994343896,5.920181210013777e-7
98.69693441135851,158.45112483216218,278.19736315178034,27.33051427372949,122.84475994343761,2.4023424123528866e-6
99.66075423783062,111.84437119349188,214.26652473119393,146.38884060588566,122.84475994343407,6.353514740204912e-7
33.452815682489046,136.57655091290468,228.14085048871647,39.41729744810155,122.84475994342985,9.714163858867808e-7
135.43999998856955,91.07980145735625,209.455392126607,28.095333659877117,122.84475994342847,1.48524058470808e-6
91.35019007888992,159.5304179405025,251.4111781434878,85.37379327858723,122.84475994342493,2.2708486561612342e-6
140.71281573710027,101.5032783110025,359.3179121323458,29.779000050051064,122.84475994342291,6.005751026792251e-7
155.09221664234832,157.11702524174686,304.9046977534882,50.55659992573567,122.84475994341598,2.4370656738159784e-6
221.76305007260808,100.21868685778891,345.35280784654674,25.944855565852997,122.84475994341174,6.44534792451675e-7
173.50127678665547,99.59539273778582,206.83735940217855,235.06829010798472,122.84475994341041,9.854571591684057e-7
55.249337411519164,148.6148106200883,371.1705927617047,121.90124899393221,122.84475994340686,1.5067081310883246e-6
174.66919437028199,193.727069524986,225.20101133146142,145.0025559708938,122.84475994340332,2.303671317587659e-6
207.3960287925515,176.32775545007368,386.90538668858744,117.69954979177541,122.84475994340129,6.092557662729423e-7
144.89729204039674,175.43566452338095,234.38170576706452,46.25973501029859,122.84475994339488,2.472290822470687e-6
157.4293941794817,267.62705436390155,285.5970261557901,34.53610900829964,122.84475994339286,6.538508458191219e-7
185.59087682456865,152.88504495648692,142.96528355191515,69.50617703722263,122.84475994338932,9.997008766428723e-7
63.89754683366683,57.78538350258728,245.01198035517194,26.244773884446243,122.84475994338577,1.5284859676345768e-6
182.07177448399713,156.30910220932964,425.8901746496719,265.7624930313392,122.84475994338374,2.336968395087649e-6
265.3250568494816,86.44886928357937,224.41877751801687,41.98054795402161,122.84475994337679,6.180618994708626e-7
180.7718191089825,223.60905208797004,199.20248571402155,27.007227178366175,122.84475994337477,2.5080251125535796e-6
100.1645896238316,262.00371976494176,198.97640376780743,138.39399319698438,122.84475994337123,6.633015526627834e-7
421.7532301323021,307.94913235409103,149.20335429384397,38.343798737307246,122.84475994336485,1.0141504716490042e-6
249.32651163957408,65.71733017575181,196.3787117554997,28.779573273065296,122.84475994336282,1.5505785792556082e-6
230.6195364708495,97.92015784992749,227.48383339335945,70.28596225181765,122.84475994335641,2.3707467458324687e-6
305.6612693994522,37.305872763041634,227.79597024524054,27.40660416626661,122.84475994335436,6.269953158004206e-7
203.00119298430178,86.60540817588762,169.48542829454763,91.27954103850473,122.84475994334744,9.586402936764752e-7
274.61340232031085,306.13477090599173,164.6746007060412,29.08974349919976,122.8447599433454,1.4657066639914802e-6
322.1564409020236,75.70633253618867,230.35973488510118,84.06474108233624,122.84475994333897,2.240982398757846e-6
239.16153008874912,206.63672903725097,216.79744819359507,29.542668482242952,122.84475994333695,5.926763241507584e-7
145.0545333140952,225.27392128113382,86.54937052521235,52.65655455016007,122.84475994333341,2.4050133261063824e-6
392.2367813583369,55.800722497664864,208.39884970459838,25.824533561880138,122.84475994332986,6.360578550016286e-7
299.140452958908,134.5877569584607,85.77848628182963,246.45499530581426,122.84475994332784,9.724964023624072e-7
410.6439564314495,210.86958961603173,277.8231551074868,222.91682225053597,122.84475994332429,1.4868918686734927e-6
83.94157583098387,227.8448576800972,298.76055071800965,29.478561068932066,122.84475994332226,2.273373375733542e-6
408.97965165398347,223.31618818110488,237.66300885323156,63.95139497954895,122.84475994331586,6.012428194432908e-7
226.74504389370978,125.28604166325746,413.94855185776987,26.57028084332422,122.84475994331383,2.4397751927392185e-6
207.17435923568144,103.85679906835675,234.0858410275653,142.83714491006168,122.8447599433069,6.452513834059515e-7
291.71657638684854,239.85523897741953,336.53497359138026,51.32917739579813,122.84475994330487,9.86552786114161e-7
377.5999653233011,208.61114206357146,371.8829630830415,48.03421337451405,122.84475994330133,1.5083832825776112e-6
111.4364410381101,86.64885022112831,170.19715415434666,26.295580856196676,122.84475994329777,2.306232529250927e-6
269.96605059761964,106.30965670291572,116.01535468001043,287.5802499953842,122.84475994329642,6.099331341607041e-7
425.0287866799055,228.83594282141823,226.73677081521345,38.28523780761147,122.8447599432922,2.475039504559646e-6
223.59211202878762,159.22197951081006,224.6712493996093,29.106400336504667,122.84475994328865,6.545777943206566e-7
187.27680900287652,99.61358543574723,232.1114726789775,65.27447842360748,122.8447599432873,1.0008123396912191e-6
252.44876254059636,86.3053568015526,247.8551557583813,26.732532287196765,122.8447599432831,1.5301853316269819e-6
279.7696423338387,110.43736620349488,230.59111073310993,127.88483663429747,122.84475994327954,2.3395666262955847e-6
208.7457442327868,91.81749512389996,370.3335476135208,38.66576519419897,122.84475994327548,6.187490579788753e-7
128.69449624242677,275.19657940431546,348.37261838357506,53.323592646449,122.84475994327413,2.510813523869463e-6
226.2401605250069,235.5226405233669,421.37206047616274,25.745160332003934,122.84475994327059,6.640390084187203e-7
100.88751841456516,96.04140380902449,64.18582496204817,220.79931669819675,122.84475994326638,1.0152779996936789e-6
222.8253432282702,101.04547275974373,218.3347732984977,181.13609247524772,122.84475994326502,1.5523025057166784e-6
280.8595517888835,80.22294467785277,232.49776207687157,363.9615128285029,122.84475994326148,2.373382531662555e-6
197.4036933752166,149.46006688725143,289.0503008295245,185.22773638417232,122.84475994325723,6.276924064415118e-7
165.1664129938157,131.44067052751208,233.57608760170476,356.09974251351986,122.84475994325588,9.59706105748838e-7
222.026075172595,233.33338827377193,216.58909993122845,218.53316507206728,122.84475994325234,1.4673362302295455e-6
251.98463887409832,100.25576190608544,181.20251123614912,198.30592726846007,122.8447599432488,2.243473913156211e-6
425.79315294281196,146.80434677023717,209.31787528083768,206.11351397680204,122.84475994324677,5.93335259087512e-7
173.0859815348359,116.38175120496386,211.14321015898736,289.0470627431819,122.84475994324036,2.407687209370068e-6
42.57943126757427,110.15424402671252,165.66198487593832,218.69481287709596,122.84475994323832,6.367650213340407e-7
299.77589332542874,282.7554985584363,223.012723578829,239.79473397130346,122.8447599432314,9.73577619595611e-7
209.68929950442742,196.7555035061054,227.25180271725398,44.90837504591572,122.84475994322936,1.4885449885291707e-6
220.41138090753782,238.68015261658078,187.65685439806637,26.197137561694326,122.84475994322582,2.2759009022779888e-6
225.69806269206265,239.38194173472493,161.86568270914475,280.1503832635804,122.8447599432223,6.019112785719242e-7
279.5614482294391,97.48679257684904,419.35453704799954,39.64831129687449,122.84475994322025,2.4424877240937054e-6
220.25510765462644,170.2639310760883,366.31384073056176,28.147730379596123,122.84475994321672,6.45968771062906e-7
169.506070952112,128.88199436072247,97.25635638923865,84.08232356414179,122.84475994321318,9.876496311731467e-7
236.11639725866658,278.2787993261347,188.13004234111187,29.56515890489803,122.84475994321112,1.5100602964929727e-6
162.53086893031983,42.32111651197134,282.0642824759477,52.34237900089688,122.84475994320421,2.3087965884580828e-6
97.16615596237914,110.0261390610759,350.0035050536353,25.833032853487335,122.84475994320216,6.106112551431109e-7
387.1116586090504,164.54014308059521,143.4277284419058,223.76824052771852,122.84475994319577,2.4777912426212894e-6
63.916336084535615,153.88852756111316,226.93334771497754,221.1856191761991,122.84475994319374,6.553055510403454e-7
287.5936867054006,99.88100354709874,403.23696493584555,149.5962338008176,122.84475994319018,1.0019250384593064e-6
206.24053515425229,100.53258561880989,358.5586797351113,104.09200598848349,122.84475994318815,1.5318865849648175e-6
189.90178603008707,168.06642496206644,413.14774254694004,35.5007336697648,122.8447599431747,2.342167746205578e-6
364.06295858112077,118.91276366150086,229.3749451136785,75.4004735308224,122.84475994317265,6.194369804667027e-7
240.46915979665744,304.32044078205837,342.7179892470835,27.87124805636492,122.84475994316571,2.513605035328815e-6
309.3277344311898,259.4260666402776,145.18461488527524,78.6904716581897,122.84475994316219,6.64777284074732e-7
397.9326164517703,106.52411419761145,87.44688692899524,27.386547490740355,122.84475994316014,1.0164067813190884e-6
273.0557863038439,92.63588584226646,394.1114963642884,134.73108139317233,122.84475994315659,1.5540283488316267e-6
351.0710631022707,81.88608129048136,382.74343195035595,37.789167300586406,122.84475994315457,2.3760212479477662e-6
280.4142253951569,119.67224213599027,188.189066995689,29.201300723712706,122.84475994314815,6.283902721049202e-7
217.04829032382193,96.46363058263837,194.25311108626096,63.83778164747476,122.84475994314613,9.607731027863875e-7
172.74725024126687,131.90819655769127,222.0154963688883,26.556465240722417,122.84475994314258,1.468967608212207e-6
360.3417241763018,107.7531543818307,238.58378785491493,143.55552200457336,122.84475994313902,2.2459681976093563e-6
73.81466609972729,98.0381519127415,220.96531688623278,51.80640410124137,122.84475994313497,5.939949266252383e-7
211.74243273075018,185.32945915826863,121.25686355903196,48.17264832275938,122.84475994313293,2.4103640654454396e-6
147.44051229561146,187.36358885593148,336.1747818933794,26.285209764330315,122.84475994312939,6.374729738908796e-7
206.6356823379727,100.00353890879695,220.82879533646798,292.3108382068458,122.84475994312587,9.74660038921393e-7
221.33641701717332,122.75008889418541,225.70677224934667,37.275888780587934,122.8447599431245,1.4901999463162535e-6
262.2158570923785,205.64080351611213,217.877892328412,30.055325814881154,122.84475994312028,2.2784312389153623e-6
224.4944897987779,89.44618832482898,413.3490847683259,54.63787465486992,122.84475994311674,6.025804808904852e-7
375.4442333877239,156.1419932661573,168.74436323857583,25.75461540640525,122.84475994311539,2.4452032712286553e-6
229.06594115436135,235.34280424157154,232.84010598983258,243.12895509463735,122.84475994311116,6.466869563083107e-7
201.8119902320774,221.48690529001482,72.91816948968838,222.89114506072087,122.8447599431098,9.887476956996578e-7
275.5610515724797,180.23327064189337,190.35087940388252,156.27615308641165,122.84475994310272,1.5117391749050486e-6
168.63689754728637,101.67785496379491,58.87639365976843,66.53464464428006,122.84475994310137,2.3113634983750166e-6
310.49560677095286,223.38402152468296,237.40999027940106,55.8351576411939,122.84475994309376,6.112901300574507e-7
226.06015992312194,110.36256772777227,100.61554989170928,58.267850830206775,122.8447599430924,2.480546040053237e-6
393.67938440328123,124.90970655166949,62.3272902573453,26.0253300115317,122.84475994308887,6.560341168767624e-7
278.7085151958252,114.71454696008252,244.3794911193243,247.3950231261739,122.84475994308531,1.0030389743210023e-6
271.3628539691098,184.27570827020665,290.6844442596165,283.8021904892343,122.84475994308329,1.5335897297486498e-6
209.63138187722913,280.66743210801707,25.109644374150978,222.72910869081122,122.84475994307688,2.3447717580292745e-6
292.213841002939,152.66372768801193,235.83323720213448,207.10918998086217,122.84475994307485,6.201256677837333e-7
200.67979155293895,209.97624096770147,161.98252196520622,224.31973747901665,122.84475994307131,2.5163996503783564e-6
258.16856461922634,103.46161019997147,136.47917539831255,207.95475038595285,122.84475994306777,6.655163805423778e-7
249.51668875765327,102.87108268733144,170.78165178828763,185.50660057764273,122.84475994306369,1.0175368179189546e-6
280.1349108781623,106.98174081277006,176.11633098113603,56.95334306423486,122.84475994306166,1.5557561107313757e-6
198.14519131109822,72.56035706373267,89.89077629287142,26.782809329573404,122.84475994305812,2.378662897946162e-6
123.26657628931379,90.87613400636508,116.17923763341942,235.81609519103287,122.84475994305458,6.290889136523102e-7
156.36119056890468,187.9865381533146,135.4645651066549,44.48950075082266,122.84475994305254,9.618412861065604e-7
152.69260303179126,144.9820882622335,36.76253352676009,26.285391096249363,122.84475994304898,1.4706007999537493e-6
154.06286321711568,295.35377882286735,224.20962061430382,251.94272200043957,122.84475994304545,2.2484652551970093e-6
165.91939394125987,283.98844754045325,187.82205947509576,43.54563600073786,122.84475994304343,5.946553275784378e-7
235.56018035636998,127.69762477863796,279.41214833558826,26.511742855249917,122.84475994303989,2.4130438976376463e-6
188.8903980106502,299.28933149359733,137.89423700646455,199.878785375229,122.84475994303635,6.381817135462635e-7
148.8986129807304,131.62612795771474,200.11775119871027,44.49350698953255,122.8447599430343,9.757436616762297e-7
378.16974241017743,96.72944873713986,123.70237696810521,26.275797850757716,122.84475994303077,1.4918567440781397e-6
268.29517912464416,204.26486177988036,110.12984825869295,254.88025724036018,122.84475994302723,2.2809643887699024e-6
231.7920494366749,76.98670038314401,182.67421061234964,43.267568351043074,122.84475994302316,6.032504272252458e-7
111.65235952256506,215.911825553454,156.31567149507038,26.587742618218737,122.84475994302113,2.4479218374969875e-6
185.170198388457,139.90918197025553,194.51313577950503,186.93251502931733,122.84475994301758,6.474059400289186e-7
311.3677542724382,264.94287060404196,197.15177556652458,43.722984284818665,122.84475994301404,9.898469810494888e-7
211.81013435926897,256.92860249724123,88.90303120179439,26.444114544943023,122.84475994301269,1.5134199198867731e-6
229.93079714532544,250.54669005479812,113.70897342412253,213.11574884695986,122.84475994300847,2.3139332621711283e-6
195.4427462756949,62.02811767947675,242.43689270187483,44.92074897215947,122.8447599430071,6.119697597419408e-7
216.74728191264228,29.27982519406856,205.99592131069204,26.195263857058734,122.84475994300003,2.4833039002568803e-6
193.3634383309751,205.35788621258874,287.618900075745,280.7883623239826,122.84475994299868,6.567634927294793e-7
177.6470318212497,93.59501462493458,169.61688287104994,39.52964968195221,122.84475994299105,1.004154148651701e-6
170.34920016801607,116.77973412642402,186.71512109134187,28.222951527256328,122.8447599429897,1.5352947680813793e-6
291.3791477375195,224.25650756715214,114.97864850261351,82.11751383108789,122.84475994297556,2.3473786649818898e-6
213.39494606224588,81.25447478352282,25.43317363070369,29.241986322343223,122.84475994297354,6.208151207803006e-7
207.3862552820295,45.76599535013873,141.85695105622892,55.40832336663454,122.84475994296997,2.519197372468646e-6
209.19942242812033,166.6163041951994,137.3459136959806,25.76501723133154,122.84475994296643,6.662562987342331e-7
388.05131772608524,52.047322276231995,99.95779840139966,227.49569086980935,122.84475994296508,1.0186681108885541e-6
204.26767906581296,107.39805323534956,139.9266093557868,84.60298014778547,122.84475994296155,1.557485793549224e-6
276.1838895739153,24.1836345590211,299.619087174163,31.91576654887055,122.84475994295732,2.3813074849194356e-6
224.58900013903988,144.5081744845112,212.0638810759166,214.6536707067894,122.84475994295326,6.297883319463078e-7
72.40680901814476,294.83437038378605,50.829264157247174,172.88010930353772,122.8447599429519,9.629106570282627e-7
186.75071852675697,187.77907333060452,101.09047070179307,147.87400342171364,122.84475994294768,1.4722358074707045e-6
199.1238999307513,97.1733419779546,121.17919096367258,75.36666795410001,122.84475994294412,2.2509650890023323e-6
163.27652605904356,265.74017076414515,124.48375916382211,47.98774379437492,122.84475994294279,5.953164627625194e-7
221.18693721885106,266.35647733610006,106.1583528313736,53.73001812013347,122.84475994293925,2.4157267092555268e-6
257.3178870217674,182.71705456349693,270.9294739158842,25.793277366347258,122.8447599429372,6.388912411752877e-7
223.88317449718392,249.97277296437318,168.37676159949004,217.7507267717575,122.84475994293079,9.768284891980924e-7
416.41118878098894,129.99669323304352,151.9641343450928,425.7525878943392,122.84475994292877,1.4935153838605107e-6
196.82286531423807,111.46068269705872,354.76547739024124,402.5681503796256,122.84475994292185,2.2835003549693403e-6
33.510960463354515,240.11920506557905,181.23406238804404,179.12863719308123,122.84475994291981,6.039211184034036e-7
302.0365426689537,87.71561792761109,314.712865705352,242.95148329584703,122.8447599429134,2.4506434262553754e-6
119.09027364661569,202.49257209172384,252.95302005092765,226.52978690123808,122.84475994291135,6.481257231124739e-7
225.5019911398264,37.059697405271905,239.0427082578308,182.2084271780333,122.84475994290496,9.90947488579951e-7
42.157941864761284,290.3500112234662,65.43860806167464,362.4490648148485,122.84475994290293,1.5151025335133971e-6
284.16817331943076,206.10833493026487,190.69169861270174,31.210254009411653,122.84475994289937,2.316505883019359e-6
356.54827626164234,106.98270746647297,78.80752521688463,92.50407918201515,122.84475994289734,6.126501450357333e-7
298.54889222749216,28.45459573199019,219.0398171940648,30.84994368412598,122.84475994289095,2.4860648266374e-6
160.41669883786906,207.14217264982017,237.82108175032926,43.85439015728457,122.8447599428889,6.574936794990688e-7
326.8990576473082,92.33231867499937,325.9066804495056,27.16635990471576,122.84475994288198,1.0052705628283276e-6
333.02898219550127,282.50969677262106,210.87159637505547,102.19814121227226,122.84475994287995,1.5370017020682458e-6
220.34980418747432,247.50686962238038,337.54020610725075,30.519879224950188,122.84475994287641,2.349988470282217e-6
354.61151684314643,99.70381754953789,217.22246471415735,68.138785254412,122.84475994287286,6.215053403076852e-7
201.60136438244132,101.58754623120149,201.66679620053503,27.08739352962266,122.84475994287082,2.5219982050540842e-6
323.5273676915887,102.23532690888575,261.0297018835876,106.23581549167423,122.84475994286728,6.669970395638887e-7
188.6266448198605,98.7234653366225,219.3790387400467,31.716599051480255,122.84475994286375,1.0198006616247153e-6
366.6386724183043,212.69511255607853,173.11781930736782,63.29466428405507,122.84475994286171,1.5592173994208415e-6
221.07793646286555,21.88412529586057,256.6267595955188,26.470974643702867,122.84475994285816,2.3839550121329044e-6
105.46602820323622,50.5649126596764,199.50583352150903,156.0026717598068,122.84475994285462,6.304885278504955e-7
366.36419053769464,19.621695036913692,423.19651470190104,75.66474790663533,122.84475994285054,9.639812168718633e-7
233.76942930304207,215.87479313763126,388.2652590693556,38.02545198731719,122.8447599428492,1.4738726327818434e-6
56.86677725748993,109.92395494132278,186.16331646802928,38.24055640331981,122.84475994284499,2.253467702111912e-6
299.84575682555305,18.434755024127085,413.01771468055676,30.490693546064364,122.84475994284143,5.959783329937982e-7
403.26863406242427,99.06756405287412,229.7860319052149,46.555692036587445,122.84475994284008,2.418412503611593e-6
244.5502793635539,279.84266827302844,310.18270539194384,26.468452285013196,122.84475994283588,6.396015576540162e-7
208.16347350819146,125.02465973550271,258.12633878746044,154.99974416403285,122.84475994283233,9.779145228264335e-7
171.9228900860066,82.38305571546756,315.44731493960165,69.14653269393798,122.84475994283096,1.4951758677113132e-6
203.50712751498762,108.53876915434738,146.5878257343926,42.444567809235885,122.84475994282742,2.2860391406448702e-6
195.88885808444516,147.92048760704319,298.1807832365899,29.798991070396696,122.8447599428254,6.045925552530697e-7
159.30696265764715,236.12730008147,50.84449909944192,58.56302074505161,122.84475994281898,2.453368040864201e-6
160.8391213062686,102.22226557381371,239.80963099230476,26.00805310330441,122.84475994281695,6.488463064477028e-7
221.33529781819223,224.68364507271727,203.886613146074,224.64735340555694,122.84475994281001,9.920492196498559e-7
255.66884674486664,35.04796391747229,229.45014218867723,250.41381899568313,122.844759942808,1.5167870178624674e-6
35.160102937301936,118.67401241463563,407.0896851956977,381.94325212406636,122.84475994280159,2.3190813640961587e-6
225.66320978607993,115.85247431136236,319.98103915833025,166.50588405507474,122.84475994279956,6.133312867789101e-7
365.451273625988,68.65925773617235,296.2411712356839,131.94066776712268,122.84475994279599,2.488828822603756e-6
324.14092010545335,106.07380302453466,228.63615062042464,223.5133851875938,122.84475994279246,6.582246780871063e-7
410.3276580948565,257.6635804775582,348.1197643370268,401.75380996747623,122.84475994278895,1.006388218229339e-6
163.53155981401005,177.0431023932707,417.1069179927092,235.9633234535433,122.84475994278472,1.5387105338168324e-6
178.17631566300176,86.63658656971467,410.62700708023397,224.12986149182962,122.84475994278067,2.35260117715263e-6
239.5104843953285,102.72753355557624,155.20952359916276,44.01423980252774,122.8447599427793,6.221963272181127e-7
377.0636276576634,16.993644530417797,275.6182574454234,26.382760831918624,122.84475994277577,2.5248021515929042e-6
394.30245695849544,198.73916287756123,298.48712190225024,226.54093301731308,122.84475994277372,6.67738603945949e-7
160.17198257673112,168.41556052352328,282.6871553303011,44.915046360201885,122.84475994276731,1.0209344715258157e-6
190.67670227936134,85.4102653198885,157.47786433556004,26.199072037229744,122.84475994276528,1.5609509304842702e-6
130.837605533334,115.0699729685111,362.8863549786866,279.3844981678452,122.84475994275887,2.3866054828555142e-6
323.184402129779,101.75420153502738,278.1772599138575,39.78521506660782,122.84475994275684,6.31189502229418e-7
238.1446130978779,279.8949387203172,402.2246406599514,28.06416807601113,122.84475994275329,9.650529669592019e-7
316.87425678909415,263.77100231635967,313.4361544903645,86.40392941007947,122.84475994274976,1.4755112779081826e-6
397.3248203705267,114.63276937836557,418.9353276941123,29.950798116273575,122.84475994274773,2.2559730976157686e-6
160.7727427303892,243.9319277745363,251.22189918578326,49.25914954941936,122.8447599427408,5.966409390894964e-7
215.86946894626723,83.50589728537899,117.08999398643056,26.069985837345456,122.84475994273878,2.4211012840220428e-6
203.796356836553,103.77252754706132,121.87836626698358,222.2326443632708,122.84475994273235,6.403126638594899e-7
230.23693258938937,174.67164662032872,405.3013317931444,74.94767772027399,122.84475994273033,9.790017639021983e-7
106.62672678759239,150.8628793488594,62.481924372364396,70.33044650697926,122.8447599427268,1.4968381976807769e-6
268.4019294323508,287.58745017285776,416.0974060161043,32.12663849068914,122.84475994272323,2.2885807489311764e-6
378.13283207472983,164.17893502432005,307.5124363052245,98.0150977080882,122.84475994272121,6.052647386032802e-7
381.71587717920016,206.10034686614895,246.38515296107505,33.685026333405396,122.84475994271766,2.4560956846875965e-6
218.542787571771,232.7767477377263,137.78961268608998,62.92731658675937,122.84475994271564,6.495676909243227e-7
209.7342592837301,50.90905417776534,344.7158480737708,26.409400900830295,122.8447599427087,9.931521756195313e-7
257.8029104149266,175.02234496965323,276.127625288602,165.5818812908372,122.84475994270515,1.518473375013848e-6
230.3028885556855,224.6458425021209,224.28757319921718,106.1483685584139,122.84475994270312,2.3216597085815225e-6
258.2855557636719,238.34392260653416,40.76223364691815,32.77305808325841,122.84475994269958,6.140131858124884e-7
251.88381854404977,95.98376452333743,189.61438476235296,365.51706122035813,122.84475994269603,2.4915958915687005e-6
97.9575383570769,34.82634233344796,269.157940090039,33.865709293253545,122.8447599426947,6.589564893961658e-7
143.58500200206316,172.26774561741058,361.8250909900198,37.343485094530244,122.84475994269047,1.0075071162347205e-6
363.10029431241463,176.47263346294193,357.8728617650014,29.590406786521243,122.84475994268693,1.5404212654370576e-6
387.05786534472384,138.36419047738036,184.1553622336959,59.10629395097073,122.84475994268557,2.3552167888190756e-6
226.92370474146853,67.47784539536407,208.92653350870697,26.060579544771517,122.84475994268135,6.228880823647544e-7
231.85480664445677,41.41538249378443,206.62002146393274,215.86326322611228,122.8447599426778,2.527609215547179e-6
351.580888743126,304.244751065786,131.74208259971536,342.8258368881995,122.84475994267645,6.684809927960344e-7
107.61018174325417,282.1091019648322,203.70407226763373,196.72989213446476,122.84475994266883,1.022069541991788e-6
266.28061671794194,117.9641033366695,221.79311501521795,418.3495636718744,122.84475994266748,1.5626863888799265e-6
29.350054341196778,11.456221919262962,221.00868949654497,138.0690960928799,122.84475994266394,2.3892589003598405e-6
118.37306369512639,65.97641586015632,361.02695931005746,176.82161672864265,122.84475994266191,6.318912559485785e-7
209.32532109781104,224.85215290451163,137.461332538679,403.90934995568745,122.84475994265551,9.66125908613584e-7
117.15734914497652,174.19962019317626,99.52387656816113,368.22101903045206,122.84475994265347,1.4771517448729823e-6
129.20031719165843,102.92662756972189,349.7599558978228,44.18636183602415,122.84475994264706,2.2584812786073515e-6
229.1799432186741,100.06747494218885,64.87998280934659,28.09011461997058,122.84475994264504,5.973042818677442e-7
187.0373600587435,290.58810278452603,409.43226644652,83.42376051135547,122.84475994263809,2.423793053806753e-6
211.28618795798351,71.63944655061381,226.07761213527218,28.44358825257774,122.84475994263606,6.410245606697216e-7
87.1627363544446,293.6174380914275,237.77777954662528,105.08244836934853,122.84475994262966,9.800902137678192e-7
104.51589076632555,230.49082817447538,266.20397827575255,33.07351475566529,122.84475994262762,1.498502375821404e-6
239.14281283461804,100.10541838026178,418.00926347504986,35.97200891609391,122.84475994262408,2.29112518296642e-6
164.78937371830602,67.11618773665748,48.80694314564801,32.908641133289,122.84475994262054,6.059376692839888e-7
210.94798400681577,136.1577723811096,191.2202501520056,36.377203783771556,122.8447599426185,2.4588263610934225e-6
263.63483828095104,163.72819078123285,223.27902280055048,32.350746328639204,122.84475994261496,6.502898774330377e-7
143.91608106597997,212.51627132979624,220.8528507454586,37.925544902014266,122.84475994261142,9.94256357850813e-7
180.21370433393324,140.31786161241408,290.70062570203913,30.602421587344757,122.8447599426094,1.5201616070497073e-6
247.12427966174852,251.9714112491568,410.4337906236584,45.142955199756635,122.8447599425954,2.324240919658968e-6
287.37653355873954,96.32159091110519,315.774502874776,26.794001415840246,122.84475994259337,6.146958429784196e-7
162.15617793894654,193.7993635537429,343.9522409020321,124.86416903140145,122.84475994258695,2.4943660369487767e-6
405.9249710139671,101.87910566832241,372.70515718569334,36.30824230996708,122.84475994258491,6.596891143298274e-7
365.13705063887187,62.21019637363619,139.6828197893185,55.503048222137124,122.84475994258138,1.0086272582259945e-6
229.40989548614428,109.74976052723888,271.63728740343737,25.798668647887954,122.84475994257782,1.5421338990411906e-6
299.2220905359091,155.04438906168784,345.47985722923295,259.84645263212485,122.84475994257579,2.357835308511093e-6
260.53946147618825,136.1116110370182,190.5399795661528,145.85944018498256,122.84475994256887,6.235806066017326e-7
228.63682007163567,267.8006478699045,155.11053862554766,215.96047246699618,122.84475994256684,2.5304194003828415e-6
320.9839277761327,100.19777449598445,233.68359204024011,100.0567981235536,122.84475994256329,6.692242070307862e-7
222.1237511483088,127.93626727092366,294.19037550446626,114.39283583259662,122.84475994255975,1.0232058744241244e-6
223.8866910064653,69.11495545202568,165.1671345454957,47.41099994572444,122.84475994255772,1.5644237767506133e-6
92.71264059916466,236.3738412164153,235.58225542123515,42.31991711356019,122.84475994255418,2.3919152679221067e-6
212.3467678752423,72.88378807763269,387.0559343673492,36.1952880699811,122.84475994255065,6.325937898744447e-7
251.30728499255238,298.7125721560953,321.3895493002903,33.103853029918376,122.8447599425486,9.67200043159789e-7
249.81389867758193,150.1540337903216,224.11187787608512,35.97178765140601,122.84475994254507,1.478794035701754e-6
293.087571214813,207.2880755834806,142.82369045066324,32.909348649652564,122.84475994254153,2.260992248183553e-6
38.88936657329925,153.84801655944563,245.31522840291382,36.38044577658166,122.84475994254016,5.979683621475817e-7
378.1415150624018,94.651171208865,346.2493940591319,32.34663430616616,122.84475994253594,2.4264878162892967e-6
359.3128772559665,113.33525288421426,410.98402573065385,37.93757265793046,122.8447599425346,6.417372489637033e-7
314.17842999853286,108.04693140734712,255.6938273603338,30.59088005354331,122.84475994252696,9.811798737672248e-7
262.4354534566221,227.61857956540047,81.53932634405871,45.20762835041769,122.84475994252344,1.5001684041879863e-6
174.0156967445327,110.3646267691186,140.7171799765523,26.777483230213846,122.84475994252209,2.29367244589226e-6
258.98806425290087,111.88461314034123,240.48242303865075,126.13375277483644,122.84475994251787,6.066113481260755e-7
198.66889632195196,29.775387935309947,375.72612813157036,36.85244858123387,122.84475994251433,2.4615600734532954e-6
92.08709915959247,124.6036087834845,140.895223297456,55.16602622456732,122.84475994251297,6.510128668655446e-7
323.40591926212943,260.15786375036157,171.32399885005168,25.784857264172764,122.84475994250941,9.953617677070552e-7
234.17849112926075,105.14277481557768,180.92049595727477,320.71874694334906,122.8447599425074,1.5218517160545385e-6
201.18361273855652,71.4331823887456,40.23929753983114,252.16535765179736,122.844759942501,2.3268250005155656e-6
193.65017942179645,107.7520509424593,53.953564202619944,277.06136675530763,122.84475994249897,6.153792591195931e-7
209.23778335652602,68.95265883527591,36.273014244000066,204.1403243826004,122.84475994249202,2.4971392621643334e-6
182.51831931344051,153.25046349601442,141.00148054131827,191.92842707700868,122.84475994248997,6.604225537926761e-7
103.33157163047534,121.31214994815171,112.9649278443862,419.9666668059754,122.84475994248356,1.00974864558622e-6
155.94173084294943,37.293694251683334,291.1703160368706,214.3045811103282,122.84475994248153,1.5438484367438524e-6
200.34510303284065,309.4995235436544,236.35186554358071,313.9244982011258,122.84475994247514,2.360456739461819e-6
291.3305797543957,129.74779481000542,227.6062556291224,339.03954849105736,122.8447599424731,6.2427390078412e-7
341.1311302912619,100.02872845393192,297.82099850996127,206.53216030721646,122.84475994246957,2.5332327095696768e-6
392.41588077412666,133.711128731804,171.45012561971348,281.3607640394389,122.84475994246601,6.699682475678631e-7
320.9464106859667,181.69483646004116,418.4247226307379,74.85158745669646,122.84475994246397,1.024343470225873e-6
307.7983271698648,179.6652448958395,355.9049798123956,38.88906947063963,122.84475994245705,1.5661630962415116e-6
373.5087078335506,198.27739532831922,321.1947180281188,31.503672362845585,122.84475994245503,2.3945745888221734e-6
393.099363235945,233.6669214550401,181.08368054817709,42.24227558015017,122.84475994245147,6.332971048744478e-7
255.77032407569573,192.0512846827891,173.34542158576687,27.786562200928717,122.84475994244794,9.682753719240706e-7
361.26123354154043,343.34543017546395,230.74040267413525,80.5981934577333,122.8447599424459,1.4804381524222656e-6
283.56909494548535,225.7722299800841,266.9235238624106,27.606965530596725,122.84475994244235,2.263506009444716e-6
217.1271779807788,196.14519392288813,208.47672186934324,122.88277752903426,122.84475994243883,5.986331807489609e-7
282.280767314598,195.72409557667353,226.0652951024859,35.98741298655224,122.8447599424368,2.4291855747969466e-6
151.95384715184963,263.2909840938932,325.83951805320027,30.959097782375107,122.84475994243324,6.424507296214033e-7
91.93884417550002,220.46607760706678,132.63319942439244,47.95918072945297,122.8447599424297,9.822707452458369e-7
249.12701600294275,268.9115927218278,218.20400402746165,25.809084726340426,122.84475994242565,1.501836284837597e-6
243.69943162115555,334.7918477655729,234.4089650137705,384.688582452214,122.84475994242361,2.2962225408538454e-6
216.5821701416005,261.8821709999704,184.8988732692777,146.27154760415627,122.84475994242007,6.072857759613436e-7
400.7526570227515,226.0798582483232,333.3295224480527,77.4119363744264,122.84475994241653,2.4642968251425765e-6
222.4629210468328,92.21747685967787,425.97547374130977,74.6951557612802,122.8447599424145,6.5173666011453e-7
197.57448525297204,199.96959013022243,157.52735999735393,31.08879670761773,122.84475994241095,9.964684065531244e-7
274.61761410844196,310.24808171030094,350.33269683943973,302.9877715235565,122.84475994240455,1.5235437041151432e-6
201.8228947262994,235.83422802132546,272.1900158112801,311.0873913039507,122.84475994240253,2.3294119543419184e-6
229.64662498044197,155.7899826722159,295.7416335295182,313.99432895472785,122.84475994239612,6.16063435079833e-7
377.3384030598175,319.4871822511085,368.1556643011733,341.4492115821405,122.84475994239408,2.4999155706395136e-6
422.1156132940044,420.71500938911646,261.94260273759556,122.1252200347172,122.84475994238716,6.611568086903006e-7
221.4130389678121,27.0263958861056,253.20957248448082,196.782833711209,122.84475994238511,1.010871279699991e-6
258.7947474906747,378.0362507753882,228.12484703016653,171.36544519398808,122.84475994238157,1.5455648806620062e-6
299.3503998209292,219.2409481915274,151.12711125211993,141.8263018160437,122.84475994237803,2.3630810849079688e-6
218.8240916684261,301.41872588029116,133.05500323190603,25.911864198255465,122.84475994237668,6.249679657679363e-7
361.8344789237209,234.11064883200865,218.98730846832322,236.01583150376823,122.84475994237245,9.555405904066915e-7
203.45101382103203,112.59064544508271,338.5091359137174,92.08822418122087,122.84475994236891,1.460967393413259e-6
227.02500361880325,216.80434011719092,203.69409228028488,54.03894327539854,122.84475994236756,2.2337363227116188e-6
115.05071766616368,234.83928498634353,220.88141424401618,27.470121230246015,122.84475994236334,5.907599424255045e-7
123.9511060585334,420.81697513101574,343.8514002732377,238.64721177930977,122.8447599423598,2.397236866343549e-6
158.9065210977979,404.6423751128361,402.87511293528974,26.319542878371745,122.84475994235574,6.340012018169821e-7
382.57887325603457,401.54072688299925,191.4430858805751,203.02058565462607,122.84475994235437,9.693518962341546e-7
279.20831144422334,54.783617584466256,50.20622869311299,214.14329976134528,122.84475994235083,1.4820840970645335e-6
306.73617333721296,144.70960244567826,55.49653498209187,175.45475569112546,122.84475994234661,2.26602256549462e-6
224.01491207550092,219.38668196190693,233.5349636000264,211.87915945826649,122.84475994234526,5.992987384927449e-7
236.7243252068792,134.89507198427086,224.0149154557147,199.70554333520047,122.84475994234172,2.4318863326606725e-6
213.63913688058457,224.4276631535246,415.70913146620035,155.20338297086303,122.84475994233749,6.431650035237695e-7
405.21911810051307,273.1200712335222,109.14049378201503,170.20866806495053,122.84475994233614,9.833628295505747e-7
150.82801491022616,399.7545865785713,252.4941853555828,187.6057184154915,122.84475994233262,1.5035060198295991e-6
238.03241194696054,255.90318441996166,185.81885870992932,118.43983747096556,122.84475994232906,2.2987754709998246e-6
240.33057700497497,419.02768281274535,409.9443073083879,241.879437090895,122.84475994232702,6.079609536225205e-7
101.15030337291317,217.6273267836261,54.886643167660786,70.17191215653169,122.84475994232062,2.467036619540381e-6
289.60417862655925,242.13471135413693,223.54943753038646,26.252834911958214,122.84475994231859,6.524612580736746e-7
236.5353940831341,291.6495396071588,75.23884668347205,237.14560447151987,122.84475994231165,9.97576275755409e-7
165.93255581896253,222.89063595315218,229.3008814161834,81.140760538616,122.84475994230964,1.5252375733206528e-6
339.9990827813811,229.3896581531136,361.23122170979616,161.75021699413773,122.84475994230608,2.3320017843321894e-6
223.60626519771404,216.7717533496284,240.64368883717424,286.23010934409234,122.84475994230255,6.167483717039042e-7
244.67663502794696,395.0331986568836,229.44417182550492,310.101988645098,122.84475994230051,2.502694965802278e-6
140.0066565695326,298.18713525575214,91.61391492370605,322.43017824432536,122.84475994229696,6.618918799292994e-7
70.97014966447419,243.56450100649405,224.04900568967932,342.0491956111962,122.84475994229341,1.011995161953445e-6
94.68902752081452,227.45678307590825,145.02460665859698,196.53745311533925,122.84475994229139,1.5472832329149787e-6
221.77980268829023,102.73199291841911,421.2162156730302,403.137307626864,122.84475994228444,2.3657083480898734e-6
222.78427279139416,199.99407494789702,41.29538057612967,385.24690068775806,122.84475994228242,6.256628024101565e-7
413.46128582770217,220.51464728417233,206.357064222136,269.29633751332847,122.84475994227887,9.566029562425587e-7
282.2904915315393,196.2357425884135,202.44597221392658,244.74636480053215,122.84475994227533,1.4625916905510889e-6
197.55454511159138,263.8626936296195,87.10395216088345,286.7288068343922,122.8447599422733,2.236219780954428e-6
230.97155080659465,402.217904949523,105.98391372604776,105.69678470343946,122.84475994226975,5.914167467374643e-7
275.6372862783336,72.14770802632044,89.88725784943772,45.34740475065825,122.84475994226622,2.399902103773391e-6
227.915580336857,163.97113590554486,76.72059695929296,27.936410758630725,122.84475994226486,6.347060815714071e-7
188.11677680307002,235.06549790506097,126.91731822717897,93.58625383709135,122.84475994226065,9.704296174192417e-7
293.9784453641696,122.74298231431834,261.36645347013547,30.164123482891018,122.84475994225711,1.4837318716608307e-6
152.30741322448,221.41487200260195,227.92624169514096,76.56633287226329,122.84475994225575,2.2685419194404953e-6
294.3008864899754,173.3236968675413,90.17557397859072,28.321583893970267,122.84475994225153,5.999650362007071e-7
112.97270104198455,120.06703866905016,233.07706468155712,68.22029426630921,122.84475994224799,2.4345900932151353e-6
264.5605848284722,321.9219165627144,96.14782484277895,26.45578144708877,122.84475994224391,6.438800715527246e-7
177.85562101636992,284.16251327621364,217.57973303469237,272.73004225104415,122.84475994224256,9.844561280298483e-7
207.2952698158068,277.08929292223297,268.7298794835646,40.78718209344239,122.84475994223901,1.5051776112256352e-6
160.80117910267472,222.04761819245908,265.4851705978359,27.5350626255061,122.8447599422348,2.3013312394823334e-6
217.55482835477113,174.3201555862234,28.652905861508504,105.64800536803773,122.84475994223345,6.086368819432578e-7
216.0969870854007,403.29090018178215,4.961546510003914,33.19695468507166,122.8447599422299,2.469779460029573e-6
281.24504644814596,83.28667682765067,216.71276120645942,35.64673311704719,122.84475994221523,6.531866616376508e-7
361.5116311618202,294.77785103200614,200.63648845448773,33.39629069640613,122.8447599422132,9.986853766818115e-7
379.2352063285665,218.02620731069578,109.80230044453818,35.201968738865375,122.84475994220966,1.5269333257625128e-6
188.56547244285412,174.74519643744006,206.34676632173992,34.12639322982632,122.84475994220611,2.3345944936840798e-6
235.81130877285753,111.54131764437551,190.64109900261278,33.71073071592776,122.84475994220477,6.174340698375094e-7
312.9601543847359,232.03313576525824,110.41270734925344,37.22778838102828,122.84475994220054,2.505477451084392e-6
394.48088913744436,393.3532443166696,141.5322890257476,29.675383574450045,122.84475994219918,6.626277684172776e-7
334.47297708923423,89.3502319807204,92.36656967744302,58.17875852286911,122.8447599421921,1.013120293734259e-6
275.84288573348147,97.88198952987543,186.2246666004212,25.981899707154973,122.84475994219075,1.5490034956244496e-6
269.9361825523972,230.78286641510792,157.92215058979653,229.04612190434125,122.8447599421872,2.368338532251461e-6
175.60004142506963,312.63671888053835,142.85431811859107,223.29478739474735,122.84475994218298,6.263584115687084e-7
258.915281196567,210.9138659785046,90.53265591024977,245.39929560293277,122.84475994218162,9.576665032121033e-7
159.18276715796455,381.77836986374984,117.71317201064785,405.11097509889476,122.84475994217401,1.4642177935753536e-6
236.53964686291923,137.6134727536418,45.98127332213406,172.75466676101144,122.84475994217266,2.2387060002952202e-6
280.1964894679931,197.34407951582904,235.03792504126116,130.6575042230036,122.8447599421691,5.920742812815776e-7
164.54866116227817,178.65372264204973,99.14583845808141,134.664639714803,122.84475994216558,2.4025703044025176e-6
140.47568218799967,232.75793837211728,110.41031161917012,213.3343387181797,122.84475994216353,6.354117450080518e-7
219.71152655612534,34.82041864162557,119.34224574605054,195.63237897845224,122.84475994215714,9.71508536810016e-7
227.15401911040007,335.6015335165282,180.10578378431492,195.09541144266387,122.84475994215511,1.4853814782456977e-6
212.85892788068054,254.87733929925398,101.21409099247772,286.6006236857087,122.84475994215155,2.271064074393038e-6
222.55486708661917,311.04721951914274,43.43341458782209,48.85617031239107,122.84475994214802,6.006320746955388e-7
111.71070173685061,330.05713007172716,150.92446742912645,26.060148583418655,122.84475994214395,2.4372968597987255e-6
223.32271093451192,156.99310822795283,130.3158384784904,370.34623127416955,122.8447599421419,6.445959345911785e-7
168.70137585651733,212.03420353891772,100.06298565911284,58.05289459608926,122.84475994213838,9.855506420335766e-7
220.1307769192383,244.50620792785784,73.33497680771553,27.157891120276755,122.84475994213483,1.5068510610896546e-6
33.67362080551437,177.54096302918805,160.6428806050416,219.17993531000755,122.8447599421328,2.303889849457032e-6
254.97469699562157,356.34201003826666,94.19542543646386,42.251912659002585,122.84475994212926,6.093135617581375e-7
190.70017521516095,191.89507962070675,95.00674831507366,27.394337929531233,122.84475994212572,2.47252534999679e-6
187.4344881900268,38.51648605561575,116.14898147223337,114.26136282588004,122.84475994212367,6.539128717021275e-7
131.9540309349174,195.1430490372144,253.9580835412678,34.62148142230491,122.84475994212013,9.997957107017584e-7
315.64889937250325,167.10800871449027,288.5542351883327,32.84954469685278,122.84475994211661,1.5286309635344988e-6
253.08387280607676,241.76050801698764,81.10721032317484,39.65984813759551,122.84475994211458,2.3371900855988533e-6
104.94374454736779,270.99498453917045,99.86888624808,27.959192687244585,122.84475994211104,6.181205303272909e-7
224.26794944593144,276.8957918934847,128.40231353899625,89.37089847667269,122.84475994210966,2.508263029921433e-6
361.8236711260495,227.11096860708489,98.00251102149616,30.44806253549379,122.84475994210206,6.633644750628469e-7
84.05354186427195,201.1540663955493,152.42238439029467,45.98514683203944,122.84475994209852,1.0142466764316487e-6
84.34178157740739,141.58523728252896,61.86857678635628,26.59796197505095,122.84475994209649,1.5507256709144504e-6
224.290186084994,184.13170857036516,93.04489262027283,142.6991875942156,122.84475994209295,2.3709716406402556e-6
267.0725850576689,260.9906827542536,266.7894167967361,48.77465805877128,122.8447599420894,6.270547941024695e-7
378.49856154777854,167.861673946236,162.1104789085988,51.015600981438254,122.84475994208803,9.587312326285006e-7
237.60123308191504,249.54048055390115,227.63200075418638,25.897262483160404,122.8447599420845,1.4658457044938236e-6
418.2869135676541,221.08642356113745,220.5245563241051,344.0269122331424,122.84475994208027,2.241194983803764e-6
121.90158323657423,189.10763974197224,239.72036099478052,206.1947159722027,122.84475994207892,5.927325468697116e-7
329.6371702825874,89.15887183389889,110.24105788829628,214.4137911701011,122.84475994207133,2.4052414715253955e-6
114.90783226642019,223.09044954738744,111.98813444459697,245.647864657326,122.84475994206997,6.361181929982085e-7
354.2989597727961,167.4806949334477,132.2634110667242,264.9420339230193,122.84475994206643,9.725886557386342e-7
274.0726797653171,241.38899832875566,148.98442762819238,137.52078502973364,122.8447599420622,1.4870329188559265e-6
340.8757130131449,252.5202110925123,100.32802503825866,35.63069710566232,122.84475994206085,2.273589033466389e-6
221.7498713383864,191.1194110775261,97.25901160288258,31.543967118871585,122.84475994205731,6.012998548008413e-7
291.6330847422746,421.940800156842,72.77864671928357,44.81444842081103,122.84475994205377,2.440006635753523e-6
206.92827099591315,234.0916379402672,147.53119356347082,26.213475735058704,122.84475994205174,6.453125935230164e-7
222.7832319835387,208.4049124203617,144.4183138471761,274.60982313311393,122.84475994204533,9.866463729131698e-7
250.31992445008134,51.58489815802178,108.04275136605203,40.622284826209906,122.84475994204328,1.5085263714878875e-6
309.52802160315696,89.35144860146454,92.04394072688775,27.600232638874424,122.84475994203974,2.30645130408307e-6
422.60035979771453,363.3320475974324,206.25521518711275,102.71569590794957,122.8447599420362,6.09990993902665e-7
229.77614692380615,232.11101604533118,128.87722034028798,32.70420965509323,122.84475994203216,2.4752742928324193e-6
155.62143418837857,184.94607097183138,165.32250114631924,36.89721723735344,122.84475994203011,6.546398891637655e-7
191.7314893863169,382.8378805145782,172.123973905606,31.698241200734962,122.84475994202656,1.000907279186194e-6
240.28262009075988,180.1375431031005,210.41559025680232,40.13870083413383,122.84475994202305,1.5303304887327062e-6
210.7513362374124,223.6779775558751,210.2661634827324,28.87348695087384,122.84475994201951,2.339788563281323e-6
401.05410846415685,168.0386374140981,75.31542176660592,59.73276282303134,122.84475994201816,6.188077540208316e-7
207.08551887865517,113.61152283876456,99.95614983675874,25.838021885842505,122.84475994201611,2.511051705752799e-6
220.7343644414043,376.0786031508882,99.8851240041099,231.007957293832,122.84475994200209,6.641020007756319e-7
304.77703971508237,210.94654366904993,157.37390457973402,211.6888913911555,122.84475994200074,1.0153743114363784e-6
216.2259998854695,255.96622880268544,72.2996647927116,221.44540824489,122.84475994199938,1.5524497609113812e-6
370.5894298949405,184.47799913797235,120.36198366808787,278.99192340349424,122.84475994199802,2.373607676507401e-6
202.94043640213445,319.82426293789126,34.335896094356734,197.6821990007584,122.84475994198385,6.277519508712754e-7
316.7291300114251,289.2808383119456,223.60927512998455,397.09550727457565,122.84475994198249,9.5979714580639e-7
363.0837167807634,187.3529769266903,137.55031980600134,212.54253923495588,122.84475994198114,1.4674754253165085e-6
369.6072931308274,215.585721588589,142.83862282473464,227.88310778124458,122.84475994197979,2.243686734553248e-6
268.11787733849866,345.2841389647315,125.76371672940016,304.5268165226457,122.84475994196563,5.933915443146366e-7
288.80044676713266,390.91821083415203,246.41319955623607,393.8778932448563,122.84475994196427,2.4079156084401536e-6
206.3401936160904,376.7589673278785,43.439040295840215,204.07068646379295,122.8447599419629,6.368254264141401e-7
218.14218547345084,344.0939372067363,97.19544808835683,218.83271946917765,122.84475994194823,9.736699755387366e-7
211.71749086221013,120.86894163779955,123.61984661842514,173.68486449784072,122.84475994194686,1.4886861955305772e-6
224.6531830046266,209.1407140114676,71.22916086320707,354.4660193420053,122.84475994194618,2.2761167997781558e-6
364.1414851075815,76.4914837919653,231.04150353762094,208.79964062858312,122.84475994194415,6.019683773411351e-7
221.93606552119604,273.18536457499476,246.78267764449495,212.66333401943837,122.84475994192945,2.4427194244253373e-6
245.36626132151247,181.8029457178135,86.30191854503967,218.8092438065532,122.84475994192879,6.460300492331099e-7
261.2555056972519,214.16558496463307,81.51753471231686,369.4099794685221,122.84475994192674,9.87743322021547e-7
214.91834473016658,180.34719222984373,47.083152411415476,211.10669345973665,122.84475994191257,1.5102035444888694e-6
384.5860100451332,320.3180077446166,170.7943548672611,148.3465811198528,122.84475994191189,2.3090156065231215e-6
198.8454755518604,116.70110817397712,151.03631041277148,39.797393979989394,122.84475994191055,6.106691792132786e-7
238.28949461618163,307.0851570421184,230.8088148779958,122.31463793247661,122.84475994190849,2.478026291930633e-6
397.04989981924876,221.76831201234194,128.85167914627664,35.2749328634131,122.844759941895,6.553677149202283e-7
199.26903284463006,76.67828069396292,155.41268859752597,32.01971136116487,122.84475994189366,1.002020083507595e-6
136.09990910713003,35.90361055654857,195.78797395839814,42.68913959950442,122.8447599418923,1.5320319034555747e-6
328.084130865732,240.4154070073687,221.3207908630445,26.71924879935744,122.84475994189026,2.3423899299398826e-6
413.5725967071225,235.46976812121304,136.65878840098668,168.15731039219395,122.84475994187628,6.194957417666607e-7
176.3118902435301,343.1226122225115,177.98560963121568,42.06227823901401,122.84475994187491,2.5138434820217217e-6
163.74645320496714,263.9060934837034,111.1713812512495,26.917342717363546,122.84475994187355,6.648403464662688e-7
340.01425919512394,210.385569779462,292.1176826473381,146.32184623522338,122.8447599418722,1.0165032001407594e-6
381.90237400959336,143.808535158073,100.92507959279375,39.44575351633475,122.84475994185752,1.5541757677440068e-6
152.35811277539557,198.0639033597382,75.42733396819348,28.076693614805723,122.84475994185615,2.3762466431076597e-6
251.80274370707806,153.9038782121781,128.001766214213,85.88739422211867,122.84475994185478,6.284498827359187e-7
316.52335274545464,100.75814338140749,111.82352790824918,29.86451123845294,122.84475994184062,9.608642440618752e-7
222.91735378306316,100.00194683590472,99.93234999039994,49.894847769532554,122.84475994183926,1.4691069580556548e-6
257.23920294483224,166.37375189655387,100.03032751801936,26.003477825028916,122.8447599418379,2.246181255620286e-6
412.80001287736366,146.05964249888044,103.57021025669728,232.15429811908405,122.84475994182377,5.940512744300309e-7
259.39333376054583,267.096184851528,24.17523765180709,269.5164643253207,122.84475994182242,2.410592718448606e-6
169.19210688495528,322.1967716531911,86.94115771177941,375.4830084027961,122.84475994182105,6.375334461290808e-7
100.25543728954197,228.10520386138245,153.63969254674794,128.5481913461515,122.84475994180637,9.747524975454491e-7
109.58166638751287,128.22185954394917,241.80895357861868,151.45287858695824,122.844759941805,1.4903413103109827e-6
229.89959022243877,237.91489025597036,111.71723366578489,235.0458955205556,122.84475994180363,2.2786473764494196e-6
224.45876911615784,282.19798803618653,101.4436774932197,390.56360184020684,122.84475994178894,6.02637643141856e-7
242.61598908626354,225.34353320600263,98.92816414878958,118.77234437109477,122.84475994178759,2.445435229163695e-6
373.9307433911635,210.27691292856827,33.17654903013161,178.19337149826057,122.84475994178624,6.46748302607315e-7
79.64308231350675,350.7239553199836,291.01041201863836,71.80522563391685,122.84475994177916,9.888414907131313e-7
114.94674372482505,213.40317062793147,14.133417062850581,42.66257774269909,122.84475994177848,1.511882582163438e-6
162.95249647820862,327.88480888065516,168.22054339508955,28.360111897151523,122.84475994177645,2.3115827599433786e-6
171.9918194396163,285.2112281495436,236.7382077539085,82.29068201168477,122.84475994176228,6.113481185273457e-7
265.5649984093114,308.3172710461463,129.9210873160608,27.55417712844148,122.84475994176161,2.4807813506893725e-6
371.3831235011502,185.30886637122805,138.95961862176006,116.81934564027245,122.84475994176024,6.560963498701744e-7
236.72618259226246,243.79729814235097,120.0236784057557,35.02756853364411,122.84475994175821,1.003134125039959e-6
185.8567239560871,138.53183531113712,134.71837766883584,32.22517308643807,122.8447599417442,1.5337352098038679e-6
216.4345840055832,310.8829770983359,109.83675079530393,41.85135886911997,122.84475994174284,2.3449941887864808e-6
337.08654220743557,209.79775829085455,99.94753523947034,26.990837045955498,122.8447599417408,6.201844944142465e-7
334.25232943782737,161.49642738679896,23.781332171894082,139.6394220536646,122.84475994172733,2.51663836217525e-6
346.53197544337917,199.3052099518456,43.60284508889194,38.52328220725542,122.84475994172597,6.655795130464051e-7
255.60269542217438,270.64331951792315,151.96775436192857,28.653907704125146,122.8447599417246,1.0176333439386488e-6
141.68748912881907,176.27529211575913,119.851548163751,72.55199228776037,122.84475994172325,1.5559036935434563e-6
220.30811683278657,51.184449257948934,149.5423396981371,27.737272793934125,122.84475994172189,2.378888543699407e-6
399.0560931679447,366.22798237793506,254.54289958754666,80.74771530210278,122.8447599417072,6.291485905581473e-7
299.7748087578492,146.28503127910838,175.8689900504948,27.74175868562022,122.84475994170585,9.61932528712519e-7
78.30610082241421,223.27071819624817,41.347428436623986,120.77968813464678,122.84475994170448,1.4707403047257427e-6
89.6548741467731,223.21063793757915,70.9093444109014,35.65168456467999,122.84475994169031,2.248678550084902e-6
375.87920889538566,197.21615879343318,83.43297466294042,31.37234135092747,122.84475994168896,5.947117380304726e-7
217.07787958378262,264.7364091423385,8.347335123959025,45.658372620543375,122.84475994168761,2.413272804856219e-6
324.26152904712234,239.36097394539257,241.81362040917506,26.070176006784738,122.84475994167293,6.382422530172344e-7
223.37736399560035,389.59371273204505,125.04362193916234,331.5329708713885,122.84475994167155,9.758362230953791e-7
84.19329235022308,317.19268249002374,99.49919854419583,29.036554044796198,122.8447599416702,1.491998265240739e-6
204.35695149421954,172.4800855808048,202.980914027575,133.24308702744386,122.84475994166314,2.2811807666047233e-6
169.93860521960534,263.5354434401906,107.13560790152643,34.001566986684175,122.84475994166245,6.033076530293577e-7
364.746336978719,242.74859122141547,102.85526827866111,64.52099725378164,122.84475994166041,2.4481540533218444e-6
144.08142930137677,368.2853680860463,100.14058808106175,26.58578008485251,122.84475994164572,6.474673545324694e-7
191.1385209789779,263.0579748364172,21.57548654480251,145.12246447325248,122.84475994164504,9.899408803438474e-7
211.91669938020348,270.55821129956263,243.77976641085428,55.46403240737336,122.844759941643,1.5135634865847235e-6
122.6554807054285,183.79858192253744,100.07726834076468,45.62953746403324,122.84475994162887,2.31415276751354e-6
245.01703670612983,217.2866090752515,97.772176118681,27.032163881865145,122.84475994162818,6.120278126831613e-7
89.52324950951905,238.8163263049112,261.82851416728005,147.65420193522723,122.84475994162615,2.4835394725103433e-6
228.05137013533073,225.15528351999586,73.95935783148946,39.63380156610013,122.84475994161197,6.568257949132585e-7
245.82012896647691,134.0104709028492,225.69973360496363,27.97128510330208,122.8447599416113,1.0042494051588066e-6
317.65649537272685,35.63993481804467,87.34318641863872,89.0065499816651,122.84475994160994,1.53544040988068e-6
331.6590508339804,44.15802426858845,117.21788267120864,30.386743220376324,122.8447599416079,2.347601343036629e-6
268.85636966908936,267.5053578233269,93.95894226929657,46.35153632737437,122.84475994159389,6.208740128140025e-7
186.43452893814444,309.8075423599818,102.60726349119611,26.520364932386478,122.84475994159254,2.5194363496642644e-6
296.1291403133683,209.1115207130009,244.08033734093252,151.0482588179761,122.8447599415905,6.663195014287002e-7
180.19921393828562,412.78708352687084,135.66104039463147,60.63597028786155,122.8447599415765,1.0187647442254517e-6
332.23850438869556,238.35587807894265,130.31890547258993,46.516594459728985,122.84475994157513,1.5576335404432242e-6
282.358758961954,239.11448985433492,101.84914682057448,26.99214537702443,122.84475994157312,2.381533381544633e-6
162.16884145256756,413.79245223253224,100.73496371975976,153.9856146411631,122.84475994155962,6.298480752006652e-7
244.1480835512096,105.73904529373185,202.9511969568579,40.45128511524732,122.84475994155825,9.630020010773475e-7
408.8282221050549,385.5148273767365,227.25248102137238,27.558086289314723,122.8447599415569,1.4723754673434875e-6
110.915622560948,219.33159051105574,155.85202674824464,104.4056298286901,122.84475994155487,2.2511786210305393e-6
337.15899273115315,220.0200515177537,102.66711939778634,32.98917180100731,122.84475994154138,5.953729359314455e-7
148.77337699522732,393.64274970424344,99.06975688389535,36.150661737059814,122.84475994154003,2.415955870972133e-6
328.48823654503957,167.61321148381901,87.53287910380928,32.6558029608946,122.84475994153867,6.389518479537739e-7
285.2261470861386,209.03395501983013,108.66293263313828,37.048775875410946,122.84475994153733,9.769211535266174e-7
361.1783515577544,186.09359424527162,98.20165177840327,31.523221963727316,122.84475994152261,1.4936570623657112e-6
410.52109921454684,379.3999369629336,102.55672819508221,40.80207525504827,122.84475994152126,2.2837169733720786e-6
206.5630031274828,211.71396757852355,54.55937339663142,28.479872998306664,122.8447599415199,6.039784078309109e-7
270.33418504948645,395.4496294390406,178.88088121260262,65.38269967778675,122.84475994150522,2.450875900256758e-6
281.8542108258321,195.77621217753043,184.23842399033705,26.166901147129774,122.84475994150385,6.48187205896398e-7
75.97575528986461,205.64892399913916,46.036428791370085,355.5156273697555,122.8447599415025,9.910414922711296e-7
327.81971070708255,372.79810762496555,300.8110789563992,35.228027270986665,122.84475994149541,1.5152462598281677e-6
240.94357836027874,166.78713459885435,14.605214442877607,51.17828632287645,122.84475994149474,2.31672563240684e-6
272.1531073642483,261.7686573973003,99.84465536215022,25.732690612752375,122.84475994149271,6.127082625199576e-7
179.55283953834282,393.96072056864887,174.67556247524712,370.0653121112453,122.84475994148632,2.486300660799055e-6
159.89384721801625,366.815617246428,90.32162354746143,203.961807010238,122.84475994148495,6.575560509501414e-7
423.90361253815536,367.3462492120981,304.66182350412913,348.1309542778564,122.84475994148292,1.005365925241198e-6
365.1176279655577,50.95368532580602,305.9829151133852,227.6952906878368,122.84475994147937,1.5371475057914573e-6
422.57884396470916,225.65018299906353,285.36576430304655,284.1105779691024,122.84475994147734,2.3502113959094367e-6
28.539589866268784,26.781934761832517,146.91522807047448,107.71033545822627,122.8447599414738,6.215642978172903e-7
227.67010489822948,191.1001697115133,158.8893141065386,34.6410145918411,122.84475994147245,2.5222374479434937e-6
314.9651388293135,215.55785883738045,204.09382809481093,138.44848583438986,122.84475994146536,6.670603125268324e-7
223.73577130611105,220.12231320734014,298.1964777412346,72.55612375772286,122.84475994146128,1.01989740239813e-6
209.13917623878075,203.30339847479377,125.4779525375644,32.84981808215745,122.84475994145993,1.5593653105791865e-6
145.56948965319205,382.22488644785994,151.27802821168828,81.44677097260553,122.84475994144579,2.384181159908973e-6
290.6369134001447,368.8865768738958,87.84474113162497,29.51002433179659,122.84475994144375,6.305483375271395e-7
352.2613304286503,230.65026920441466,78.23341340057932,104.29053504769249,122.84475994144022,9.640726624768587e-7
275.1097712901536,216.30575965116682,146.712102528295,32.912909570745484,122.84475994143885,1.4740124479278566e-6
217.3358563999035,273.61358194634164,239.74987250141746,36.397505189141974,122.84475994143124,2.253681471544086e-6
266.1983976740432,421.04539332009665,258.5046038371527,32.32191102943464,122.8447599414277,5.960348689493446e-7
305.5694191771071,261.7537883836127,96.6553366326263,38.0291952717617,122.84475994142566,2.418641920109187e-6
281.8766411704606,403.4016718396742,301.0652575439704,30.504237829571814,122.84475994142213,6.396622318148523e-7
249.02099878983284,362.21901439663174,156.86527371966713,45.69873565745059,122.84475994141857,9.780072901787512e-7
217.22697664412067,193.47509863960434,99.19013257987923,26.658316174680802,122.84475994141724,1.4953177037340526e-6
216.24595510574358,340.45659096190894,99.39691032274877,136.21077216816968,122.84475994141367,2.2862559998829956e-6
114.67021321913573,405.98376990813864,24.386346420156706,42.835609873208824,122.84475994140946,6.046499083747104e-7
219.93188743741356,317.7039002495112,165.48971789763337,52.77829550776247,122.8447599414081,2.453600773329155e-6
220.6256505517635,250.47940321931267,73.32436768097813,25.76954009701199,122.84475994140455,6.489078575879155e-7
389.9085549846831,160.85893837503244,28.738629382647414,230.39050537970013,122.84475994140254,9.921433278539246e-7
209.29887203006894,99.5274242738497,119.84725889019175,220.21122204834055,122.84475994139899,1.5169309039715222e-6
345.7390196951615,213.02525929606392,129.00393860252055,263.4079624989066,122.84475994139139,2.3193013578000427e-6
236.84803971617515,227.7764447577874,115.75627193680081,120.63682946987144,122.84475994139004,6.133894688778979e-7
246.1728881741042,293.2241876587571,103.03235125448616,53.44665377704689,122.8447599413865,2.4890649189647964e-6
155.31665394264334,282.1212442316549,136.04926476011406,37.835784089240725,122.84475994138445,6.582871188824843e-7
267.0607777873192,240.180098376214,101.16931006167117,32.69975875113363,122.84475994137806,1.0064836866657217e-6
211.48184353757742,109.76765756781788,241.93239027800513,40.435264254769514,122.84475994137601,1.5388564996439833e-6
91.03055096059899,302.3235820460251,151.5721991846806,27.587645583049593,122.8447599413696,2.3528243506275834e-6
239.02371455814026,350.1887739990446,177.27868337011677,103.08273270184262,122.84475994136757,6.222553502764182e-7
223.72986881348177,221.76439487825039,111.61130877988978,32.76641463370467,122.84475994136064,2.5250416604715076e-6
262.19964176948685,236.35297108517042,110.17398530449417,36.72814792058587,122.84475994135862,6.678019472554951e-7
223.89041644019483,204.8819483545387,160.98673676001718,31.90193403267217,122.84475994135222,1.021031319855198e-6
243.86694299053084,223.04625096926043,116.82149978733257,39.399885156164686,122.84475994135018,1.561099006089592e-6
307.23407079554414,220.84958580286496,88.97918327596544,29.372246127583423,122.84475994134662,2.386831882061688e-6
224.54877276673855,268.7552542334485,184.41350813664107,54.19791781566084,122.84475994134309,6.312493784021985e-7
271.05164225762314,346.9554779622376,132.9441409417528,25.762021170291256,122.84475994134107,9.651445142330204e-7
397.25901695409425,60.633862705210355,101.76233314397277,133.18066416446035,122.84475994133751,1.4756512485000627e-6
93.6408833860801,257.01866839585284,45.727842285010674,218.0754354067014,122.84475994133616,2.256187104715861e-6
317.38589065615287,63.04188423848877,63.27372911793772,230.10275036228646,122.84475994132907,5.966975379014708e-7
81.65374688885277,220.79716298998898,122.11111293449565,224.75736007255585,122.84475994132771,2.421330955583894e-6
327.961924417177,270.1553464782726,176.89900755246595,349.1361006478451,122.8447599413201,6.403734054775919e-7
346.7782968508683,407.29822027723384,177.95338962414803,147.43332220845275,122.84475994131874,9.790946343928519e-7
119.421036739453,211.14488112536156,63.96705455644556,29.321889979384785,122.84475994131454,1.496980191396185e-6
249.69713779920448,262.2520557307933,113.14839724933066,55.71497206081368,122.84475994131098,2.2887978492724534e-6
282.79857807672664,392.7607571064346,67.57570523908083,25.73195132084065,122.84475994130963,6.053221554898701e-7
213.62922727133105,166.72097294735224,136.62030084311417,218.32622424113632,122.8447599413054,2.4563286759034856e-6
99.58854455783495,140.9744866455437,40.21165851950242,216.71542363569296,122.84475994130186,6.496293104968235e-7
218.43409630567587,328.6434869687119,51.8355617786108,221.9533302895393,122.84475994130051,9.932463884526894e-7
198.7952778741074,302.9260792949853,161.98305770628778,237.69446908144585,122.84475994129697,1.5186174210948484e-6
141.85107932636345,287.3003736411649,132.48134684675108,222.79903816494195,122.84475994129494,2.3218799468734414e-6
120.0908379458113,224.41555896330027,90.77556084490217,229.4849106342827,122.84475994128802,6.140714325980785e-7
302.26158006987777,219.76411432907787,204.935428813649,329.4419615300691,122.84475994128597,2.491832250420638e-6
357.4281200905413,264.28508149856697,103.39957365413005,32.69817772495715,122.84475994127958,6.590189996129458e-7
231.38929475702295,122.8553605846074,100.09398211165727,49.55168227418987,122.84475994127753,1.0076026908124913e-6
221.49257445279724,240.50235104272102,209.64488892674441,26.184667069436166,122.84475994127399,1.540567393548374e-6
151.49105226576557,210.7851491498331,103.93244540434299,229.3324429451709,122.84475994127045,2.3554402104173186e-6
239.08154612877254,315.80683908808106,63.41568989810932,197.1749436852354,122.84475994126842,6.229471710446374e-7
228.1729553213105,186.76921802709967,23.082200127900055,363.232989386988,122.84475994125427,2.527848990710704e-6
175.56283804509823,324.39380864365285,112.06440292028638,195.17478586652365,122.8447599412502,6.68544406530394e-7
250.08661834599894,422.9245203870573,97.72753319698681,154.75977393635378,122.84475994124887,1.0221664979967175e-6
237.31043437303367,373.0084270970158,82.51186554684772,239.19037495925232,122.84475994124176,1.5628346291150563e-6
206.22602272597535,359.4571012723162,181.0842939000087,212.2608615476755,122.8447599412404,2.389485551275658e-6
128.32257685821682,284.33406551439896,93.05632194399895,179.7728759480973,122.84475994123687,6.319511986914249e-7
64.18156623545704,339.8241834355828,95.15461352191257,258.0444620009067,122.84475994123483,9.662175576692594e-7
177.4040383667571,124.02147873802235,99.1646420100631,227.2549783379682,122.84475994123129,1.4772918710835518e-6
422.1577954061908,140.2142558935455,36.98496820219924,256.01015931225544,122.84475994122775,2.258695523639598e-6
233.42061446290688,157.49788855309947,294.73593717230864,410.02772177254906,122.8447599412257,5.97360943606029e-7
142.9623781354441,234.3746073125375,305.37355309496064,261.09576484781576,122.84475994121877,2.4240229807164378e-6
162.61785947279063,368.75872089066763,138.4932176174479,253.0511300823048,122.84475994121675,6.410853698200886e-7
229.6701266951691,296.76358957229377,225.5489085642277,190.48964418506745,122.84475994121033,9.801831875114773e-7
400.87335613077596,140.958305081164,111.66974940721498,312.3077264771205,122.84475994120831,1.4986445274048028e-6
220.77844221856216,265.6489847178014,63.84220441816637,368.336561180869,122.84475994120191,2.2913425246789046e-6
295.2517472414781,93.89816786281072,104.58918086999057,159.32770531864458,122.84475994119987,6.059951500064217e-7
276.7100822151721,162.15090022482508,120.8624545640472,39.93979564618015,122.84475994119633,2.4590596113479243e-6
209.04767563741967,357.0916698484266,106.12033497781854,27.845396413847794,122.84475994119279,6.50351565513909e-7
187.23180576475468,244.42680442776168,206.0731549832789,93.25716028179754,122.84475994119074,9.943506754293858e-7
82.82879696047716,349.3833363644479,156.8970384730882,31.104088096970187,122.8447599411872,1.5203058132805092e-6
225.6539842218066,351.8044913289242,94.00277042810016,42.56401623381156,122.84475994118367,2.3244614028108544e-6
330.9380642699559,387.08615720691097,37.801429715730585,27.6382852646549,122.8447599411796,6.147541545225307e-7
36.471273881604695,188.34076694078857,36.88081462846507,84.24295557984415,122.84475994117757,2.4946026585834506e-6
411.4260366177031,212.6806307964853,100.02555093308375,28.054038670284747,122.84475994117403,6.597516940451926e-7
102.97907034031643,302.4619845353956,135.90228714975112,105.58598261162258,122.84475994117048,1.008722939063162e-6
389.22128906009186,215.46957559306594,100.00515767874268,33.1686767274939,122.84475994116845,1.5422801896171017e-6
202.40244113283498,287.8178493342897,166.4433257367484,35.73265165281966,122.84475994116491,2.3580589785084904e-6
224.41473710189857,284.18714077832516,170.1077881214893,33.26385494826236,122.84475994116137,6.236397609761506e-7
299.6238766780988,230.4716125998737,226.30570377904343,35.50671479393254,122.84475994115932,2.5306594421273406e-6
220.5808034055687,295.8587860603732,173.27402859937544,33.6197016790137,122.8447599411558,6.69287691268258e-7
73.59082964596068,141.02912405852425,235.10234077738025,34.71027030293576,122.84475994115226,1.0233029382243156e-6
111.9393786453947,304.8982223821553,99.2419441012622,35.02466639256505,122.84475994114818,1.5645721817985873e-6
90.32639151680331,379.15902199607984,303.1891996870879,32.22726401569471,122.84475994114683,2.39214217082742e-6
345.2660004676986,248.87639765623638,112.15752472655124,41.844951417267495,122.8447599411426,6.326537992613707e-7
215.89918837209774,201.13781230358725,234.83013882562975,26.992642225297622,122.84475994113906,9.672917941104844e-7
194.48381302415444,251.93209662292054,216.0103536978716,139.49319849233225,122.84475994113771,1.4789343177040326e-6
224.65316441255962,269.164559818088,166.3093040164134,38.50262590226221,122.84475994113349,2.261206731412491e-6
150.96979546907102,241.93966044024233,205.43524051862792,28.668102418649262,122.84475994112994,5.980250868821393e-7
418.650941726163,325.04529732894224,410.24823027568175,72.28667990156416,122.84475994112859,2.4267179988307143e-6
274.01392856737806,119.44436592961281,306.72025631649564,27.69789424624909,122.84475994112505,6.417981257214176e-7
339.1407568717993,169.0843351965787,249.79574206311003,81.84786032959447,122.844759941123,9.812729508786846e-7
283.90794509023846,149.4771844318471,392.75818997573884,27.87285550953266,122.84475994111946,1.5003107138148938e-6
422.5939958049596,326.2111854015758,280.93458180635696,115.12859790147928,122.84475994111592,2.29389002924431e-6
244.68593570281124,72.64733026984783,256.2590268247951,34.74317414109089,122.8447599411139,6.066688927553242e-7
209.9955540859526,115.19916815908897,333.94942713100676,32.664467245228245,122.84475994110696,2.46179358303441e-6
244.60737464460473,253.615496662307,227.9340856113867,40.26663609504076,122.84475994110494,6.51074623530954e-7
220.5820736139052,189.61367010729367,388.4555659375971,27.64751458068246,122.84475994109853,9.954561901474984e-7
197.39115468108187,325.32766199217986,329.1424203900489,100.5460323679966,122.8447599410965,1.521996082613195e-6
417.2958472608111,311.5254302730083,396.18492957645276,32.33848526192558,122.84475994109009,2.327045728799653e-6
222.58757047039938,190.4922819959634,354.50998194889115,37.94780120710632,122.84475994108806,6.154376354942229e-7
44.08979641199528,243.9405307363025,223.691687984647,30.58022913940027,122.8447599410845,2.4973761468739018e-6
237.55859730765997,216.15767568471875,197.09394528644717,45.2849022843513,122.84475994108098,6.604852030838945e-7
200.13800116355978,206.1430459541948,321.4042058542659,26.75769993074851,122.8447599410769,1.0098444328009225e-6
220.1804691421963,156.65963752646053,121.00495282330105,127.64665337648918,122.84475994107488,1.543994889964983e-6
159.5425238302652,370.39493992886486,248.1414883149156,37.559425056105844,122.84475994107133,2.3606806581345373e-6
215.09052595722875,403.40875993129356,241.8836799062561,54.77448106959092,122.84475994106779,6.243331209261119e-7
255.4218187289464,241.12805757777494,263.08523599573743,25.77163892160221,122.84475994106576,2.533473018191536e-6
135.70067545616376,174.19186088928797,237.53848636805594,289.4070191666629,122.84475994105937,6.700318023868327e-7
167.1607563596848,230.1319591699746,224.1740916092837,262.193480344297,122.84475994105584,1.0244406419411733e-6
167.97203692009347,223.22914082484996,203.99428252845692,214.54277776794356,122.8447599410538,1.5663116662855694e-6
233.21556250549654,223.04668588892136,118.74218537130058,393.9259059238427,122.84475994104737,2.394801743997145e-6
223.65367198964444,274.5035535334794,338.2645110087413,48.35509376148006,122.84475994104535,6.333571809795472e-7
255.5192656323836,58.11548616584708,92.87307795596523,53.08777122691343,122.84475994103842,9.683672248830706e-7
223.39073218122755,306.8829810300946,270.46785375196765,27.106693050477283,122.84475994103637,1.4805785903894589e-6
291.61643742658157,226.55590700489702,226.46603314370867,163.83736524722778,122.84475994102998,2.263720731135167e-6
276.99967477691285,360.42092897469206,216.12319636773782,41.55073681243367,122.84475994102795,5.986899685498301e-7
99.85667503717885,414.15827731558636,393.4350960111267,27.099554338640548,122.84475994102439,2.4294160132543063e-6
189.14945371284796,33.17988531225832,269.8051392786372,131.0030023438895,122.84475994102236,6.425116740616305e-7
315.9868446456359,268.65150860188936,221.60176820670023,37.2609732802014,122.84475994101597,9.823639258400216e-7
286.47288877305664,151.58900084091067,280.79555540739915,29.643421214782194,122.84475994101392,1.5019787526837246e-6
262.00508251492715,231.94899326248608,227.63677494420944,58.520177028334366,122.84475994100701,2.2964403661141134e-6
228.97003590727442,250.98594001878013,349.9609058228007,26.010018593218668,122.84475994100497,6.073433845684591e-7
262.9451541879207,304.50715625203276,228.777703640455,224.68199435532466,122.84475994100143,2.464530594338621e-6
285.09051189693486,365.76541116912324,223.742141196192,248.11603806282443,122.84475994099787,6.517984854407299e-7
153.58492932669802,203.14342285323895,371.09887807434114,324.83560411792024,122.84475994099586,9.965629339720248e-7
257.21828374959904,300.6105636043555,147.6496783266766,221.62068388148174,122.8447599409923,1.5236882311799097e-6
367.59114658095416,263.0874711559321,238.83014718693093,234.30012451083425,122.84475994098875,2.329632928030749e-6
242.55571736100836,225.8037751365914,167.83475185040868,127.2183218756996,122.84475994098742,6.161218763570609e-7
260.15168968400917,243.0715180348547,232.33986219198962,185.3963333030339,122.84475994098388,2.500152718716467e-6
274.72904565022685,332.2449043253022,244.11570193915182,177.67920890690016,122.84475994097964,6.612195276347275e-7
171.57579463576027,421.28704136646627,119.28329804107064,177.05304201674656,122.84475994097829,1.0109671734105011e-6
205.2819263615982,220.23399877598183,202.60945850006516,208.0074048557072,122.84475994097475,1.5457114967091896e-6
424.3762885892082,359.99205953235463,303.23249644453836,42.210429697910264,122.84475994097052,2.3633052525324914e-6
129.43912080287458,292.2102502739899,210.12648685869922,26.894356132109674,122.84475994096645,6.250272517506235e-7
121.35802669977849,226.1093512956229,355.4026751981207,148.4995555128559,122.8447599409651,9.556312353133149e-7
228.2924801863308,231.35462884178776,236.94656512066956,39.732877187788,122.84475994096158,1.4611059843368525e-6
313.4310640897903,392.69282725817965,120.9460975106217,27.91796484025118,122.84475994095953,2.233948220377114e-6
199.17508324515762,186.12097623968847,280.0909084182753,90.69994877820075,122.84475994095601,5.908159833518193e-7
220.32107627601084,204.99720542418459,53.180618967439514,30.67197860325499,122.84475994095244,2.397464274068647e-6
179.4054289041609,326.9355520065991,209.84097309656954,44.71871493333675,122.84475994095042,6.340613447144316e-7
426.0322524208859,252.57524341550047,55.244920807274084,26.91064609511526,122.84475994094402,9.694438513148713e-7
171.43995572140165,223.6215342733926,301.1966160779163,117.05096284047622,122.84475994094197,1.4822246911700424e-6
217.0762440157946,413.42276513273566,242.5628760434141,33.59253590410697,122.84475994093503,2.266237525911704e-6
240.63214962297977,292.5860473162627,115.93565986019202,58.21904316802714,122.844759940933,5.993555894300416e-7
73.09464407120775,382.430633903069,334.56659266478306,25.970465023716216,122.8447599409266,2.432117027318496e-6
232.23004857798387,330.26969972898064,261.7904878600695,234.88099813642188,122.84475994092458,6.432260157217571e-7
105.20851389870937,332.4102915355349,193.61772288066973,179.61438849908922,122.84475994091817,9.83456113742534e-7
159.16712464004704,353.13298904962164,213.68921776492783,42.80925064894346,122.84475994091612,1.5036486460708509e-6
239.90912946055548,126.44655280510287,228.58340502900322,64.25037240467277,122.8447599409126,2.2989935384372583e-6
221.77283577256006,179.03812690814203,387.6148079942855,26.014924665934434,122.84475994091056,6.080186262786322e-7
225.73797348096693,232.9560313335188,210.5238511121706,410.95883661637237,122.84475994090414,2.4672706486399896e-6
214.4641972533829,202.74959561308583,396.4133933064242,200.57236510354625,122.84475994090212,6.525231521370001e-7
356.7341720836033,315.9900552225323,309.81345190318785,46.046972936415415,122.84475994089519,9.97670908269477e-7
