Oviedo,Queue,RD,Newton
75.56907095331981,75.56903724392487,83.58501516435048,82.38156923379711
70.69950334328138,70.70007292228017,71.95214791852023,83.58501516435048
87.03297552647456,86.10477874472359,89.04294247540346,71.95214791852023
64.97161683419816,70.12127978371488,80.32828564452419,89.04294247540346
74.58859304072749,73.2366976315726,75.70666496802247,80.32828564452419
72.03098744983413,87.1121677217695,68.11694248262248,75.70666496802247
133.91511128455994,82.79514006188451,73.2598544121942,68.11694248262248
121.45077811109314,74.7245411624811,75.65067943346442,73.2598544121942
125.55606184510376,71.11352104866288,61.537982778790436,75.65067943395117
141.71036531946598,55.649773069593785,78.26148737293353,61.53798277691696
124.28503607844007,73.06111208804847,72.19026906902724,78.26148737038089
116.93899448554089,73.70692193608267,72.35209192156348,72.1902691224094
127.72410573061184,88.71600068848701,95.83589718898085,72.3519090304729
124.63543757425538,59.45456291633955,84.50995489194,95.47149870325839
137.35392961568394,85.09985168371638,96.72467438838873,94.6221525507414
125.3912136460204,85.9833041353268,94.73046689418628,110.63150147018074
141.65219162420925,75.67457413014446,97.82965734029492,91.49039009185319
149.40191804292928,80.31373631398618,112.99801133568256,96.43431998584359
113.5913694424942,86.55724836242373,89.90358426728437,82.54563456965587
134.02326597603064,57.83146061029055,101.49613034007352,105.2910460204203
128.6267192511209,70.34813925437332,85.7851918888626,99.65631169869832
144.82082720685423,71.80423907466529,105.76840629008373,100.80317651065042
119.79476328427235,80.47241403612605,98.37223847712814,110.37439373089927
133.29853297608673,75.28548128094748,99.17657105773256,89.84811942204513
124.11169296071154,73.03352432794617,99.27311501660537,94.52886805570553
125.86875627434871,73.5409246829319,102.54863862178917,116.05469250643581
151.0889181120393,101.15587527073343,97.03378290250467,97.99898023048688
133.69367881112538,116.00908128836473,100.16787087252617,91.16457167084563
130.91873474951888,106.71132823923564,93.37199381271361,97.9419854732451
130.41268262344732,104.76334851731491,97.46327958786719,118.31434166699036
133.44246474509995,107.79977292168287,102.81977449796258,85.21465294462215
133.77394738106858,95.87670195466987,112.27336234847574,81.86645897839928
115.67717308789125,126.8366080911108,95.94381592463199,82.83794753647264
141.1716709816118,110.8723726234014,105.16860829170315,105.5221616485718
131.41744566736395,109.37225663095192,82.23762484294716,98.67958641798535
145.67836337155975,126.44011172013319,88.37562941913087,102.67071020857102
137.6912592856187,124.52044086149726,116.5424157762723,99.81328321363121
149.55319776636085,109.607159187026,93.6557810976296,116.68313366776941
114.83826064186093,115.22532175731374,108.71225056283423,106.03380156632264
149.16136582569473,91.5785657959641,89.23759869845655,100.88209617024995
139.94790184787212,116.57758568128983,106.04421282351734,106.26960913873305
130.59542626734202,109.81481816306314,102.7860680549873,104.48214555586607
142.19125720527666,110.13940875173003,87.87516401780097,117.43805471102199
129.34509522454226,95.49465336196883,109.89820915285559,84.55287750933796
130.521847095008,93.95547709480495,97.39873834798453,84.28954542364067
123.06865453707351,97.81189519374564,100.25503959083098,91.58248915742773
151.8085760512092,95.93224072223869,111.92615913267615,117.47895679152381
134.50066004612827,89.21033598200417,122.45104577302902,107.97187882065681
137.2678532973807,84.3826144883568,102.7789155476425,88.62318126416592
125.0324067660878,88.45622575407933,96.95223295835704,113.3990258317049
135.3245205188584,101.81056201647252,113.77629839298149,95.4305844506232
115.56229181328854,108.55117192143504,107.01303032324442,101.79624207640981
140.12424440429757,94.52986298260964,118.6273438690871,134.55519266878807
125.32494271550443,94.84609495675696,111.64339834237123,115.03174423129401
134.88278208761304,113.22707270040807,109.03675361050983,126.5307548568472
154.86493123521512,93.33595502189765,105.73502402230082,141.66273426075318
140.48788036784987,113.26104616818965,95.69329339027772,138.5476731498164
129.04573025354117,93.99587428927406,100.70171610324905,142.8282327827346
134.8873016727429,110.42580955516053,110.56552065167122,136.66702094348378
141.43004320779244,88.11798295868552,100.6812854050666,120.57346430625631
152.38811031743182,107.56558491066984,93.35060839797973,123.74597924558152
122.15199249698222,79.43443106023875,116.77755490091755,116.33712526686149
142.06857322092486,96.57042073319784,113.75990895962124,127.22276941910651
142.14481946648564,108.57315933853462,117.31111010189308,109.0763023042483
153.1085217617841,91.85833178768259,116.31051958570747,124.49837051725937
148.65621423504592,114.65103020243417,127.64831017765775,129.30531880740713
132.88470123579512,76.05708251849941,119.47711893844219,113.04536449867584
137.9724551659948,84.34396077615958,111.59987721746171,128.08012584588292
139.78681203816075,80.98781745278932,135.60341529948695,126.51318074139039
137.8801539594789,93.96399402115372,133.9882369707929,123.08231015367417
158.32360941738577,98.77178645637485,127.80285523292963,130.5151657301432
145.03102795513973,95.09997062401398,129.49896188745157,120.00064884611507
140.5804932836561,95.36789288551651,118.76062079862608,124.84045544688118
146.96026598429768,98.3360005225922,122.15455659751224,117.7227553838278
160.20113691367598,96.02390085517568,119.93494132287276,129.06689026966544
147.54805143438432,99.46757950349547,129.87398504571286,90.0262001105571
136.51026903518724,96.05477733375118,127.06448818077473,84.32138200484957
150.53282051111108,102.21228780668193,130.54200239688808,85.80907631819456
142.45050624867488,99.05095190950202,126.37942149520724,97.13379390887737
137.3346828727345,95.5242795881365,126.20212213439707,92.604118196744
142.89004200502706,108.0657217693928,132.13445698478483,94.21157193219248
144.8396758186732,116.49383038328133,129.3079353296323,85.08330847490417
152.9453213026829,109.40997790441821,128.95749111950423,87.65886912176897
168.556353668659,72.65569649455679,128.96376202176035,85.07060224244512
140.63861567837836,67.78815929840857,138.33788041657834,98.65882347676997
162.927977906255,82.68463884614155,134.86879363364585,77.04101916768776
152.3228432292536,83.78078240237755,129.46645892040897,78.03571522344566
164.66687068054955,76.69524565582809,130.90145211165972,102.81786943000832
152.17382673252553,95.9540404226151,134.19687925374026,85.64285938632324
172.5045931851801,83.16681401686529,144.8899922477618,86.28410173852126
165.0697592279723,81.32929783801923,131.12900992380006,99.68141590372986
171.39608332627975,96.14277846107555,136.35645853511798,77.14043093549166
142.54941963634272,98.87856842112035,122.25891416894888,99.33854761840094
154.4389282775786,82.3168522054128,121.26854975216338,83.3110995501013
184.92712950354024,70.72228328268154,130.10434680081036,75.57615882187856
231.90044063154707,92.73684940774471,134.86948980656894,85.38159948316668
225.4954254376942,81.8905820497547,127.44329173767872,107.40812552933093
229.92010117563655,87.25815147312188,139.03689582054278,99.74538543203246
226.42936362676153,82.84048075991996,149.53765851402042,88.02656150326666
99.66315776278728,143.912988508369,127.41382181132218,83.77920879063139
98.7932395512182,156.83847575432347,122.78311453749924,92.9937081519023
82.2515617887219,164.6802989605894,151.1908767151242,91.26510405041822
92.77594629153171,162.39390221984368,137.1485993887685,104.78966864398275
98.64666157965897,172.61994819336843,128.1725554594539,90.85150692827187
80.54816501447793,179.87619649816855,126.43316962890012,104.51084545800046
84.5994416508369,161.2958057957507,145.32350013390717,82.45992187980224
80.06510658868935,177.41378547324982,130.87513706525527,97.91207775833387
88.11153654648912,165.41244585452233,130.96406790736793,97.46069844529043
81.4856765273179,177.35560276736263,133.38259523218804,91.31007559104849
84.82129391919298,185.13207425294158,135.65806891653904,98.94532376110253
78.0455176095109,171.43687563831898,150.35353418840367,101.01355152084874
96.96172800963848,164.05014026273764,128.81024203183284,73.94533629200552
80.72973264879033,179.45065431676932,139.0572191241477,99.21658948120955
64.60723655520799,178.54287836698268,123.02305424310664,95.77084387888135
79.40266586764587,166.0199720115605,139.85501477468497,107.40663244785112
79.61790650453307,193.2939836514347,130.7950238071889,92.94427658473579
90.72390384915153,174.61201800744547,137.99220983265667,96.08769441034728
94.42293583783785,173.46031868938556,126.48509447584962,74.22331503459448
86.37360288027442,175.67126890697065,142.16552963015653,96.65314279234981
87.14659624200785,181.26760672490377,158.3711890108765,92.18613404755487
88.78049257176276,179.51362419967234,128.41731856344902,98.62127422328089
72.19466339035183,179.1615332091822,139.86141856169547,92.00113606943712
101.51733362731024,184.92796713921229,127.96643888800439,79.16638220818291
81.1772786247157,169.96482050869326,156.80923463445473,92.22461472499212
97.67691440886163,186.13361935583012,137.2645651667393,94.02160312995007
87.35715571052516,174.31674306748494,140.02880123812085,79.92227845521002
90.90002795482249,184.28625490350572,153.05915930781995,104.53040363627343
99.46076565662798,179.5498635585939,156.18789031397174,91.40618872071983
85.03538835350923,173.2887987983342,169.19004759308822,93.31936428846184
87.25279937637112,179.91639527399622,156.1221765266606,101.25091449879045
63.82228633625887,198.26746260613072,170.0101357837494,103.94838668544617
83.0445275679455,165.2268054978173,146.26853311853853,94.46225717930001
97.69269005728943,180.8693852098898,150.27016385188824,110.756684472775
83.58395765252614,191.32911132957162,165.94888885765263,112.91411768976681
82.14156103868218,188.81527058724978,139.37962194547967,110.67566882463701
83.71553267693979,192.7540538385354,165.4950972651353,114.0783139875854
88.49020079042488,178.71116559003212,150.92868149975357,105.98741938709644
86.27545486387642,187.469040760664,154.07064948093705,103.35399537937377
69.9357445115755,187.26574937732806,162.83257623300452,113.09517729619506
103.24812083958827,184.20870059776914,167.27432860014403,106.3518349786506
92.23670682433833,183.92150492396866,158.8035500251611,99.8115491070706
70.39195328976852,191.94551474419595,154.79945554246538,99.22163496354112
96.53355955002458,199.11321501811864,154.31847989870954,104.74338032656806
84.15096498453428,174.2470053737954,142.55195113153528,110.45527062230173
67.43823705010688,181.313959613648,154.66462572865066,93.16503204908238
74.906753787023,178.5230861958688,148.63019811903652,92.18142103997305
94.68171366798605,183.0397411520977,156.6429956498241,108.39305580298577
85.99279190467581,329.64421928009335,169.05236779123328,106.5406285007613
84.58998537978385,343.0159579844192,156.10247271599962,123.61361821425017
75.26972072417601,332.5794222913922,152.7573770792661,107.44012841766876
91.30339562488804,338.5327448240135,161.03213357648008,104.60834136288966
83.96932297987118,340.59458468123637,165.09461100152532,100.17787476153855
94.59170787411276,345.00358783409877,152.66868309206467,109.18414081231606
80.75624080987922,343.55182661828167,153.69839345567604,117.13632904229179
81.40032095234622,338.6083080030159,150.05876352267498,106.81423301271056
90.2262243951485,341.5251627631326,141.28927326267092,110.24577628006033
98.0061113737449,346.48755553017565,152.19060529309874,113.89690369580212
79.4648350362655,353.59447072018526,148.80977684061662,121.11531472665641
86.60452376403855,334.8664863103453,137.20711351712166,95.8911834457573
89.93971978816458,358.9910946682525,173.85060514211617,91.67142073831123
92.21851604044105,355.7526944442278,154.3244177170355,112.07507605918374
102.0608538792211,360.8785071237237,153.61141478049788,121.73877603966082
96.57423676936766,341.4270782084129,158.10373563026465,104.8752631636607
90.35889564891481,340.1603037573642,163.31543706378767,121.8172897790196
92.59821095697242,331.3662018750021,149.8571229274193,95.39526345211155
93.9988135309605,350.46544296911765,156.11565999784958,109.40907581198809
98.31703878811662,345.36736335600756,152.83342291416025,114.1679299569577
98.36897587247022,365.96018425797047,152.38201689344302,108.9829164406365
90.57277492341257,345.59267844864945,150.0742556408672,109.82316836852922
95.35218619565477,368.51193603130804,159.70840894443765,109.83999688002756
89.16310463801419,359.66177844452716,156.93509231760453,110.28821128518611
93.25869470018392,342.1796403492095,154.11527952775324,114.44981894539659
106.65836319618822,345.12366043589816,179.2123464800706,122.04484087870316
106.41244961584712,349.62356308336933,164.37590518512593,111.22567458563985
75.4874772480313,351.317423776238,158.71283482560494,108.88652454400061
86.14885047554692,341.61486084149664,168.1539608813802,109.13581158604077
98.37084274280876,347.2898617739217,166.83342796857153,121.0306195200155
88.79972092957397,356.74883342212615,161.00552485158414,113.81778133624184
104.00859558071356,370.7821819380107,157.3712432131353,129.13811784181635
83.34547020858356,354.9493322197568,162.42991563972262,124.13712150203489
88.11251190108388,349.3806896117091,173.8136411943004,102.48988418470256
92.40251796771426,335.64333721759056,156.6325001669789,114.2298300464832
98.87091383029693,344.2867412696758,162.83499353972684,102.23520500805576
74.08987979411062,351.64548482629556,162.4631280670893,110.49161588276446
103.92212193141827,370.906044299733,154.93902412084054,109.36404895433199
93.77695049352666,348.76801132347697,151.97743493148593,104.07216296671784
97.88635140987596,350.72962533802723,161.38943447795643,112.07664014250037
92.88460696371655,353.56370343849545,163.2937378918793,117.59389701251317
91.05162104028948,357.361039215266,164.14601885160295,117.4707281313837
99.6297084728954,354.2619321124608,178.67966756552815,121.75319814792046
75.4083439222727,360.9955420210306,146.97327455806482,107.77219132623785
93.34984774990994,365.49903553499695,159.79504699412735,119.41225800782287
99.72788129754264,350.2407569731133,161.7606692946171,118.61979959807304
99.30325002757388,365.68098878243313,159.30475655863924,119.0055365607504
89.8602826286195,348.4104121194336,158.38717714633432,119.48836776767482
88.17537930807345,355.0579325973292,171.54246338827963,117.33059258409365
82.97007328083181,366.4554303313187,181.45293827389355,122.21884105314264
97.27631283550485,348.05419407027824,158.6846566688089,107.99580629930261
87.78644413487342,353.75608620458445,170.12324766047075,121.12792547949812
96.62424850138619,342.07250571237336,168.64134069980628,113.41241688768478
105.76587840892317,347.9455541075603,159.47096703959886,124.60893253799229
103.7814152352189,343.62130419828424,166.04004287006745,97.47145775421919
92.1989716619538,368.98899882463724,164.08003761495394,120.32391394384705
95.08435657535907,346.8812543231609,147.7728245163347,96.7849882302768
124.17864998309456,353.99065975015895,170.40667410802752,110.693161775429
109.99603509664041,354.36054608658515,141.62478126492064,106.18986501217421
113.50092792802617,364.79808453018904,158.22730020570341,108.04904080824716
115.15293197333224,352.72871984023305,162.4404366852112,108.86975116614593
125.81968185042678,357.09889400262443,171.36240498520112,120.71053506761261
116.62472455903851,348.1245020635741,152.8213218597427,113.85024871466878
121.05173189227315,361.16283462921837,156.77146100966306,123.09969541501893
115.27434615184517,3775.9478623918308,162.24730800784243,107.91064719619115
124.06480774414435,3780.082912400414,157.51951429481548,122.43653486696637
111.81522113548081,3792.308507356812,150.69146042282512,120.0762469870323
115.9563962277027,3783.7138094987185,167.92749410306251,108.29250481736103
125.75888476986283,3789.420604470696,164.09144446872762,101.92863923298563
125.66658394993671,3821.5904818645677,161.0684195521324,110.17221817479718
108.38477756124115,3818.969431518565,158.37164297783664,106.3683174636071
118.92554500186701,3838.681446303483,161.44446490967388,113.54176541585016
103.49385654790936,3863.183072022687,166.7459600960144,113.64057782294134
117.73743416911125,3850.0731814205615,160.40211845198345,113.88270989487131
109.54093814170392,3850.2681999423526,167.83115601781103,123.780658247229
117.83141295654085,3864.461963258691,172.2717258533165,102.11413087595201
119.68194629336179,3852.1115198525586,173.37077154620482,100.33876686482598
413.3653854385951,3908.3102984757843,167.75788972719172,94.73625400113026
425.6827486522656,3922.926645259836,169.93212956250974,113.40475059319503
446.4843568721829,3910.4809874452903,184.94469375287346,106.43223072009329
418.1337305677611,3931.7729031441663,165.80443026230458,115.26586235575745
442.0652280165816,3906.8509207960487,165.7839002888574,114.97450922604044
440.6392577339691,3922.4703560731286,170.56025460748575,109.89242434568799
428.5024704584107,3909.6391731460267,155.5364701527553,121.01046872514684
428.7700734785163,3911.6979396941433,168.96155475016843,117.47487577535597
449.5999305962562,3915.511636808434,169.57508467831576,123.36505320250133
449.94075181834506,3944.247763411335,181.72310613146695,108.77819006251201
419.50662852649623,3935.052477725205,153.80189434136352,120.37158557814219
428.42029986548954,3944.2415977639466,166.84907630670907,118.45567999887209
434.9004292435663,3955.0854237298768,162.63074464121928,122.6192487423546
433.8462690209211,3939.0751418018763,177.76503024746899,111.75644191439592
429.15217767443215,3968.813976074441,165.42648192427376,123.89468668063718
434.10325440594374,3967.2423460190475,168.001862618179,106.36284869694353
900.3585301504604,3940.125626409146,175.6468801529041,113.48228879443626
887.9106228343165,3957.897468234265,180.10711559644471,124.68866899886245
900.7370057424761,3940.430513190639,153.0293039063896,102.67738984524975
891.9775042656454,3964.935146283177,180.36609447605016,97.53343179816305
926.3157588783811,3954.9821178029038,166.486130699208,126.50394949193873
931.9638342441337,4298.182837371711,159.12242010841777,114.64071270948276
927.1790668705149,4295.839717270669,185.3143812709232,687.7374603948621
907.5195224055503,4298.604200944944,152.759231951912,678.5983584932998
919.8325064629538,4315.251597672936,183.4746912155833,701.3818227303987
900.6645466732858,4319.816744012935,160.6006144055647,682.3467132002963
913.9769247084807,4319.893149709637,171.10263653999715,1124.0384697681134
923.8689309365083,4303.382267953893,160.63670896040352,1119.04997997878
903.1104238058377,4274.559122833043,153.96071484561952,1128.6099973071941
933.7703796151312,4299.587077088399,170.07103622380535,1111.8924137077595
918.4492171452538,4296.304885295721,173.1021947372067,1091.018151030165
917.2724981183372,4280.512457924257,176.00314771441813,1108.106338418968
921.8645446681103,4284.0403426678195,168.18771157635646,1196.8288378118193
919.5027386057188,4310.194032285002,156.07176171073547,1196.4230695668089
909.2594690994566,4308.933568757447,189.43501570177418,1204.2986888972064
903.4053251512798,4297.754748985809,180.4687854507156,1220.9764214003098
918.2575036299447,4292.688739900596,160.26550952575545,1223.5471752089873
914.4874658154607,4302.060939066709,153.5363160855556,1187.7611411606947
903.6565555332114,4516.102880738822,171.26842524618408,1201.8116103023274
924.8060165693929,4504.411045031347,161.43389867433515,1203.733496298762
905.0151741920563,4511.900116375982,150.47360044771239,1203.600713918972
914.782330011534,4500.825389992622,154.6026789229837,1219.746146785418
901.9843156929967,4515.344154956856,161.87628768061097,1196.4726060989829
915.9978353213305,4509.532155680485,163.72386205623985,1200.1799515451835
925.9152539020089,4969.314190056197,153.83593157895874,1194.263344498805
916.8574470150344,4980.677330284262,158.6343888574704,1190.3716271668761
906.2134910851622,5007.282187473316,161.44378979050063,1188.2783769828516
924.0979202387027,4994.257226685433,164.95649341703708,1205.091782439241
904.6341467293521,4995.852441020748,149.76356114236205,1196.049398890783
922.0823253244824,5005.810444900697,160.469350078802,1220.2307572541743
932.8011098219263,5010.30003188689,159.16351968012964,1211.9390175620351
920.4034509812082,5001.944356075454,164.27441553257253,1212.8382200223452
907.252670939988,4997.897000770652,157.34444118257088,1215.6995411418811
907.4736584651258,5001.38284413439,153.02413186454334,1212.5869050036056
904.0779335959813,5008.272325572258,151.7804163414654,1230.1212495704801
910.2475356117133,5008.948857198664,159.98136922398692,1211.3572957847266
933.941442420166,5004.317390844411,168.79171631214646,1210.9551189574277
920.4292340786764,5014.156254608284,163.7760533136907,1216.1811725079085
943.9822848243638,5052.114689457624,157.9598446482029,1213.023922737209
956.2002954034527,5045.521265192122,164.82469724699544,1197.0180492556917
948.9765128719068,5026.274966449133,143.12919149471728,1230.9420171226816
955.3619720872549,5032.30191210596,161.09896758389766,1218.5982636641932
943.6876276328796,5045.751765864793,160.78310730284474,1223.858171729409
948.731956406201,5039.94344981798,146.8467083857858,1220.2723063562853
960.8691529777082,5056.5090986430905,147.54966176328347,1218.9149732244944
943.5858593978975,5046.682308780542,159.8952071680145,1220.3789755803552
953.5781819054889,5044.777546700888,154.8410303254086,1205.0633108947181
944.1054660196788,5044.271931322046,147.53286657556777,1229.628262762431
946.3419291482043,5032.86377636437,159.45287373361958,1214.9704848658598
954.494328184992,5026.424933530754,163.65295827948694,1229.6137458777846
950.1242631820829,5016.987021238694,159.8726260147438,1214.044776892962
954.9381790494919,5026.588344530043,160.90453164963162,1236.6985695615706
956.4720994504156,5022.650432324973,158.64483967241898,1207.2486308720877
954.2997658053742,5023.666303677222,151.94411676983805,1217.5765445458437
950.309694801455,5019.409112718463,169.6481084905391,1227.9789390292124
955.1471219466181,5032.04433245404,161.5803837896831,1201.5199741787126
966.0874715799512,5082.960339724914,156.99426007901835,1206.9529595663867
955.7497903450193,5076.751919831265,158.07236850388455,1230.5520149674528
970.4518446351167,5421.038815728304,178.1617494918307,1212.4957094076603
952.6909558604619,5527.875449712797,158.1244612345909,1224.8062264428327
963.4518519175307,5532.428391866029,161.02551511965035,1215.9503964148655
961.3221634631482,5545.169676559166,159.91725717587258,1220.5389950215422
960.1485381362045,5536.853923185339,161.28027296398758,1214.204704606439
958.0057823868653,5541.087858201978,147.32518182884596,1229.8308481884687
967.5656510154499,5548.2770476606565,153.25333016436255,1215.7507297485536
957.1259797490754,5548.3994594024625,156.172785394242,1221.9997166271432
974.2680414505979,5544.875070432678,144.00212822856656,1204.4331937020893
969.184897186714,5648.463700645012,173.96258967050326,1224.3313077079765
976.9469668631866,5703.426665654022,160.87959073440175,1218.05774756852
958.7867470476169,5699.028106743353,156.27336006152223,1224.426126719208
982.8191007314208,5705.358499602235,163.4607178169268,1244.4619270073238
968.4346648971064,5705.416040992469,166.98534495604704,1242.5621210561114
974.0275106969707,5725.573957810025,158.49758707610977,1227.9291063570502
965.1479778458169,5729.676780617966,157.7946135153393,1216.2866710244282
957.0569432909497,5708.60232312326,145.46042605910665,1221.1435595471257
957.8068167178498,5802.760161317478,162.15912200115156,1225.5565580062823
968.2279258114644,5789.840218237301,181.73391206716914,1226.3129354960463
990.2710254349233,5794.269681736398,173.97879696724036,1227.850850795925
971.8465728923109,5819.810777401163,171.97249722989096,1230.9143300923104
957.6919850110997,5816.537988601802,195.64860558860886,1228.9341278686707
990.4619418126533,5814.534767022258,190.14881977967116,1233.343825848697
974.8867570317931,5793.175025844513,186.09381527105816,1241.4128846721826
991.2787817045679,5815.2333578099415,191.20960524850335,1237.980478125969
986.3282522353093,5806.122390594651,191.39594666254817,1231.2919034129964
968.0349701499316,5804.14527526293,198.44691066922815,1226.5686950644188
984.9615689321656,5821.807719261223,191.21848251995286,1239.5850081432393
978.9763404239478,5900.932458625414,198.45057033678322,1236.4137748812907
993.5791748686693,5921.157577258596,194.14109300909442,1241.738883408276
978.7077940983147,5962.369781959598,196.79540707990438,1241.3659562263447
997.3498071962575,5948.652507836648,194.23096052815353,1232.725441738704
987.9698824781818,5963.2821186347555,197.75336282150778,1229.9494380606357
995.4261736778221,5988.024570087238,199.9427402047443,1223.2457405596138
932.1755287683745,5996.428194970565,203.57402196369017,1235.6052549453902
932.5528712908044,5993.033416139717,178.16433004481385,1279.7005393865634
933.629416305823,5990.714289705336,206.37911640273825,1267.1295979932488
936.141727925393,6006.908944914213,180.9098779926372,1270.4096426326455
947.977999185983,5988.981247844247,211.67918865023498,1269.983251535191
933.9487969713547,5983.865893798372,186.12809736572038,1418.2180168698685
939.362979468306,6012.869107931778,211.2589369102992,1406.9714758217433
931.5758735999656,6007.511500539888,194.83820627789717,1414.8123224209032
934.3733308863332,6010.273905687811,193.12026659551267,1423.7494348750572
947.0757107218619,6018.029861927694,208.40293717452838,1404.9449488150958
936.7666355165201,6015.826163183363,192.41417479914313,1421.3326875583641
936.5597756058953,6039.633484095867,189.1633439744833,1403.1551801338285
936.2193329798614,6050.67521685306,200.08336268630705,1421.054013736025
941.4734905807204,6075.106789630044,196.26342575708753,1411.8833693877496
948.2381484323605,6062.802748121529,196.45550552391202,1417.5902911519368
952.837682570625,6062.028025330127,189.11649868166083,1409.2274354199033
948.7467425675286,6073.636497460149,194.41941965791258,1414.8390229442916
950.0779131623908,6085.39395945549,195.80644776786366,1422.5409679928055
943.7513859255283,6069.513519272771,195.21144014530572,1409.3803598828285
939.3539699188796,6062.668529578177,207.28468833656132,1413.9469016802086
944.4152358045615,6073.2091527079165,186.38485795072475,1439.9091161304102
954.7940944267018,6172.870566608052,196.90215077341938,1412.8883930957559
953.4006113516442,6148.766721900863,201.95947943066608,1423.4392756603884
955.5540427407377,6156.706687665718,200.8427521649502,1440.0338853887642
969.5453815090121,6144.09858743283,199.29388734346355,1432.3963808775218
975.743917104838,6146.996155688005,207.66423377670142,1432.9407239957245
959.1657202647416,6137.410001301903,202.71791513392773,1442.8516354274504
968.8510096134236,6143.3489534908895,201.18824404636828,1407.3372862203307
967.6494100542855,6159.051233248343,188.02735020504062,1425.2280384504115
979.5299355195875,6164.396942955581,211.9668012814742,1429.769540175996
978.3792057632523,6157.495823485963,195.78326057860895,1440.7057318025195
975.4426200995695,6168.843942847403,201.08573728680767,1413.1571993809557
968.5267747929407,6143.727567439707,200.23809961271516,1427.9447108468928
980.9043674284984,6143.140191399326,211.51294075989307,1423.5795990968743
970.0566689828149,6157.441802986951,181.16047782389725,1430.5714972698433
972.5231989120268,6160.094977075891,203.1272637164712,1437.3236906466018
1012.2438802697042,6175.104799348489,178.39481108771557,1447.576844921771
1014.2980651067619,6160.815938129853,205.70585593281046,1447.4125446536734
1011.1527330015774,6179.180918671359,198.1376270121903,1459.248145374649
1016.9559757893305,6195.687938105428,211.12490613445166,1455.502942147049
1010.2177699163615,6183.9559629178675,199.44990800116517,1449.813287263581
997.6267892101969,6200.30285462313,197.30069784698063,1443.4007477869905
1014.5851375563892,6178.737788098555,201.74880974170614,1463.220925275858
1019.0882616297931,6188.724480250863,205.8034961303093,1466.1337565354556
1028.6014452868305,6222.447823327805,221.27759987769866,1467.7153910597006
1015.298187495192,6217.553755999229,220.78491292256902,1461.9859230251848
1035.6736808621451,6218.980774775621,216.96014069782922,1440.8538445003487
1036.4984191879357,6211.1138017296835,190.2725796690964,1467.5137193256398
1023.3562320043246,6213.137476065639,201.98922205338894,1452.0550788510973
1017.4171071026433,6217.4614738423015,203.70848130964885,1454.7230176888631
1023.1959488005484,6211.459207280159,211.05825110883777,1454.8519672315092
1046.4195009666896,6228.136565330421,202.74304615796032,1450.7458371114692
1040.6203339834262,6222.899618796696,204.19303380451447,1458.439014002171
1045.8502000975823,6232.944390797451,196.70423239556195,1467.345875099682
1033.575493853579,6245.254836125185,203.34001413365493,1435.102027854715
1036.2749372015746,6220.677286290107,219.0004005290047,1457.196443504616
1033.9570433340837,6223.0186867474,219.9794320243518,1464.8840665901469
1045.3173701308056,6245.867029296779,202.6176598354575,1450.1938711083903
1048.811464339033,6246.74752987383,213.55956155914382,1438.4632298792308
1051.5349578206283,6226.122325950921,223.1625196723978,1437.5332294754269
1059.1516957562844,6232.2706101258445,200.1313646885044,1467.5206831696453
1052.317376588509,6254.071325674189,207.34130451318282,1434.5265672386624
1055.2224989429253,6226.663968325626,209.64457024153384,1437.0880263185256
1119.5281214432678,6217.468377013942,213.97879491884606,1466.2982940819818
1112.487244725698,6232.608451192082,199.10507105948372,1442.256635664512
1100.3591155818847,6240.098220282064,217.8289959262989,1469.5308831027478
1097.3390243703238,6268.570894486925,204.11068556988482,1470.1521099113763
1113.2199433552903,6255.221833129739,210.01990605963675,1443.6638407748026
1113.6105969444316,6263.604497470393,204.84232914861892,1447.780839933313
1105.2095020854726,6257.8360949942935,204.8670291837949,1454.582511673693
1114.9128051195762,6274.467985813514,201.72548399214418,1451.3755810175173
1103.6328579991357,6272.999444829045,217.18175815492205,1440.397858468503
1126.0744522852185,6280.536318342962,205.0139451159494,1458.2743976437382
1123.4454602290284,6266.105645678512,221.40850780886962,1463.0606472658933
1134.8008551430057,6273.389472621848,221.191871596749,1449.9625859575076
1116.1361059274514,6267.01478633716,203.20664856588442,1459.8963135670442
1133.8294177331297,6284.243183336194,206.20402806785103,1442.4060861235062
1173.0640545819995,6274.712649420073,215.28985615294948,1463.1973357834195
1164.9442468409943,6280.071354728723,213.93699551186964,1451.2559987696268
1180.80597338001,6570.539597063703,200.74876595931028,1443.6246978237994
1172.7060261666286,6557.580654507323,225.36166378755536,1455.271284985296
1170.7913921063723,6570.935704197349,191.9433554896149,1574.7666101749483
1181.9443538623354,6540.486531873177,209.23043070362547,1579.1839221101031
1181.3564011904355,6564.8953998086645,206.70401607790623,1597.6350544656414
1168.3944491331226,6557.5853924428575,200.42686053303083,1587.4645854412022
1175.2685196157174,6791.090859567468,217.86617251029233,1581.0984337554883
1184.1313908057418,6787.088215208646,216.65156022570648,1593.4462237223531
2069.8900280127973,6788.543738424082,209.2194999471875,1575.3123136686393
2460.850905245246,6785.941792334178,210.03342459730266,1583.0514401348403
2484.614222962575,6793.116799632039,218.50466878128714,1600.2155176468623
2949.1287920187465,6784.676771354847,206.1648637953594,1571.2914385113909
2947.0506926830026,6799.045745058422,215.83438238870596,1570.4413232511965
2952.791929299457,6800.780468971644,219.3637801927955,1581.417496818483
2930.1470859354295,6791.853003023699,207.71418888066788,1578.0489559518076
2947.770636156,6805.870179000327,227.9680715658171,1597.396225694086
2958.376864630089,6855.007221292498,210.3193734635756,1587.142546430694
65098.57554559847,6870.229969452966,215.04386254671326,1580.4857903787038
65199.48963187938,6885.928324305813,228.73556682231535,1582.5912722609637
65835.65127701542,6888.278752656775,222.9937401294198,1595.1347667467517
65835.98462872079,6892.511116899996,210.34387329528576,1619.01017206259
65968.10812896828,6880.1622524096865,211.00102446436603,1595.7139496493521
65977.02733001034,6884.826965448597,213.33507441445587,1603.8551594299436
65981.36156924776,6894.576682731091,214.73760895402788,1606.702699483621
71351.8935877895,6908.783171403059,218.5252629081321,1593.9440197124995
71369.86233597361,6910.984627236438,232.32422383689524,1601.297775598152
71345.05714338718,6925.296150295598,226.3870006268842,1604.9915623574366
71366.14873748194,6930.321574178555,228.2006422943961,1607.0291309451302
71377.24894356601,6949.463264548827,229.3194871869921,1613.965332227228
71366.07322391775,6916.8867888305185,235.88988791328936,1612.8171481346267
71413.87335027318,6938.507774420979,242.15993946997727,1623.5125449634402
71451.79612988835,6934.423671539474,227.8182689872256,1620.0020561496437
71807.79977405297,6967.879770729999,211.76182288220824,1614.1228351754962
71864.95476320286,20603.715807047523,227.89678005538474,1606.2391611293876
71870.60758826513,20761.227967039755,228.99263030251308,1607.7209503871852
71953.99450568932,20735.72306222828,228.00194782785198,1612.5938740079102
71964.9920098897,20712.0940526274,220.4771878507273,1630.0858280661394
71965.00366206259,20707.662213048225,232.6638507399465,1628.2811143447866
72028.38135678034,20712.852671575896,230.51571635969145,1609.1307874123513
72033.91636295825,20741.434860451438,212.26468821150277,1603.2832942819286
72040.33517716372,20750.784641556176,230.79053621152408,1600.0487707191778
72094.42737872372,20738.887626908978,230.28652292391803,1605.004805409152
72146.85439958991,20733.599713349933,347.7134121464363,1613.2213682451816
72167.22937058739,20736.093795489043,344.5725228121244,1599.9141269623472
72165.54468310408,20751.080586758024,349.9173335752647,1607.9660042643293
72188.4518764587,20802.27014025299,352.86610674254797,1614.5380126760049
72219.78845277138,20781.739857400597,329.6933420578141,1641.5401822724798
72245.09779499445,20772.704248185055,330.4814961413033,1658.9975676337613
72761.72473935531,20784.898433455975,328.3942923147916,1636.1646642266687
72742.52327639094,20804.105432485663,352.3348128890601,1635.4715701134703
72800.28835127113,20799.749644144937,361.2728828289661,1640.0488234760064
72847.45846823581,20796.620109306943,331.1731056539208,1650.4548998619139
72848.67576534113,20791.46219357068,341.7521368953133,1638.7782906249645
72847.85401570969,20804.604174296896,351.49117549126083,1647.9663959056834
72887.702109023,20814.32383445437,344.64859710375373,1641.117317329773
72893.29208324447,20805.874188331094,342.9532771605831,1643.5618099059323
72884.7751583206,32784.86658678491,344.52584039689356,1643.4527139269892
72907.96716720595,32818.950210135474,345.85612686750517,1960.0507612588656
72905.96169152163,32852.04559611977,344.9258601147723,1961.018103390255
72923.35114831135,32894.942473235446,346.7632820674384,1961.1889628664724
72892.3394379612,33153.71319985596,347.0435025149346,1981.9283478951636
72890.45773695786,33176.3977018695,339.0826469526538,1958.8031327382605
72900.16945056485,33158.73457693255,349.9376342230805,1973.5021371073626
72996.13137413953,33271.110515500935,345.39289664916515,1978.4621278900097
72958.94503587009,33257.28935514116,339.76636440850996,1980.4367639837913
72932.51405780834,33261.710955194365,347.423287659353,1967.061317861231
72957.33855357932,33544.62111012289,344.92777122590127,1984.5958865379998
72974.69365788689,33627.977728685204,348.8242922714894,1958.8873603000313
72150.91424612742,33646.711534686205,357.25386405034,1956.6325875254702
72154.42652651109,33617.85728999715,352.90454780516916,1964.7062036067086
72163.27056780204,33618.6436309037,354.5553585428365,1971.1318101271909
72106.93792381516,33662.08600894219,357.27214166711553,1960.337940560748
72096.74118224152,33656.90234104203,341.28712056389094,1962.4998989930891
72079.60654509718,33650.28641175992,344.7858996909597,1984.5093987012967
72068.76936586406,33644.01850479553,353.38717759980636,1973.0929605974989
72079.25076559947,33698.50685854409,358.8605845156449,1989.671400400269
72098.31481521283,33712.049597101046,357.0735941257691,1972.5031118591455
72081.68911532543,33699.431650813734,351.1973053693712,1974.7423228857133
72102.37952293549,33710.48191296749,347.5516230706665,1962.8296974085276
72100.46423000436,34919.40486000313,358.34369751136484,1974.927406063412
72124.51625917341,34925.16513287605,345.3561781523235,2034.1245114700046
72107.17082111427,36107.583327630346,365.5024320865634,2043.6977552243716
72279.4524119741,36202.7227438775,358.03873899463434,2033.2200268004726
72258.71702693313,36222.92403090854,352.39214115249615,2024.8080758182555
72243.93109721981,38696.75091830214,369.14283810786236,2027.743802501698
72285.46490315897,38822.823129912635,370.0097346918344,2038.5027914699301
72276.20846975587,38827.80745119095,353.73129944967235,2051.183266042353
72272.96911346927,38832.15846308758,365.5245668226729,2027.8773722962133
72249.52629465917,38813.247596368376,355.24964018963817,2022.2696750627344
72132.67212938514,38820.52805942457,353.3366051511074,2039.4625895859579
72160.61330382703,38840.77083764039,383.3815711818716,2037.657494428238
72177.72199488021,38810.1326892475,368.32215446839444,2050.4200927750594
72540.16663624812,38825.72146315996,379.9993564644385,2057.452020912449
72529.96200086421,38843.01908309945,49.53592938932831,2055.627309335608
72546.88409343663,38806.37592168019,47.4514404030159,2057.29947440514
72613.86596957587,38834.83425806786,47.60745021199012,2321.8262768927702
72600.16693638536,59828.48987433018,53.58789407259394,2310.303752612758
72609.63372095345,59876.27588750537,37.50152071202779,2296.380640088522
72754.05165746772,60073.33208189493,56.93190606931964,2320.035026671178
72793.01361570237,60083.84026421673,39.77102403490179,2323.771978853459
72761.06440762072,60164.62505089975,54.58340625966055,2309.2044544180885
72742.34652346093,60168.16113902507,55.204662416394264,7560.9851748748715
72807.37379557155,60195.187666461,55.56725702597897,7572.6372964159245
75701.10966976458,247889.13963324527,44.974518894611954,7736.202676151514
75536.18246114372,247874.47972787116,40.16054014079757,7707.119816193577
75566.7556180221,247900.96524546383,48.938735740030495,7745.061290481712
75563.30941055914,247967.3891593105,59.285842728359015,7734.855842657748
75591.38761321563,247760.99576314105,49.11621917839849,7721.933368153738
75732.4359797208,247747.94930133992,48.54746904154278,7739.42657208832
75730.62769286237,247715.92395999553,54.24645183758772,7720.4505070405885
75725.55655996238,247776.78734629674,50.99948714799572,7750.342085313734
75680.44033869426,259286.42191425068,58.518221447137634,7728.138155611802
75669.69459486165,259297.577918563,66.04228299836163,7725.272685325904
75657.69330663962,259837.0370952393,35.00795595626441,7731.877084619184
75691.15165978779,259779.32834262957,48.555692089005575,7737.540748714045
127566.13474649166,259807.07879089055,22.638681741972007,7757.384054761808
127592.92039274987,259883.6528993502,25.046541194494512,7717.614773996385
127687.55458091185,259382.36795833756,21.314779207917656,7738.120228379869
127677.13171507069,259504.3089068278,20.46057477007696,7744.449143756498
127704.61307072979,260126.7731849328,19.34146552122824,7762.332978326634
127739.1299741115,260104.3529275452,35.92857645111602,7740.13625306692
127784.80929289182,260150.47037397075,21.94400958887605,11346.610339573992
128067.05452317867,260100.2150955281,26.087320745091038,11335.153549263361
128168.70216637269,260076.19707452948,14.594609169895744,11352.418004837875
129597.6788960688,259985.6712023275,9.539862182651403,11349.916852022387
129708.01919614896,260019.90727394336,7.514506334900963,11392.866380832085
639974.7512043109,259983.39962615308,4.3915667692107645,11366.998065613257
640331.4630837513,260054.91635340464,3.770738007636023,11360.423826750213
640430.5824597715,260062.97182695192,9.9747632183182,11367.56456065145
640394.9629704558,260053.55124702366,4.143563835970866,11369.792169851264
643470.1147808463,260170.9037393123,4.053982568245332,11392.607593855764
643541.2100852506,260151.58481385373,4.8728957679463365,11355.350805853526
643634.9944055515,260197.31861183807,2.819002432770028,11361.884282017172
643700.5319881417,260211.72498528846,42.20747907323004,11364.029322004433
645154.4513263595,260436.6207396825,30.17181366128696,11407.20122566068
647188.4043912621,260391.60141661647,17.04688883862782,11399.974135165048
646733.7109025265,260387.10370373976,22.410109884616688,11401.404195126079
646779.1092477333,260370.79738630724,27.47659766630045,11425.028901056816
646781.1094719216,506624.359038576,32.69380811678736,11432.580789794136
649754.5052444264,518161.5684929076,19.207786071590814,11467.377335496356
653949.5769158897,518451.38041609235,23.99369671522266,11483.408282805689
655663.7692503118,519030.9967314156,37.7679143653035,11482.199688347731
655666.09495269,518865.46161027567,15.208519885621714,11509.453082400505
655738.2857781455,519063.87733424583,17.000227718721433,11493.140985884029
655841.1891859211,519160.8863100997,21.056740273312165,11499.168407230442
663664.7235769621,519082.54642998456,17.798040118315463,11512.45863537807
664057.2173628772,519116.3765459349,21.574841216763637,11531.012864898004
664759.9037504378,518730.7293809041,23.474849228825796,11523.390782737886
664966.8349610626,518852.33838413673,22.847874174697356,11552.052929753216
664887.33154259,519117.89207867126,31.893662860926106,11546.937607911173
665361.1129635163,519314.7130008872,16.55414493571512,11544.695690746574
665461.7555860901,521776.6263514845,4.006238287326424,11558.130249421987
665578.9128807952,521727.4493958984,9.649606115791483,12109.64936718855
665555.9887777563,522343.3758214641,3.9481354451271824,12120.824350585193
665703.1901303193,562611.0479815182,13.863484684060708,12131.105524650633
711575.7986771388,562489.3332827191,4.201442575860869,12133.76082546236
711549.5061524432,562251.9907719166,6.385966854950733,12128.27814659096
711837.0865499421,561345.546337543,3.559625920656977,12727.374555460414
711782.1873830183,561763.6927596634,38.893462271823154,12722.567782084634
711733.3545178161,561835.8516581621,19.53968617312365,12724.492797402716
711762.939454299,562686.323014004,14.316659211724424,12705.503184915604
712316.7236190536,562669.7729275359,13.831786128544474,12742.155936172194
712449.322984931,562648.8851200964,12.29973807390339,12722.021096453554
712374.5222345677,562765.7591004537,9.426277254007104,12719.993281304512
712389.8443781818,562883.098785969,5.964991342688,12721.148512310823
797511.7196319443,562770.3136053468,4.761509587481433,12747.283489068666
797485.2403980463,564076.368396988,37.28700558954459,12717.278824284182
797347.8463372602,564127.8951170949,22.324663242012104,12732.742867904319
797140.3639366794,564211.1775415156,19.387316446785658,12740.236909679872
799649.538216018,563921.0796270845,7.333493004283749,12744.847923094112
802796.1570969212,563771.2374746262,4.60381925762836,12745.821667339042
802866.3053597343,563947.281556891,5.6437838070206094,12746.315113881084
803522.5988336256,564391.6370704465,4.163268996461962,12751.329040787876
803625.3666520448,564546.448464394,6.885046841842058,12779.302460712923
803400.3029547655,569106.5611973567,3.527667803905491,12767.726685605447
804234.8361486488,569103.2105493468,24.41554983166639,12804.6028328971
804067.0843756323,569494.43835011,18.142159212455237,12820.820408482734
804183.0446155458,569678.830759091,23.12476820345746,12831.906972371871
804213.5068067389,569490.8182084284,25.490785570202494,13090.985476518063
804316.8684984923,573971.8374228011,33.506776407641034,13108.956343119124
804470.9636734051,574170.4011514803,19.79364325135235,13116.727972159413
804408.2181479135,574607.4333892107,4.57999543791596,13083.396383764251
804299.8666918996,574670.460174135,6.223863501828885,13089.465579170728
804194.9946595067,576826.2949743062,3.9175195316189027,13095.200483572522
804055.3491830513,576904.3177854299,16.82199415280132,13106.0489124302
804807.1573863442,577270.075659898,16.42670938685791,13114.709683177532
804744.6784863817,577257.848592824,13.252341391481897,13117.913392397842
804939.8297084919,577148.8809385077,15.038562541792418,13079.415850155601
804442.2861367662,577289.3537075145,10.027939929373984,13074.43065083422
804621.1760505508,577847.3651954436,8.460850118317811,13072.967489281216
804771.5556458691,577870.3068640496,4.503849173170096,13046.551061737635
804620.089184373,578059.8741335294,5.097300721777126,13056.541209207406
804802.7319508715,579548.3661280482,24.19988560350672,13200.1235279799
812243.6138975051,582341.7637395323,26.305988309535962,13187.085061831487
817012.7332817345,227102.38500265894,16.723026681823953,13219.010788238862
816935.6868473125,228624.87407744877,9.326814623945808,13197.543444571622
821639.3871157592,228588.33994122242,3.8154098624515567,13206.667421301388
821794.5699189751,228610.11079193655,37.61402586153032,13225.192825745902
821803.7392896095,228733.8356669926,5.343105254688874,13205.839724622321
822086.3359939397,228701.01051204727,5.048775923424196,13224.221902283172
822107.9079301934,228809.2617975737,5.820866491411677,13201.13019934086
822220.9579565568,228778.14202105824,4.30920478955755,13201.441025207994
822158.7462065101,228749.95071580194,10.87471500987678,13209.429803713196
827369.2688268622,228796.74029106295,3.975402078190282,13200.52957690295
827613.4684986853,232017.87132339092,17.148355172528813,13216.914497377375
840796.9526613859,232230.9707011781,4.79325431501629,13216.038880704404
840567.695999975,232606.3788506625,5.533311242944346,13236.997884823775
841274.589319834,232616.37788581,4.383219239965091,13220.225681276763
844098.9809545914,232775.60355104177,7.588882610796956,13221.305892133001
845019.4722510668,232839.9847892367,3.7768527909037846,13233.676973317324
844765.0362007444,233530.5429492777,27.939083730782414,13230.25937739725
844987.5287044235,233624.75782565243,28.930013955067345,13192.60243147416
844519.2930938763,233675.1347329852,4.641199634728361,13257.24635064697
844929.9446784741,233700.32737182165,7.700297054889693,13373.405769770874
844829.5398834274,234431.45518596878,3.803981363798278,13380.486975247117
844816.0626578954,234390.36330599053,29.58264716610944,13462.281265995663
845064.0792269063,235781.91122781133,36.936083143722556,13476.560077486783
845057.1154223677,238449.94864603615,23.231638109864413,13458.755981708913
845161.5980015649,238456.93840529746,15.193365944268779,13477.090959189984
907365.3029896672,238419.1601435523,23.65048734243294,13465.337463766575
907156.6281717323,238246.3800003843,26.30125277052143,13476.167760487004
908127.4549296122,238147.29224701354,4.846749122836252,13469.318231229965
908318.6421692907,238911.75498816173,8.650857788423567,13480.392222655037
908874.0684981232,240007.80430843707,4.59041229104765,13473.994612159911
909204.2720151145,244030.6932711432,40.73875571017878,13491.018427505494
909738.485854859,244116.14751032353,20.587580933574493,13503.775777133656
909946.1236816206,244075.27434362576,4.641460638476376,13550.941608944197
909983.301860864,244049.3002357656,7.833019099872273,13555.508961051512
909936.9845227895,244044.1619628691,3.970792437058954,13552.86113561135
910209.9270928134,310868.2972611701,18.896800862695482,13544.314895782134
910154.8790551072,310806.87071662495,11.2692287916689,13545.315943046207
911212.700740537,310782.1685090399,6.2432592139735705,14491.271670904254
911304.7827308929,310740.91344629315,7.910134157708273,14466.872987083889
911323.7508505633,310741.37929356616,7.379124431337396,14541.433860455109
911690.6881480066,310701.45301893866,4.6301924294880195,14533.120710510975
911800.4137664696,310807.41691267287,43.08983135208095,14635.449684772782
911699.2164895238,310861.17940790846,31.13294547610638,14647.883027623458
911668.6008211115,312081.2316813823,39.6623966529702,14648.077825711092
912101.5347348122,312706.9116919433,37.20785967500088,15572.500481802068
913126.6590969462,312794.82802310004,18.830906679439806,15571.84921795964
913498.3021260202,313050.88171207125,23.848504992898015,15579.63825196663
913490.7276893525,312890.8339007203,41.59338450776247,15590.002226002534
913610.8276339093,314518.79471812915,27.643011152104965,15586.611276360607
916814.5602817881,314669.948104715,29.3501585452798,15590.536396512849
916975.0672936178,314719.16593671666,38.60218062953075,15586.350337873064
916965.3719045906,314770.39436119236,48.18624767935333,15576.679688071677
917675.5285643672,314648.6085958125,38.65542608313511,15518.583007204685
917801.2254252149,314955.9659151583,21.06996983032986,15510.67413107007
917854.9485557992,315022.54692094075,19.056797516496438,15526.062997655978
917938.1467227333,315437.65632225154,25.192130569360657,15533.414513232205
918139.3494294602,315428.1321891332,29.586205391423402,343070.3604024261
918343.2099314401,315508.07957493665,21.42873478977531,343111.53015246004
917622.9073967849,315650.17800894455,16.191175945381925,347054.0713851891
917437.2599736385,315850.54173712624,12.990541285369249,347113.9493925174
917605.6379763421,315938.8475363134,26.405233175397015,347198.02815187536
917590.9604124691,316679.6425396344,20.935549217727452,347043.97613665496
921052.9669043855,316776.5133425927,18.576100791044034,376702.9038997056
921968.1530329223,316546.84502478805,14.982384854335121,376839.2983211966
922249.8815247089,316596.2770320193,41.15571631371666,378564.5295884545
923783.9734539238,316678.05310542794,38.39973826609752,378573.97857094376
923788.8454228379,316833.7395996791,37.92571958833514,378577.7761116335
923491.8060508026,316859.60961329617,19.169077882465487,378871.94293003785
923647.5677837335,316920.9066773897,17.57122808463853,378793.82723959774
923930.6726514186,316872.29201171687,16.563085508545292,378955.974035714
923854.7467095363,316943.5092847279,15.769967244601503,379180.7828454584
924463.1725216664,316889.2045621444,21.104855862341697,379148.8615779184
924494.7751543463,316803.1229577928,13.690303439116136,379085.6306450014
924429.0293482282,317697.9533791174,20.591161698292144,379388.7109120876
924331.660237711,317628.98428973736,36.84047681157923,379341.2399171522
928790.3558520931,317644.32052543684,40.72015778140216,380453.85275859135
928709.3127010785,317672.5533468199,44.71198713534357,380390.1731490165
930045.1837020747,317732.83725576825,30.40122735581845,380346.8378012237
930093.5413779226,317790.2166497768,35.740875417970614,383467.4310178904
930259.2045551082,317896.52051583066,25.66894432982578,382810.45872130804
930249.3820305212,318327.5261852849,39.0450076044092,383034.4231525872
931681.9529165035,319281.2217009524,22.919669469899507,383139.8625369018
931817.1531368126,319814.9380780932,22.790304456925643,383316.28768547403
932451.28480213,319808.1082887641,27.68806372946973,383989.0430828791
932407.1142022784,319874.95667809015,49.91110092493431,383934.62988221
932472.5395998154,319852.2419351266,30.76913446942898,383873.93825768976
932598.2670662018,325109.6216874202,30.57444145179916,383964.42439698643
933130.1721808036,325227.2962709402,156.10414132335703,384202.7424687497
933145.7070463669,325322.10360233526,156.21026297828058,384212.0898477128
933933.0343997516,325617.1458849487,151.27171089303695,384357.2110089193
934137.1489283808,311917.7422927099,171.66304511799865,384422.21559894277
934351.9391288962,311878.02325420536,155.42745905595558,385527.15480608924
934400.0935575833,311921.4768551807,153.2255545238431,385613.74519612204
934588.008157599,313905.29117771,169.98908969789798,385594.71108767757
794289.2266187988,314921.8376462566,144.7232026252706,385542.299028808
794897.919231689,314985.9863011375,165.58826728503465,387286.36493065656
795069.5266119015,314967.6891555089,169.93502212329446,388278.4594428618
794859.0371011596,314969.0780289931,168.99652793219258,388320.644671359
794959.7291415372,314957.71654605295,144.9595108502396,440086.2068921774
795288.8882535484,314956.5397433962,163.53772805125266,439998.7534523438
795405.5812777536,314818.15777739894,140.72266520148716,439932.9064587119
795419.6248530605,314787.0146401672,158.4961154045231,440117.99143741705
795451.272317985,314932.058989721,163.54443897411986,439660.24541227566
796178.1112585814,314974.1651673157,153.73816674941196,439874.5709092715
798400.2355409919,314967.9087073733,156.42794416205848,439839.5042354995
798537.4541304237,314977.691114474,141.6567391536711,439815.97106219566
798496.2357850629,317670.8181526791,166.2765905030425,439815.8469121567
798668.2027594054,317762.2371532521,151.34688863580055,439926.270575519
798989.9891505874,317589.19157497026,139.04209244907673,439950.9707155928
798938.2443631933,402581.8390430837,155.3548239125937,404305.5402694038
799824.8469031242,402799.1003221756,162.84279864545454,404403.14670968347
799789.5372748394,402808.1893093674,153.76583644606978,412559.4612089224
800080.041780996,402857.2439064556,140.37040531193256,412639.5163916434
800059.8839786833,402932.1836924915,155.03889034864926,412529.2877243495
801156.6587033557,402863.938952973,145.5041599388077,412636.28026826034
801049.0432556822,403394.17650434835,151.6840571464292,414600.520455001
801702.7109688625,403485.66955488385,148.75383055067056,414651.6821847326
801718.6811336812,404096.1006449207,147.39073763463537,414689.52806744276
802854.7548966929,406586.07536808227,144.92900930928127,414790.376927214
803004.1690177586,406627.3163402702,170.81121054662924,414748.44098135846
803415.2694459808,406605.9335048727,159.42089317216139,435670.20414888865
803353.1765632656,406632.83219939383,155.94444520228606,435618.63905930164
803041.2550226001,412831.94561598165,163.04436711660296,435787.938590978
804241.0286186046,412869.84001002647,164.33646760795733,435653.4384638007
805421.5919124394,412742.739278204,157.4504746018937,440213.8856810515
805442.6917814,412673.01637622557,153.50955505434737,442590.0775224351
805818.8740994581,412580.3851337982,160.73920345902783,443616.0876526699
805940.147782736,412513.1917895322,160.17363252081714,443586.0920444049
806255.5793343222,412704.3633679991,160.71436980154937,443637.1589739296
806479.8699360988,412655.4416036029,152.12981400472762,442638.2061007553
811249.3589221616,412597.92658271326,162.92826280948992,442741.2429504182
811311.0102007302,412623.60168058245,162.12201507825844,442868.11287746025
811300.2433564467,412594.3072417329,171.0204025879372,443175.74496060994
812431.123372961,412664.5403953674,164.67659022240923,443204.7617550629
841971.1282516608,412996.8158282609,163.99702065728812,443462.00338412053
842154.3418001406,412938.83031506836,170.01129040798486,443495.74433739606
842398.0810625281,413375.8179959619,162.29979157102252,443647.6924448378
841685.9767312795,413580.4494670417,146.52632822388387,444197.22492073785
841732.4602667931,413468.1196489955,177.97591925053396,444152.2268004489
841647.8540829414,413495.2201987936,167.96177943901733,444085.73676206946
841539.6449386027,413798.37511203403,148.8905492176399,444181.53195811715
841479.8149192327,619207.5689349181,167.69446717412944,444203.99472253025
845441.3903559421,634246.8639865605,165.85378509957116,444260.5474187983
845618.9607315835,634196.1354261796,172.01548804922382,444185.917282757
845838.3523999024,635262.1127939753,169.0445859764348,444293.99904902204
845954.004264537,635387.7387010922,178.87241162065348,444232.2772991949
845995.2544757976,635305.9520930994,170.9465069014082,472739.5622140415
846360.7842144896,635332.1539774467,171.83182734884858,472832.6599444758
1.4350163737583733e6,635699.9273108004,170.90481652380976,473667.13062999106
1.432918589490814e6,636386.9034622504,157.02630178700886,473749.70147987
1.4361566098467917e6,636313.6851767012,172.69882719336877,473817.72538789944
1.439380151127197e6,636449.948157805,177.45076548200558,474137.07505058206
1.529263494318998e6,636823.3584874371,161.45024980554842,474315.1235368867
1.5292502052337355e6,636761.9421144904,177.0424307235583,474537.29128095915
1.5290441534889396e6,636859.3420406511,154.54129295453058,474487.53728182096
1.5335038155523175e6,749848.3810173112,153.92761183837322,468436.3122116577
1.5337175423002902e6,750154.8835231587,182.58401417586845,468462.8599202687
1.5343103970986942e6,750303.5127863748,172.17796667895138,468400.93770177837
1.5350596919659397e6,750405.6693749188,170.53183647624923,468429.25974522246
1.5394650708125758e6,751152.2370741393,178.4455241836094,468546.09069641615
1.5398200808444696e6,751022.0868928225,171.93274383642725,468640.94185979996
1.5400603195511447e6,766090.432650506,173.11143921707256,468649.8823035564
1.5398177470207224e6,765836.0751497758,184.77828855344467,468663.4787379459
1.5399006677575253e6,766363.9190591759,186.36418768944392,469523.72327453794
165233.8671269981,765757.7950501608,172.06491865748956,469318.0351225868
165258.46604426624,765956.826785751,171.75186254141315,469375.96485768474
165206.04897046092,766374.3872145816,158.28102917565178,469485.57480595243
165216.89747452433,766790.5529611637,169.811557277988,469372.9054988336
165189.08808077156,769829.7374946019,165.11087267691366,469578.27331711
165255.35949184353,769955.5538927965,172.5767002611923,469665.23645746853
165271.5355910125,769851.5269252995,173.31083222935527,469703.65573211695
166395.69767715211,770384.3052908095,186.5765979640055,469673.78566836275
166454.25013301504,1.356351579743565e6,175.53739349641126,469887.1886628994
166475.77363884123,1.3580297897171502e6,173.19634685278172,470955.33502169186
166509.49333616093,1.3582507484442445e6,179.76611009682043,470892.4123797958
166479.4297622261,1.3580923288160432e6,172.35973817612881,475149.28063671646
166531.00388688667,1.3582747388882474e6,173.50417903401,475152.02616081166
166871.77229489828,1.3580720698051928e6,172.28028175840612,475075.46326183924
166980.31285842863,1.359633225825738e6,176.77457238830326,475114.33397144725
167042.74309003065,1.3598529079921464e6,168.7127831020087,475182.5410295132
167073.5941112028,1.360014770021578e6,172.8945107680099,475141.6944125998
168779.9547980548,1.359849869433108e6,184.06768931860802,475162.97267990914
168810.75643449565,1.3599551933320616e6,168.76299197158576,475285.5211118183
168817.01089342122,1.3627642446596744e6,164.74988490796733,475388.8206984218
168786.508091878,1.363895558291091e6,184.31651844473245,475419.0506881891
168699.18866372423,1.363527800303366e6,159.85617729899656,457845.4908049874
169167.14162854358,1.364895172866258e6,175.97299148461056,457859.78739734646
169172.0487036678,1.3651917362864653e6,174.0015426617358,458570.74136600876
169129.3777607854,1.3654755544301935e6,173.1229973518376,458653.00311708055
169060.52810383102,1.365175959988035e6,185.85320939905367,458509.45493159565
169232.3456574359,1.365572854397951e6,182.83123575865284,458635.239986488
169226.8598851431,1.3663490727610413e6,175.8819199887533,459446.79318458645
169203.72804423975,1.3665415328526336e6,180.3876378533489,459974.3604230498
169180.41953480727,1.3662212471741454e6,173.39517232557483,460002.2134962052
169274.9140855575,1.3658992015943786e6,166.40144388197,459898.99219876813
169264.54534184485,1.365712593537199e6,168.0056228349166,460244.49413963757
169199.76862963403,1.414898349147912e6,179.68897146432778,460422.013309213
169247.4340707339,1.4151110958053262e6,172.6782988631643,469596.5960397399
169296.69661111818,1.4145032661542026e6,166.43753881683904,470465.88314201415
169543.31686030107,1.4143364774414524e6,170.28292573335642,474759.4748006164
169526.92995457098,1.4146973973647682e6,178.57025370371602,475150.3693527199
169789.6837887155,1.4145606260201384e6,172.93251676832648,482980.2804701769
169743.48054846184,1.414474342191227e6,181.85814626523467,482888.2329977589
170958.9436008175,1.4147368300642513e6,172.97880345964077,488192.7481412018
170846.6946440282,1.4145572529720243e6,161.86648659539605,493251.60027499334
170823.87922201943,1.4145721418197155e6,190.7255358046102,493426.6120329704
171793.7542497554,1.5075229791883547e6,173.67119343958004,493950.2171160784
171890.99510725192,1.507339524763549e6,167.33522521818114,493955.26926915016
171900.5933782966,1.5081046826078552e6,157.2199789566381,493853.72823486174
171930.08056562272,1.5080425886310835e6,175.11970031008562,532379.4971947056
47239.720733630405,1.507613923764317e6,161.81197370956758,532474.0609234923
47225.25059205083,1.5076606836265372e6,186.2071331858054,532384.5078172709
47273.69365236213,1.507549463107855e6,178.5757285565857,532780.9989723543
47253.46876189832,1.5073017135860363e6,170.60465996698647,532821.44593725
47323.58016131641,1.525409816390916e6,173.99100130232102,533039.6214903026
47314.73105303616,1.525241100795619e6,174.8048563737406,533108.3274050858
47326.93493438473,1.5242830140722415e6,186.98904927828994,533313.4579534624
47338.57918180092,1.524126689638317e6,186.62178753074116,533465.8969088858
47750.56080768364,1.5241225889944267e6,180.1225401017488,534168.0726386673
47757.488108559155,1.5241162251376482e6,175.67470727220712,534234.850502531
47738.82184657046,1.5240742281730985e6,170.85493191154143,534195.2434696492
47734.068181771596,1.5269645165748473e6,176.7864777739277,533962.0633818007
47751.617791118064,1.5273532109954134e6,181.72452130874547,534068.4053438507
47756.37350149753,1.5276654995967865e6,184.2301293768057,534150.349834639
47771.87518363105,1.5285982473757174e6,193.40183453711737,534401.416961106
48209.160491542134,1.5288218005521998e6,196.03054583365056,534315.0558829724
48208.15459625487,1.5285878680885842e6,178.49526712352468,534821.5902853424
48231.693751963576,1.5284914179594219e6,175.62263758326336,535172.895097857
48257.96660667136,1.529171430747459e6,173.3980169726169,535186.9618792452
48454.35552333055,1.5310936878391292e6,188.36987388123273,536664.7318169627
48462.87242872736,1.5313854339484896e6,179.22004064575063,536525.9238614998
48519.973565669716,1.5310084556378382e6,175.41672504394845,536465.4514213483
48536.66652803162,1.531231452960702e6,183.25323985136436,537034.3058788414
48547.34476232197,1.5320621780145452e6,173.91850182734015,537055.7489105737
48571.28832614252,1.531486916462853e6,181.6727459060847,538403.5535862821
48557.23259375224,1.5317736143187697e6,181.06612036298105,538417.7378169098
48558.48290481976,1.531616108345395e6,174.3267613450972,538596.6493902778
48590.44023100808,1.5319233937830052e6,182.5953686509806,538786.6107745677
48558.50838738808,1.5316691792244692e6,184.08356798438126,538844.3750501011
48614.003233514704,1.5320397816769832e6,169.3057097646938,538235.8849196602
48625.651241845306,1.532304523502895e6,185.99762741564533,538582.4583984456
48640.29852273849,1.5309793184160758e6,180.9481676262037,69971.94632545002
48674.133259240196,1.531449879961292e6,184.8878426619131,72448.5813149512
48676.42979634288,1.5318197128142125e6,181.8883015970058,72459.1899489305
48686.31416796891,1.532012371514275e6,182.8022682949489,72456.51678513152
50596.522315144684,1.5228795050866425e6,186.38051629062107,72454.48195943129
50616.91060893274,1.5230788719012968e6,182.70332366165582,72496.10387814525
50612.63420191497,1.5237632760659622e6,179.3777566206166,72873.10237353713
50621.66398254805,1.5202599506813374e6,180.31134844238943,72852.74042069043
50662.31944580388,1.5204692918810705e6,189.51021066419887,73447.51100574239
50692.492614651805,1.5205410916153444e6,186.84985373754984,73466.41567910786
50693.562242399865,1.5212045468600704e6,184.609942070677,73435.75725671698
50751.24643144269,1.5211608953160208e6,184.24224551805133,73442.9070453995
51700.99693005034,1.5213692549467694e6,185.98422668217563,73427.50741685925
53493.003347474056,1.521382248393652e6,202.0430736358019,73563.51261057168
53489.29600795498,1.5210867172906268e6,195.12260456505123,73599.30513920033
53461.991338543645,1.5216604029507574e6,185.2315387393967,73719.08225436126
54087.81500285358,1.5213052038637225e6,195.41213087488836,73776.64984239545
54090.486620205156,1.5261735591328095e6,180.25509626256456,73795.67646937488
54088.093230646395,1.5271520822287425e6,186.06706051375767,70009.53601140801
54088.94885301076,1.5273825652194552e6,203.79304071106193,70012.3863857017
54114.27866755904,1.5272501526863005e6,181.1111659155511,70062.20063891498
54114.73199442788,1.5307254593647611e6,195.3453860866102,69996.59231583703
54143.40003789957,1.5314146590732115e6,187.64605914642715,70004.17503436166
54143.277747140186,1.531594646974049e6,187.95829104270248,70011.02129500752
54139.23508541099,1.5315781924313304e6,193.25747747291766,70016.93863278856
54144.8794055239,1.5347418831881292e6,199.0789096787869,70172.44079366578
54170.4870921443,1.534781439587922e6,200.19810626804664,70279.66456842347
54182.019289276264,1.5347917376994828e6,187.6015646869161,70460.02541233221
54199.69162221418,1.5351551541794282e6,189.82299905759749,70494.80082070973
54214.550785846935,1.5356549312933523e6,201.5777312890342,70480.78473302387
54240.69571156417,1.5361192361752854e6,190.3448024664326,70489.89753904892
54229.81674605355,1.5367690445130977e6,213.1681519196837,70477.03544423202
54235.25937497752,1.5383407115460124e6,214.261903737378,70473.76353029064
54281.74800227453,1.5384678811341953e6,211.82478146246766,70481.92030073352
54251.20221005271,1.5405806601594293e6,216.01398242571085,70588.1551174658
54274.31951576344,1.5413837533936382e6,202.71593650456148,70608.87967775835
54300.907741097886,1.5423083786788383e6,234.4374246884257,70590.79755560505
54302.4598596182,1.5425382426918342e6,234.59386143950837,70582.00338384222
54283.837621159815,1.5423653725368956e6,203.78524540797594,70602.75759500462
54267.2477890487,1.5427390702585108e6,221.84224107640995,70611.5647682875
54271.003533946634,1.542847162838799e6,224.2875984429309,70596.42140842356
54279.724864744654,1.5427593019457106e6,205.48226272225529,70598.61171037173
54274.88502397036,1.543532669912915e6,210.2661006408007,70613.34493421644
54249.742629414584,1.543344257061399e6,214.70101823692193,70801.48765427942
54251.42918839838,1.5435323958653873e6,233.21427789240502,70755.22704603305
54259.06867411237,1.5427330436235429e6,204.76797882346807,70739.85909879323
55407.69721290032,1.5429807377042207e6,228.9466816043999,70733.5016103271
55405.337884468776,1.5428938947516817e6,218.44013737939895,72558.94761250592
55403.17980291411,1.5496507587093506e6,227.55055313232566,72594.64294740961
55409.64837978935,1.549843365266943e6,209.24894785794868,72565.08438416265
55439.25337396819,1.5498467690781485e6,227.07201495777096,72610.9688769118
55451.93393155859,1.5510333188807967e6,236.74028519307467,72582.25925671215
55469.33198390653,1.5465831061977122e6,218.11711683758415,72677.91753143657
55486.57176095416,1.547188411825633e6,231.30627010962044,72652.94295248992
55491.60250554532,1.5478747216322115e6,217.73072621013554,72647.21698025725
55503.68400594905,1.5477742789703177e6,217.87090141527034,72662.51406144963
55487.82701241515,1.5475631963167898e6,206.52822274669944,72665.4120829692
55532.19817607659,1.547175607280886e6,215.59676653397423,72680.19554986764
55606.7110579503,1.5484111328263856e6,225.60968112446116,72906.36304194303
55625.38651666933,1.5481896216409546e6,235.09554918033712,202134.47401057268
55413.958366604355,1.547747096307339e6,236.7442698413639,202145.43805961462
55409.148627360766,1.5477805293219762e6,218.8830104210526,202071.0772358786
55419.05836301837,1.5475520624357357e6,235.07767354721784,202060.84645609927
55415.947761768046,1.548246666233204e6,220.31996841219902,202059.8366292068
55431.72833267519,1.5487232140018407e6,237.28502123846258,202128.2720690115
55437.75848948157,1.5493183123743895e6,241.3113396782625,202143.01611525525
55479.73238753633,1.5495098401323096e6,234.86090898637121,202143.14977653636
55489.53260097296,1.549401087361958e6,241.2906105336269,202118.5117098822
55492.339359001475,1.5519628253173812e6,228.19249262342294,202090.05607103018
56513.254055446785,1.5519810986451341e6,223.57953872808562,202140.34822504755
56723.5064632827,1.5534095641611835e6,221.69416425317928,201928.52426675486
56716.56355142051,1.5531390613044598e6,236.047890926405,202136.2904116324
56791.32262430855,1.5631216535426765e6,223.37308493262788,202781.9206879343
56738.73315354054,1.5644223379738822e6,217.49870952546988,202811.0380523115
56754.9908577676,1.5642854815330303e6,235.07946195064034,202904.10143643702
56775.61453867121,1.56511699755389e6,249.98388430267647,202928.12480406018
56820.35116816155,1.5780869676198415e6,232.7597784985714,202858.9081760212
59235.2996550773,1.5777736600389811e6,233.97901971166834,202749.5419651456
59209.212520049296,1.5791469083584736e6,239.313259480382,203530.5806701266
59157.07271083866,1.5799844979061245e6,240.2190354780897,203530.96224800404
59174.538824022704,1.5802083036957872e6,251.6963030417041,203610.06319174758
59194.15003601616,1.5806706283064205e6,253.32050607831542,203609.11929165063
59247.31205085427,1.5840740903805555e6,244.3245988883941,203640.37632846955
59281.50443364605,1.5844730964713325e6,238.31410413268924,203671.04186912687
59432.58036228048,1.5840454339453287e6,260.5316476399621,203700.75637695304
59406.666167613635,1.5838473423832352e6,250.42084290802774,203752.61787585408
59469.13916915474,1.917983212449542e6,308.23717114542075,203694.61531634475
59454.2987920008,1.9183756121021244e6,303.59361301189904,203655.09676737714
59871.409183202275,1.852836121468976e6,300.13391476756834,203740.3790295017
59858.13955561788,1.85274752758271e6,289.11569338936346,203777.97988840015
59873.872497880395,1.8527248690318156e6,300.91965475035795,203786.6138237057
61038.11645463736,1.853110582374949e6,365.2947202900032,203687.1300566647
62004.14166796371,1.8587301054240677e6,389.34464501597694,205383.20561475717
61995.7546927101,1.8582312703007106e6,396.4636108745573,204795.30018816114
61994.26808026353,1.8575869229302737e6,389.29303146254404,204798.0463464712
62015.9596849939,1.9983072967806857e6,392.0436851774299,204717.5109650011
62020.628815612494,1.9990710401794596e6,392.09152888951894,204698.48945086583
62040.802368285316,2.0023150709707811e6,399.43115535314166,204751.51006071322
62059.635717390745,2.0022573080924654e6,400.9728407302535,205000.4942423943
62090.641052728395,2.002806104782932e6,393.39434187956476,204973.83787773218
62096.05733542285,2.0033119179536705e6,390.47702661816,205107.79903671032
62263.37335121452,2.003674546178325e6,392.3814172196307,205069.59916098532
62240.28928992719,2.0001366069442953e6,382.1267988408609,205109.99102916624
70594.3975883759,2.003100616177094e6,384.83288156196596,205132.5862784902
70590.30108448231,2.0042515765629264e6,393.7082942976719,208625.63929549555
70708.38152128895,2.0046866635441147e6,407.22354718752905,208701.489782161
70708.67514662273,2.0028543396229174e6,416.291138824487,209529.556804984
70738.39088000129,2.0789858188342976e6,398.0503696963241,209505.45234911368
70768.6173759498,2.0784439666053944e6,407.60796294018536,209643.62324263522
70800.75535325984,2.0789564534235555e6,416.6398763974845,209796.6015200563
70845.87154985683,2.0783952447589126e6,406.5830623804411,209862.11882435103
70818.27501169311,2.088775371505357e6,410.2652591122505,262391.9801463393
70818.43315862372,2.0892690516582485e6,402.0855422060488,262328.00476465205
70809.79070506623,2.090927833129643e6,409.16530956984036,262335.1017583167
70953.78683561517,2.0930358483733884e6,427.85299894539315,272227.0174787293
70977.76321662164,2.0933671351271435e6,411.30428674707144,272417.3389489
71083.78553909026,2.0937490026200847e6,405.1750625416515,272488.87575801864
71201.71178819049,2.093903946868551e6,414.9097307582852,272547.0757069105
71200.6940838466,2.199007472163909e6,417.2485761714957,272695.40948873985
71318.68791763355,2.2023301809717785e6,412.1078170726478,272709.26685534016
71820.14534647253,2.2029357219852665e6,419.91865358166785,272519.5457723332
71806.20255773759,2.2026104572406416e6,410.9029587190826,272527.1038767396
71795.39260326803,2.2024804520755247e6,420.16063050224164,272514.55187599617
71978.6152050961,2.2041184201287907e6,416.7642524565247,272443.8380876636
71925.3429689968,2.204541297908033e6,428.3071275303566,272506.00114075514
71922.98889849684,2.203855889846967e6,393.2428377838233,272641.8037683418
71928.66478413367,2.20415694862927e6,407.85871114982854,272982.81108327786
71927.95940477986,2.203706640688137e6,422.5107543886886,273174.2161893692
71964.54700340338,2.242597843826998e6,406.95059651137274,311414.05676203466
71810.95311464678,2.242659918136416e6,429.08576673394174,311298.8127868963
71837.82341941413,2.254703760795084e6,412.0968517577547,311340.66237535543
82149.70610081004,2.2552419837862854e6,409.95517025981485,311486.86949578987
82162.11758150178,2.2548451807588823e6,399.94692215268293,311560.7840318246
82216.52636285199,2.2554591368112415e6,403.2845447835346,311514.9051485244
82233.82832778488,2.2552315329671446e6,412.0182741026799,311532.1939743576
82271.80672826062,2.255526179535478e6,408.527252633087,311573.29706109967
82213.66675460468,2.255041130054511e6,410.623598970775,311604.5428892921
82691.97892381599,2.255426711290706e6,431.1319299391671,317845.4425918017
82831.05788387448,2.256427494633153e6,427.6510563642994,317641.5216531914
82876.14716264025,2.256978205429818e6,412.8225247437573,318367.7204523717
83145.78745352673,2.258526032811447e6,413.4767470748169,318416.331701586
88251.91986433174,2.2677469438738087e6,1432.6267540967738,318370.89587662974
88271.8916011509,2.2755407618006566e6,1444.7842182165396,318683.17559823405
88281.07406686705,2.3061059633685416e6,1590.736517005623,318656.7274674602
88281.15105753308,2.3060204116289723e6,1581.2900202355268,319447.7287931535
88300.5581416668,2.306278071283589e6,1587.9462916311688,319484.19509222795
88245.17683250578,2.30586754046756e6,1582.0992524377398,320076.62937148457
88277.81817307888,2.312317270005627e6,1608.0294533604772,320226.7779432827
88292.67660923314,2.3178676730428906e6,1604.719568149525,320227.91588638176
88252.36080451816,2.3183412700308794e6,1598.4875681966776,320575.92527512956
88239.9044894741,2.3178459922980424e6,1609.37032038578,320839.14360834117
88273.4332015471,4.272196234219174e6,1614.7343693895289,320795.1098191039
88321.82927470902,4.274165523974484e6,1586.531013211415,320877.761742364
88315.85377621993,4.276774698684894e6,1600.338746345474,320899.3095603956
88335.88675779747,4.331356516170418e6,1581.2758600219413,321063.58596550097
88354.81553011757,4.3317721311795e6,1602.9080638766857,321159.5509965618
88452.30937594303,4.333074437481725e6,1598.221280717132,321190.4293855662
88470.10290965623,4.33688931954988e6,1614.5846294406047,321264.6571613895
88489.35567463093,4.3380194478402585e6,1608.7370484526662,323228.43316530134
88573.61225807022,4.3423448736745315e6,1599.3271749178318,324038.39771410776
88587.92190070545,4.342976318970699e6,1591.6168333765036,324108.6260413825
88580.86749169958,4.342664729707653e6,1607.473042884265,324149.3556315202
88420.01151138566,4.341055472936052e6,1619.3865661120547,324762.3549956679
88419.03218588863,4.341614922529767e6,1605.4510893912307,324910.853902685
88452.71128420626,4.346148527017234e6,1584.7428694288158,324965.4737503413
88402.64736111737,4.347475510259997e6,1594.4827481441819,325077.76748536906
98331.3766368263,4.34667237471052e6,1611.0012927444536,324526.11343572434
98275.69949870011,4.34780122671771e6,1593.8145736778663,324868.8657040869
98385.96751281065,4.361467639557963e6,1590.1787587214724,325713.5717419821
98375.43899188895,4.423835741141246e6,1610.2281827795648,325823.44306652766
98417.71301493511,4.424294520498841e6,1603.8032946230503,325959.1739775581
98406.58301322452,4.470277637680777e6,1600.8719755714144,325944.5731284054
98436.84090607535,4.470959786514183e6,1605.8882617590157,326084.19696504006
98411.65794626973,4.524720331699336e6,1592.1864402040717,325777.74458075577
98414.9278340282,4.523737605440648e6,1608.3253013914918,325923.42841214885
98383.51706083494,4.540268832158569e6,1603.3933677736252,325923.2911605355
98353.58374433115,4.574203394970365e6,1600.8798018260934,325963.243126003
231508.55714212856,4.589032862767636e6,1603.4124948691729,325929.1348798396
231533.2392249413,4.589718403981714e6,1897.4614267749557,325963.75769168616
434704.77880443755,4.593053324618584e6,1898.4813372125936,325895.44739203464
434844.25597874913,4.59235817174657e6,1893.8881756381418,325443.01189318154
434924.72969021735,4.5940356867585005e6,1909.8986096500744,325456.08314706583
435346.58281562757,4.592867454409221e6,1894.3202616496917,325378.3658996705
435406.23722528334,4.593811957659505e6,1045.6407718153596,326689.21185896656
435456.35504219163,4.596744356581501e6,1048.9584531315502,326749.43437467545
435827.8421107303,4.871990144265259e6,1049.4205183112265,326763.52423661086
435945.7162700423,4.877551309447288e6,1033.3054008436973,327472.7782699829
436347.63736270816,4.878325043459231e6,1045.353233598364,328929.17296082317
454701.31994966284,4.879374883829558e6,1069.7866237446099,329003.0982164658
458007.18289153464,4.876842452640104e6,1048.2893767183996,329149.2176356518
458256.2465101314,4.8774942781795245e6,1044.36309745968,329247.0204701158
458480.2222927226,4.878071433244589e6,1054.8588514609198,329860.4844552415
458429.7281970839,4.911359782082157e6,1053.4277118057043,329921.60652296885
458476.50707213196,4.912375910013447e6,1036.4346561523116,330428.96045438905
459004.8617013921,4.928618555604233e6,1036.519137970698,330260.0342785869
459204.7228286245,4.928977813979627e6,1055.5309485210873,331071.95411187847
459249.38554345805,4.939290476553298e6,1065.1840085063418,331049.2291742437
459357.9083128137,4.9400889067530325e6,1043.2709230441676,331045.3858738172
459379.0323446223,4.941413870256985e6,1077.1439511610806,331024.63867311046
459480.18271065026,4.942210849582069e6,950.0253665630889,331042.78570328775
460137.93939060054,4.942869939211838e6,934.1637957272935,331070.86551669956
460234.9934122352,4.94247003267697e6,943.0580892592936,331132.0060450403
460276.384320757,4.943239341718409e6,937.6118599154332,334782.7021882179
460128.295210234,4.94255738634321e6,949.1981848024362,334839.54265449714
460324.98775245884,4.944051382255115e6,959.0426257617904,334870.0046966083
460565.1292128468,4.999631873087307e6,947.472862144598,334821.754630673
460623.3093724527,5.0016797254627645e6,958.2239199758134,334759.34182528855
460541.04490002687,5.002178274596847e6,1310.27723646899,334868.76573327085
460507.8325258097,5.0007630741632385e6,1315.8567312699695,334945.87449701695
461055.8850252374,5.001572657616822e6,1332.9920720169664,335028.40468933684
461421.40748683095,5.003382722316934e6,1330.4667675231908,336098.3461637728
501283.14386167604,5.005223537185579e6,1331.4150383835954,336159.95929668157
501339.39962329925,5.008441011023149e6,1337.98644101733,336142.7553837635
501466.6238377107,5.008745763795986e6,1333.9472454628476,340694.6377832019
501461.7227660253,5.009874802901611e6,1333.1514577580497,348786.96096365637
501655.8228945727,5.037493413093232e6,1328.358877376271,348809.3212407022
501733.16216800007,5.036145522828198e6,1335.101443172527,446815.1197331387
501492.1215352902,5.112773619481553e6,1354.3019242947512,446966.8710322376
501449.0440714565,5.113571340725629e6,1348.7909068712172,446922.007856769
501695.9371091075,5.178644851641594e6,1333.9414131953106,446890.43122392043
502441.8742642851,5.2007341608102955e6,1336.5459708298351,447296.42770463775
502769.88894650596,5.201410849556742e6,1338.6971696410865,447120.5065319721
502688.7118798333,5.202294101411093e6,1327.1953319031181,446986.26256581774
508619.8449712465,5.204315057659302e6,1337.8031996470643,447300.94148985366
509172.94790366286,5.205746802660061e6,1335.3926361579036,447228.4893657726
509503.469053947,5.207269442719252e6,1436.6079600412872,447567.86086182104
509584.7404625009,5.210293744628923e6,1440.483419613418,447517.67250734725
511930.4022849609,5.248753136436581e6,1430.3823823796693,447865.26108000835
511968.497816532,5.252120179850439e6,1597.1324766328723,492507.3699826755
512609.3798124786,5.266333383672388e6,1599.72142955491,492543.89410145045
518782.04162363964,5.267511144352494e6,1609.364531976301,509106.08426594076
518559.32507305464,5.28984885493307e6,1617.7777705509552,509294.2317995184
518565.01427923277,5.290509827250756e6,1602.0051097077874,509407.4645336424
518444.57736691687,5.291360000984986e6,1705.4829379830878,509481.1475288301
518523.216655196,5.292689766938324e6,1705.4206145131602,509398.9097027466
518326.47911913466,5.304123609030301e6,1723.842361756551,509325.8582479544
519219.7869059175,5.31926797678747e6,1734.0343597032324,509386.4436672364
519192.6869108073,5.313860670544298e6,1713.5537358272404,512138.487927428
519087.70454852976,5.318684800835259e6,1719.6724692122211,514076.14042285626
519024.2724960619,5.403915480180069e6,1711.9901475858496,514196.84590725636
527812.4036229784,5.403015822128996e6,1717.4885726799023,514323.26401279314
528248.3002635478,5.40404620163529e6,1716.5410969808477,514880.90932953596
528368.5234420344,5.405384579435106e6,5146.983193911375,514918.09664105176
528477.2339457164,5.404290553377475e6,5155.37161491639,514859.3532355199
529036.0952990763,5.404953287264294e6,5169.433521731812,523577.3178582003
529075.2699069894,5.405953768333292e6,5136.148361769714,523393.66005532595
529108.6720222824,5.423762091514031e6,5152.659726985971,330876.69342209667
528977.2506858,5.422893091278763e6,5173.912990515458,334617.1333564667
529368.4110464357,5.423629605917525e6,5161.171344450016,335825.86564307444
529636.293336742,5.425921733353247e6,5188.501272462165,335865.91857127566
530230.2505165801,5.424261931968407e6,5197.765466295231,335965.57419104094
530282.6855160485,5.433062994007443e6,5183.441820391875,336189.517259361
530295.8224835988,5.433867696848508e6,5189.252359322476,336230.76964958117
530318.3658035292,5.435152902471389e6,5189.280346392813,336424.88848142064
530396.2024527675,5.433329731816533e6,5193.905737816483,336476.32900855434
530436.8551305584,5.433192520940757e6,5213.742794847982,336677.6955638973
530494.0177077092,5.441114143278816e6,5201.532947867122,336644.0498182684
530618.258230739,5.442432090495839e6,5235.495252216575,380561.06093352253
530716.975253546,5.444004970983274e6,5228.230014577656,380609.7574890816
530509.0499563771,5.447914248298846e6,5220.4160389417575,380672.3725090913
929571.4653742407,5.442182057271742e6,5232.476521969857,380627.6456210408
930235.1365130717,5.991640132791303e6,5231.0088167106005,379429.035096082
930368.5824538617,5.990499768370615e6,19477.312753845887,379507.00512318214
937640.8648830452,5.995929982539777e6,19467.03544284893,379667.83024745417
937650.7503871645,5.9969017330331085e6,19471.759885984746,380292.4333110304
937847.0285138446,6.000746294577269e6,19467.35957944829,380279.8760308317
937892.467726308,6.001624900430168e6,19579.04112569095,380390.4962564017
937793.826410871,6.013974289658996e6,19585.764686369563,380440.37350817374
937962.2238728516,6.020949639028002e6,19599.483644747525,380785.7810509781
937961.701269663,6.020387604428254e6,19581.724677224614,380391.7840166058
937848.7499901752,6.474326422031582e6,19599.94834170287,363932.5115569333
147604.36104692894,6.481301297201396e6,19598.77939434229,363884.1572832598
147730.6804845259,6.477695802677484e6,19580.595307766725,363812.30540448823
148073.55700051374,6.479893591942924e6,19589.37991967929,363725.7875608764
148549.47191864508,6.483042745072681e6,31431.882220271487,363719.9451534204
148593.07127979837,6.494061631075176e6,31440.625599889318,363875.93279405375
148655.759865076,6.488304273344397e6,31452.211693116904,363917.36774024036
148667.66735139253,6.4879244471866675e6,31486.551211444017,363901.3876016651
148988.8415425949,6.516094103601271e6,31490.51163513027,363953.5946846838
149015.47050972792,6.515141323962497e6,31495.580042623616,364008.02736763045
149033.54763282384,5.492769092299957e6,31864.493578811453,363910.82702202455
149057.89639534662,5.492410793433846e6,31858.466640522973,365607.93210673996
149125.04802270644,5.492512330169943e6,31861.602492875838,365641.3429737641
149082.86503402583,5.494162014785502e6,31864.017381091937,365561.11670959165
149120.54122608431,5.493953686342547e6,31885.638591270283,372802.17550245114
149074.581344697,5.696998954747713e6,31877.191529378084,372688.36823976354
149088.68634031873,5.697994829851979e6,31885.671138423335,374606.503488081
149200.30748595024,5.744053901476423e6,31959.008501419386,375671.905219964
149231.89893141823,5.745946133969983e6,32003.021273446553,375804.7131547679
149238.90948766973,5.751776172281676e6,32035.71604380527,375770.8710077727
149324.2622343911,5.753274411677388e6,32070.878555854317,376028.03366694896
149476.21797269012,5.755803497988654e6,32075.03598913693,376242.3820049131
149526.8137697322,5.756146646562117e6,32071.328522672677,386198.38784323836
149486.71115539898,5.757530283848923e6,32081.540319702857,386204.2324208692
149786.88938551806,5.77937537510122e6,32107.930570934936,386072.20131731156
149799.97578867304,5.780477050275571e6,32136.010313354156,386047.5023663498
149836.3735758555,5.780628592407243e6,32182.421959390787,386226.06095841277
152160.7117210331,5.779112398059236e6,32178.771259657704,386180.205078938
152167.16308988165,5.778090479650667e6,32201.899340764736,388472.28028057294
152204.8568266234,5.777721477304667e6,32211.81734592465,388461.633196672
152219.10420917577,5.778667867032101e6,32207.571915279073,415613.64631592884
152218.0000978888,5.779870126237408e6,32203.488557041488,425295.7037015249
152238.21664731475,5.7791496267533535e6,32764.21231015291,425336.259460366
152262.96403383728,5.782399179513656e6,32802.02766041015,426707.25013196614
152331.94089485306,5.782423325963911e6,32837.20561065137,426762.62844324234
152346.6139690701,5.783618151845645e6,32819.78380731888,427005.2957203736
152353.01977589168,5.782239612308554e6,32900.48968012207,427000.8932626218
152301.8851466051,5.779691178594324e6,32908.35374955578,428235.54976320226
152292.90323266684,5.778720349220337e6,32911.001567597275,428204.71326196456
152427.7555276584,5.779725722251071e6,32901.85077189548,428358.771406959
152442.15625016188,5.777453033228778e6,32905.33290071397,430045.343834281
152418.3943753899,5.782069620231599e6,33007.051136745526,430130.0979852649
152434.71491968716,5.814800947684828e6,33012.96350096833,430088.43488202145
152458.66638796747,5.818775331228019e6,33040.30739826001,430203.21054241696
152429.867926818,5.818347752758817e6,33229.44731613026,430915.40166600887
152507.65882187133,5.820053504079076e6,35847.821201606304,431004.31668333407
152714.43330953197,5.822282102622318e6,35914.23482767617,430768.3924378778
153084.42368615305,5.824134710549619e6,36344.289177169696,430860.1382403817
153169.0806086731,5.8292312986551095e6,36336.69715312827,430896.61236332724
154200.66411697163,5.864493047126117e6,36506.45365488057,430845.7655956183
154860.16056832482,5.864060492759971e6,36529.59888384323,435625.12010203156
155147.36725157904,5.865945097276369e6,36523.955786401166,440028.0771940933
155180.51642494617,5.870342165642634e6,36537.09470430866,439966.07461466675
155782.40667717747,5.87108175176135e6,36537.98957271148,440331.49550801143
155853.59851930774,5.880448378167319e6,36561.45598943976,440145.06016576797
155752.3676637302,5.909884657177031e6,36562.27352014837,440251.5775212077
155870.9713978442,5.911153711078341e6,36571.386803770794,440192.66378519114
156392.10770079284,5.937022173256012e6,36827.35447529772,440378.7270428731
156398.54352120735,5.939839705937627e6,36823.396096034965,440337.7982794755
156422.8239102739,5.9410616758099375e6,51086.01271944624,440183.8908654754
156501.31400041914,5.941817770152787e6,51070.80679845511,439991.85813577415
156518.65850468288,5.942576385250902e6,51113.21035104386,439985.8518668113
156516.99788356005,5.989744452854248e6,51090.89636001749,439927.5847564743
156541.6522507454,5.991932717783465e6,51154.669346226336,440104.1202727863
156597.54644872883,5.991145463116219e6,51164.33801939808,440187.7840565761
156682.3108169735,6.006299773994559e6,51163.0229125691,440240.643345984
156644.21696063015,6.007560657563104e6,51160.49772532377,440413.62484719575
156675.94083375053,6.011698100031833e6,51171.088308350554,445852.50916782464
156713.75671579895,6.027502436014391e6,51159.183568526256,447138.68878658453
156763.54740904662,6.027319893428862e6,51166.92227757214,447024.7022612974
157505.6874267011,6.028106365221736e6,51208.96374301085,447091.00222792523
157533.83755567909,6.025332257056156e6,51223.98916139877,447080.6544514068
157483.48588949215,6.012407804250485e6,51247.98073343617,447043.80951569177
157553.8972984063,6.01403303926264e6,51986.30586470688,447188.2094151177
157499.0724202518,6.01768658456683e6,51982.972444156265,447339.76262100117
157548.70041888478,6.017572663131337e6,52023.10595359918,447326.2859234832
157587.79582461875,1.3756246823620569e7,52045.54405947499,450848.77325866075
157546.04172990206,1.3778488581988832e7,52005.49811008076,450724.8231882261
157502.2265585199,1.7903092479442194e7,51999.86116162768,451554.8361848559
157470.0521731621,1.8167681326379683e7,52043.032816570434,452056.0576991468
157489.32711720237,1.816050888063905e7,52093.9598812839,452448.18875326816
158491.6488132718,1.8165896871510353e7,52070.24687463083,454322.0939196465
158538.8861987638,1.8177741466077212e7,52087.993311218,454370.3249533231
158611.52050364227,1.818077091239401e7,52105.96085732587,454492.9866940673
158587.37846712762,1.8211296693556428e7,53547.23354178935,454441.13403966726
158642.32544840244,1.821674988100441e7,53675.9531254678,463148.76287913026
158670.74343799875,1.8351278278126e7,53729.430386641965,463078.3117935293
158662.475951151,1.8262292577274874e7,53733.34945562464,464178.770603945
158686.61986202202,1.826901185635012e7,53746.32198390128,464397.29372168315
158735.2870900999,1.8276020880453024e7,53753.35012558933,464509.91678635846
158781.51528971156,1.8278636745698765e7,53786.1146608845,465448.68942539394
158812.4274328457,1.827486038458211e7,53761.43589824341,466759.9147721365
158924.43611987957,1.827921123029734e7,53811.28992347302,544796.4280666533
158930.66317455753,1.828041661985711e7,53830.475301378065,544705.6656431843
158956.07707723902,1.8281420678710334e7,53815.88942084173,544650.4450085966
159174.11221524212,1.8286737460304417e7,53815.59921128122,545027.5615490637
159273.42538953482,1.8285639906512104e7,53846.820346685105,545227.0394751391
159271.37877386567,1.838035414931312e7,53860.835811134435,545175.9162362565
159264.3732259668,1.838529396796816e7,53860.893104344585,546709.4414821694
159277.88446116747,1.8389581458820757e7,54166.796430519906,546651.7378098215
159292.20928238807,1.838671480599303e7,54220.10864048517,547049.9279220565
159338.66768285938,1.8390163620708536e7,54237.991093646975,548246.1064646693
178007.52527853783,1.839471141674591e7,54553.91831732024,548429.3963125591
178039.02002675223,1.8390032864214506e7,54546.24820973722,548429.9322759887
178081.23823570675,1.485356687808084e7,54550.97894230129,555608.8085614628
178662.43278997837,1.4850203929300524e7,54706.74124920145,555649.5130191208
178575.2187719263,1.4854420201072602e7,54706.70628063592,555632.9875733821
178663.32598611654,2.293494077298044e7,54730.249914323635,555856.1160398199
178684.73535195226,2.292882616359752e7,54766.30821134936,556531.1115214834
178790.53218394803,2.5963376600747205e7,54754.796301647875,556651.9315821993
178834.64904116976,2.5973704064722948e7,55209.99145931329,557028.9070425581
178873.58653866657,2.5977249458229817e7,55235.97387742912,556977.9835808725
178915.71511867014,2.6858081942575578e7,55359.831730997386,557344.914176463
179250.01443753074,2.686156567513939e7,55361.98209796601,557401.5638430086
179260.31939491536,2.6863027623120848e7,55356.95433941385,557345.0690161195
179402.37701261393,2.687291089240738e7,55364.24553193085,556371.3684757784
179379.36663922473,2.6854557040439565e7,55372.598944212565,574966.7938245764
179363.73949899638,2.68674282580843e7,55335.153976623886,575070.8629334948
179384.31816351291,2.686281382161792e7,55383.72638823702,575539.5445977588
179481.65248465218,2.686659997440428e7,55384.04872023162,575621.9634328593
179511.9473965981,2.6758330218555108e7,55388.57578052565,575807.6098836563
179463.7367921429,2.6775330127363324e7,55417.9958973861,579028.6777892659
179459.9733994095,2.7260577919325847e7,55391.593770279,579228.2433934199
179577.94596205527,2.724402386761778e7,55625.16324728047,579637.919540109
179421.11811029795,2.72477372391758e7,55636.64060179537,579620.570187958
179458.9871134334,2.7253245203330416e7,55632.18461793585,579908.346175169
179501.1761251367,2.724739569426485e7,55658.31768439573,580062.5063376314
179530.23322681256,2.727706474293423e7,55645.5223802056,580059.9231634395
179455.00431097733,2.7265249918164413e7,55653.940454304706,580137.0418927587
179495.41909861472,2.7317208486949865e7,55691.29723140133,580171.8803107927
179332.52998489843,2.732303479517008e7,55719.15943316429,580167.1404833818
179309.0156807828,2.7365370820396036e7,55918.543697431516,580230.2952469743
179298.4810217551,2.736531517447791e7,56186.90984512054,580158.2625982602
180380.16333714934,2.7364454263815027e7,56207.15225516402,582113.1666505822
180459.80061127277,2.7468408211071607e7,56169.01762112766,581959.7731489686
180462.08492942672,2.748253346777531e7,56350.48851681334,581946.5712601335
181255.143961619,2.7485848334164303e7,56358.431907844555,581889.278876706
181362.87155697867,2.7509030884041805e7,56358.00491186074,582004.6814667376
183125.4594511988,2.7506065756011322e7,56887.86394187183,582077.5908539722
183146.34276711423,2.7498463102548514e7,56944.24664244193,582201.8061105019
183105.1357138159,2.7494670384351145e7,56970.39568063851,582099.7883497768
183188.71905404847,2.751031750457835e7,56926.89577033878,582108.3785077484
183248.02568976395,2.7557643516804118e7,56932.502899774976,582591.6039292148
183310.6756632089,2.7223117863251407e7,56780.946625624136,582372.7260336393
183353.15811396152,2.7233013890551463e7,56771.37383909164,581804.9746680013
183188.81185941678,2.7225322251792148e7,56787.94720099146,581900.9678486885
183191.06925068403,2.7229799057518672e7,56764.71251346845,581803.8186495198
183964.1834231681,2.724913948397268e7,56755.87787747305,582187.7640065948
183983.8503122242,2.7244043355114534e7,56756.03404627235,582348.8153724651
184536.27223305625,2.723917345074503e7,56779.740826075176,583212.1794019659
184498.98188616865,2.7219150601474155e7,56789.21940154289,585004.0232079872
184753.8322341728,2.7194294482287414e7,56829.107013430956,585372.7093715799
188561.5681214291,2.722098362205257e7,56819.89911228395,585664.5024260944
188589.48504394307,2.7224492238159835e7,56771.9617086395,586911.3015256923
188551.67054466996,2.7234818346757427e7,56820.55718720078,586539.762430898
188570.85303152283,2.729534910678387e7,56714.35403055733,586583.1087157191
188647.48023618883,2.7305951333620396e7,56738.24389699051,587260.1822455296
187535.97715625784,2.7304378618506264e7,56704.04898651018,587260.350745691
187513.0411284931,2.7375114588426646e7,56725.74210172389,587649.1953256876
190649.09370681748,2.7365720791985247e7,56750.15341895696,587753.2684061738
58914.7254714816,2.7377959128241215e7,56659.41942067252,598667.5937000847
58912.73915519967,2.738800870028638e7,57395.39383749697,599181.2756864445
58913.67582696521,2.7408260755590964e7,57380.54940182724,599176.6759134707
58923.72691278914,2.740488434707159e7,57603.39323999768,599306.1260380908
58914.90211882089,2.743491148370463e7,57698.089599956926,599368.5552081055
58925.40238477857,2.7442401468800846e7,57964.59893361804,599207.218979461
66233.53109225625,2.7453432862160698e7,57974.38096230032,599113.856846771
66249.97408812345,2.745936134903468e7,58036.66794434242,599384.7745168819
66218.62149641372,2.7456365833182834e7,57976.62829986438,599519.5495390806
66236.81662605083,2.7474481613053795e7,57981.03660324811,600122.1817840491
66275.16030135372,2.74696618342175e7,57992.11859762036,600014.2315582139
66191.21846094306,2.7527594461978532e7,57993.1731735733,603294.4476148771
66211.88166330989,2.752197114107828e7,37028.85735429895,607205.704507857
67165.02106764322,2.75181414765747e7,37063.41925856078,607096.549675696
67164.0067701935,3.1194956559348807e7,37064.933295752315,600911.6360964925
67216.10391737118,3.1194333237586282e7,50613.636505606286,601180.502807885
67227.4496830377,3.2872888398962617e7,50626.06635679955,601350.8289339388
67216.47005617697,3.288203505083492e7,50625.10863999072,601569.7221613622
67231.76152844857,3.2874530069089588e7,50775.48678766803,601713.5538164225
67214.98506675054,3.289481761239993e7,50814.29919407641,601820.791974708
67331.52154122885,3.533202313609064e7,50799.29347242684,601728.7376025539
67357.32487059988,3.538312766165401e7,50794.880622649725,601702.9382184627
67367.03876451813,3.538975867549302e7,50816.906102964946,601864.9504375393
67361.54750538514,3.5396254410369374e7,50823.62151460643,602074.5852158129
67356.75023733448,3.5403262802859426e7,50832.176950273315,602211.8754995052
67341.20331409204,3.539516025193883e7,53746.33526607022,605109.4441000379
67344.7451834833,3.540744183634606e7,68089.00035323993,603887.1311107888
67352.10248578158,3.541823362365607e7,68083.2722385413,607544.762402209
67481.73028161353,3.541753366871205e7,69574.306627981,607657.1263643092
67481.09094639464,3.5487736298560396e7,69599.81130452924,608671.7365392603
67522.48558669249,3.548361318078971e7,69573.15824561565,610307.6277308234
67743.91273472569,3.551949480501543e7,73022.07512269476,610553.8767884929
67754.30290839494,3.5526445461783156e7,73101.32825518122,610682.0592219793
67774.86966220659,3.5536235624166064e7,73116.11590369501,610888.246682216
67767.3270251219,3.5543858269515716e7,73115.41241957931,611030.3110174937
67800.67992056302,3.633023377071926e7,73653.39787551104,610980.7446661469
67844.2854461856,3.6317885759728104e7,73715.62931653786,611042.6127156395
68057.87598429178,3.639349316281164e7,73843.9352571422,617472.3761887025
68043.95715014245,3.639999223088026e7,73869.06753907375,617853.1408786
68049.89689054847,3.6408038646732375e7,73873.99830692372,617638.4916359585
68117.61151357407,3.643970265397007e7,122565.35987754195,617775.7664669121
68139.79465393767,3.651954826412078e7,122583.7611593053,617810.7208743449
68159.34438217412,3.6570344164873496e7,122666.16203881882,617816.153603724
68232.35743479968,3.6567038915497825e7,122687.6066242349,618112.7922964665
68223.21174667627,3.65743110002742e7,122703.43704307666,618024.5835564492
68217.33292452148,3.65799831372537e7,114091.17914894223,618184.7632620018
68234.8466248032,3.667496641853176e7,114089.74260776237,618311.7673054293
68246.44920027764,3.6668536933695704e7,114124.41935145162,629815.0595907923
68286.65682820354,3.6702148746725395e7,114073.45151253932,629973.0625801067
68297.47729938771,3.6706806301632e7,115203.85470439742,630155.8080930818
68291.15706782775,4.949155315221447e7,115279.29248827115,630315.203112345
68275.8715275862,4.952172695720633e7,115312.91899579651,630242.3203107807
68506.90758496184,4.961444778973076e7,115245.26037417389,630313.2464305093
68616.152972499,4.9676851938817754e7,115408.07806637761,653285.0299447685
68608.21634986806,4.968815694833505e7,115392.42658121057,658131.3462790721
68845.6118022144,4.972168584408661e7,115387.8404295815,658353.9805678767
68950.95698876558,4.970966509830907e7,115362.92618029818,660616.8380815908
68921.81852488537,4.9715525483623415e7,115491.19033099312,660808.8128642592
68937.71805755948,4.9822801162410475e7,115503.41149210809,660639.5697030645
68948.7944902487,5.0242782621252455e7,115458.27154794945,660958.9540535825
68961.59229166801,5.031886753601957e7,116617.20598036198,702417.9524306527
68933.39799834487,5.0342644558336884e7,116651.9534355733,702587.1108645799
68937.50691431382,5.035654840574491e7,116684.00701352816,702704.6644643542
68954.50978990951,5.03820293615224e7,120890.87110278575,702884.1891145828
68961.01233117325,5.038875568201383e7,120848.16280861048,702792.1569625424
68947.15010304385,5.043362604087667e7,120866.64950253261,703669.0099834024
68959.63815065761,5.04209803244353e7,120901.07682219426,730324.791256096
68954.58201693198,5.04555252697884e7,120942.42497023549,731785.8033179826
68954.39601143314,5.046316019349861e7,154168.9556169331,731987.4288593774
68970.36511045876,5.047090494201699e7,154116.53178029147,731802.0237231571
68950.69311414445,5.05031032552847e7,154390.09387302183,731933.4592001756
69015.02248965918,5.050728162433421e7,154726.03711869675,732258.4866238679
69011.76291613033,5.051850131663725e7,1.3151116480834165e6,732222.9383368142
69012.57098262844,5.048574336687465e7,1.3149752909860802e6,732366.9290053914
69013.51699965916,5.049412871318629e7,1.31582712623292e6,732469.5077263135
69336.54429231364,5.0500668940500066e7,1.3161008693814648e6,732608.0216189303
69325.10363317268,5.052106114229396e7,1.31687194595005e6,732797.6101396836
69909.9429889252,5.0503817034344815e7,1.316708092243691e6,732972.6147567832
69914.4337460488,5.084460573937594e7,1.3167956390201831e6,734723.096604342
71334.70144182598,5.084761125699821e7,1.3179383601610223e6,734857.1518392422
71325.48109404014,5.087056113936172e7,1.322612710157622e6,737698.225994798
71340.72132358109,4.699768250970015e7,1.3224562222235193e6,737893.2798562243
71329.29451646119,4.7096340674219646e7,1.322414574330733e6,737867.2946389661
71409.03076856551,4.711754305217554e7,1.3226550159020603e6,737931.3533288024
71392.93017597555,4.71057736602207e7,1.3228914055040134e6,737852.1396866083
71354.5897781739,4.711964703431752e7,1.3239411281376672e6,740485.905159807
71382.52906607292,4.712880583421676e7,1.3237952733230672e6,740317.9218617814
71442.39853544043,4.712316984400467e7,1.3240672807315374e6,740055.0509194828
71445.52159684597,4.7133223414326064e7,1.32445814564492e6,739865.5503498433
71435.76033990893,4.7150336348286316e7,1.3243779666036912e6,742367.2652772671
71472.49885555432,4.716383711960995e7,1.3240289889799866e6,742344.0370537973
71459.36400674436,4.717172278503173e7,1.3246144833753512e6,1.6274299558510226e6
71480.54177431691,4.7177641321796276e7,1.3247799691433427e6,1.62866118150758e6
71493.94066063722,4.721804463256836e7,1.3249919132520943e6,1.6819025748691948e6
71479.698557353,4.728366295085403e7,1.3247713023260843e6,1.6836589322222685e6
71496.84400268031,4.728518739089388e7,1.3248415256838542e6,1.6838794336628916e6
73822.81710011655,4.7235484781099625e7,1.3248466448723252e6,1.6840860939499026e6
73819.85115082849,4.738063750517302e7,1.3250322740582153e6,1.6835405499678932e6
73800.81867508747,4.738479405166597e7,1.3248853140480889e6,1.6836447142399156e6
73829.25634884839,4.7899407968126655e7,1.3267402968688046e6,1.7229599922237257e6
73825.8573996937,4.79063969082961e7,1.326920904763163e6,1.7236413513124508e6
73828.37483631617,4.7896602650050476e7,1.3288451378361941e6,1.7242614940110808e6
73860.34669608274,4.790807882314455e7,1.328714270720018e6,1.7245827054389087e6
73857.03728513625,5.01728187298481e7,1.4615282422790588e6,1.727145511897551e6
73900.63577668049,5.016121861930597e7,1.4620057988206728e6,1.7282214506770459e6
73931.44865446203,5.0146714690893054e7,1.463781798285114e6,1.7278839905723906e6
74313.86665019601,5.010383587914951e7,1.4640567455627157e6,1.7284984188059848e6
74339.41821370811,5.012420484802629e7,1.463937932226477e6,1.728392562979909e6
74351.4337683178,5.018194124962674e7,1.4637425177694305e6,1.7344301745425933e6
74347.41533374354,5.021028787384389e7,1.4637866331061497e6,1.7337904946816384e6
74366.52583656338,5.032022227454991e7,1.463783614793612e6,1.7341098875710398e6
74351.06199578122,5.03404638722679e7,1.4729021904986426e6,1.7343909923937414e6
74307.73279477001,5.0348434225110464e7,1.4726919842167564e6,1.7339832387046297e6
74323.69697750325,5.034160367873211e7,1.472944535580209e6,1.745534013587505e6
74328.96583243058,5.038204920055294e7,1.4729315130055547e6,1.7459630236990838e6
74368.19745964717,5.066024914944857e7,1.4727636325950352e6,1.745640548655804e6
74375.4555584101,5.067160902821847e7,1.4747779541350906e6,1.7469663597736512e6
74401.29926701085,5.147986617740554e7,1.4745748845223964e6,1.747700365193389e6
74388.2532019623,5.148181328357886e7,1.4743828319222105e6,1.7481082384213454e6
74446.79892378661,5.1476288569987044e7,1.4743980090562683e6,1.7487626085419229e6
74390.02963158135,5.146592641076987e7,1.4978716121006722e6,1.7498550704546089e6
74468.85091943966,5.148075472635259e7,1.4982507994623017e6,1.7494586054839292e6
74603.85874541523,5.149818746040106e7,1.4977552980572244e6,1.749494958825194e6
74609.49004670681,5.150466885658212e7,1.4977288605563936e6,1.7491188946880037e6
74643.06533163124,5.149450314772642e7,1.4981056727338973e6,1.7509916883376583e6
74592.56494019934,5.150531151387948e7,1.4982883736886526e6,1.750604125429983e6
74597.77008758768,5.149489804826489e7,1.4983102729532584e6,1.7549623562847879e6
74680.70447320402,5.154815106586089e7,1.501064828446424e6,1.7551753273162586e6
74656.97943668083,5.163375266264613e7,1.5023149887933463e6,1.75481635976294e6
74641.55966264289,5.167137039246886e7,1.5022147695384163e6,1.5986393456618714e6
74866.34709589624,5.169722323959663e7,1.5023059057435046e6,1.5981761789538437e6
74911.48168393763,5.17144415548067e7,1.502217133238259e6,1.598479608788846e6
74963.50603360913,5.1720354719745986e7,1.5019689628855227e6,1.5995873126064418e6
74985.93168715006,5.1715041336238585e7,1.501704296449921e6,1.6072097664223504e6
74931.51288157885,5.172871995639223e7,1.5019123771082426e6,1.6071621556831049e6
75003.11946724134,5.174113846500072e7,1.5550872661181397e6,1.6074276028981037e6
75058.95772026171,5.1756543396409065e7,1.5557755678246468e6,1.6077466191954082e6
75072.9896037601,5.175923962616712e7,1.5555695863455038e6,1.6071548903552282e6
75095.5284942151,5.177102323584532e7,1.5556045821343306e6,1.6073837084176745e6
75240.66572505799,5.176419334026811e7,1.565297460360178e6,1.607653836532829e6
75225.89704075996,5.1810883224189974e7,1.5659753540043393e6,1.6087308799423333e6
75267.2692107156,5.181991468668461e7,1.5655888258926275e6,1.609940970354039e6
75255.71375405874,5.184704409348955e7,1.5658357154950553e6,1.638311392898412e6
75284.3736165878,5.198207755651273e7,1.5661487372210626e6,1.6386112738922373e6
75302.03679233305,5.198962523462542e7,1.568525560137655e6,1.6383451790815967e6
75290.29926708997,5.197950846532207e7,1.5685810073089942e6,1.6388634943741718e6
75324.88619863738,5.196316716827139e7,1.5684639380248715e6,1.6386489901707692e6
75429.20897468459,5.1975329035831004e7,1.5691095970357794e6,1.6392044408350317e6
115101.56484141719,5.199955675077063e7,1.5691470251885992e6,1.6395193723505063e6
115109.07592297498,5.196924970844047e7,1.5694110056075593e6,1.6390407724030656e6
115143.17234918154,5.341960718060695e7,1.5683468713025716e6,1.6394219765514773e6
115148.15108000887,5.3466291147509195e7,1.5681062809233756e6,1.6393733292510107e6
130332.13056693022,5.343354092261196e7,1.568305494583384e6,1.6391639821304728e6
130307.09552952969,5.344432073629097e7,1.569942548150568e6,1.6397099902552906e6
130382.22125170458,5.347930035516782e7,1.5702471821486703e6,1.6399116209858013e6
130417.32869222535,5.3507167630283386e7,73313.68558251586,1.640099311242824e6
130416.73402558138,5.34971429557193e7,73311.58503019028,1.640345240947667e6
130390.01144393311,5.350704105655256e7,73238.5545989561,1.6407555198093383e6
130406.67308244352,5.591800590431864e7,73320.54178911682,1.6409166703995685e6
130391.64283245608,6.0510565170695e7,73307.39567100543,1.7257366398441736e6
130434.0287924804,6.051828958219042e7,73324.27862850086,1.7255688573565634e6
130416.98024908907,6.054056700043913e7,73354.86138279448,1.726970426981883e6
130685.32558455176,6.055311536633671e7,73524.9593042739,1.7290273680499112e6
130707.33256633928,6.0537326548463695e7,73497.44187181102,1.7328478179472883e6
131198.8598945624,6.0551595784244835e7,73523.99566967267,1.732176524210227e6
131235.76598542876,6.0539053692442454e7,73788.86470629637,1.7324814802595517e6
131255.7044441889,6.056166425463027e7,73888.97256820173,1.7469020436874426e6
131232.9412985335,6.060248194139479e7,73874.43052688071,1.7471262876063215e6
131243.54805592692,6.049220365026898e7,73854.36136318545,1.7475135868927073e6
131264.9733014189,6.047808628402522e7,75217.47439020811,1.7478482278550826e6
131241.3740014704,6.048626524972695e7,75634.63363067497,1.748493083868853e6
131227.7922673322,6.047379165919901e7,75639.01182502524,1.7480304112178017e6
131262.89765344912,6.046104561632147e7,75657.97873928373,1.7480703427537153e6
131293.44308137966,6.0507467279926285e7,75634.04113414485,1.7483600751315414e6
131322.8791218497,6.0567787961691976e7,75792.52709212144,1.7483127771251337e6
1.0934574714647127e7,6.056435985373692e7,75825.42680171806,1.7573704594919602e6
1.0938942383643165e7,6.0596222040306196e7,75776.81768117317,1.7572187071298652e6
1.0937564214517131e7,6.0614240680850334e7,75786.06168352497,1.7569813489468363e6
1.0940136738172533e7,6.06210273900795e7,76300.41720903717,1.7586304450439191e6
1.131553457914342e7,6.064304235826065e7,76267.17438305117,1.7587657512037565e6
1.1370277933619434e7,6.067115253890961e7,76343.96184452035,1.7589103030308385e6
1.1372164109009242e7,6.089406059839723e7,76358.99936999565,1.7587513876779806e6
1.13743462730449e7,6.091066020096559e7,76328.27907818397,1.7599452376157092e6
1.137774235939201e7,6.097517656104461e7,76392.81013746644,1.7613400094613866e6
1.137610499106282e7,6.09845938216988e7,76393.79901245369,1.7619057338472144e6
1.137307370058537e7,6.098619196323394e7,76589.19090760604,1.7621587509895498e6
1.1375208147931427e7,6.1007979413123734e7,76589.21798607452,1.7624406625639994e6
1.1384295130398521e7,6.10527630465139e7,76587.29791362339,1.7624529761352846e6
1.1425140689073045e7,6.103910451357246e7,76592.89198817314,1.762505122053708e6
1.142955206110309e7,6.137554995576984e7,178058.60022926936,1.781594881327865e6
1.1431299372970698e7,6.138633285749253e7,178074.42054960786,1.780223636075841e6
1.143160716952484e7,6.133417862357018e7,178715.8142620836,1.7803503374684781e6
1.1434574204256603e7,6.149955660256059e7,178682.7205021971,2.075657169840197e6
1.1434841295981286e7,6.149235354009739e7,179165.33438117732,2.0745912934995126e6
1.1434553422104076e7,6.150219623970856e7,179225.28652489348,2.0736689419108077e6
1.1503356054025382e7,6.13255206702557e7,179227.7902153733,2.3958887300703893e6
1.150404765649359e7,6.133566938589535e7,179207.3159004531,2.3955483213659525e6
1.1504779777939158e7,6.134341139800185e7,179245.8816980492,2.397253647440081e6
1.154120102606805e7,6.145658576261343e7,179220.81582125064,2.397922005405981e6
1.1541280402681494e7,6.147137102704644e7,179410.68216249757,2.3982449901659596e6
1.1541103250490401e7,2.6637007966579136e8,179707.16949447143,2.398035541639052e6
1.1540434625230836e7,2.668972573758184e8,179708.19724521297,2.3984633989167986e6
1.1538501958092242e7,2.66858127741478e8,179618.2533531396,2.3982344087271523e6
1.153713645903873e7,2.6690724184771797e8,179637.74263444325,2.3981633969208845e6
1.1538850755695036e7,2.6695064065701962e8,179602.80403037035,2.398549995809837e6
1.1543042662511323e7,2.6700209352409235e8,179606.68357171118,2.3994077023932384e6
1.1552427811552696e7,2.6680203652241588e8,179606.5669734313,2.3991616292757867e6
1.1619760738398174e7,2.6673507432525983e8,182331.17332330844,2.3990610996266976e6
1.1631342637892012e7,2.66711553591238e8,182354.87675255028,2.3988583798136483e6
1.1724962023436503e7,2.6672451400441065e8,182344.43498529168,2.3994492167331553e6
1.3639550781688433e7,2.6677608968170354e8,182413.65528122796,2.4033708313988275e6
1.3647998658896793e7,2.673678746332278e8,182459.88024650965,2.4036061092012827e6
1.3813443792375423e7,2.6782041236510816e8,182525.90868681355,2.4040001483919634e6
1.381219803742149e7,2.678881002193405e8,182531.11360243283,2.402685781436563e6
1.381510767437751e7,2.6780284928582153e8,222212.48621716286,2.409710535076412e6
1.3816204896539137e7,2.6776348746223164e8,222196.4201611551,2.4100127135299444e6
1.3823694277210353e7,2.679363317540608e8,222217.72884354673,2.409973961109373e6
1.3832707664029174e7,2.6783739327498928e8,222224.5458877127,2.4528974184955354e6
1.4042829335984074e7,2.6845046944032407e8,221442.5617340732,2.4505779662781516e6
1.4045501081960041e7,2.686432003561174e8,221478.68531205898,2.45724493121692e6
1.40489187758395e7,2.686458481201597e8,221491.2276945757,2.4578429539492303e6
1.4052441162222136e7,2.686920118822217e8,221582.19720995592,2.459094392370008e6
1.4140463381320227e7,2.686611898494689e8,222335.70174499962,2.4598798574437588e6
1.4148490370287875e7,2.7021894872419786e8,222313.15717083088,2.4596046400069073e6
1.414518983010214e7,2.704623874848346e8,222340.23684490984,2.459304785749327e6
1.4142380457320156e7,2.738672046188423e8,222373.692774227,2.4595780007076985e6
1.4149069251965772e7,2.739263030915918e8,222943.62190414564,2.4639091712846085e6
2.248925436354827e7,2.7389099873974013e8,222989.459581457,2.464015335471874e6
2.2492125656663768e7,2.7391590850707746e8,222995.13317615615,2.4646771634640363e6
2.2495214041582305e7,2.7376904186029476e8,223042.44587688844,2.4648076253095292e6
2.2529517016970254e7,2.711437564816895e8,223299.39872047832,2.4651961627301816e6
2.2537035557414927e7,2.7115450724481416e8,223849.5661036808,2.4823719024928645e6
2.2550570347157326e7,2.712531086915262e8,223958.19900584823,2.4831083238019287e6
2.2678792319424387e7,2.713439181028731e8,223347.26500584447,2.483581448077838e6
2.26793554718493e7,2.713212065827655e8,223350.2294970202,2.4801069716035794e6
2.2690985973288942e7,2.7133073305977374e8,224488.71741153527,2.4801751569735976e6
2.2705042320185598e7,2.721064456822091e8,224893.05868630862,2.4800684858608036e6
2.2712043780009087e7,2.7219826659004015e8,224861.32875143233,2.5294131399814514e6
2.2722852471773528e7,2.721988960249119e8,224892.90999490643,2.5299974766748743e6
2.308780509032998e7,2.72264610277069e8,224951.3000367486,2.5303091858339515e6
2.3081926594976928e7,2.759126200659708e8,225051.46781759444,2.529542065037955e6
2.3082145760243624e7,2.7596059904022515e8,225141.75929281494,2.5299138931748294e6
2.3162483409288447e7,2.76284338114902e8,225108.33232746052,2.5347444857337917e6
2.3182313746422883e7,2.762289957033603e8,225153.54227265736,2.5440802696662024e6
2.3190503874174364e7,2.762132689503371e8,226399.5736916151,2.544876195250742e6
2.3193425995550085e7,2.772067117487627e8,226463.87148310198,2.545089246632788e6
2.3193733029354274e7,2.7733811287774783e8,226464.93273364863,2.544603882028791e6
2.3195029460423935e7,3.178327346121495e8,226383.67333543897,2.5451365606991537e6
2.319185883228683e7,3.1789053283741975e8,226486.01325346678,2.544914474025609e6
2.3179327063609824e7,3.181469425613532e8,226506.57360117268,2.5469409908364867e6
2.3197531470164035e7,3.181905141991393e8,226559.52609988756,2.5478414511204017e6
2.3194783075626858e7,3.186593761698036e8,226603.24258822514,2.548258299569689e6
2.319913296058466e7,3.1866199339518875e8,226606.5148606139,2.548117520137731e6
2.320484038700418e7,3.1869514743586653e8,226566.6724627665,2.548003486632983e6
2.3211018172701284e7,3.189123308152909e8,226524.1448964082,2.5474352493488677e6
2.3222744198404253e7,3.1974488267261434e8,226601.27018420477,2.547780970390003e6
2.322661831636377e7,3.196120452302382e8,226705.43201614718,2.548340040017753e6
2.3243522227140695e7,3.1973831540046096e8,225674.0674772565,2.549034955992877e6
2.3259362498489123e7,3.1990478225797176e8,226006.26485919338,2.548751562306318e6
2.3254325770567674e7,3.198679949778882e8,226049.18416188643,2.5786679694597437e6
3.268784477268533e7,3.199811216755682e8,226097.75160184543,2.5790697817515666e6
3.2677365268424433e7,3.3854399702540106e8,226080.9249756261,2.5805406487298277e6
3.270505981125701e7,3.385614341564898e8,226374.564342599,2.582446387402177e6
3.2727112955702756e7,3.39069294056839e8,226391.97883197194,2.583154268192416e6
3.2731762376028795e7,3.391200709583398e8,226328.63784177724,2.5836928849974503e6
3.2736946558195427e7,3.3921321643716574e8,226404.54479987768,2.5841558905004626e6
3.2744310462485243e7,3.396430119999448e8,226539.02828887771,2.585011891435312e6
3.273291792669239e7,3.396977703072613e8,226526.6604050616,2.5890584869285687e6
3.2725849600675944e7,3.399569389746313e8,226421.3119354161,2.5887031504260176e6
3.2723480828706503e7,3.400456107988942e8,226399.3936983667,2.597934741553307e6
3.2726535770817354e7,3.400163273666531e8,226825.32033031413,2.5982293039228143e6
3.272483579820586e7,3.4051086412065583e8,226847.22512274486,3.0207988679956794e6
3.2743148393699408e7,3.405565452465531e8,226843.93503247693,3.0207740028887102e6
3.2789370541311406e7,3.4050810957163644e8,226805.35176208877,3.0218757998522148e6
3.2793426148998473e7,3.404948911117077e8,226745.01181925985,3.022080862670549e6
3.280212326357696e7,3.407012362465909e8,236344.00374544898,3.02527662613263e6
3.306531223026543e7,3.408491927119478e8,236305.9799816213,3.0249005107519994e6
3.309856652683729e7,3.4090783253857934e8,236185.8710357747,3.026256826494382e6
3.3111463059343074e7,3.412126224270957e8,236217.4460221746,3.026686623442823e6
3.311773016849439e7,3.4190781290445423e8,236279.12720042604,3.0272141237173593e6
3.3167628338073097e7,3.441375859865077e8,236212.09475195518,3.030330124132904e6
3.3166628947722342e7,3.4454539728225815e8,236169.46136240935,3.029851550731601e6
3.470611800020755e7,3.4460956337866e8,236205.1085395606,3.0306718548260126e6
3.471090466437376e7,3.445615870145355e8,236189.42667388768,3.0312976549253017e6
3.472286447027082e7,3.44518250469489e8,237736.07589504277,3.030664972000155e6
3.485831145710833e7,3.7841442198651487e8,237786.13880899412,3.031037879635414e6
3.485497257086192e7,3.7865504431066465e8,237734.65530653714,3.0305548583538523e6
3.486473682664886e7,3.7871047960928756e8,238037.2272073364,3.0305709471441833e6
3.4863565455091834e7,3.7903157405243236e8,238059.0304604878,3.0310026824697084e6
3.48685872626672e7,3.794034465810091e8,238077.74931118055,3.0305467666825606e6
3.486673366582591e7,3.793962891038272e8,238055.77782320933,3.030816911512849e6
3.486899560311353e7,3.7940230635285556e8,239250.6917403168,3.032508509761682e6
3.486134734596656e7,3.793723516549312e8,239929.86917758235,3.019855733320258e6
3.4865807269640796e7,3.829508227295406e8,239905.31465125552,3.0205702007553023e6
3.5251867179432295e7,3.828387370721973e8,239964.01251355562,3.020976681420561e6
3.526973937987011e7,3.916156570264565e8,240052.57094701478,3.021367334186478e6
3.5275242235769995e7,3.915338445552252e8,240023.73581585847,3.0196360380697353e6
3.527394780312835e7,3.928190012298218e8,239965.3019036003,3.020812771948858e6
6.992071541622119e6,3.926723561614537e8,239949.83901958977,3.0215551222137795e6
6.992594053975618e6,3.927266023965596e8,239996.84813169725,3.0212214589588484e6
6.994006691370051e6,3.9280861893332547e8,240031.20937915234,3.022904992306232e6
6.995878737939214e6,3.9278225582257444e8,242387.71300176776,3.023363519947451e6
6.994055771373895e6,3.929315861994838e8,242398.14479929768,3.0186022844786835e6
6.990715686496611e6,3.929925089047599e8,244236.73088984392,3.018289723187343e6
6.988083495250955e6,3.929598582264742e8,244286.36268227725,3.0184694108275287e6
6.988440855138074e6,3.9335235465683645e8,244265.84348436256,3.019641731705553e6
6.989114138018528e6,3.9329323117243457e8,247000.6081132938,3.0410999917354523e6
6.989718601450897e6,3.9338627485540843e8,247745.594847272,3.0410087584998896e6
6.989397844740217e6,3.9467780412601024e8,247749.33968502723,3.04622194218825e6
6.988545370215266e6,3.9469838676890504e8,247752.91093890183,3.0621903629301707e6
7.003961852046674e6,4.124455909514942e8,247711.89397911634,3.0615689368969104e6
7.003272329690681e6,4.1255493151169527e8,247920.35050104593,3.0617811113154227e6
7.002103012057282e6,4.127546092634411e8,247904.40863081036,3.0617851526642176e6
7.003473537740838e6,4.1269343451869875e8,248776.87690815845,3.0656526272985786e6
7.490656775682394e6,4.1268444669015723e8,248896.53811217003,3.0664919370035226e6
7.489856266634042e6,4.1179499339805806e8,249220.11959336835,3.067025875034324e6
7.491333625398336e6,4.118861403347978e8,249262.35666063262,3.0684251163330153e6
7.490734078304328e6,4.120119227336013e8,249357.61215880563,3.068299706984549e6
7.489740866232963e6,4.120733121685264e8,255043.68389819664,3.067980022647707e6
7.467134733267332e6,4.126732761382525e8,255006.32426205245,3.096824513312056e6
9.163005610016761e6,4.130291730342039e8,255452.4838664953,3.1046973864262914e6
9.268389130902158e6,4.131073964030997e8,255480.8210766827,3.1057731523350975e6
9.40019958323744e6,4.130302407063097e8,255500.45926761194,3.1070612564077284e6
1.0915663856197774e7,4.1309800861616075e8,255553.49255296512,3.1075710304594124e6
1.0916987068104094e7,4.131499064199747e8,255648.79100385623,3.1073921407612315e6
1.091435548190316e7,4.1342119606296575e8,255998.59170960332,3.108227646936909e6
1.091330685855252e7,1.0738482913119905e9,255981.49395885665,3.112526044856825e6
1.0915250175601197e7,1.0742835421519575e9,256596.52208821508,3.1130773013771353e6
1.0920696950800844e7,1.0741240793132658e9,263745.967223775,3.1123668793090475e6
1.0919209150813496e7,1.0732396257367554e9,263745.8005407518,3.1144515081050033e6
1.0918594129285466e7,1.0742098688630378e9,263958.3354778362,3.1149596539467135e6
1.0918789293866932e7,1.3225966849568455e9,263956.27729687217,3.112393163429234e6
1.0918902961776044e7,1.3335454609053013e9,264125.5767174802,3.112305178444489e6
1.0921045107250987e7,1.333893041918046e9,264061.7398810221,3.1127890394530254e6
1.0923121096487708e7,1.3338313889582105e9,263732.6807894918,3.1132035258301836e6
1.0914311265291087e7,1.3337456687428017e9,263903.54661320575,3.120722861439249e6
1.0915571515736965e7,1.3340987621395533e9,263886.8398313103,3.1220080972278826e6
1.091604032464702e7,1.3335742581325707e9,264046.8202200865,3.122568531930501e6
1.0918230322157232e7,1.33333338041507e9,264081.3569194112,3.123850788440338e6
1.0924561292689359e7,1.3374709503450117e9,264139.2642529626,3.186899676752758e6
1.0925162729312932e7,1.3376475789836905e9,264121.63107600686,3.186953674458322e6
1.0927945726042127e7,1.3384297601325948e9,264188.3206397919,3.1876736644253833e6
1.0930742086362975e7,1.3391260575530744e9,264218.19792752014,3.1881077858210565e6
1.0928333306655558e7,1.3401856118490636e9,264315.9503024577,3.1875818903788514e6
1.0921359806785183e7,1.3332481165077205e9,264355.181410221,3.188638162942247e6
1.0918670313724853e7,1.333423060175405e9,264460.9024468199,3.1892416008577845e6
1.0921649478552086e7,1.4099383700867865e9,265048.8298523536,3.200230732975279e6
1.0923272276815116e7,1.4098735294678593e9,265231.50660132815,3.2018445103592435e6
1.0924966710629292e7,1.4098456320383673e9,265702.8605017487,3.234395755469602e6
1.0918825440711869e7,1.4095811606141458e9,265771.67088208866,3.233854180211005e6
1.0918136907659123e7,1.4111523006794457e9,265741.15338178934,3.234806676184895e6
1.0921332346683014e7,1.4109008475993805e9,265801.88107975083,3.2341622105973414e6
1.0920938703892939e7,1.4112198279637852e9,265787.51650853694,3.2348897636343758e6
1.0920325938032556e7,1.4114180912402751e9,265764.6419702017,3.2346171275088713e6
1.095363180352735e7,1.4116303227541466e9,265763.066244431,3.237527296009591e6
1.0952748007164108e7,1.411429503087409e9,265738.04066161823,3.2373904042972103e6
1.0954117334727515e7,1.4117187754621844e9,265802.2441298713,3.2547298746926887e6
1.1002149334743487e7,1.4115314635187898e9,265804.352495361,3.2541774053705605e6
1.1035531623167105e7,1.4265986780218215e9,265805.4337049457,3.2540595561241847e6
1.1040069435329894e7,1.4271877978543441e9,265839.42448394705,3.284850102268708e6
1.103879434097584e7,1.5038264169921532e9,265892.27552790026,3.287540621859162e6
1.105727374857068e7,1.505179876182641e9,265937.6064208808,3.2871794984096577e6
1.1073489891694797e7,1.560866690424682e9,266318.0100032227,3.286688320910367e6
1.1075496342192365e7,1.5614399273419373e9,267704.1934571158,3.2873053354375004e6
1.1079091899686173e7,1.5615318429992483e9,267735.86801221076,3.287824932870566e6
1.1082482308379123e7,1.5617984968835814e9,267730.85809948074,3.288482525008582e6
1.1086479181149703e7,1.592653666152093e9,268289.13257158815,3.2889534818416024e6
1.10873386423313e7,1.592524926753712e9,267973.4134233652,3.2893822592507727e6
1.1213129265648063e7,1.5924674489466147e9,268623.6828640272,3.31194786462708e6
1.1214696062605966e7,1.5930941486711762e9,268614.94018919964,3.311255027778224e6
1.1213656601125408e7,1.5933170185688128e9,268657.19666263217,3.3122584564249474e6
1.121500976517862e7,1.5935889246963787e9,268596.92604536924,3.313151977018617e6
1.121639775558397e7,1.6016064940014265e9,268690.2928091709,3.312502607929185e6
1.1215287817673411e7,1.6012977435831017e9,268887.314213959,4.519841909311265e6
1.1265413500982769e7,1.6282763488014243e9,268950.5001249303,4.520012524194457e6
1.1264476384590218e7,1.6294231606549993e9,269306.5312300761,4.522913945358371e6
1.1268404290485572e7,1.6296477687203639e9,269323.36326576833,4.529792382294383e6
1.1268792000624046e7,1.629370219310331e9,269649.32363648806,4.5308794999819e6
1.1170734550856007e7,1.7741619811644783e9,269720.01558242727,4.537359597660938e6
1.1170316512144176e7,1.7753480802018988e9,269873.0580273694,4.537964809275925e6
1.1176370159932667e7,1.7764098668854208e9,269833.22364491917,4.53868153351279e6
1.117825920608456e7,1.7761101678336802e9,269709.51453813416,4.539852274373311e6
1.1178352790079767e7,1.7763460193190343e9,269758.8978256453,4.54022628145341e6
1.1185941529722307e7,3.3516638881524563e9,269830.41774124326,4.546452145230621e6
1.1215413141232064e7,2.7357838970915523e9,269852.1884191147,4.547447257134515e6
1.3269091111662416e7,2.7379775602793403e9,269823.65026195446,4.547520525381543e6
1.327093553626898e7,2.73852379054977e9,269964.4462465075,5.611813364920255e6
1.3276218021297341e7,2.7466028929888115e9,270040.54312602687,5.629042679107587e6
1.3275895196937833e7,2.7483584113891935e9,284754.87250939617,5.631987201106461e6
1.3279516336324818e7,2.748443814890075e9,284785.7769070813,5.633895050375477e6
1.327768995813227e7,2.748791058124229e9,285387.7358153275,5.640176641845606e6
1.3282325360054545e7,2.748885407156629e9,285385.070566342,5.641123659289196e6
1.3282992475825971e7,2.744506663489337e9,285505.15576333174,5.642619291415004e6
1.3290928624424234e7,2.745834913584189e9,285824.97002261865,5.64323919083118e6
1.3290470708943425e7,2.746471428510129e9,287435.6045082587,5.646555549017448e6
1.3290804710221304e7,2.7462724543246503e9,287755.91724045685,5.634315881307509e6
1.329183620122869e7,2.7448959380924964e9,287840.3836352136,5.636921967111478e6
1.3294547797587177e7,2.7460047298811684e9,287995.0202006889,5.636512131135718e6
1.3297281229399903e7,2.770242740775061e9,288218.3577217846,5.635266236891616e6
1.3293653184581572e7,2.7877636587445946e9,288276.8071163142,5.635876900523216e6
1.329482031103293e7,2.787927230473629e9,288586.28964608704,5.635514370560201e6
1.3296509082433295e7,2.791702271610825e9,303015.76683335187,5.6374699930985505e6
1.3292773670914153e7,2.793154269230059e9,302917.44716957223,5.637853942295141e6
1.3290624031833187e7,2.793645370132157e9,302952.87117803335,5.653977370376596e6
1.3290768241780883e7,2.794782786270991e9,302977.28732572106,5.654285341410427e6
1.3307815402554087e7,2.7913920179191585e9,302968.9364321827,5.653768540943504e6
1.3305833602736196e7,2.79209604702096e9,303158.45454702195,5.655271731600458e6
1.3307469455375405e7,2.7925348496472373e9,303415.11534056393,5.654095094888053e6
1.3305610134094147e7,2.7932915590860434e9,303493.7619342528,5.6547543173995875e6
1.3304628686764631e7,2.799221332002262e9,328778.6949237623,5.659214261338479e6
1.3303929151803005e7,2.7988003039650826e9,328869.433255008,5.657581985079865e6
1.3305036383787477e7,2.7990310946799974e9,330256.24275810266,5.657591167272304e6
1.3305623710282948e7,2.803020345494999e9,330589.645467191,5.661250731302484e6
1.3340866553370088e7,2.8075738347557917e9,331040.4943010966,5.676349243633698e6
1.334061796733762e7,2.821401335912017e9,331049.1554987929,5.676678804515281e6
1.334976974614822e7,2.8214405911407857e9,331019.3182255458,5.678245162638032e6
1.3349826510067765e7,2.8440070214984617e9,331011.86787012534,5.6777293594929725e6
1.3348173570924414e7,2.9022624148781967e9,330981.25947990763,5.678522430348909e6
1.334510059668648e7,2.902268613374826e9,331016.5491953319,5.683427051666781e6
1.3475516530538544e7,2.903472094004566e9,330687.46286493976,5.684531333933606e6
1.3490858127113162e7,2.90582255811316e9,332835.5660371891,5.73473073030114e6
1.3494525476070879e7,2.9093037413550935e9,332800.1492354505,5.734616970993601e6
1.3492901899905028e7,2.9689007811549892e9,332865.5579991633,5.733147555447622e6
1.3494994069342785e7,2.9606077354824605e9,332787.2661187746,5.736982692764884e6
1.354835462311998e7,2.997247553066796e9,332991.2490352297,5.73597899706528e6
1.355675670069012e7,2.997497110130681e9,333019.2080874448,5.73789063596476e6
1.3622448842490308e7,3.377629970359811e9,333042.69315902743,5.738635692078698e6
1.3614472972270017e7,3.378259154881592e9,332855.88372247404,5.739296500974448e6
1.3621860806076385e7,3.367520564800721e9,332790.8092503177,5.754290882708295e6
1.36254197111997e7,3.368055928494612e9,332854.24874632095,5.7593870668915855e6
1.3627712798391076e7,3.367464395508251e9,332859.5000152566,5.758986080944958e6
1.3627877670783367e7,3.368992692077762e9,332983.4641180391,7.712371009036221e6
1.3653391643144164e7,3.3669080862672076e9,333296.94583260664,7.712429312979695e6
1.3656161441955933e7,3.367208645064476e9,333127.49784112483,7.717670598044021e6
1.365929410848975e7,3.43134339404616e9,333154.6267872078,7.718513084879178e6
1.3663981674885694e7,3.430986844902491e9,333299.69400834193,9.202180248636883e6
1.3661493860725656e7,3.445092443415524e9,333415.0467520743,9.204041716755938e6
1.3668476837498538e7,3.44573256933595e9,333445.36578548444,9.226324940980768e6
1.367111257788037e7,3.4513675197923965e9,333404.39124594827,9.227803018768204e6
1.3664617228659892e7,3.397555638126675e9,337796.79232108785,9.226330847076511e6
1.366376344829339e7,3.397514428052512e9,338282.0986513479,9.227785800548524e6
1.3662097058676539e7,3.400159482092251e9,454440.0974994017,9.226817119471518e6
1.3666182810109705e7,3.400287612765408e9,454364.8068916024,9.231083978840359e6
1.3654443868050588e7,3.400756155714966e9,454252.53637587564,9.23334495318912e6
1.3956738828180628e7,3.400214994237835e9,454381.2164460597,9.246746142629882e6
1.396023572169431e7,3.404812407697253e9,454715.8800507489,9.24583059294722e6
1.3962444380728679e7,3.5033998341322675e9,454786.9586137531,9.251996919644104e6
1.3980515506315473e7,3.5064614095873404e9,454852.11039758835,9.273213649014447e6
1.3982309385843681e7,3.506434518733123e9,454942.7536349065,9.273731681652304e6
1.3984708969078427e7,3.5106367629260144e9,46904.734308340725,9.28401722138013e6
1.3983125536970455e7,3.5100813659812346e9,52517.351668624164,9.290514339898761e6
1.3988505438545944e7,3.5099205515722613e9,52533.953821666066,9.283964177835207e6
1.3988740006656649e7,3.5097965006670547e9,52532.26359311673,9.37386673625407e6
1.3985796234407103e7,3.5109836089896607e9,52410.90832911931,9.379918321282461e6
1.3983113141167317e7,3.510651510846578e9,52428.86562081857,9.379509859606719e6
1.3982007761185499e7,3.5111462060361886e9,52541.68059448321,9.379128034284005e6
1.3986604999842783e7,3.5455701808048267e9,52579.24721030212,9.388033507808851e6
1.3985157268564645e7,3.546721821672308e9,52570.97610193261,9.387049719362255e6
1.3992866395247566e7,3.5475713393473325e9,52595.01222463476,9.4182996651491e6
1.3991147905540992e7,3.548049907347281e9,52591.46757263046,9.42311772512592e6
1.398874455699364e7,2.5662735949261233e8,52606.044613320446,9.427795723041415e6
1.4299171088994421e7,2.5689109782556567e8,52759.00072350424,9.429681462591752e6
1.4308776467724368e7,2.5988431273318046e8,52755.91099394068,9.436662494444104e6
1.430861915212694e7,2.5986047536342642e8,52749.307124585765,1.005098519577568e7
1.4304904018895164e7,2.59856111317555e8,52768.262998168204,1.0055425254240429e7
1.4320191445076056e7,2.5981812619860336e8,52759.724690343304,1.0050253228250423e7
1.4325110640454112e7,2.598370142268407e8,53410.36702672819,1.005224430885188e7
1.4329857029368265e7,2.5982843767774475e8,53421.624760575105,1.0079958039005172e7
1.4330797633987205e7,2.597939090242621e8,53442.24118078184,1.0081879374034308e7
1.4330615722098468e7,2.5978149850934085e8,53465.976798753574,1.0072761993663782e7
1.4334063082754312e7,2.78919323828946e8,62135.333152120525,1.0072566910806755e7
1.4310087106235186e7,2.7883192700968707e8,62115.77667841796,1.007178540863696e7
1.4311006763384448e7,2.7887009413923156e8,62097.80538274168,1.0088602347567447e7
1.4972828051820466e7,2.790603550401957e8,66862.98140278448,1.0093875982710453e7
1.4974129163559623e7,2.7897187902271354e8,66858.55061625029,1.0104269902327947e7
1.4973545950982356e7,2.789793302762056e8,66977.72870388305,1.010291492250801e7
1.4975380332902936e7,2.7894905311886257e8,67041.7950191418,1.0100096421598593e7
1.4995605610444693e7,2.7967287284152853e8,67031.91051263543,1.0098654210815411e7
1.5010488603372078e7,2.797191830975573e8,67147.26818149183,1.0100058000081317e7
1.5017975143578252e7,2.797796076645951e8,67202.26413904423,1.0089605846095935e7
1.5028798004700094e7,2.798341217818982e8,67402.63073650125,1.0088624481026411e7
1.5109328804618962e7,2.823074804005984e8,67372.64895615727,1.0087197134806043e7
1.5115611722309534e7,2.824325334837904e8,67494.46771193486,1.0085671798013562e7
1.5141192828306735e7,2.824325231404007e8,67515.66179371001,1.0234516277164685e7
1.5144293377571292e7,2.823912324186169e8,67511.53508171522,1.0233144944831062e7
1.5136219179815002e7,2.825314013419592e8,67517.51218173343,1.0247340159605665e7
1.5133801968980368e7,2.827157436387242e8,77920.9884696079,1.0245973668340396e7
1.5145563318933541e7,2.826784456242126e8,77900.61349575377,1.024859522754788e7
1.514702181850957e7,2.8267824037178516e8,77950.3707804384,1.0260330181894515e7
1.5139497265637679e7,2.82593528446746e8,77926.29084315068,1.026297851224213e7
1.5141477050089218e7,2.825817006928039e8,77941.79707790555,1.0263356807943664e7
1.5162786412625328e7,2.8256911781447256e8,78032.75262878802,1.0265351025701782e7
1.5164828795602366e7,2.826747178105509e8,78056.38065330654,1.026459228689439e7
1.617926724368411e7,2.836093997756067e8,78054.51108482317,1.0265983633168023e7
1.6185582516177338e7,2.835453356823656e8,78076.61799233934,1.026154614886584e7
1.6189451352497851e7,2.83527820946944e8,78088.19540063861,1.0261903380444117e7
1.6194833921085652e7,2.834762303420621e8,78174.03819637132,1.0262439664335033e7
1.619269167331329e7,2.835093687824039e8,78163.31836081178,1.026178106102434e7
1.6186777297178179e7,2.83685882817913e8,78186.88675910502,1.0264726405100698e7
1.6184422111154746e7,2.837924476899959e8,78150.24505020917,1.0276053459761707e7
1.6181394581503477e7,2.838461601779782e8,78160.62079303928,1.027585851049756e7
1.6251141282080365e7,2.838256871561239e8,78172.49151838192,1.0289337117355127e7
1.6415810604657186e7,2.8377039980180097e8,78169.9614902456,1.0287070073263079e7
1.6421898809934484e7,2.8575028493257743e8,78150.90501937363,1.0288720360492999e7
1.646524391803072e7,2.858814907342508e8,78120.28948923823,1.0290318817507014e7
1.6466869550402509e7,2.8590337360504365e8,78127.60965367663,1.0288928332265552e7
1.6503292935029283e7,2.858729638482131e8,78177.6203975195,1.031450545856885e7
1.6499178636652041e7,2.8598450571422225e8,78232.5426703848,1.173347263273744e7
1.6500123595343428e7,2.9226843482204485e8,78222.65267998006,1.1731622844996508e7
1.6503358947304642e7,2.9224926225325143e8,78306.27293479542,1.1742027615969243e7
1.650550738357083e7,3.1839714491366416e8,78328.48031167727,1.1740543017790103e7
1.650822815931841e7,3.1847325812704e8,78374.40200617551,1.1743258874708258e7
1.6511478540215079e7,3.315616902639154e8,78406.447816442,1.1753998729682809e7
1.6515076543878006e7,3.31637770412064e8,78411.46019986218,1.175752029341303e7
1.6519151131282635e7,3.317807530808257e8,78442.8260004738,1.1784244522080084e7
1.6521868134055417e7,3.3169058212875843e8,78446.3068628323,1.1786549095284099e7
1.6518929933682678e7,3.3156667281183535e8,78467.5722884271,1.181724058478299e7
1.6518711442949886e7,3.996797795216122e8,78512.13320534122,1.1817199355749765e7
1.6516897872427136e7,3.999176404773313e8,78536.10791951884,1.1822186637270147e7
1.6520522492433045e7,4.0103923255022955e8,78537.00241392877,1.1828857614280483e7
1.6518922019182624e7,4.0117081994348526e8,78668.48658296894,1.183107974136043e7
1.6518465571611134e7,4.0120066969517386e8,78681.85880711561,1.1830530374739153e7
1.6515268393895889e7,4.0116735369113487e8,78664.02249890447,1.1837057075808281e7
1.6521559592599014e7,4.036000654874956e8,79163.99792649833,1.1839293575948684e7
1.6519430579949703e7,4.032099528468018e8,79228.66921083162,1.1840087562754177e7
1.6523372526804e7,4.032634087205918e8,80505.2757188319,1.1841684055382548e7
1.6525507198138578e7,4.022653542683278e8,80528.31571848775,1.1844612857903954e7
1.6527509577940114e7,4.021397761991689e8,79040.37265557356,1.1843486438094035e7
1.6532907443636576e7,4.034859676130163e8,79041.3716997517,1.1852219081888434e7
1.6530306405483343e7,4.0320695169727707e8,79022.43873396798,1.1854226612424882e7
1.6680128229001857e7,4.031177791129895e8,79069.13702670662,1.1868647087961925e7
1.6700080442178153e7,4.032417493061164e8,79060.58066343406,1.1871035574388161e7
1.67056350462191e7,4.033921604760232e8,79098.78221221181,1.1947793441784242e7
1.6866370939520508e7,4.0315169604094326e8,79288.67800443132,1.1947729970365724e7
1.6868591124015566e7,4.052247921569303e8,79304.06525084314,1.186806641501814e7
1.6886797614091508e7,4.0539877091476715e8,79300.63865201767,1.1867489068973877e7
1.688875937364549e7,4.05236863789252e8,79645.8316047796,1.1866734266309148e7
1.6892618983262748e7,4.06957501907783e8,79651.81618953204,1.1869159316832472e7
1.6894072633422263e7,4.0704934511467165e8,79654.23785582618,1.235687474484682e7
1.6892339988690678e7,4.079480274268983e8,79931.15853740637,1.2355409941735538e7
1.688981322113465e7,4.094852351620262e8,79913.9138291952,1.2353630592345623e7
1.6774188453850187e7,4.09285907640438e8,79905.34822311727,1.2358752220960371e7
1.6780438194626577e7,4.0915244297109276e8,79927.72830870973,1.2359128595256971e7
1.67838977728787e7,5.2720666700382775e8,80023.71386684827,1.235730023892765e7
2.843677758242022e7,5.2705946347813076e8,80030.79031314411,1.2365172744302986e7
2.8434059753507048e7,5.2698242231385756e8,79906.60237528625,1.4724298218967391e7
2.8440542571597327e7,5.2709904716235644e8,79703.19688533788,1.4726842871478872e7
2.8439525734422855e7,5.2730526150832325e8,79708.30584627831,1.4794548489508199e7
2.845006917453403e7,5.274187562384443e8,79771.61479955845,1.4894848181408083e7
2.8919086282679293e7,5.2753182981901217e8,79774.12955562734,1.489799472723863e7
2.911975845102058e7,5.277169932513827e8,81018.24766740095,1.4900311213984111e7
2.912896401733121e7,5.2814221683346295e8,81004.14022952058,1.4893639341415774e7
2.913283243929314e7,5.282109011533496e8,81038.69715439809,1.489605004298975e7
2.913332968198323e7,5.282828046854406e8,81048.899419469,1.488987033440859e7
2.9135882239613086e7,5.282354559366791e8,81134.85041776561,1.4912623288057871e7
2.91978939682974e7,5.286876917192108e8,81095.16796388531,1.4923175112102427e7
3.40886122509135e7,5.3056211282713455e8,81182.07130673874,1.4925686736325936e7
3.4293023085249685e7,5.304710666708771e8,81150.25608362033,1.4950320887506468e7
3.42874127884737e7,5.312690613501126e8,81150.39683226233,1.4953670820278931e7
3.429185852917097e7,5.313906677099661e8,81281.29052031468,1.6416171294520957e7
3.431534855277232e7,5.3145876245670784e8,81603.41047066452,1.642743253428861e7
3.43439627779092e7,5.3137023545920044e8,81564.45186415628,1.6425863864805236e7
3.502918849972072e7,5.3188714285321677e8,81614.88878544774,1.6428085875045167e7
3.5107161235038176e7,5.317856429768295e8,81594.05812157106,1.6429484130921317e7
3.511927741884223e7,5.3192399001724374e8,81726.02064248179,1.643155473962378e7
3.511649080656602e7,5.3201422084823054e8,81760.59562531041,1.6439216416289749e7
3.5112236051828675e7,5.319070217127255e8,81845.36263219564,1.6443785628976194e7
3.5106887046288304e7,5.3213183742434597e8,81900.79765852245,1.6451860205357878e7
3.510239446487582e7,5.320269704523572e8,81892.53063370816,1.6448556351789685e7
3.509661286163701e7,5.3260159419736105e8,81909.90176650412,1.6456892205116078e7
3.84446451717464e7,5.368854413232783e8,82061.98530730385,1.6454191401996337e7
3.844085323622283e7,5.36885190982044e8,82076.30270082066,1.6457790764224997e7
3.844571562159661e7,5.3659189894955117e8,82087.5522920634,1.6472972366110085e7
3.84474388908883e7,5.363075633373216e8,82118.02513164953,1.6508405862274587e7
3.844253276842311e7,5.364583389200728e8,82116.06344652889,1.6531433534542575e7
3.851919655724264e7,5.36346964575539e8,95630.7267801967,1.6543675444344942e7
3.851615074770399e7,5.378694086911608e8,95651.85787081717,1.6547523180586454e7
3.853121283046347e7,5.379085110756023e8,95661.1760911949,1.6552266410178177e7
3.884427890363138e7,5.377962561169053e8,95741.98307355035,1.6554424812763775e7
3.884627332638716e7,5.385967538799222e8,95732.6840876253,1.6562282055931818e7
3.878370531398749e7,5.387790721869528e8,95723.4110723448,1.656645300117102e7
3.8780128113546535e7,5.391035329936181e8,95712.43300468438,1.657527717239812e7
3.903678302140656e7,5.409494758732957e8,95640.04892587989,1.6575098296163982e7
3.904761778338036e7,5.859285690724889e8,95672.5229153662,1.6569912758245105e7
3.905649356803743e7,5.86029505399477e8,95657.23792009155,1.6621029035841474e7
3.90571047570681e7,5.858839548171984e8,95671.60239115976,2.703860338936706e7
3.906505482809581e7,5.886158693542722e8,95687.77492955943,2.7025360209060237e7
3.90364917592364e7,5.888153229630052e8,96309.37720116491,2.701274141625102e7
3.919285314501703e7,5.895938457308347e8,96394.82403170358,2.7016820747676417e7
3.920244286619455e7,5.894679534324774e8,96394.06490251365,2.7009465923212104e7
3.920268201234341e7,5.903294853938369e8,96367.82088557021,2.7023331070534736e7
3.9200984028763086e7,5.904046450241392e8,96505.07252378878,2.703241479179266e7
3.9333763582804635e7,5.900811452385497e8,96492.24878648549,2.7035544500494435e7
3.9332886639234476e7,5.912845032106067e8,96441.40873351066,2.7040374016075518e7
3.932691887530046e7,5.91202555245031e8,96087.92119234694,2.7044817701709963e7
3.932696806463628e7,5.902226628264552e8,96072.78477842952,2.7048910883007042e7
3.932486776162711e7,5.902674955558233e8,96033.75360950484,2.703985767134555e7
3.932162832136275e7,5.902639251005125e8,96073.7763003811,2.7034530875795357e7
3.9327172283736974e7,5.903559571238832e8,96083.3925788838,2.7033146160357207e7
3.932108804559809e7,6.439127021849327e8,96104.61599810109,2.7095036640444588e7
3.932471014448426e7,6.446685775795379e8,96236.69328884537,2.709086070244987e7
3.932451475233065e7,6.437665898341627e8,96265.92562992302,2.7083725893598616e7
3.93539888831825e7,6.43799288159342e8,96307.51502898228,2.754432012400095e7
3.9448930220424555e7,6.437758879331164e8,96314.34718417494,2.7549053325935148e7
3.9454048379492804e7,6.436019549719067e8,96313.87021699082,2.759863785456212e7
3.9450454976638734e7,6.436474769281807e8,96324.82298107314,2.7603408066317227e7
4.05893203863198e7,6.433818084107485e8,96104.19339764891,2.7607477853370626e7
4.058426455045149e7,6.435057187752345e8,96622.48221649819,2.7622522390218567e7
4.05838237306964e7,6.447309568621138e8,96650.92249174064,2.7673737096621297e7
4.057715402704664e7,6.471791615485823e8,96851.15188259013,2.7672673066996224e7
4.058812201901183e7,6.64566616294122e8,96819.32174551481,2.7667519665417854e7
4.058730386337265e7,6.64323465882728e8,96011.43769968211,2.795305915152381e7
4.058630583936929e7,6.643854015948443e8,96041.82935426604,2.7940129230103165e7
4.066345670647148e7,6.680310652636217e8,96225.77914489363,2.7951499324435882e7
4.070687868762524e7,6.680786806189958e8,96245.78821536948,2.793246416906111e7
4.074193260894089e7,6.682689565834804e8,96475.9285726664,2.792708456266065e7
4.0728879818282805e7,6.683050898495829e8,96571.66233327205,2.814747846716566e7
4.07146936470125e7,6.682736976408352e8,97275.1165128327,2.8146739156121135e7
4.0721720745545074e7,6.68425654790653e8,97272.55624222405,2.8122588641072735e7
4.072780190164935e7,6.743396518982406e8,97314.89698530606,2.8127747040251087e7
4.0752388920228586e7,6.74448300900208e8,97391.31043679443,2.8134882380601257e7
4.083557652055629e7,6.745462522471609e8,97329.09088241844,2.813989515574417e7
4.145040115310933e7,6.74625806472521e8,97338.24156866859,2.8165874694129054e7
4.1452215424331084e7,6.752672971605577e8,97351.14444191848,2.821105886856328e7
4.211548211558268e7,6.757337301271394e8,97414.87285110103,2.8220932753606368e7
4.2114844430658005e7,6.75846663411303e8,97437.70659905,2.8212590564663325e7
4.211971031323202e7,6.761906822143745e8,97448.62285647247,2.8236820103160866e7
4.2116554588797785e7,6.765923568913634e8,97428.06258759467,2.82365720691592e7
4.215987258472536e7,6.769918054026315e8,97406.84696999438,2.8240620641556695e7
4.216886416321933e7,6.768534340682751e8,97486.8921601835,2.823115592702868e7
4.217166595619956e7,6.770844818595206e8,97508.79725507587,2.8246949203911666e7
4.2177904243317895e7,6.772973009369832e8,97528.40918797193,2.8261642569762338e7
4.217321922961714e7,6.815288785073514e8,97539.06041920744,2.8288177765088927e7
4.217848174437276e7,6.814658728701328e8,143645.4934411525,2.8299506977703054e7
4.223922771454244e7,6.815162715215576e8,143794.28344575196,2.8303219443021175e7
4.226912100597902e7,6.813022311271883e8,143822.16768423797,2.8300111629003298e7
4.2283864747931026e7,6.814994125831919e8,143842.65696263933,2.8350711402247168e7
4.2477888985630766e7,6.823132946071e8,144035.32855729305,2.8355254919557128e7
4.247786732553921e7,6.824969444932408e8,143988.07003974073,2.8365150408295915e7
4.248389841503238e7,6.828135792682648e8,144172.37256113565,2.8365335299892537e7
4.247468594281175e7,6.830654741061593e8,144165.30439149382,2.835871911423749e7
4.247447512596254e7,6.859195876859596e8,144117.79460781676,2.8529084854463574e7
4.2473732074854024e7,6.867660504289703e8,144143.34280910532,2.8544548655581713e7
4.248639066933412e7,6.874254178082724e8,144207.20047290533,2.8549854373229343e7
4.250721995553844e7,6.876762158516786e8,144177.16091510328,2.857380892626017e7
4.4029337975980885e7,6.651549444447397e8,144271.63326563395,2.858194446609864e7
4.403535927442009e7,6.657007791057831e8,144239.68595675423,2.5229981809613034e7
4.4038464696689e7,6.658002126855989e8,144216.08895348362,2.5208044078064807e7
4.40351679003898e7,6.659105044363619e8,144208.3283766521,2.521876887311499e7
4.402159850335093e7,6.671748909611825e8,144248.37039578505,2.522876663658177e7
4.6635492605314516e7,6.688369214239371e8,145543.994089221,2.5215131393646944e7
5.241260407515793e7,6.692103214163536e8,145726.62806590274,2.5219167977804918e7
5.245944715059902e7,6.691770347890242e8,145878.64253202724,2.5216516460922476e7
5.2373404810867876e7,6.692055045175037e8,145874.83245085436,2.522067814693648e7
5.24493151524365e7,6.69158132929633e8,146164.98315490762,2.521874889986735e7
5.248686149526153e7,6.692542716581702e8,146204.57953536292,2.5225097107796144e7
5.2489531717663184e7,6.776990859303551e8,146202.66613609687,2.5233977171629068e7
5.2478695883609764e7,6.777441686548493e8,146153.67503195888,2.5228881341353256e7
5.248592228993455e7,6.778308935161461e8,146180.47290307598,2.523241779082881e7
5.248166075440872e7,6.777957449133534e8,146165.73604821195,2.539052056659975e7
5.2504768272808045e7,6.784279615827174e8,146550.68263282956,2.5464400969817143e7
5.250767691854654e7,6.784913254257364e8,146552.56071010977,2.546366988141028e7
5.269323690503863e7,6.784159326639776e8,146521.35471646712,2.55110738259851e7
5.268513335207831e7,6.785381276626716e8,146477.44266956684,2.5585633319487944e7
5.267885136707453e7,6.787743164881972e8,146591.2581097531,2.558583805955908e7
5.268129971137448e7,6.791640081126914e8,146691.89000823413,2.5599312769525304e7
5.2670185022033066e7,6.791401333602144e8,154098.94050305488,2.559964611725726e7
5.26785579342202e7,6.881495619407845e8,154195.33883831635,2.6430198838771593e7
5.269386481667763e7,6.88080327454976e8,154256.0341933127,2.6433473688581247e7
5.283934483561959e7,7.033023565643358e8,154726.4878764538,2.6430208167821776e7
5.283524610164611e7,7.033579664721587e8,154740.3542417847,2.643791095604966e7
5.283093673242172e7,7.035322280054297e8,154814.453017972,2.643759094664299e7
5.2850411208200276e7,7.032963945209113e8,154830.1578188511,2.644270343648942e7
5.5206089999350645e7,7.034430386871408e8,156512.68226805184,2.6448067818169095e7
5.5213395425723284e7,7.035295892494587e8,156490.28643209243,2.644658043130843e7
5.56335640720588e7,7.034350398989704e8,156452.67900787044,3.989252939161702e7
5.565341130958844e7,7.034320953127743e8,156478.16740873703,3.990963189506095e7
6.030794693454352e7,7.017707962624279e8,156582.29055602232,4.038491109726847e7
6.032925880266618e7,7.028052057883599e8,318304.1108478313,4.0392027049733154e7
6.033993014365439e7,7.08360268640476e8,318814.65924398915,4.0360601619842835e7
6.033856246533593e7,7.088634718026106e8,318836.09470399533,4.0337092590454064e7
6.0350271182673655e7,7.089961974563606e8,319077.8153421871,4.0888237494966574e7
6.0369443379539974e7,7.091925349557077e8,319008.52310729766,4.087595718932556e7
6.040268840978572e7,7.09686561227518e8,319191.6269330259,4.087783237685045e7
6.041914591444065e7,7.095908796427948e8,319291.2311104569,4.0874209812545516e7
6.042682736362916e7,7.095808877721626e8,319227.93060945044,4.089783459458236e7
6.0420483157629386e7,7.094377237223035e8,319279.0912642383,4.090633297575026e7
6.043391024366481e7,7.096411265888355e8,319192.5109464859,4.089656915478703e7
6.0443705881781384e7,7.128604755762024e8,319304.1307801326,4.090207788743248e7
6.044382308853269e7,8.227435070363878e8,320688.05835482676,4.095184668660797e7
6.066120749386167e7,8.229486603221042e8,320656.0163225877,4.094656239047344e7
6.0652822673228264e7,8.233168678979931e8,700976.6858076028,4.0969683500932224e7
6.0671378765292324e7,8.233596077458396e8,701007.1736977182,4.097153360530728e7
6.068588988018609e7,8.277763300260401e8,701207.8317874229,4.096451510765204e7
6.07251744838562e7,8.277336942111287e8,701278.212545368,4.097209528662749e7
6.074671791930618e7,8.276966474602276e8,701480.115527474,4.0976379218251415e7
6.075599308492957e7,8.286826982160034e8,701558.6577298588,4.099381471872156e7
6.0763761477794245e7,8.288380967073724e8,701842.6754959015,4.100163902710024e7
6.096348698084859e7,8.282391237122619e8,703394.6043127031,4.100563432673608e7
6.096682881460116e7,8.280928692795013e8,704475.4217708703,4.10015846911146e7
6.0984708912077405e7,8.284074434491333e8,704569.4952245379,4.099719549678659e7
6.10289067252002e7,8.282764512504263e8,704525.4466405689,4.102151662944249e7
6.102145225089418e7,8.32443818118165e8,709554.3685472887,4.1015255540824085e7
6.116462559762835e7,8.326862677770617e8,709757.0661911914,4.100283623900355e7
6.115532445666029e7,8.326185085422709e8,709878.8853081599,4.099773180257506e7
6.094159791627277e7,8.327186372889748e8,710241.6350517288,1.7915558374060383e8
6.1046949326505445e7,8.326938736880697e8,710979.6014931924,1.792000823814764e8
6.116444791187471e7,8.326341159070139e8,712114.2369617684,1.7918479139586928e8
6.114762508659101e7,8.33651981447006e8,717704.4988981707,1.7924588003807977e8
6.1156165216133505e7,8.335030951576352e8,718634.9764990686,1.793265026145156e8
6.114940269993859e7,8.337104759098924e8,718711.3154494057,1.7960002226762006e8
6.1157596270085506e7,8.34133069386413e8,718801.7263226579,1.7960044423370335e8
6.116650213457645e7,8.339975031541998e8,719376.0041157735,1.7958645839940226e8
6.115570857857867e7,8.340298954100639e8,719468.421352473,1.7961577223312747e8
3.353888181280615e8,8.340396987509565e8,719338.3119452302,1.7961387289300758e8
3.354147980520034e8,8.366104326614558e8,733768.6483620463,1.8016418911881822e8
3.3546709618391913e8,8.366603356512403e8,735144.0842373908,1.8115309593344328e8
3.35423896503879e8,8.365642420111153e8,741570.9995946444,1.8138545658108446e8
3.3538326697827643e8,8.364286885728254e8,744922.6270675596,1.8146192924156785e8
3.3549336472578645e8,8.389520925735434e8,745026.8898923139,1.8142767028990826e8
3.3696759323287255e8,8.391120089472296e8,745091.8300873085,1.8233086377827466e8
3.3692636409317976e8,8.392350396225241e8,744943.9699969792,1.823578214229525e8
3.369452974186351e8,8.392487044393569e8,745135.351130317,1.823475402207229e8
3.369519398369802e8,8.394623505631528e8,744948.0926142039,1.8279722248868588e8
3.369302086983393e8,8.40781771491293e8,745071.6060449863,1.8282240510780257e8
3.3683611563231593e8,8.407159835061884e8,746789.7486975521,1.8285714943581688e8
3.3691001107126576e8,2.3781703939496535e8,746648.2287739947,1.828483157278549e8
3.368713900648631e8,2.3783718328131413e8,746573.9150545121,1.8291266259153694e8
3.369629331929973e8,2.3872164973728183e8,746794.145709788,1.829156126786113e8
3.374268241605421e8,2.389738984184289e8,747130.1787460797,1.8298506877209187e8
3.374584570492358e8,2.3892761147454798e8,747332.779662258,1.8298658860872415e8
3.3754497762908846e8,2.3882350257105654e8,747338.1931259348,1.82963399626432e8
3.374961003623836e8,2.648990740662377e8,748369.8264453526,1.830278842152439e8
3.3754810418879247e8,2.6498819407601887e8,748215.5219526137,1.8307103201435748e8
3.411252307690485e8,2.6466332689438564e8,748413.5152160885,1.8298909448371363e8
3.4111913922450256e8,2.64718259181588e8,748212.1380752325,1.8298194969635463e8
3.409987836640572e8,2.646649560504306e8,748809.2741071489,1.8289415772365358e8
3.410332807188755e8,2.6429688860027358e8,748846.5979296895,1.828968630240717e8
3.4101543988136333e8,2.6446820989762774e8,748516.2010025947,1.8294079845598543e8
3.411565641515761e8,2.656068967175601e8,748265.2217486528,1.8292323051072785e8
3.4186980986701787e8,2.655657041093395e8,748612.0086838328,1.8296193375022215e8
3.4191916022312886e8,2.6608897898891824e8,748806.7142622633,1.8295022893315074e8
3.42162017417347e8,2.6606102983148098e8,751005.2639740761,1.830365812677401e8
3.590847068973504e8,2.6642971365352866e8,755087.3530330618,1.8572944537019268e8
3.590744121739587e8,2.663686569041641e8,755116.7140617006,1.8575321066701132e8
3.590262553937225e8,2.66402002171184e8,755242.7607989503,1.857351921903083e8
3.6050653761003786e8,2.6646038893252367e8,755467.2514191624,1.8611500649337092e8
3.6087585297123736e8,2.6641920502406844e8,755407.3710568326,1.8624772322779363e8
3.609185969182174e8,2.6671113969891256e8,755655.8898659033,1.8628118785119283e8
3.608657060423391e8,2.667459341906223e8,775617.0189204433,1.8631851594798982e8
3.6072963940147066e8,2.6678339940233383e8,775421.0044418653,1.8632665773186928e8
3.6071841721790326e8,2.6686544117626855e8,775357.3899216705,1.8626852898591402e8
3.608345574063183e8,2.6695647766758537e8,799117.8708339793,1.8685095500843966e8
3.6093469788596076e8,2.6719224836207032e8,799291.2030086784,1.871147282247059e8
3.610752700362199e8,2.6739165750406352e8,801422.0062346807,1.8708211655947304e8
3.611354725296699e8,2.7095644872845125e8,806411.1816336679,1.8739975287698424e8
3.610782136158539e8,2.7089760914108425e8,806936.2209507119,1.8743608440558127e8
3.610763099132146e8,2.7056039598563844e8,807426.5941138372,1.887112522346939e8
3.6252814486068386e8,2.7106526833878255e8,807268.4378812005,1.886993666505591e8
4.454546434813656e8,2.710071400733682e8,807471.0962761298,1.8870772957709447e8
4.4612720270643455e8,2.709109746457977e8,807632.419557234,1.8867556457229644e8
4.4624166716484356e8,2.708423651423825e8,807851.039864612,1.8870480751500702e8
4.461787620942885e8,2.710177729768079e8,808004.1329167028,1.8873375548788658e8
4.4756519116933477e8,2.709596550834138e8,808136.0299812038,1.8877869863263905e8
4.476708809470275e8,2.710658984555039e8,808094.129153239,1.888058549778158e8
4.478050506305276e8,2.712002192415363e8,808042.2938574238,1.888284323046624e8
4.477822954054246e8,2.712788854749333e8,808399.7255613374,1.9459213850283834e8
4.4771505238336855e8,2.701246205075481e8,916575.4649522268,1.9474898073138395e8
4.4771261078881854e8,2.7043236422149014e8,916797.0415735682,1.9477741194509628e8
4.476744806847459e8,2.7049809591422176e8,916881.5520804821,2.08488537776482e8
4.4791113973802644e8,2.706522845172851e8,916672.4347123909,2.0857388449149165e8
4.4800712450405806e8,2.7059996397255856e8,916906.1425615508,2.086957194561243e8
4.479703106022158e8,2.7485440943380237e8,916664.2154762676,2.0872292784768534e8
4.482038664437118e8,2.7489846644090044e8,917066.7980618324,2.0933461665333775e8
4.480875635266794e8,2.749681968814787e8,917316.8420638148,2.0936028288402855e8
4.4805175869116163e8,2.749355474064707e8,917515.2126803291,2.0935355427249822e8
4.480125273545296e8,2.7691937049576175e8,919355.9092888699,2.0911738386346027e8
4.6483537335102344e8,2.763901806601365e8,916807.6150238458,2.0908993952463797e8
4.643385152746556e8,2.764886062023043e8,916966.0429365154,2.0916981673769522e8
4.6466793789657295e8,2.7652892473588395e8,916673.3351260357,2.0917793907168815e8
4.64727005242309e8,2.765211190789204e8,917119.9393034058,2.0929343317063907e8
4.662903671879234e8,2.764592407368223e8,919729.312419885,2.0925352026457024e8
4.6635937027183145e8,2.765041747331086e8,928053.1582781528,2.0927462628046337e8
4.67130911415363e8,2.76523615505683e8,928701.062744602,2.092740790482124e8
4.6722307534376615e8,2.76466556778338e8,930772.5262027628,2.0939418796892682e8
4.6728579844682676e8,2.7651832882526493e8,931300.038750679,2.0944549559355825e8
4.679042986270729e8,2.7661717717975914e8,931726.6678850008,2.0950970385243744e8
4.67824532345748e8,2.769145956399166e8,931900.3087963113,2.1261636485864362e8
4.677117007053959e8,2.768540282727178e8,933712.4563415562,2.1256254230325344e8
4.679068860369676e8,2.770600615151605e8,934428.3595852266,2.126356012552536e8
4.6790129913910437e8,2.7695272926586324e8,936102.2676930671,2.1260322692914277e8
4.6796756185879004e8,2.7706210284838086e8,936590.435102112,2.1259326219956648e8
4.681741392699777e8,2.771058030433708e8,937354.7822329173,2.1263060884991965e8
4.6823714231968075e8,2.765071072039105e8,937909.4935716741,2.127285357015786e8
4.669850467414419e8,2.7658518595006394e8,939892.413895905,2.1292294003790677e8
4.6703008191283035e8,2.765989153381409e8,940389.490003368,2.12843602121326e8
4.670106362863245e8,2.766982421480761e8,942337.4419493589,2.12846587784942e8
4.670776010610453e8,2.7674260420185196e8,942251.4967586094,2.1292228171327814e8
4.666091801982738e8,2.7732832729439086e8,942486.3825696276,2.128992780372441e8
4.67912463817838e8,2.773005732790964e8,942119.9948801801,2.1292980925323027e8
4.6756105446175396e8,2.7743484146274954e8,942390.0515865542,2.1295935932149592e8
4.700619472917356e8,2.7737948056848943e8,942687.8163877324,2.13000632430395e8
4.7041732553975195e8,2.773151559583687e8,943077.3797737292,2.1292380280047074e8
4.707771058001549e8,2.772104646675281e8,942722.2080689726,2.128840331218701e8
4.706753037521998e8,2.771823140380587e8,942924.7769000831,2.1289976253893024e8
4.70737119061082e8,2.772233757356363e8,943071.6973958871,2.128947350038545e8
4.7075779665594494e8,2.7726535322385687e8,943280.3920640555,2.136982400596059e8
4.7069575300502706e8,2.7736424814512783e8,943138.803841078,2.1420309282232466e8
4.7063077109843093e8,2.9091956037513494e8,941898.7334000584,2.142446285313421e8
4.7072277397536814e8,2.90830741867203e8,941674.5661587092,2.1425249109785968e8
4.710491376094159e8,2.911241794958347e8,941665.3331446812,2.1432981935332707e8
4.7088428154948837e8,2.91183820522973e8,941232.806303651,2.1488470475692946e8
4.8151492009910697e8,2.9112672689229846e8,941389.6023504563,2.1484523682454506e8
4.8145504005097634e8,2.91509145702173e8,941272.7870138305,2.1480896442256746e8
4.830890466034087e8,2.9156542130277425e8,942231.821553296,2.1481996503730762e8
4.8301229600453955e8,2.916335312591024e8,942363.8100538864,2.149997746490217e8
5.604623933484029e9,2.920400322892821e8,942902.2854821922,2.149871532260546e8
5.606806907407721e9,2.9207802976988727e8,1.0871478317075889e6,2.1503204914534128e8
5.606468545295813e9,2.926203295235438e8,1.0873571576074169e6,2.1506625391646492e8
5.606941623234648e9,2.9257180321319944e8,1.0875777528409553e6,2.150337100467264e8
5.607652133788955e9,2.9262403765774685e8,1.087716753952119e6,2.1531203558075294e8
5.631675426779888e9,2.927694788395745e8,1.0899184458789462e6,2.1537991569168684e8
5.715622912194035e9,2.928906617311184e8,1.0898630697847707e6,2.1537145356298047e8
5.716650290762366e9,2.9312895661550033e8,1.0905670740312254e6,1.4366110545193726e8
5.717594686185883e9,2.9317410940477246e8,1.0919264445176437e6,1.4362559823024717e8
5.81713124553104e9,2.933278737034912e8,1.0920739835606287e6,1.487412101310976e8
5.819033888191798e9,2.935454651522953e8,1.0930533580019847e6,1.4876575700163457e8
5.819035553051836e9,2.939944124312747e8,1.834989557897599e6,1.4897066199774235e8
5.827173256219942e9,2.9474904793793774e8,1.835878995031905e6,1.535624133937793e8
5.827810506395479e9,2.94895488277512e8,1.8370070168971994e6,1.5351425376868296e8
5.827160848199737e9,2.95158709847029e8,1.8366133214297255e6,1.5356460038721895e8
5.82637047222087e9,2.958687721560918e8,1.8347294400445153e6,1.5362282041951185e8
5.825593443044025e9,2.9519127161224824e8,1.8296731552727106e6,1.5362559068501627e8
5.831145710716213e9,2.952558375052834e8,1.8302640376091262e6,1.536185759233667e8
5.831590328097473e9,2.9535688302767724e8,1.8331081833530194e6,1.5352350027843383e8
5.832362857705792e9,2.9663696681670284e8,1.8337810768642814e6,1.506704706208374e8
5.836507821997387e9,2.9654619710390186e8,1.8349793729249556e6,1.506963735350551e8
5.836918496756027e9,2.968508728677853e8,1.8352702471526025e6,1.5065670770418444e8
5.83702655779212e9,2.97031181648511e8,1.8381207876290136e6,1.5059364222236535e8
5.83651377465874e9,3.007268014252584e8,1.8377326415929755e6,1.5061656120928884e8
5.829743395792547e9,2.621239795217603e8,1.837380544817818e6,1.5068399165598872e8
5.8281258186800995e9,2.6208463568394145e8,1.8378256820571364e6,1.506628911020928e8
5.823173512440899e9,2.6218096385982475e8,1.8378628191969271e6,1.508817779401786e8
5.822211566753957e9,2.651861292742958e8,1.837821074706227e6,1.509354822691571e8
5.823507437782889e9,2.6516206730592945e8,1.8381652203531528e6,1.509034085248597e8
5.82319075718863e9,2.6548196339449885e8,1.8378001739028997e6,1.5094526218601182e8
5.824454390315009e9,2.6553208775506577e8,1.8375056585448787e6,1.5106191467269108e8
5.83749752549506e9,2.6551315812243822e8,1.8384110332095535e6,1.510878193315016e8
5.836218687204643e9,2.6549887055604696e8,1.8381579528623754e6,1.512320729946366e8
5.833910661069775e9,2.6555657432072076e8,1.8388643003469098e6,1.5125733349366045e8
5.834750709784349e9,2.6565417483482936e8,1.8405731161245727e6,1.513842796444769e8
5.837013657118579e9,2.6559477632270047e8,1.8404885020312949e6,1.5246935548446965e8
5.838303197535745e9,2.656320436920511e8,1.8410007315762364e6,1.526163539529256e8
5.838729791881395e9,2.656024783834888e8,1.8406135460658872e6,1.525684517973305e8
5.840918496388944e9,2.6561187089446017e8,1.840845872435165e6,1.5314801982869586e8
5.845617119839662e9,2.656940021677468e8,1.8414723055947477e6,1.5363891505839464e8
5.844849423607166e9,2.658196772795436e8,1.8614101163675585e6,1.5460016431685296e8
5.845653861800491e9,2.6538505603540882e8,1.8613484486548863e6,1.5462296045163217e8
5.844821983692475e9,2.653408269895816e8,1.8645649782620827e6,1.5481986749283263e8
5.845668992578794e9,2.6538724506091318e8,1.9118009085513768e6,1.550299793776263e8
5.838524312964153e9,2.6550996690178585e8,1.919937975154433e6,1.5500301285663906e8
5.842038050193238e9,2.6550440804054192e8,1.9245257673766487e6,1.550276773619696e8
5.843975104959882e9,2.6559085314328307e8,1.9257471258032375e6,1.54989803928995e8
5.864199749633834e9,2.6710257626568294e8,1.9253929132964911e6,1.550117690612254e8
5.865900924744326e9,2.6717065429303184e8,1.9257043924100795e6,1.5575392031835097e8
5.8650557596920395e9,2.6721079358568096e8,1.931765710344652e6,1.557261660969718e8
5.865230949552002e9,2.6837734452266234e8,1.9311970430124258e6,1.558068867886614e8
5.867986532249839e9,2.683047865068747e8,1.930668084532637e6,1.559488878095758e8
5.870001007442718e9,2.6822909691562188e8,1.988595434298332e6,1.5643556722306785e8
5.926039516148131e9,2.6827096191057727e8,1.9881765423187145e6,1.2106242374829672e8
5.865387415208075e9,2.6815709889285192e8,1.9877800863389526e6,1.2109917987869257e8
5.866043808343707e9,2.6903169038686216e8,1.9880627246763115e6,1.2111901294633834e8
5.86817198440532e9,2.6899011711231375e8,1.9919501097944716e6,1.2102170837603183e8
5.867415278957895e9,2.6896348486999494e8,1.9920003843250864e6,1.2103618497058193e8
5.891542597230253e9,2.689837074100967e8,1.9931321504115115e6,1.2101952112339552e8
5.890725920123339e9,2.690487790229977e8,1.9934549072834102e6,1.2100001727976814e8
5.893369056705577e9,2.6945671931034106e8,1.9921114936216471e6,1.2099181471452452e8
5.900382957909491e9,2.695352655245718e8,1.9925848034791332e6,1.2126839928820086e8
5.908053879138944e9,2.695540609699168e8,1.9941364039657915e6,1.2133146641795897e8
5.906775517272225e9,5.672526563296359e8,1.9934920275466505e6,1.213445178086757e8
5.920810220755586e9,5.675475485598335e8,1.9929386350303523e6,1.213591308744731e8
5.922421221715777e9,5.70104329779502e8,1.9925885542329112e6,1.2137744341478945e8
5.921383726973502e9,5.703032130922717e8,1.9920638188130583e6,1.2134293344964205e8
5.923590183613837e9,5.704280468539817e8,1.991057562226585e6,1.2151112082918832e8
5.923215085195228e9,5.778447742501166e8,1.9995495937551835e6,1.2177360346675065e8
5.935392610689875e9,5.778934165091043e8,2.0075158034147383e6,1.2179404402822636e8
5.937372829988172e9,5.784428942433026e8,2.0054425126726762e6,1.2223885500104311e8
5.938391025047959e9,5.784009866761793e8,2.00482293163609e6,1.2222815227721713e8
5.936642762143779e9,5.785122555410862e8,2.0053128675661096e6,1.2220945581290936e8
5.936381218625248e9,5.785689695509452e8,2.005867702864642e6,1.2217168882695809e8
5.937718467431704e9,5.787967370713217e8,2.0070790810079144e6,1.2228930751377605e8
5.94335167566674e9,5.788701495097691e8,2.0076847924713823e6,1.2232790908931978e8
5.945753262432143e9,5.7899840072479e8,2.0081442039632814e6,1.2292133965365326e8
5.95042608496972e9,5.796760469047581e8,2.0093325270089724e6,1.229690649675201e8
5.950270012564229e9,5.796001374826498e8,2.010999444382023e6,1.2811375474396856e8
5.9512641921367035e9,5.863972501817565e8,2.0104310291529582e6,1.2880844863905054e8
5.957505462359846e9,5.864971686677854e8,2.0107727378228798e6,1.2885724632574297e8
5.959569571478881e9,5.864778351609653e8,2.0109564816519858e6,1.3016408779864205e8
5.958777793060863e9,5.875594453326632e8,2.011796530771793e6,1.3020986009352706e8
5.959895999643643e9,5.877385665362313e8,2.0117602232845642e6,1.3022229783161707e8
5.961041271905533e9,5.88446179798596e8,2.014711560034411e6,1.3031147950539695e8
5.969040291977955e9,5.885652284968619e8,2.0167085435879964e6,1.3042301630125815e8
5.97134324589475e9,5.889085409434496e8,2.0170082834583637e6,1.3063511122763899e8
5.973884288443848e9,5.914785909077709e8,2.0177622987260756e6,1.3061673639516316e8
5.974785924155575e9,5.916735212269645e8,2.0187237379811578e6,1.3070631360818203e8
5.974025342489198e9,5.915321088387728e8,2.0229223391632328e6,1.3073784711331001e8
5.977062486746781e9,5.915862892926086e8,2.0227432418363036e6,1.3069666236409588e8
5.9778867634060135e9,5.91620590137966e8,2.0245958634372177e6,1.3068022308973306e8
5.978774841431227e9,5.91844404150286e8,2.0258445876174518e6,1.3085081217093761e8
5.978237065555921e9,5.91822988822956e8,2.0266875677660364e6,1.3080540404617307e8
5.99396479595836e9,5.916192479178811e8,2.026114185611666e6,1.3082383528447779e8
5.995633096194046e9,5.918201934553285e8,2.0267220487710077e6,1.3083837888244116e8
5.99238760557198e9,5.91767316237587e8,9.19795064678168e6,1.3083943720335907e8
5.991415568631022e9,5.91625632075395e8,9.19944457632898e6,1.308561743640736e8
6.035186505500259e9,5.91524940192106e8,9.185201739459023e6,1.311483238014367e8
6.2267608101318e9,5.915042406331187e8,9.502838609794322e6,1.3114214323848413e8
6.226564934821181e9,5.914488609799056e8,9.502048474462193e6,1.3115931539723784e8
6.2158079672699995e9,5.914124301480345e8,9.496156444867723e6,1.3124281372872669e8
6.215343773861827e9,5.913147446048607e8,9.496657672136461e6,1.3127424191846234e8
6.216715349363533e9,5.913116199168758e8,9.501720613045905e6,1.3169388166239564e8
6.217534781759536e9,6.004500157480536e8,1.0605535688302528e7,1.288948279924956e8
6.217618987643551e9,6.009528802412503e8,1.068732639830454e7,1.276357205798576e8
6.21692760306145e9,6.009925657497034e8,1.9443810152751848e7,1.2766711021350294e8
6.217056775362944e9,6.014160886812682e8,1.943852548575431e7,1.2769333437271562e8
6.248204703766992e9,6.013413127197331e8,1.943619072077366e7,1.2770974212106879e8
6.247459360631327e9,6.017733916237097e8,1.9438647667559233e7,1.2772538989686759e8
6.248521160689675e9,6.01787794903113e8,1.944192552988656e7,1.3218592689994916e8
6.307804502930272e9,6.019194074626274e8,1.9446067524346273e7,1.3218337236423703e8
6.308130047809008e9,6.02498662675244e8,1.944919065842551e7,1.3224546219612807e8
6.309509802122539e9,6.026318053772616e8,2.537379557063639e7,1.3224660416226564e8
6.312158045436247e9,6.027894116414975e8,5.098556609338943e7,1.3224296412902154e8
6.31100457557246e9,6.028623367557621e8,5.099737904442943e7,1.3229345650727239e8
6.310346160458858e9,6.029711578345084e8,5.119060166978136e7,1.323139756796754e8
6.312882783320689e9,6.028770118343651e8,5.1187424735925876e7,1.3267384588440901e8
6.337525434671676e9,6.029425149081585e8,5.118974772415384e7,1.3268060981909905e8
6.370028670158878e9,6.03237760366918e8,5.119894438222317e7,1.3270093250080252e8
6.370946080015141e9,6.032731026148882e8,5.120747645767189e7,1.3271099831967531e8
6.3702554026056185e9,6.053749862176975e8,5.120868272268259e7,1.3269660107217425e8
6.36827345995731e9,6.061855923916067e8,5.121567899551581e7,1.3297783111238939e8
6.36637712537127e9,6.061246160884955e8,5.120946026400648e7,1.3298586477139142e8
6.365308839504513e9,6.0615328112068e8,5.1209260485347904e7,1.3293958254656912e8
6.36922214152351e9,6.06515293570268e8,5.120782733726863e7,1.3295723391635102e8
6.368520289766228e9,6.068432828889529e8,5.12175264883648e7,1.3296849885883984e8
6.3725399984438095e9,6.072789998785129e8,5.1212986280368164e7,1.3297351622752059e8
6.375527367211571e9,6.073593614480003e8,5.121599419815793e7,1.3300372102713041e8
6.3763533704958105e9,5.9814782609224304e10,5.12467269260093e7,1.3297640023365419e8
6.359876277114946e9,5.986282504804215e10,5.126174805507471e7,1.3498699206593555e8
6.439347880211426e9,5.989892761244994e10,5.269649693271037e7,1.3500636408265495e8
6.437084040889781e9,5.989173519384493e10,5.2702471461221516e7,1.350201891273199e8
6.4335376436336975e9,5.9868874963575325e10,5.269643250343762e7,1.3494066413342157e8
6.434069754518738e9,5.988043706844607e10,5.2711671242608376e7,1.3496818955774897e8
6.439125291336939e9,5.984367803985383e10,5.273848026519947e7,1.3512314731112376e8
6.443734329519979e9,5.99349310262507e10,5.2984676452856384e7,1.3481695620756713e8
6.445933493021066e9,5.995531825553557e10,5.302213880159974e7,1.3487115133651027e8
6.471709519816819e9,6.099260839537415e10,5.308087107259275e7,1.3489683072669357e8
6.571177747444164e9,5.950117528178642e10,5.3712286023120396e7,1.3966366747471792e8
6.603228527088456e9,5.931378147795164e10,5.3725202385147914e7,1.3966351200175402e8
6.602107624980453e9,5.9369692468372154e10,5.386457770448348e7,1.3968122177904242e8
6.601620214299197e9,5.936096898892293e10,5.499323938339928e7,1.3965379187602732e8
6.675447991607091e9,5.938062071653231e10,5.500042466292741e7,1.3973378698404953e8
6.674631249209893e9,5.9225700738309395e10,5.504343356705882e7,1.3971893801137632e8
1.2262989158316453e8,6.015376568514846e10,5.5051888894546635e7,1.398184490168992e8
1.2310971591593781e8,6.016340519274566e10,5.506202805108037e7,1.398899858144963e8
1.2301915734285356e8,6.017241404523874e10,5.505312978758644e7,1.4001788987215236e8
1.690994712708019e8,6.016334564474793e10,5.508878840335484e7,1.4000247056146926e8
1.6910564306951708e8,6.016795074109241e10,5.5082846682575695e7,1.4005033134230837e8
1.691511118094383e8,6.01629895507532e10,5.509511092567547e7,1.4710426472139725e8
1.692989900891229e8,6.0375224666196434e10,5.867889796286746e7,1.4709580514658087e8
1.6934929495408708e8,6.036807972092274e10,5.8673312577885814e7,1.4704050718760312e8
1.693639466920046e8,6.03920686474499e10,5.868518546095114e7,1.471089326741246e8
1.6939313031464833e8,6.0393613895597115e10,5.86648072799853e7,1.4704336488100138e8
1.6938868872392115e8,6.032006698550005e10,5.8788392586479045e7,1.4733602560367718e8
1.6958032746314824e8,6.031284691424033e10,7.152012641434668e6,1.48193172199697e8
1.695531272769563e8,6.039059742516854e10,7.1537779204506725e6,1.482327449425436e8
1.695303388137241e8,6.038688723984179e10,7.178289257373925e6,1.4825240995477286e8
1.6959270702788255e8,6.0379006174617905e10,7.176899022135393e6,1.482571431757453e8
1.6966127843695065e8,6.050119431925331e10,7.178205866441641e6,1.4828642010714576e8
1.696392151597405e8,6.051180027568275e10,7.171319790078037e6,1.4827299492313573e8
1.6968168713559175e8,6.048226962986936e10,7.180971479629848e6,1.5313049549940556e8
1.6973226877299616e8,6.0468827913492775e10,7.191869557474425e6,1.5401128877158037e8
1.709904977299398e8,6.047655101401309e10,7.255301541842419e6,1.5408033518602285e8
1.70975438373717e8,6.0488224235200005e10,7.260504546581774e6,1.5410116696113145e8
1.7102130634279743e8,6.055075898588124e10,7.261403162293304e6,1.5412282583123246e8
1.7106382005292305e8,6.055239506314604e10,7.260925895637615e6,1.5412547358159515e8
1.7325188528863835e8,6.057279941952542e10,7.3530339037128e6,1.5764334870622447e8
1.7323764337555358e8,6.0571242024958725e10,7.342066508102708e6,1.5761890281980014e8
1.7326066585930255e8,6.058316154900735e10,7.344235407749269e6,2.459417249682658e8
1.7317671024124867e8,6.060072739696639e10,7.346906742724818e6,2.458851594181548e8
1.7320453244546288e8,6.0727242020666214e10,7.348314109490817e6,2.4586636107621354e8
1.7318129545513666e8,6.074078682848763e10,7.345328567265521e6,2.4584951460593525e8
1.7320472066347763e8,6.070462617939069e10,7.368856071974878e6,2.4690976149804088e8
1.7322084164023632e8,6.077485008575697e10,7.377150079578303e6,2.470284565853404e8
1.7326765927933246e8,6.0812932027990166e10,7.378151496700565e6,2.4711663402139e8
1.7327529786887136e8,6.081012454164547e10,7.38227965900374e6,2.471288193586135e8
1.733022762727263e8,6.0830066764495674e10,7.383334356294036e6,2.4721187925958338e8
1.7330815129085135e8,6.083807482685517e10,7.382607438260554e6,2.472565773295347e8
1.733302855272611e8,6.15468529545462e10,7.4183523455966115e6,2.473163986481777e8
1.7333376259711614e8,6.1549674913487e10,7.422061144012506e6,2.4732744633158115e8
1.7527188250579336e8,6.158650177140579e10,7.424151266009451e6,2.4732344416631076e8
1.7541637536289114e8,6.160969688016467e10,7.422488546960227e6,2.4725043444777337e8
1.755039417414799e8,6.173175483118223e10,7.420948954330148e6,2.472970267154594e8
1.7547935996296778e8,6.177956849339572e10,7.632039851350748e6,2.4734518482264727e8
1.7564982036799306e8,6.177289369922507e10,7.672883126922654e6,2.4740130566977045e8
1.7572486205407882e8,6.178203312746624e10,7.707713812932799e6,2.4793463177859828e8
1.7596182661393744e8,6.184633017364029e10,7.713242616210589e6,2.4808700620387718e8
1.759892775360302e8,6.196392379724134e10,7.716183946536851e6,2.4838229752369452e8
1.7599631287572557e8,6.19857488904303e10,7.713196541763627e6,2.4846145590293884e8
1.7598162595268965e8,6.198746202698249e10,7.71446137457307e6,2.4848430962528276e8
1.759894861395431e8,6.202896042815879e10,7.713493123268058e6,2.484848797848689e8
1.7634498703859538e8,6.406075821728455e10,7.714812393731905e6,2.484482190015603e8
1.763902539843661e8,6.4073514025033295e10,7.716370356700722e6,2.4858617506767315e8
1.7637731573444238e8,6.473483762013647e10,7.717776196291665e6,2.4868521332671446e8
1.7637491500594422e8,6.4751696360797615e10,7.7196940613456555e6,2.4870029628237143e8
1.765324244116772e8,6.4792877878277084e10,7.722822650346208e6,2.487723738789748e8
1.7694865427777073e8,6.478538560017268e10,7.726670541847435e6,2.48786423493483e8
1.7698088290894812e8,6.5139322908214676e10,1.3738908797391428e7,2.489756772979349e8
1.7698975141673324e8,6.561222248677764e10,1.3738439035292635e7,2.4899148517057204e8
1.769558344193219e8,6.696682060029992e10,1.3742582291509386e7,2.4905239654382345e8
1.7703395118375802e8,6.711104477128896e10,1.3744425852503993e7,3.609755357616292e8
1.771133646012504e8,6.717205998351795e10,1.3748938533849716e7,3.6160018630798596e8
1.7709596606243774e8,6.7192319485784e10,1.3791952719551506e7,3.6174794464551735e8
1.7704557312918177e8,6.718318875805312e10,1.3790406305955376e7,3.7049923235775936e8
1.7713703666557702e8,6.719254384292328e10,1.3803708015323075e7,3.830430314433984e8
1.7730407872073632e8,6.723222849982936e10,1.3806342617601871e7,3.833357223574838e8
1.77343294556648e8,6.722723814617015e10,1.3812315856364701e7,3.830281569931146e8
1.773975280933631e8,6.7253190961133484e10,1.31877456718675e7,3.8297973657918614e8
1.773810977772014e8,6.73939295248365e10,1.3189767873413064e7,3.864891385972539e8
1.7740631647703043e8,6.741026008911872e10,1.3202641112475652e7,3.872947893921224e8
1.7741928988970643e8,6.742110213193431e10,1.4789301948654898e7,3.8735291524403673e8
1.774450765259839e8,6.7416311134596664e10,1.4792053414383898e7,3.8758670622724146e8
1.775096808579645e8,6.740865272378897e10,1.4794077767500468e7,3.8843823774289334e8
1.7757578822564295e8,6.743051404466341e10,1.477903813627459e7,3.8903844491876066e8
1.7949495504469728e8,4.545593300045817e10,1.4780985592429636e7,3.8917821014324105e8
1.7938429820960918e8,4.546224150352669e10,1.4787465099411353e7,3.8899304691692466e8
1.8000170757010853e8,4.5458715591584816e10,1.4800212696990646e7,3.8904207020400834e8
1.8057532471603888e8,4.5460838416961685e10,1.4803016511232227e7,3.8907513999372804e8
1.8052762674526674e8,4.5476615523378044e10,1.4806388001905357e7,3.893431087724176e8
1.805870603412887e8,4.548025587653896e10,1.4821172659515118e7,3.895466037437993e8
1.8082308109628072e8,9.470715050553165e10,1.4825430958185509e7,3.894807980510935e8
1.8120575351656294e8,9.471989258349644e10,1.4821633641820472e7,3.8951280316630363e8
1.812356656615402e8,9.473686204439185e10,1.4824626391592182e7,3.894627938347413e8
1.8120396284441295e8,9.470986276783951e10,1.4823784085705696e7,3.89809917951984e8
1.811669252787527e8,9.468436480986827e10,1.4811147598827422e7,3.8978991744747305e8
1.8120699920724058e8,9.469651921021077e10,1.4817902416049393e7,3.898811139185091e8
1.8123146105560166e8,9.472931846348767e10,1.4998173806426072e7,3.8983829609637934e8
1.8125694320559758e8,9.472942898666222e10,1.4993617905230826e7,3.901896615542024e8
1.8125659476944286e8,9.47612295144683e10,1.4987483750493797e7,3.899862239695351e8
1.8253813363053384e8,9.472933157752744e10,1.4996423600461327e7,3.897154970421823e8
1.8252408239979002e8,9.472863066582982e10,1.4992075458792014e7,3.896567260526358e8
1.8254506968424997e8,9.93116709013094e10,1.4990165704436513e7,3.8978521617144436e8
1.825153582299641e8,9.954853849186316e10,1.5026043339708436e7,3.9000133111007446e8
1.8253760952760088e8,1.0391584686108263e11,1.5039520026527284e7,3.9007158643707424e8
1.8258342707417434e8,1.0390251032999467e11,1.5055672293679757e7,3.9018405134265524e8
1.8256066090831026e8,1.0388626032652534e11,1.5052185489673935e7,3.904346154841587e8
1.8334620999186942e8,1.0398309765552594e11,1.50362878410509e7,3.9038527379604036e8
1.8332065091239652e8,1.0407193613713278e11,1.5038567477858722e7,3.8996964141512156e8
1.8261825532761052e8,1.0405505425257246e11,1.5038767025533557e7,3.900608387267383e8
1.8270804352638432e8,1.0409606352291318e11,1.5086489397132924e7,3.900076404361287e8
1.827199355680382e8,1.0408528050983289e11,1.5083972711313577e7,3.8990437542104244e8
1.829358360192416e8,1.0407671934155705e11,1.5094158311492156e7,3.90057631082813e8
1.829273991650607e8,1.040824538173508e11,1.5097394114113726e7,3.900019204553714e8
1.8297732315272588e8,1.0407363783735536e11,1.5091368701602876e7,3.900587356255581e8
1.8315514476227057e8,1.0475937667774709e11,1.5098789386291496e7,3.9000031285341007e8
1.8320699935614005e8,1.0473420864262405e11,1.510464407294938e7,3.898124924730042e8
1.8334961356552562e8,1.058669512337433e11,1.5099460177625302e7,4.2403053922623605e8
1.8847686334811363e8,1.0588728388046323e11,1.5103534880025089e7,4.2388101955186814e8
1.8848726326732016e8,1.058941384329752e11,1.5111821008472247e7,4.2387992399096596e8
1.8853413621611148e8,1.0770433245626979e11,1.5143913444991218e7,4.238464342047446e8
1.8857696509982488e8,1.0771028317309642e11,1.5148055567436129e7,4.2403930917207944e8
1.8853876660324934e8,1.0772563356743892e11,1.5210227237124046e7,4.2390506132264787e8
1.8849949735516146e8,1.077571254231711e11,1.52156364142299e7,4.2385729007568395e8
1.8854073833757448e8,1.0774915034275964e11,1.522368190460371e7,4.240944159528255e8
1.8871945358540666e8,1.0776435695739514e11,1.5226386655486524e7,4.251080801641959e8
1.886531350613511e8,1.0787158595115231e11,1.5229364766782282e7,4.257511732936896e8
1.8865534160464734e8,1.0772486716970656e11,1.5233368892124543e7,4.262870986697978e8
1.9079059691858914e8,1.0771260588800717e11,1.5232125048881756e7,4.263883951537557e8
1.9079739563034284e8,1.0778272553269905e11,1.5241058296105651e7,4.7403059239464194e8
1.9074203858384684e8,1.0776662237765343e11,1.5246550847425308e7,4.740919466803187e8
2.117540951555229e8,1.0778679542322765e11,1.5258109451521352e7,4.758269325695557e8
2.1178405077362403e8,1.080547852360451e11,1.526574903452856e7,4.914446965416552e8
2.249266474911202e8,1.0803128020992564e11,1.5276948496565906e7,4.9194326111261255e8
2.2522993275756198e8,1.0811873285210039e11,1.5269470735971585e7,4.919203021535284e8
2.2558746119028652e8,1.1094788940601279e11,1.5187975405656707e7,4.9205356181375784e8
2.2566009846982688e8,1.1102237392523717e11,1.5187251853137342e7,5.2438635403006977e8
2.2564159718273214e8,1.1100519225100645e11,1.5196994433730705e7,5.244669510617275e8
2.2567654894699147e8,1.1103448343101086e11,1.5193425134375544e7,5.398242436361189e8
2.2565983988323173e8,1.1105202951795117e11,1.5191692719091557e7,5.399778716806198e8
2.2583995107574522e8,1.1106915995428914e11,1.519506807348744e7,5.395748910384672e8
2.2583980139494848e8,1.1109201220581189e11,1.519700487560195e7,5.396483173601432e8
2.2587016249852717e8,1.1103152474592642e11,1.526712907258692e7,5.397414789730971e8
2.2586741055814493e8,1.111497913034474e11,1.5260931814759083e7,5.40056102410288e8
2.258694643064245e8,1.1115738919241078e11,1.526184354186684e7,5.406727563430896e8
2.2584895037846968e8,1.1119361040239801e11,1.5267657539084148e7,5.406028611250724e8
2.2585626824201903e8,1.112097609112444e11,1.5432181274950815e7,5.387979781709741e8
2.2599802965430632e8,1.112252390506536e11,1.5451843378798418e7,5.451298489083992e8
2.2603202463215175e8,1.1120785660131459e11,1.5666590630739126e7,7.316108795107989e8
2.260636634001221e8,1.123239816580876e11,1.5693200601041714e7,7.317753263677372e8
2.262121677399301e8,1.1234928819227054e11,1.5692536129391056e7,7.319809081272141e8
2.2637250358575183e8,1.1234060061791235e11,1.5688325076659786e7,7.31878404321434e8
2.263777493159974e8,1.123549613476422e11,1.5810730374807836e7,7.343733630445216e8
2.264524034906657e8,1.1232367176512744e11,1.5813116748096319e7,7.344264659360378e8
2.2650372572921807e8,1.1240562637289227e11,1.5816481503556482e7,7.345870157607332e8
2.2659559976722154e8,1.139689216812459e11,1.581373253455363e7,7.347691738255309e8
2.2657709502485207e8,1.1392349265743343e11,1.5810606390033795e7,7.348025650165046e8
2.266330641702107e8,1.2126767046418164e11,1.6354632765748193e7,7.345471401257706e8
2.266621955547185e8,1.2130490424873367e11,1.635693654147022e7,7.345877472780697e8
2.266549613421068e8,1.2153335626027815e11,1.6371296026734587e7,7.348455554828392e8
2.2668940216739404e8,1.2155693848553754e11,1.6361749490921872e7,7.34981260800494e8
2.2675295811839044e8,1.2220031488204277e11,1.636409231052e7,7.359976368338206e8
2.2671719791493553e8,1.223143380392704e11,1.715647250135043e7,7.362352277532282e8
2.266686654532588e8,1.223404186109633e11,1.7153706890440557e7,7.363358751301056e8
2.271819127306638e8,1.2237486732511981e11,1.725869137504898e7,7.365129390243615e8
2.2721585691102508e8,1.2236873822597775e11,1.725819669847828e7,7.366097379805636e8
2.272009561032234e8,1.2239662432108618e11,1.7272578502782874e7,7.36417920928056e8
2.2741844293842357e8,1.2238990197066235e11,1.7277445063857697e7,7.41094457567248e8
2.27449297442886e8,1.2241300675689137e11,1.728009915890917e7,7.77306666218262e8
2.2749733129721856e8,1.2671210124389767e11,1.728684091415157e7,7.794908837547482e8
2.3068850968087956e8,1.2691164646773369e11,1.728317641358235e7,7.777594041070238e8
2.3067931699615648e8,1.2709228820027824e11,1.730355885750561e7,7.778847094454455e8
2.3064022505230674e8,1.2706967981492989e11,1.730596682298994e7,7.780353979833016e8
2.3241989727528006e8,1.2704078473320601e11,7.955544413855954e7,7.782023682715613e8
2.325038236619916e8,1.2706059960604488e11,7.9574296886047e7,9.50506027024368e8
2.3248804146405992e8,1.27433782046257e11,7.956886205840795e7,9.505092614038696e8
2.3392755360330766e8,1.2749970131652794e11,7.95587494069552e7,9.528789669996574e8
2.3392066805716375e8,1.27587503773394e11,7.963401560924354e7,9.528905772491434e8
2.3389294120211163e8,1.2767122689843503e11,7.96609459385729e7,9.535023515855612e8
2.3392294434271705e8,1.285077430731674e11,7.965422767822495e7,9.541839800491589e8
2.339746881416631e8,1.2854257691091702e11,7.983751247925003e7,9.545403767440047e8
2.3432679642989713e8,1.2857217709626491e11,7.984128061427484e7,9.546255242258778e8
2.3436198820105863e8,1.2860854085262813e11,7.996021580387643e7,9.552100359256879e8
2.344029438271624e8,1.2859681485550745e11,7.997330566267361e7,9.570171709292061e8
2.3441344304877254e8,1.2862505409175317e11,8.004609050055186e7,9.569456068590742e8
2.3436464488364968e8,1.286124661526367e11,8.00350045476889e7,9.565467722159778e8
2.344000716062817e8,1.2865322029742117e11,8.004268740739825e7,9.571725916861337e8
2.3438145667102486e8,1.2867082338042354e11,2.2354991160073e8,9.574943068882196e8
2.3444406916397622e8,1.2869302151422089e11,2.2353824978811932e8,9.576569238695855e8
2.344645881661155e8,1.2872338976640047e11,2.235719072105239e8,9.595384616004071e8
2.3457909319942018e8,1.2872942247276675e11,2.2353337053317875e8,9.597666720677438e8
2.3453960795769882e8,1.2876218554161044e11,2.2351016924071014e8,9.597619830359055e8
2.3457796699047783e8,1.2889416287692291e11,2.2361549918070948e8,9.59696696281168e8
2.345449323369308e8,1.2918007490953247e11,2.2369569231219974e8,9.599243244207361e8
2.3482383004281217e8,1.2912571988681725e11,2.2372679226557866e8,9.59926698718222e8
2.3496886578596407e8,1.2914528851202899e11,2.2377928458664382e8,9.596148542105496e8
2.3494754166932318e8,1.2944176542312234e11,2.2389377950463402e8,9.600002616263101e8
2.3502378635382724e8,1.2937331127576321e11,2.239090137728878e8,9.598842951897376e8
2.351028488028093e8,1.3006500151241022e11,2.2394355902195162e8,9.607560064189776e8
2.3561155680329046e8,1.5020733192372162e11,2.2404498832313228e8,9.60216630952558e8
2.3582070385307342e8,1.5022851028779678e11,2.238989891015303e8,9.642241854310648e8
2.357959368562239e8,1.5026140209017462e11,2.239503656989139e8,9.641014386876242e8
2.3580030795256734e8,1.503116760282823e11,2.2389585881614488e8,9.642774726945095e8
2.3578689362321958e8,1.503087040294093e11,2.2390515620558473e8,9.641308089072235e8
1.199317117319825e8,1.5030180366586987e11,2.2360579372162157e8,9.640916546702482e8
1.2524695235510007e8,1.5700341065255472e11,2.235748406228791e8,9.640017826941532e8
1.2523528015752253e8,1.570515916353684e11,2.2361426156281626e8,9.649787079596977e8
1.2523552003211464e8,1.573934574920174e11,2.2362283937644956e8,9.651662064597219e8
1.2517491049789548e8,1.5737348405009778e11,2.3502831732088268e8,9.654965932577202e8
1.2548164279073775e8,1.574491284952318e11,2.3517859331004992e8,9.654963961843507e8
1.2551158521932247e8,1.5743280422929587e11,2.3515942496666172e8,9.6541757319457e8
1.2545787654237199e8,1.574673674061051e11,2.3519304638758817e8,9.715912560068365e8
1.2706602504463904e8,1.5744012909450424e11,2.353970599662005e8,9.715070820578766e8
1.2708806395472331e8,4.2180898322920015e12,2.354652672148909e8,9.714929004654081e8
1.272812648319605e8,4.2167940575397217e12,2.3543319266423556e8,9.713567855601981e8
1.2728178894828126e8,4.2179426030772485e12,2.3653994430298015e8,9.715554494222859e8
1.2730044821888593e8,4.219190520139526e12,2.3711440270246616e8,9.845550971747601e8
1.2743392445019147e8,4.2228715338607764e12,2.3838075498789844e8,9.855761382830402e8
1.2734670821539359e8,4.2238629025615674e12,2.3834841982099876e8,9.85391947483473e8
1.2734722059114209e8,4.246718846471472e12,2.383478792040263e8,9.8503965387224e8
1.2733336141707279e8,4.2514453330226406e12,2.3829968637145197e8,9.851838478780776e8
1.2734988641067901e8,4.3225351883572764e12,2.3850940650066215e8,9.901634986904199e8
1.2771933276491977e8,4.321355489189227e12,2.384297018037652e8,9.904300768244847e8
1.2775170379750164e8,4.3260289357281787e12,2.3846737765046892e8,9.910138892528371e8
1.2778560751405995e8,4.3609339699973774e12,2.385277505271457e8,9.916617610124874e8
1.2793996090274617e8,4.3631246383471567e12,2.3851617798989576e8,9.919582421106561e8
1.2785507168899126e8,4.3642461393909595e12,2.384188001899289e8,9.920878882403632e8
1.2783474325169955e8,4.382059962098471e12,2.3839046610285872e8,1.019975594136365e9
1.2780803549583028e8,4.3808055986672754e12,2.384345511339583e8,1.0221485194640423e9
1.2808696862177296e8,4.3800821670131562e12,2.3848217258218879e8,1.022303272976771e9
1.2809629091744108e8,4.378990705839569e12,2.4258259116757745e8,1.0222584171479591e9
1.2812400597583538e8,4.3906584797697095e12,2.4270727694438663e8,1.0257810244550143e9
1.2815541393912928e8,4.390718644316146e12,2.4272130332299238e8,1.058644486927554e9
1.2820481499695593e8,4.392488443041612e12,2.4249738085972294e8,1.0590470849951416e9
1.281082744724496e8,4.394091262646129e12,2.425041529991543e8,1.0595924797355891e9
1.353123941818214e8,4.394776802520755e12,2.428514708670665e8,1.06026027610043e9
1.3535441696476102e8,4.397179277627423e12,2.4387281464358014e8,1.0595269378244425e9
1.390712439435786e8,4.398375625516268e12,2.4391562375610667e8,1.0598928731608247e9
1.390934707208406e8,4.422606298481397e12,2.4395010010647574e8,1.0659119996682824e9
1.3902906400445133e8,4.762783178549646e12,2.4407925393162403e8,1.0657637909083492e9
1.3899398585123292e8,4.763665756735615e12,2.447868407570962e8,1.0658105774726999e9
1.3910874771275765e8,4.764408894970983e12,2.4484021120419502e8,1.0658109826226768e9
1.393068030942227e8,4.765221350375972e12,2.473299760780902e8,1.0656543639685973e9
1.3943296699854118e8,4.765296695250468e12,2.504923314134256e8,1.0655129632654324e9
1.3935864077701253e8,4.766679998601725e12,2.507236344932488e8,1.0657056742541136e9
1.3936120939977065e8,4.793187013025252e12,2.5089235030382845e8,1.0658940208942953e9
1.3936019828110433e8,4.791463456865752e12,2.5093992437266856e8,1.0714557109931045e9
1.3938362694471398e8,4.836042345121412e12,2.5076310445902327e8,1.0715560505894184e9
1.393667619332133e8,4.836557449668281e12,2.5076474590765852e8,1.0716961307142984e9
1.399299973232434e8,4.833554604535021e12,2.509689411618815e8,1.161254008868293e9
1.399475349418643e8,4.830370478834017e12,2.5100529758544302e8,1.1611195588582227e9
1.3991457466995126e8,4.831295573211419e12,2.5097013483475354e8,1.161092609319223e9
1.4014560511987036e8,4.830355112683955e12,2.5036835086166027e8,1.160905893913076e9
1.4011738862439525e8,4.847677865898601e12,2.5039364839858118e8,1.1607623144595675e9
1.4013673482265767e8,4.849163748687158e12,2.5048031286922488e8,1.1609319834243743e9
1.401583945158327e8,4.922507980675363e12,2.505312790045364e8,1.1610903127350934e9
1.4017466305210292e8,4.922745361647598e12,2.505167652604852e8,1.1619175368393784e9
1.402014144914084e8,4.923697967398636e12,2.505288086339676e8,1.1620016598641205e9
1.4020439131003684e8,4.923189664319052e12,2.5071731335683843e8,1.1621027032908785e9
1.4027018640468344e8,4.926142217508349e12,6.380745469432575e6,1.3191968854991376e9
1.402882497140607e8,4.935124692026443e12,6.382070630528295e6,1.319377580331103e9
1.402506196332051e8,4.937274255738943e12,6.382214314742397e6,1.3196314977467847e9
1.4014523956583065e8,4.939739527144635e12,6.38381173746578e6,1.3214556948434923e9
1.4018747747655877e8,4.954730848810725e12,6.395095074436108e6,1.3216156478832054e9
1.402462106167064e8,4.956708320225716e12,6.396314380759133e6,1.3215949344778154e9
1.402723979668437e8,4.955457996483256e12,6.395238130338023e6,1.3215447599682288e9
1.4025976289338532e8,4.962862472938188e12,7.760285039976734e6,1.3277921982155418e9
1.4040865361899737e8,4.959430309561228e12,7.752773608658952e6,1.3625384857270296e9
1.4041988465287462e8,4.967627705474284e12,7.7536021653937735e6,1.3692671813716025e9
1.4045562573772234e8,4.9682490685238e12,7.767249766982581e6,1.3694820308501656e9
1.4035513149793917e8,4.968886000123639e12,7.782536367862987e6,1.369629663567199e9
1.4074715328284407e8,5.000728470985181e12,7.784001610078593e6,1.3693532297999952e9
1.407578752755208e8,5.005579808225931e12,7.775509351006483e6,1.3695733550173893e9
1.4082942249609828e8,5.010698486549114e12,7.777671934412753e6,1.3695498434988253e9
1.409349828010073e8,5.046798071259325e12,7.927638203425649e6,1.369336368547745e9
1.409707640681967e8,5.044663365090703e12,7.929530454268833e6,1.3671246652597554e9
1.4103386483203077e8,5.0382859689382e12,7.919329544313758e6,1.3669925382025826e9
1.4107640112131342e8,5.054983576944526e12,7.92057889230272e6,1.3672455167476375e9
1.4105399905284056e8,5.058660482626033e12,7.927671410554817e6,1.3675747970407035e9
1.6419429396853295e8,5.059994401017767e12,7.936067938622347e6,1.3675962867415535e9
1.6658951832236913e8,5.06098844188707e12,7.935498210492209e6,1.3782248830787637e9
1.669042850262957e8,5.062540130306248e12,7.941273377649295e6,1.378108576415583e9
1.669209103069815e8,5.061340916026989e12,7.936534929500725e6,1.41331690891653e9
1.669580658908067e8,5.058763713874366e12,7.944245282984329e6,1.4131353331459591e9
1.6756845885122028e8,5.059440382888769e12,7.9405294322391255e6,1.4131224902026772e9
1.6763938944141605e8,5.061031483644189e12,9.7003398621373e6,1.4130633975831144e9
1.676914051847792e8,5.059691246284832e12,9.701906321183832e6,1.4129541017711008e9
1.6787818034113863e8,5.060788242961658e12,9.703769158923937e6,1.4141813407102094e9
1.6791079592384118e8,5.058949239554128e12,9.703673212570803e6,1.4148374840965586e9
1.6793431210899624e8,5.066713225673323e12,9.703346795049908e6,1.4148781072530172e9
1.679245106919701e8,5.071253508342092e12,9.724780521383438e6,1.4136511939807096e9
1.6797722562804872e8,5.072045421323667e12,9.725744118790593e6,1.4133543663923101e9
1.679989340992301e8,5.084045599477167e12,1.0250146770413885e7,1.4213762104321609e9
1.6801589354899982e8,5.088775701195348e12,1.025266107161234e7,1.4217983930061033e9
1.682322130265526e8,5.088698299359065e12,1.0305631513270518e7,1.421911451261729e9
1.6912681398945093e8,5.092972065305326e12,1.0561599818936625e7,1.421792377070274e9
1.6909353974218303e8,5.091344768696492e12,1.0558526585465519e7,1.4220530018881462e9
1.6914373918623546e8,5.093866182421738e12,1.056064391698021e7,1.4274251540735037e9
1.6916637543611494e8,5.091357503604534e12,1.0649353426984433e7,1.4277347682678726e9
1.691902555286268e8,5.092744582743282e12,1.0654084407663105e7,1.4351535192501295e9
1.6921823687410948e8,5.095514652011629e12,1.0697741492909849e7,1.4400208107299361e9
1.6927715770214334e8,5.095202010444433e12,1.0699425227462577e7,1.4403200258717597e9
1.6931321731752598e8,5.09680176887366e12,1.0700884653949399e7,1.3983012942078826e9
1.6935894894033054e8,5.098766036956469e12,1.0714023699849596e7,1.3983367193639913e9
1.693417690400621e8,5.099966365882657e12,1.0725990072241826e7,1.3987298389772325e9
1.6936823748719087e8,5.096230748049799e12,1.0721773863371076e7,3.23659573226818e9
1.696700849399035e8,5.098243401589996e12,1.07200402405693e7,3.4771165795090837e9
1.6965617303371826e8,5.098973092667117e12,1.071903059881064e7,3.4773746200908866e9
1.6963162521828014e8,5.100845583860022e12,1.0722330151054583e7,3.477837777211396e9
1.7122915208446378e8,5.106656541400261e12,1.0722148793649416e7,3.4796935759424877e9
1.712813997632185e8,5.117775263361943e12,1.0726651006604817e7,3.4813624910706177e9
1.7131794735408205e8,5.217502643688974e12,1.0707420745456465e8,3.580956078307317e9
1.7135035912852654e8,5.219317592218557e12,1.0707274930213048e8,3.5839733436050377e9
1.7131559743905905e8,5.2192496659603125e12,1.0708851086781052e8,3.5840708579457974e9
1.713084129298669e8,5.219878908325202e12,1.0707984341802476e8,3.597176330325933e9
1.7133271898284057e8,5.225421908280883e12,1.0710575536829352e8,3.5966670348274846e9
1.7115422243069676e8,5.225177100779965e12,1.0709124063751394e8,3.597696026243988e9
1.7121294300085232e8,5.224074661992057e12,1.0721268077962123e8,3.566492963552999e9
1.7121061683058378e8,5.235247683272639e12,1.0723728415964621e8,3.568293611966099e9
1.7124138191931215e8,5.236748609403054e12,1.0721599620370233e8,3.5670401206688313e9
1.7195258256757897e8,5.235094376857335e12,1.0723289411083606e8,3.566330823340953e9
1.7201527602515167e8,5.235956489463606e12,1.0722683841873994e8,3.565958253047173e9
1.7199292067069066e8,5.234787446455324e12,1.0722696133140528e8,3.5654850598722873e9
1.724894889099979e8,5.235663203619859e12,1.073682234186461e8,3.566177443614294e9
1.7246265319604048e8,5.237842347272142e12,1.0735661490986717e8,3.5823713334403872e9
1.778814975774581e8,5.238722848872863e12,1.0759384357126544e8,3.584079184392023e9
1.7789135033627883e8,5.237793276447222e12,1.0758649297369887e8,3.5930386572604704e9
1.779090092359145e8,5.237217608347606e12,1.0765440605865401e8,3.5925158043349843e9
1.7790514745017913e8,5.239234475083217e12,1.0768413146795294e8,3.5935118443167863e9
1.7795482422372314e8,5.235478536761343e12,1.0776255890768084e8,3.59314245528745e9
1.7793014811274952e8,5.232735010986335e12,1.0777884957725652e8,3.5940754819865384e9
1.7795372322371268e8,5.233567229389634e12,1.0774758610084096e8,3.5952966976582193e9
1.7787138168056545e8,5.232441241667341e12,1.093902834989215e8,3.594350266807077e9
1.7788849443884543e8,5.232156172176347e12,1.0940474749872823e8,3.580636537285865e9
1.7928933545687628e8,5.248528189287906e12,1.0943741600726914e8,3.581377686931271e9
1.7947220436787704e8,5.289836209986985e12,1.094440253589759e8,3.582322577261686e9
1.7949249245218706e8,5.292386705371381e12,1.0960785964643794e8,3.5863931258930273e9
1.7952649975990236e8,5.307861651257839e12,1.0999653269738738e8,3.5876331287914305e9
1.800711911426275e8,5.300040746945431e12,1.0999490791086063e8,3.5875444789921365e9
1.8214069200124174e8,5.436419193094769e12,1.0996664446264338e8,3.5886836463674526e9
1.8219494120809114e8,5.510781304064262e12,1.0998686671200879e8,3.58847891594518e9
1.822119179297893e8,5.515461961979652e12,1.0997516102309157e8,3.5884637974403334e9
1.8223989387163374e8,5.519545991548716e12,1.0999780571914762e8,3.588943908955184e9
1.8222923489195377e8,5.545463484486485e12,1.1001430950317965e8,3.594513014028417e9
1.822814721278595e8,5.5442713694106045e12,1.1008703786259389e8,3.6006246260516257e9
1.8231631628149214e8,5.541578420589614e12,1.1007686313630682e8,3.6010476073639765e9
1.8234370307625845e8,5.5452491228151e12,1.100530648760326e8,3.6080469067569504e9
1.8250047978655905e8,5.54648633546667e12,1.1006521869917448e8,3.6073952952979364e9
1.8249854962500724e8,5.550821878104895e12,1.1007134625696212e8,3.6132809850539184e9
1.9049198833752173e8,5.550553149298928e12,1.1005421329161818e8,3.624744422435827e9
1.9080185852304962e8,5.569826648658606e12,1.1006866116031677e8,3.6259925690120935e9
1.921061790084419e8,5.568095795884149e12,1.100978322026678e8,3.6265235047700315e9
1.9198387075689545e8,5.576111185399487e12,1.1011606083569676e8,3.62463076215104e9
2.0294523689810476e8,5.577606835778495e12,1.1010284732834525e8,3.6283928270820856e9
2.0304403003400704e8,5.581293899909833e12,1.100945674046197e8,3.629585941204589e9
2.0373892946333832e8,5.580223856843773e12,1.1007808199568173e8,3.6300757743061023e9
2.038530944754948e8,5.5789831865801e12,1.1007852296585695e8,3.6292626117411895e9
2.0408871811440045e8,5.584261139360005e12,1.1007910026344869e8,3.629442086589256e9
2.041314173052131e8,5.613345429866063e12,1.1008148429234654e8,3.631964114620281e9
2.0405446041589177e8,5.614053712156568e12,1.1009682399651219e8,3.634804195064684e9
2.04060330667637e8,5.622486631291361e12,1.1015564251777726e8,3.635422411421343e9
2.096044351409562e8,5.625726696386042e12,1.1017871895123467e8,3.637655375891589e9
2.095857068902922e8,5.870849559271956e12,1.102079270008114e8,3.640269542845856e9
2.097552002635866e8,5.872694993425033e12,1.1055011963387518e8,3.6403341859241033e9
2.097848185467906e8,5.881060840841127e12,1.1053457222970875e8,3.646484818894054e9
2.094003694555285e8,5.905693678065888e12,1.1056028154223406e8,3.648349890898055e9
2.0940502765853944e8,5.907019595620566e12,1.1054507954587229e8,3.655552719762646e9
2.0937635063206396e8,5.90553762671703e12,1.1056333978338818e8,3.6865216102357807e9
2.093198905647476e8,5.906280988125781e12,1.1055763780369815e8,3.6863382485074e9
2.093562695242449e8,5.935915264363028e12,1.1071745611001085e8,3.68682903505894e9
2.095772441218583e8,5.936765940597703e12,1.1084879573104142e8,3.6868628664591937e9
2.0963330872412235e8,5.932586300912903e12,1.1086493056068954e8,3.683655934919526e9
2.0962433782599595e8,5.937158286843862e12,1.1103878783794719e8,3.683993794826263e9
2.0959553091292992e8,5.949885150590811e12,1.1109632121220437e8,3.685112511320537e9
2.097183069386149e8,5.96799680954139e12,1.1109277929793471e8,3.6845759933210597e9
2.098107843012426e8,5.969309566491129e12,1.1121228365422086e8,3.6851617113074865e9
2.099624636555561e8,5.970161912749481e12,1.1122783404529828e8,3.68971128732487e9
2.100277399206317e8,5.975221366606746e12,1.1128886052416869e8,3.689539124079519e9
2.1011598099300206e8,5.977791448541664e12,1.1123076309349518e8,3.9404372988495173e9
2.1021761373630497e8,5.978950377240591e12,1.1816524227328e8,4.597076956359921e9
2.102005483592385e8,5.979957839131283e12,1.1860375672642836e8,4.597971271759954e9
3.164382970987943e8,5.986465762812289e12,1.1862447058928819e8,4.597542742599401e9
3.162824745241329e8,5.986163966160297e12,1.186177794299038e8,4.604513364884593e9
3.163289131931576e8,5.985439046164134e12,1.1865445762965134e8,4.603814438896138e9
3.1631796632772636e8,5.98807060982734e12,1.187143367862796e8,4.604687086992666e9
3.167398408611904e8,5.998810141344472e12,1.1875482606052488e8,4.603844636721729e9
3.1677924920242643e8,6.000228270893393e12,1.1876216092048806e8,4.602987633275491e9
3.169998979947461e8,6.001440887837171e12,1.1877298886895438e8,4.601148250588046e9
3.1710833996007305e8,5.999521011663887e12,1.1879794199656533e8,4.60195211321712e9
3.170659410537414e8,5.998816141111678e12,1.188124584087979e8,4.633214155740763e9
3.1717539015553385e8,1.0335095253191303e13,1.1876163454892983e8,4.645764255679609e9
3.171737321725462e8,1.0333712341532617e13,1.18740562825916e8,4.646795725911368e9
3.17245059697171e8,1.033586030464957e13,1.189028606243648e8,4.646185132555872e9
3.173017549044119e8,1.0333909007650816e13,1.189265778726937e8,4.645812235439704e9
3.1740686906507254e8,1.2054692651495174e13,1.3405812588611671e8,4.644055422317206e9
3.1733143837993264e8,1.2504181514020924e13,1.3402154043576968e8,4.641987650546365e9
3.1737335803305197e8,2.749090070871071e13,1.3394337906203875e8,4.643692116529429e9
3.4793158700439334e8,2.748877286655813e13,1.3386320472135487e8,4.643976625128125e9
3.4778261282559186e8,3.1038984413262992e13,1.3395478626395807e8,4.644179620609701e9
3.4784625951145446e8,3.104357873018176e13,1.3397792752563691e8,4.6501996042523155e9
3.4791368132822204e8,3.103982385783037e13,1.342571550013441e8,4.6526283626942215e9
3.4817057544056755e8,3.1045115223297457e13,1.4506966352411735e8,4.652569338725921e9
3.48406726413334e8,3.341521809749812e13,1.467393289994243e8,4.651970750468972e9
3.485813444053783e8,3.3409161589008426e13,1.467721231727671e8,4.651234085880447e9
3.486281351335031e8,3.3424321362363953e13,1.5025169591255134e8,4.655494340949357e9
3.486613873855555e8,3.346078266517458e13,1.5053437923249632e8,4.657686690558059e9
3.4893176828174394e8,3.3474916039145797e13,1.506189029318013e8,4.661420812754459e9
3.488927590138076e8,3.3482455124633184e13,1.505774957668902e8,4.927418607994266e9
3.4898311825938916e8,3.349587828292259e13,1.5033559154503524e8,4.926798848443226e9
3.488897194200049e8,3.348666392231696e13,1.5034074160307083e8,4.930551142075416e9
3.490892628809951e8,3.3495605561216223e13,1.5035347278708687e8,4.930211977639969e9
3.522839724088822e8,3.349131761726622e13,1.503708749629778e8,4.932961459300409e9
3.5238660112818825e8,3.3496266436595176e13,1.5039619204922104e8,4.955751938645144e9
3.523548344041511e8,3.356232886618828e13,1.5040444639472523e8,4.953795840654245e9
3.515566852617526e8,3.3578658375189742e13,1.5046062748937094e8,4.947234460967013e9
3.5153730044474345e8,3.3593806270707023e13,1.5046362761981252e8,4.952227164249945e9
3.5158884266792846e8,3.3604898619744547e13,1.5045529906145647e8,4.954016261799542e9
3.515843501582001e8,3.368267024842054e13,1.659376445022412e8,4.953507494693193e9
3.5177686806699425e8,3.369555746124631e13,1.6598007391308308e8,4.963132780700839e9
3.521850613229415e8,3.3708078428342594e13,1.660174042627343e8,4.962221248527937e9
3.5223871770377874e8,3.371727849548931e13,1.6604161847161055e8,4.970473067871777e9
3.525571949161306e8,3.3722083647369523e13,1.7055828991528124e8,4.972573417087545e9
3.5312977963534826e8,3.3725002344019594e13,1.7053429515671155e8,4.973767114782421e9
3.534613601953378e8,3.3718014819200188e13,1.7070138683257416e8,4.9809351671117525e9
3.5341439034336e8,3.371326674780287e13,1.707460727368185e8,4.976673971070078e9
3.534319540496858e8,3.3708655226507637e13,1.7072300811826146e8,5.063813336230324e9
3.5340376982738006e8,3.371318225402408e13,1.7074021838055184e8,5.081986037410028e9
3.5346022732595426e8,3.3786374799471617e13,1.7074649545792755e8,5.0841995947050495e9
3.5368409863077974e8,3.3800901389252348e13,1.7075771915372652e8,5.086889748724979e9
3.5371668779711974e8,3.3764370731798465e13,1.7073499786905143e8,5.088476309873151e9
3.541533094114552e8,3.3782631308969816e13,1.7084237992843086e8,5.087296595617378e9
3.541725748384147e8,3.376112783514418e13,1.7143634885988128e8,5.087304624814156e9
3.5420178130078185e8,3.3755572846936418e13,1.7147791697381815e8,5.0934689489581175e9
3.541816267103562e8,3.3750913093330707e13,1.7168075442412814e8,5.096191240760638e9
3.542427786417607e8,3.3787827382286812e13,1.825381225262795e8,5.096340691420091e9
3.5419934010736233e8,3.3783686047842535e13,1.8251792175740987e8,5.098755180443865e9
3.541720586813735e8,1.930301365336036e13,1.8256128463756582e8,5.0980409291857395e9
3.541755231669778e8,1.9305944756017418e13,1.8288435531203997e8,5.09830583782004e9
3.543483719783438e8,1.92992505970898e13,1.8307344083941877e8,5.098986384345861e9
3.546396275297253e8,1.929836074175561e13,1.8273392461207905e8,5.10021327792258e9
3.6441490445242345e8,1.9301640587971227e13,1.8265834259718487e8,5.10211047451331e9
3.644967367829584e8,1.930085214671597e13,1.826481853924559e8,5.103199903370254e9
3.6464110278780395e8,1.9299315405018867e13,1.8272199272793797e8,5.109845793604374e9
3.678286217864487e8,1.9303879456043652e13,1.827040797868706e8,5.110690069948607e9
3.7074228268308884e8,1.930513749319931e13,1.82765981410589e8,5.112430911338913e9
3.7079181353390783e8,1.929888137663362e13,1.827694873593824e8,5.113160228336914e9
3.706315392666413e8,1.929911620738953e13,1.8280375039148948e8,5.112560542017122e9
3.7080161513128555e8,1.9308234178938066e13,1.8288946553826582e8,5.112177584040314e9
3.7114479241781574e8,1.931659918380536e13,1.8291557792273122e8,5.129139721766481e9
3.711574925080676e8,1.931909702948395e13,1.8288945926657176e8,5.128577755620181e9
3.715398134027358e8,1.9330829770656984e13,1.829478884266748e8,5.126759892713748e9
3.7159787057537836e8,1.9337933536689008e13,1.830177196747906e8,5.1283031563342085e9
3.7161502623668253e8,1.9341467657480082e13,1.8304982106437215e8,5.128670196440663e9
3.715897127263191e8,1.932342416137871e13,1.8303405017360723e8,5.124657890310283e9
3.717046407626013e8,1.932024289688323e13,1.830190779995546e8,5.1239677784336605e9
3.718265094225911e8,1.9322672013938945e13,1.829939620277817e8,5.123820697705879e9
3.7192046432937425e8,1.932334287242499e13,1.8303033240110037e8,5.12298259784276e9
3.7387981838894284e8,1.9326307349559184e13,1.830132855466722e8,5.160662835497225e9
3.739579450819075e8,1.9283509626387637e13,1.8319629334563e8,5.161847411956319e9
3.7405318032084113e8,1.929582287097243e13,1.8325013991477492e8,5.162820676203675e9
3.740683424976563e8,1.93055951597634e13,1.8325822350886267e8,5.16209138078272e9
3.740128911830606e8,1.931120125386488e13,1.8326690079808486e8,5.168243485928741e9
3.7417804758476585e8,1.9341070189849312e13,1.8324920831853896e8,5.168907900817606e9
3.744477433963885e8,1.9348483836912117e13,1.832770098165788e8,5.16943057090345e9
3.7499827764394444e8,1.9361497267703652e13,1.8322862705735737e8,1.0468420100494879e10
3.7494549662973577e8,1.9364691571425492e13,1.8334724938117862e8,1.046966298979367e10
3.750563179485379e8,1.936236069362849e13,1.833317653662461e8,1.0471245653292475e10
3.7500661273845625e8,1.935798823359324e13,1.83319507619353e8,1.0471948266710737e10
3.751874683785791e8,1.9353318689492203e13,1.8340442368763754e8,1.047056589504577e10
3.7541594451207006e8,1.9354717627020676e13,1.8401551843219206e8,1.0472058830977316e10
3.7539512425190884e8,1.9425047080770426e13,1.8404080473239085e8,1.0657791951955603e10
3.753516568233132e8,1.9422347419752387e13,1.840678538303526e8,1.0827785093301146e10
3.755741075401363e8,1.948957240514087e13,1.8424976348555496e8,1.0829861450839012e10
3.7556601140627307e8,1.9481860795510836e13,1.842368787191459e8,1.08327622677586e10
3.756663553777077e8,1.949009900105457e13,1.9500359823503315e8,1.083540841498467e10
3.7599972565370476e8,1.9504952803519727e13,1.9498489530731276e8,1.1151474219186777e10
3.763941712704634e8,1.950154712664897e13,1.950095990152898e8,1.1152227986879992e10
3.763708653750723e8,1.9498626267501848e13,1.949957895272491e8,1.1154455102783844e10
3.76431405010952e8,1.954058904336366e13,1.950094563762252e8,1.116114778270105e10
3.765848015703086e8,1.9715416781232082e13,1.9497797280436137e8,1.1159392428735758e10
3.765312271046935e8,1.9804228939572496e13,1.951724622099339e8,1.1494194060861956e10
3.765548211953875e8,1.9801303589070387e13,1.9541995931660384e8,1.1501128914908592e10
3.77489658659651e8,1.9798533224144727e13,1.9547567882157993e8,1.1521727573704819e10
3.774448834294245e8,1.980900233888162e13,1.954969313261179e8,1.1519115879893415e10
3.773557145342207e8,1.981345874999205e13,1.955693691369494e8,1.152592894526727e10
3.7741008323767877e8,1.981728457941403e13,1.9565180531429318e8,1.1523673598195581e10
3.773999916187173e8,1.9824456514030938e13,1.9563744574996114e8,1.1522086511373688e10
3.773402449525766e8,1.985146178768892e13,1.9569352806839585e8,1.1525040382429901e10
3.772648885929386e8,1.9848256840404273e13,1.9572871125591856e8,1.1551692702579483e10
3.7717368835604984e8,1.985917388436108e13,1.957620583901718e8,1.1548671836953667e10
3.7987231872198606e8,1.9860267527984832e13,1.9404209672692683e8,1.1550256913407982e10
3.7984423588647336e8,1.9862878331831902e13,1.9401507251791266e8,1.1552183373706566e10
3.797504005365429e8,1.986666850969154e13,1.941922883194689e8,1.1553685756985533e10
3.798889143969155e8,1.986929029701374e13,1.9420022662808037e8,1.1567778916222286e10
3.799460192151526e8,1.9871480110544465e13,1.94231407451577e8,1.223121491096692e10
3.7990432907951397e8,1.986469793003227e13,1.942359027941178e8,1.2230647746321901e10
4.035757946567025e8,1.352226948850196e13,1.9422971226701203e8,1.2230935247267513e10
4.0364886083071905e8,1.3542734794040025e13,1.9436805017748472e8,1.2231719795629038e10
4.0386716719489306e8,1.354469574999621e13,1.9441749316204518e8,1.2229859558933228e10
4.0401294706218505e8,1.3538367789777008e13,1.944449521579859e8,1.2235352066786797e10
4.040884116553546e8,1.3537281403793549e13,1.9432028099491313e8,1.223713002005893e10
4.038298728124666e8,1.3542053995905549e13,1.942407132691444e8,1.223606616713134e10
4.0380305635270613e8,1.3543085702344133e13,1.942757273301924e8,1.29693277494953e10
4.0379541159551996e8,1.353842646448566e13,1.9429834760790786e8,1.3458381248045605e10
4.037871149205931e8,1.3575304682591498e13,1.9452654600178912e8,1.3467494509703854e10
4.0384893353255016e8,1.3612557046109725e13,1.9457038813025385e8,1.3470711520199263e10
4.038079287069583e8,1.3618122765494703e13,2.048447595971496e7,1.34686730156977e10
4.036182234499196e8,1.3621734408767453e13,2.048785847920736e7,1.3471252797411922e10
4.0358178464598906e8,1.3620499011273535e13,2.048659440411079e7,1.3477816324053682e10
4.0353946046285546e8,1.361746022440361e13,2.0504870461618517e7,1.3720564571278538e10
4.060725204665466e8,1.361436663296755e13,2.0511687082806665e7,1.3718919107053366e10
4.060083420346244e8,1.3616289426905184e13,2.110901890116498e7,1.371461137104722e10
4.059879072577678e8,1.3618088528403506e13,2.1104166967425764e7,1.370641920763957e10
4.0600074652856416e8,1.361216622596625e13,2.1129663839826208e7,1.3768318193066643e10
4.059939490069064e8,1.3608221007567508e13,2.118298293812907e7,1.3772103022099768e10
4.061186334287228e8,1.3606216042433873e13,2.1181442228641737e7,1.3774136133763716e10
4.062443194213665e8,1.3610136365262355e13,2.117471790933847e7,1.3778833546304502e10
4.0676949639475214e8,1.3610753885425883e13,2.1190708067125715e7,1.3787611662550575e10
4.067068135746196e8,1.3612988781694207e13,2.1196496751063406e7,1.3792591266073427e10
4.070301822746999e8,1.361655888237198e13,2.126135078372735e7,1.4316611576891073e10
4.074033900021042e8,1.3616139001799871e13,2.1262441254570626e7,1.4243762068032938e10
4.0738937530830926e8,1.3619677074574533e13,2.127291207653144e7,1.4218456796627176e10
4.0721687345361894e8,1.3621461511815297e13,2.1293016633857254e7,1.4224893685801815e10
4.074296060357466e8,1.3853480340367775e13,2.141084360158222e7,1.4268647645426304e10
4.0736313553839976e8,1.3877001462442568e13,2.142298953559014e7,1.4270787090194101e10
4.074374612700114e8,1.3874933525466846e13,2.1426866691000987e7,1.4530507758742064e10
4.0741686934868735e8,1.3772928490330008e13,2.142320429497429e7,1.4559835357548141e10
4.074082484919305e8,1.3784735445149838e13,2.1398907336488206e7,1.4578473483060034e10
4.075880771910301e8,1.4181515925616533e13,2.140456894269844e7,1.4577988911732082e10
4.0753761586470693e8,1.794658835325907e13,2.140375557344807e7,1.4590173623073818e10
4.076572509545493e8,1.794947048125081e13,2.14061941521767e7,1.458726181319474e10
4.0778870911239195e8,1.7954781113477105e13,2.1410376987370078e7,1.4591199989666487e10
4.0779671661207956e8,1.7930822912662582e13,2.141178855203838e7,1.4594941140461283e10
4.077325636743118e8,1.7934980766380094e13,2.141556420110421e7,1.462778772621486e10
4.077564268335613e8,1.8033734153116734e13,2.1409324810402226e7,1.4631898564021154e10
4.080720048341308e8,1.804307135990964e13,2.1417020672541704e7,1.4634220290729671e10
4.0803693058375716e8,1.8045445665726547e13,2.14272589128388e7,1.4627882202601675e10
4.0806261763292307e8,1.8048625651727742e13,2.1453402799668673e7,1.4578337901502645e10
4.08116033849609e8,1.8044540438999094e13,2.145624538927841e7,1.4580770752634455e10
4.113239314067414e8,1.804817648019601e13,2.145577839936112e7,1.4578205885661102e10
4.1161046474422175e8,1.8056029886339805e13,2.145880101994111e7,1.6797014508954662e10
4.116941051202333e8,1.805986157139255e13,2.145864840676434e7,1.6816971904118876e10
4.1183395032927525e8,1.806255384670492e13,2.1795595589340106e7,1.6819396096824741e10
4.124252823136261e8,1.8065123682085047e13,2.180841438132166e7,1.6816392701880804e10
4.130783987218993e8,1.8069709163949582e13,2.1818959868016355e7,1.681830484773522e10
4.131592811116676e8,1.80894505086186e13,2.1813859489413552e7,1.6827021356991766e10
4.130193343589694e8,1.813217581817226e13,2.1826025840248186e7,1.6834818423584162e10
4.129698040052486e8,1.8138788612391133e13,2.2475514983827718e7,1.6815237431983395e10
4.1293653891034794e8,1.8142379224820887e13,2.247909541894517e7,1.6809368824071783e10
4.129282986596304e8,1.8146302235133523e13,2.2477343834978428e7,1.6832706548378273e10
4.129919959968732e8,1.814996559548162e13,2.249479412386436e7,1.6862101335586714e10
4.13008744200597e8,1.8145450473007414e13,2.249479256946002e7,1.6847658311987783e10
4.129625403314186e8,1.8288728020716516e13,2.2492998498926524e7,1.6848359516030127e10
4.1307702750771904e8,1.8286428390995086e13,2.247347316571711e7,1.6854128719867636e10
4.131557079822792e8,1.8276739785984867e13,2.248733527321172e7,1.6859357831899076e10
4.131680671805161e8,1.833120625424513e13,2.249028625787095e7,1.6957098614860064e10
4.133002725018479e8,1.8336876052801766e13,2.2466841654918425e7,1.6959283630960373e10
4.433743116953696e8,1.8380431878746504e13,2.2469053138319366e7,1.6962176202905878e10
4.434981734903159e8,1.839488194270945e13,2.246770643344468e7,1.6959910224113127e10
4.436200918349973e8,1.8401681717879125e13,2.2484510738968085e7,1.6958522500937128e10
4.436872995306657e8,1.8401150003201133e13,2.2547843459837113e7,1.6974223448930647e10
4.4384334361405855e8,1.840606483586407e13,2.2545445931499813e7,1.7046935059241632e10
4.438235691934574e8,1.841131710762947e13,2.254587035464874e7,1.7051087641929468e10
4.4376471562605083e8,1.8415959033630117e13,2.254673627236942e7,1.707280470688756e10
4.4769515576627994e8,1.8418440889342883e13,2.255648908586758e7,1.7074981132711157e10
4.480763143113866e8,1.841786270348393e13,2.2553880948644962e7,1.7078986758836044e10
5.656788820716064e8,1.8422642993944754e13,2.255717731874073e7,1.7175980828535868e10
5.656827180173503e8,1.8417071021645938e13,2.2940122629418276e7,1.7177928393109364e10
5.659453285074259e8,1.8419407157807188e13,2.294330441620487e7,1.7408394717062527e10
5.658846201596501e8,1.842414602097072e13,2.2952055401221726e7,1.741078926183227e10
5.659086593271906e8,1.843059579685063e13,2.295580463182889e7,1.7424736103378567e10
5.665859669424964e8,1.8449961333629152e13,2.2967888867467463e7,1.7510280326800537e10
5.66983340577231e8,1.8483710528734484e13,2.4640516478161864e7,1.7513636129478767e10
5.67362140868295e8,1.848724934407204e13,5.088558323180454e7,1.7515560091013344e10
5.667895740963455e8,1.959994025267084e13,5.090440231486052e7,1.7510183607798527e10
5.667842356470499e8,1.9565117945646957e13,5.093870525769067e7,6.431394844154157e10
5.715682712580519e8,1.957006786950646e13,5.093659377732328e7,6.432849707912532e10
5.720824130955099e8,1.9574135558534215e13,5.097593616266154e7,6.4320555152069824e10
5.71735251790365e8,1.959019320890183e13,5.098472890704845e7,6.432254488304576e10
5.718588704403923e8,1.9586275339537008e13,5.101889778906216e7,6.435383419538817e10
5.71747698643524e8,1.9593008159124344e13,5.111135868162928e7,6.434238943501461e10
5.71829560272826e8,1.9598719009696754e13,5.114163675820104e7,6.436157977464004e10
5.751890225925283e8,1.9608793974853418e13,5.114413915470476e7,6.4371757847996056e10
8.099533753792115e8,1.96206414903732e13,5.1150821140282124e7,6.6076074533575836e10
8.097781088270665e8,1.9614726919365418e13,5.121504753164641e7,6.6053982409250824e10
8.110171219711152e8,1.9620027054467316e13,7.158877983409394e7,6.543619981822771e10
8.109312785804166e8,1.962882190880529e13,7.162216898730217e7,6.542382764592103e10
8.109345905283866e8,1.9632461331431965e13,7.164949499454917e7,6.839945780715294e10
8.11049454307407e8,1.963496694988471e13,7.164744779098141e7,6.8448009852650604e10
8.112867521763439e8,1.972368722534341e13,7.164729545184235e7,6.843774726325089e10
2.5600921595508672e7,1.9717921936998855e13,7.164416025850795e7,6.84304666980714e10
2.5581129771737695e7,1.972132264226989e13,7.165656222083527e7,6.840663826444801e10
2.557917161087387e7,1.9733553268312266e13,7.164779374989973e7,6.860257401856197e10
2.558815013532847e7,1.978926785003918e13,7.16578187310146e7,6.868921028937856e10
2.5591742205091912e7,1.9788299008857953e13,7.166541455544811e7,6.871208851718113e10
2.5609055362405173e7,1.9791665050133246e13,7.26932149269364e7,6.870436831608739e10
2.5644515122738548e7,1.9802854894644793e13,7.329943995674843e7,6.872033765588995e10
2.5641709833679955e7,1.982154671623232e13,7.332428187404224e7,6.8718699349386345e10
2.5641647714438774e7,1.9859490984675996e13,7.317351170851968e7,6.872735976314967e10
2.564451975739201e7,1.986324127882249e13,7.345958395771669e7,6.872713940132925e10
2.564165014401201e7,1.983934842196446e13,7.348712146417595e7,6.871763000319946e10
2.564814558668581e7,1.9842226242260496e13,7.346537101946966e7,6.871989510441098e10
2.5644728466586363e7,1.9859271352530305e13,7.345075285444286e7,6.873274010315839e10
2.5648047770373296e7,1.9862592267730465e13,7.238963686041372e7,6.87583233304305e10
2.5648437162145454e7,1.9848292309999293e13,7.237884480873367e7,6.877826653111162e10
2.5658843383296203e7,1.98686765199723e13,1.1236273954492326e8,6.877183342630305e10
2.5655415215450138e7,2.0658207360256723e13,1.123947362936331e8,6.884916433790804e10
2.565975108735247e7,2.0674136998103957e13,1.1239408523841159e8,6.928701853844713e10
2.5661251067232143e7,2.0671724829262027e13,1.1240832078988247e8,6.929527945470831e10
2.5671189139037266e7,2.0689332870027508e13,1.1239843361985113e8,6.92969711762968e10
2.567370660224791e7,2.069306890818621e13,1.1237673874863541e8,6.929891812575305e10
2.5676523226084284e7,2.0699712972519816e13,1.1235556958343591e8,6.928982437378798e10
2.5687237203643326e7,2.07210064688787e13,1.1238191479551081e8,6.929928991790955e10
2.5697699441558413e7,2.073507073970801e13,1.1238726141134264e8,6.930819601775497e10
2.572359015801231e7,2.0739104978188457e13,1.1237338814106572e8,6.932249903435553e10
2.5783645658136584e7,2.0743446837272312e13,1.1238925984051901e8,6.934090051104759e10
2.590617743732339e7,2.0719925925525426e13,1.1251862781886993e8,6.936216045120724e10
2.590868618316462e7,2.071618568262616e13,1.1304710162852259e8,7.951632003423371e9
2.590598243431514e7,2.0754976370069586e13,1.1306726815368192e8,8.013686182530984e9
2.5894126247602664e7,2.0754838647445203e13,1.1331423005380414e8,8.03072429563999e9
2.590100814921897e7,2.0749376698335332e13,1.1330970856143774e8,8.051046662926145e9
2.598646989234222e7,2.072693487979265e13,1.1874261191438997e8,8.055925317947456e9
2.5989073256080594e7,2.0740132947235574e13,1.1912927094056857e8,8.060018457493911e9
2.609421018222594e7,2.0807243103986418e13,1.19154685917196e8,8.057720908019833e9
2.611283563057433e7,2.112873196615201e13,1.1920172179911326e8,8.066687697718572e9
2.614412975904457e7,2.1133359019463438e13,1.1922357643164639e8,8.0649376293320875e9
455060.6702712814,2.112502445944546e13,1.1929964592369549e8,8.066606668989267e9
455179.2551517762,2.1131178943345652e13,1.1931408969393693e8,8.067302089166618e9
455030.5035469716,2.11203299012433e13,1.1933340741932593e8,8.073139529611355e9
455112.7736511563,2.1124680516769234e13,1.1930376504107904e8,8.109050909238002e9
455080.7120652154,2.112836463912889e13,1.1934015895062116e8,8.110233742519678e9
455768.4890112861,2.114539466797494e13,1.1998641930373137e8,8.135371475140831e9
455405.96912393044,2.114047937055469e13,1.1988939440210555e8,8.152561623323955e9
455489.83070580487,2.116944154714639e13,1.200906655829868e8,8.15365878194347e9
458863.9891049331,2.1175216535912145e13,1.1984805762375256e8,8.150802756131324e9
458837.71918732184,2.1182446834814715e13,1.1994981687873915e8,8.148959339046278e9
458931.26380162145,2.1186154040333902e13,1.1997626006519912e8,8.151533328737961e9
459024.9662161834,2.0978279617797793e13,1.1998778813689876e8,8.1485552734342165e9
459099.68455905654,2.1182435353427258e13,1.1997943670162387e8,8.151353854505992e9
596224.3879208226,2.1177892486687277e13,1.2169454834207703e8,8.152662014478223e9
596418.7655426206,2.1181748053264984e13,1.2237269274345317e8,8.155376230513237e9
596676.8118933791,2.1191973134405547e13,1.2236688705722418e8,8.153266779846227e9
596490.1930079873,2.117885149140734e13,1.2235058445965289e8,8.151653953340425e9
596781.9385149337,2.1175029087604688e13,1.3000501040009457e8,8.15187511674585e9
596897.3021884089,2.1179822041038395e13,1.3005514631793605e8,8.150023697595206e9
600210.8419980141,2.1210074272872586e13,1.3006039767992558e8,8.178317350386785e9
600116.7129422649,2.1214733249248035e13,1.301647475248984e8,8.178564299970986e9
599883.8948304675,2.12787737942829e13,1.3018421593602085e8,8.183100794717577e9
600009.8978994882,2.1415951085062363e13,1.3028572010248412e8,8.179354537894086e9
600291.3633331644,2.1445961913503797e13,1.3031851287440035e8,8.591394032987299e9
600488.6721811518,2.1450181351629875e13,1.3028200634787157e8,8.593081847589893e9
601737.6454637015,2.1453517496383086e13,1.3026814525930946e8,8.848237313919052e9
601828.8165017165,2.1458030715645805e13,1.3026300471447136e8,8.903850824428953e9
601751.4982301209,2.1453575774582477e13,1.3033835318467599e8,8.900837096172098e9
601672.6553127773,2.1453237895692992e13,1.3045747409483829e8,8.898858887034935e9
601855.6899500444,2.1476301156939977e13,1.4138701284194264e8,8.900947193738842e9
601754.7321967182,2.148211961494368e13,1.4141690174289322e8,8.902337947758093e9
601846.7200999,2.1485784815606023e13,1.4144708998435903e8,8.904821857920893e9
602114.5864114107,2.149228585412511e13,1.4145164448707068e8,8.907876164044249e9
607613.7679733015,2.1499462433739137e13,1.4147013837030146e8,8.918040963053085e9
607840.9258493651,2.1506006552445375e13,1.413368027761169e8,8.910924087655617e9
649004.1256840702,2.182149481371612e13,1.413238377600727e8,8.908260644613317e9
843706.5040800278,2.1824250485802387e13,1.413849284518358e8,8.910364691960398e9
844854.1044279826,2.184314243634687e13,1.4137843953046626e8,8.910105612874235e9
844745.2821848268,2.1855926312695363e13,1.4144980426599443e8,8.919305878217953e9
844718.4269377206,2.1867246150215758e13,1.4143853035893354e8,8.921566020799496e9
122984.20821437554,2.187194253631425e13,1.4140189981829846e8,8.923594111006824e9
122970.33664267775,2.21378503832665e13,1.404344806054519e8,9.00102859401809e9
123008.44708505021,2.214169653832646e13,1.4045152174398732e8,8.999574483167362e9
123331.96121561248,2.213695836255544e13,1.4046219148674452e8,9.010004863527061e9
123342.13346814313,2.2140189307388875e13,1.4049598915964755e8,9.011154923052246e9
123537.05629679296,2.215375483001533e13,1.4048075158638418e8,9.018040205641888e9
125975.97074378356,2.2157238404007465e13,1.4043633657165098e8,9.038030436008604e9
125966.21204420917,2.218705127133049e13,1.4055768935634258e8,9.04578875891576e9
125937.49000034535,2.2195221362579574e13,1.4053060562841716e8,9.046188901382175e9
125963.93927903772,2.2175663987956656e13,1.4058637548397413e8,9.05801727987102e9
249709.07771447487,2.2169229714585715e13,1.405801749412727e8,9.181627704646921e9
250134.0429288929,2.2173939175443566e13,1.4534843351294142e8,9.18922366747352e9
250160.46742080964,2.2180418189248465e13,1.455245792158764e8,9.196300455151886e9
250637.19850006542,2.218423202298809e13,1.4552926902931586e8,9.197993190600317e9
250734.38026952752,2.713252454504693e13,1.4552104349397877e8,9.195628969236671e9
250751.52701581936,2.8204196547941098e13,1.455049825893377e8,9.201462371987228e9
251070.94848017668,2.8209265987825785e13,1.4553200340316218e8,9.202507071183985e9
251152.60166331998,4.317004541665599e13,1.4568986013554996e8,9.203683612481884e9
251297.4388823468,4.336989567255106e13,1.457165922112997e8,9.205659166818863e9
251041.20529159013,4.338951527790841e13,1.4575887481580406e8,9.207873196211834e9
251089.75015606068,4.340572574553542e13,1.457451695214317e8,9.239937807910906e9
251122.16621459892,4.340198037686101e13,1.4576367566314337e8,9.23359488965821e9
251464.35315140086,4.340859796937452e13,1.458335382637809e8,9.228336620363945e9
251439.15494875374,4.3470547472162164e13,1.448189068063009e8,9.224160469752228e9
251469.68178284937,4.3481856730967375e13,1.448863711117283e8,9.262963827025232e9
252073.6520171393,4.347322712718386e13,1.4489115077323252e8,9.264186152884794e9
252695.73438672684,4.3488018623440875e13,1.4604714640730256e8,9.276580222741274e9
252876.39432654402,4.347946490159013e13,1.460325291536336e8,6.308448395352847e9
252894.51287468063,4.348353260985672e13,1.460073841964603e8,6.557960740597223e9
252943.79113941456,4.3482480180497945e13,1.45989283595376e8,6.60889502896053e9
252955.03285938004,4.3491747100208414e13,1.466320025698398e8,6.607529908007252e9
253174.88653805983,4.350779506203511e13,1.467720320298899e8,6.611267611986075e9
253227.95891530107,4.351512954614532e13,1.464684800421984e8,6.610486573023142e9
253264.02319576018,4.351772057506239e13,1.464881302231909e8,6.610189208535268e9
253348.11816636226,4.357732805542801e13,1.4651245039530227e8,6.613106080304864e9
255455.28422640252,4.360480407022527e13,1.4705524156578636e8,6.615130746707814e9
255411.02010490547,4.364191728350729e13,1.470851284092963e8,6.617445997265024e9
256705.75072341494,4.3678961762010586e13,1.471049381571285e8,6.617358451703968e9
256690.62901482816,4.421093413385007e13,1.4708684875170705e8,6.636514647474776e9
122419.96394353516,4.421011659006539e13,1.471116138615572e8,6.636680257666899e9
122562.46403957035,4.4525036335005875e13,1.4712072359171975e8,6.636787696087768e9
122613.86220844323,4.452236729992851e13,1.4711745958201015e8,6.637820661231868e9
122601.8296366713,4.4587100746536484e13,1.4714058583694077e8,6.638825894945236e9
122579.79483533044,4.4593018143905516e13,1.4944639909095705e8,1.5089438177418835e9
122603.98226071722,4.4665117290935125e13,1.4946667231332168e8,1.5095846976304395e9
122618.37963477791,4.467253666726475e13,1.4946751651793718e8,1.5341207591965482e9
122622.12522200141,4.469274043854056e13,1.5016883775294665e8,1.5344207067019646e9
122635.74327492279,4.4684157437818875e13,1.5031916379277977e8,1.5346883398734252e9
122685.86935684642,4.469169164790774e13,1.505502085541307e8,1.5354414371474545e9
122700.11352431943,4.472987723276064e13,1.5066664907208335e8,1.5350245223811886e9
122709.70336613632,4.489371353259028e13,1.5064149033607692e8,1.5357913350869634e9
122858.91867206711,4.4755974098342984e13,1.5064741262428892e8,1.5354747104009657e9
122947.0317768237,4.475836034672072e13,1.5088102437842968e8,1.535705111761058e9
125417.97847028782,4.482645852474808e13,1.5102899739935726e8,1.5359202666766503e9
125416.82407600725,4.4830459516192586e13,1.5105391390161425e8,1.5362733886915953e9
125391.84307988174,4.484107105378435e13,1.5107505147982594e8,1.5366284517243433e9
125368.41906421763,4.4949403837462445e13,1.5106626188696787e8,1.5368335788678632e9
125403.12537166712,4.495949273021339e13,1.514748253669174e8,1.5400837770660322e9
125440.43910649771,4.496516751391351e13,1.5146755671731916e8,1.5402818371853771e9
127302.41950681951,4.495628024476414e13,1.514474587300661e8,1.546619886368482e9
127303.91466295412,4.4933339469651086e13,1.513519835212837e8,1.5457822320858777e9
127384.53687531363,4.500177733897473e13,1.512076522002507e8,1.54565745289139e9
127447.83932499096,4.506710173079086e13,1.512023948112743e8,1.5461161211741154e9
127437.32097623071,4.529546844297164e13,1.511090306514786e8,1.5470585522274687e9
127432.14500013636,4.555678741120194e13,1.5133376131833613e8,1.5473972788681028e9
127420.31566418476,4.556322952411339e13,2.2012605629110777e8,1.546859963896015e9
127448.91746495102,4.5551412461155336e13,2.2018072683357117e8,1.5471857022779896e9
128461.59600097079,4.562136431173495e13,2.2021717218277478e8,1.5477356854931717e9
128461.04010684603,4.5631698691707734e13,2.201960567493824e8,1.5948737291479075e9
128473.41614934601,4.5656624276222734e13,2.2392784692150587e8,1.5956048165281346e9
130879.51860506971,4.5660938872966125e13,2.2389704869743577e8,1.59547509770499e9
130906.36324044043,4.564814839850883e13,2.2383848884132162e8,1.595925958796402e9
130984.87011635311,4.57065568345024e13,2.4228630433558843e8,1.596573169287074e9
131104.9253909334,4.569701749870575e13,2.42302664159407e8,1.5953748941077209e9
131135.51480381904,4.575684425503916e13,2.4228294502551648e8,1.5958318045670786e9
131095.48910846762,4.574309687670494e13,2.422898393825703e8,1.5961500130469654e9
132421.46672541657,4.574944082407091e13,2.423288052043075e8,1.595543877634203e9
131946.98141253722,4.576330440066981e13,2.43609992849635e8,1.594875185219079e9
131990.2071115884,4.580027583020169e13,2.4359015018960363e8,1.5952076918413973e9
131992.4188453635,4.581316896322092e13,2.4407275632332513e8,1.5957194560439758e9
132028.10425576614,4.584221128770297e13,2.4403637604306352e8,1.5946488303443282e9
132013.55433886746,4.5853563295892766e13,2.4417861457758325e8,1.602411642369326e9
132115.1918646691,4.589568029086546e13,2.4416081549371758e8,1.618280040610725e9
132308.61115475284,4.588212231642145e13,2.4433897628354353e8,1.6186866241037931e9
132299.50999599832,4.590093654359986e13,2.443827670150848e8,1.6192298909595368e9
132434.15046056878,4.591014991623009e13,2.4490613295945907e8,1.6346983409717062e9
132581.78543840823,4.607021337505586e13,2.4490792900068247e8,1.6350338825956626e9
132181.69678125478,4.61548055819627e13,2.452448601320856e8,1.635273443080183e9
132183.14258176484,4.615655531654704e13,2.4532083044633368e8,1.6363215626821847e9
132210.60733911474,4.616676612563853e13,2.456306162593056e8,1.6369916951977396e9
132199.3839974196,4.618365811248478e13,2.4614106058584496e8,1.6383109766897798e9
132183.7460827791,4.626260773404211e13,2.461057003110169e8,1.6378953309541461e9
132224.26397640913,4.627328534827644e13,2.4610146260635513e8,1.6384649246109962e9
132225.2131031194,4.627904447997406e13,2.4614401235573477e8,1.6390006162719526e9
132198.79596155413,4.631113450469348e13,2.4614131102859646e8,1.6392445415749428e9
132218.919538307,4.631159412217303e13,2.4613230989379334e8,1.6397718677269235e9
132210.96918005263,4.6327578331596234e13,2.4613863939368212e8,1.6394836060015244e9
132239.4596330259,4.629094321661591e13,2.4626141388583463e8,1.6400999983066418e9
132715.7730097579,4.651032981589535e13,2.463467230825005e8,1.6406396417520092e9
133080.80426434762,4.6499847620054914e13,2.4635169133492577e8,1.6403778583434682e9
133011.32193874277,4.6584568607677336e13,2.4652462872463748e8,1.682858729926666e9
133156.72229689476,4.6591679370643945e13,2.4656608914624524e8,1.6831490279161916e9
133119.58667922387,4.661369096634185e13,2.4947991194566453e8,1.6829115445577385e9
133153.87815117827,4.660428177911631e13,2.494392713938543e8,1.682426283500817e9
133184.81315740163,4.670196883317278e13,2.503468013342091e8,1.6827392565706267e9
133209.7451719599,4.669133143621178e13,2.5038572070775083e8,1.6830173541220386e9
133148.34214053233,4.6698501510662125e13,2.5035161624619994e8,1.68520501512724e9
133130.69903008838,4.6664147112603625e13,2.503713276836146e8,1.6848044135817642e9
133108.89152973637,4.665417516380597e13,2.5032931543897468e8,1.6851421261743772e9
133164.27832624814,4.743388361479542e13,2.503688448845159e8,1.692364288010826e9
133077.27246746214,4.7441249183078875e13,2.5073795294110817e8,1.692746532878237e9
133165.81877659957,4.745225440216809e13,2.5075116449499607e8,1.6927917584249558e9
133234.6108888114,4.743982278925918e13,2.5448769455131337e8,1.6933563352592275e9
133268.96952832738,4.437681348208201e13,2.5447333932472497e8,1.69363963771173e9
133329.80846035416,4.436479983059738e13,2.5455758804354674e8,1.6944990271037254e9
133435.95790376017,4.435532842855622e13,2.5457894157555178e8,1.6948467535795774e9
133378.15679550963,4.435957898198343e13,2.5455100887034795e8,1.6956785095939136e9
133394.24334576784,4.4447949210183766e13,2.5458762596242252e8,1.6963808497249265e9
133507.70654712024,4.225999577694055e13,2.5468165324693227e8,1.6966754816963778e9
133541.01243304033,4.225467351308552e13,2.545954790298506e8,1.697964167585004e9
133660.73895448403,4.226199921237134e13,2.5466164077660817e8,1.7011179742311153e9
134452.5947509416,4.225768069575092e13,2.5464784414145324e8,1.7013224188999977e9
134422.92677035232,4.226755378524233e13,2.5469894113031262e8,1.7031557607282555e9
134429.48958758314,4.231054773350663e13,2.5477211137462357e8,1.7086030395473316e9
134470.5537771863,4.231646081617232e13,2.5481773848358473e8,1.708219804714032e9
134495.3696102978,4.231083977372045e13,2.5481443667197815e8,1.7105182239916627e9
134477.79928327116,4.2336709409658625e13,2.5477859543149287e8,1.7100529546093063e9
136792.4023392804,4.236033730635218e13,2.6104009669251934e8,1.7409064026546736e9
136787.264682201,4.243231134189111e13,2.610832787193972e8,1.7411751932134473e9
136766.84685014703,4.243514415720751e13,2.6263077281401515e8,1.7422407074501567e9
136764.08471591573,4.2431718017464195e13,2.626080411672497e8,1.7441962711401024e9
136288.4182946744,4.244905902803275e13,2.6264393785121873e8,1.7451137126892173e9
136312.2047056736,4.260227587043729e13,2.627050214362682e8,1.7454975638640409e9
136314.1526622653,4.25984585688168e13,2.626842652055522e8,1.7469708703268414e9
136330.40625844584,4.2599544997153945e13,2.640476673927035e8,1.7472197698733165e9
136344.76937529122,4.260710403991006e13,2.6393420876433513e8,1.747562969766647e9
136346.23615511085,4.263064471489434e13,2.639236468023401e8,1.7473938108164477e9
136364.1328911369,4.274835383956023e13,2.6396534425551155e8,1.747615823809923e9
138151.5106500043,4.275458964806118e13,2.64057515212555e8,1.7473258936410677e9
138136.65624591423,4.274881120736133e13,2.6495550984953958e8,1.7477295802760081e9
138193.54130946583,4.281342427159519e13,2.649666522055524e8,1.7618612454106665e9
138185.62699288985,4.281052226644338e13,2.6490443218691456e8,1.762922958943774e9
138170.68344794362,4.281637830772098e13,2.6502299870651573e8,1.7639025116157017e9
138169.3372175693,4.286922752858073e13,2.6508566864054844e8,1.7862230049419587e9
138155.4946521411,4.287614948239556e13,2.651472795578245e8,1.7860209460557728e9
138178.69719740454,4.297522523594143e13,2.651229943179083e8,1.786109020775456e9
139270.49591601326,4.2974676797867836e13,2.6513529009465128e8,1.7874645805728917e9
139282.37104553691,4.297762074955745e13,2.6514529978309637e8,1.7877682023294725e9
139316.92913640663,4.350478509074196e13,6.729160526703469e8,1.7880174064266803e9
139475.66403692754,4.349146569251611e13,6.730337421505797e8,1.7876336945367055e9
139455.02016834042,4.349144729170043e13,6.730341874942172e8,1.7881766743048463e9
139564.55749858226,4.412431665920264e13,6.729082724799545e8,1.7884053309485757e9
139728.7918549449,4.4130971531263586e13,6.736220101583124e8,1.7886874797484162e9
139748.10964338118,4.412357245138904e13,6.738635248978823e8,1.788949677519942e9
139811.4856741642,4.4114962789451555e13,6.738681285136288e8,1.7888489631091104e9
139564.4378330136,4.410786205311941e13,6.739318818986956e8,1.789794445142654e9
139477.68586364682,4.439851615730762e13,6.74064244782305e8,1.789367045325191e9
139495.0825931115,4.4426394478059305e13,6.741572193101119e8,1.789934817829227e9
139625.58419039272,4.447184741410419e13,6.742723153693441e8,1.791216075549694e9
139717.28475701262,4.447316487654176e13,6.747397281727082e8,1.7917470200721812e9
139675.38820171927,4.4470785505840734e13,6.74610091469754e8,1.7921728539610832e9
139699.5314764698,4.446309890427928e13,6.74583449569603e8,1.8092342124845066e9
139711.75637587445,4.447944473227075e13,6.750727991297373e8,1.8094665193898442e9
139716.34861502677,4.449492157465869e13,6.750656359855409e8,1.8097532992774584e9
139765.78241903966,4.44692556077429e13,6.751830317876806e8,1.818556293358617e9
159291.43904958217,4.448479219101482e13,6.751114215027068e8,1.8188125914582577e9
159269.87512827065,4.442380940967223e13,9.924744097552857e8,1.8198958583008447e9
159398.82863245357,4.443873041045613e13,9.930205540835145e8,1.817505520821551e9
159515.76473533042,4.443217671778849e13,9.932149680201495e8,1.8171866130950427e9
159606.68622601978,4.4444671616167586e13,9.929385793737301e8,1.816693990442489e9
159553.01543006077,4.446185491280977e13,9.928213593405205e8,1.8174345782917612e9
159536.3365460924,4.451935016337136e13,9.921866073497525e8,1.8171658510369556e9
160072.89598767587,4.451934012589325e13,9.920606454582509e8,1.8166966323301256e9
160067.12469520653,4.4634361640370234e13,9.922102915821035e8,1.8208637326104233e9
160748.85983001898,4.4647542984351414e13,9.923135026347284e8,1.8208637699295433e9
160765.2364616728,4.464234515739799e13,9.920661066393985e8,1.820574274458217e9
160901.0719972802,4.463707334069087e13,9.917904335942863e8,1.821451752292462e9
160968.65944978324,4.465009279043887e13,1.014505556207407e9,1.8217001680249386e9
160963.291773218,4.518706319823711e13,1.0146646243246388e9,1.8219358347989852e9
160990.19057814442,4.519664785924382e13,1.0146033306208308e9,1.8749775561153076e9
161028.7554472874,4.518755028595089e13,1.0143736737267711e9,1.875346015574788e9
161024.62156768152,4.519669160349432e13,1.014629451512955e9,1.8758511024356833e9
160946.91505533195,4.520835889167261e13,1.01481804651414e9,1.874814916426423e9
160958.23078149592,4.517685622129137e13,1.0161719693414404e9,1.8783023960241761e9
161004.91873440982,4.518183892451714e13,1.0160983371758425e9,1.8778073501817343e9
160717.20974106187,4.518693475995225e13,1.0167667051911292e9,1.8897284401929305e9
160759.7241492831,4.518184083162784e13,1.0166305830159103e9,1.889065833080923e9
161329.73144351703,4.525419460622424e13,1.0173850761408081e9,1.9684807971762235e9
161985.51859868766,4.526727447602831e13,1.0172903746340228e9,2.0045660074336686e9
162072.98950443565,4.5278969957169016e13,1.0172612549409635e9,2.0044441090598261e9
161942.50251526583,4.526835311891174e13,1.017216146324533e9,2.0041153259749448e9
162336.55456506906,4.559580129495943e13,1.0230437437541157e9,2.004915327103103e9
162301.33405089396,4.5616636664172734e13,1.0232053785957863e9,2.0050479159806092e9
162274.4420170903,4.563905681484338e13,1.0246609348927808e9,1.36857238704554e9
162285.74119388536,4.568257852274658e13,1.0247006367752547e9,1.371817218895751e9
162310.9316871605,4.6217998354168445e13,1.0245674506562027e9,1.3720680829911644e9
162445.41329701216,5.249805525313143e13,1.0250735879384414e9,1.3724613669306781e9
162520.70681177036,5.249786065600992e13,1.0262672332092452e9,1.372522297199766e9
162469.78397713846,5.249507607525759e13,1.026547005017965e9,1.3750256147124686e9
162561.95876016884,5.249124765940958e13,1.0264911327569966e9,1.375222641688312e9
162693.4531035265,5.288518730163371e13,1.0270137188383412e9,1.375172578679752e9
185513.63068565913,5.288137824644032e13,1.2626365273865077e9,1.3753747439423554e9
185529.47943925177,5.312346337223999e13,1.2625559767937262e9,1.3755737557338984e9
185577.7982891978,5.313134997155997e13,1.2627198677756076e9,1.376780754518258e9
185658.42765841185,5.312286334717604e13,1.2629011621027586e9,1.3779002270489187e9
185603.77152884242,5.313386008960539e13,1.2629540051550772e9,1.377733053025231e9
185595.8935332715,5.312589266148289e13,1.2626903347863095e9,1.381000240941473e9
185585.68895149676,5.313434331850418e13,1.2637490907556744e9,1.380822648520867e9
185550.63871579908,5.31835879210647e13,1.265015971404493e9,1.3801875717029583e9
185602.4718787001,5.328545893295904e13,1.2652019535855894e9,1.3805055688674247e9
185693.063234232,5.3419178669976055e13,1.2659377815554338e9,1.380779545849112e9
185700.43765258024,5.34198533191529e13,1.2656752353023412e9,1.3808258544581146e9
185801.9199369542,5.353239839138552e13,1.2660365498339205e9,1.3813473861067212e9
185814.62269597052,5.355779393995615e13,1.2663745020273979e9,1.3813350089696152e9
185768.91363481112,5.3570612551139234e13,1.2662382679349027e9,1.3813506073848002e9
185788.73578704146,5.370684556728834e13,1.2667299669556296e9,1.3812902360353053e9
185807.72767502107,5.372165160306903e13,1.2665759687041562e9,1.3814956912857327e9
185912.2744809788,5.371312637095197e13,1.266538126185547e9,1.3808385954815602e9
185911.8378811209,5.372656426775819e13,1.266640875729758e9,1.3807547865797524e9
185837.48537653396,5.372744828363531e13,1.2666561570185452e9,1.3805797968038635e9
185846.99642423008,5.376187888732708e13,1.2665055594887598e9,1.3806069287723453e9
185876.16358505044,5.3737259960166055e13,1.3188466856711679e9,1.3807134909000785e9
185916.8924652629,5.384245137306463e13,1.3202984403035507e9,1.3806952217926595e9
185916.23436021997,5.366829936966803e13,1.319221325102068e9,1.380336989621997e9
185884.19346469073,5.367909192698846e13,1.3194946351810489e9,1.3800826292178912e9
187360.07271608853,5.367573853408398e13,1.3192881850907578e9,1.3822037852319198e9
187289.8292265825,5.369830164696534e13,2.0809197337602572e9,1.3828563321882827e9
187313.5171616333,5.373203403483514e13,2.0807336498724728e9,1.3827551892129915e9
187344.86763833492,5.445878323719537e13,2.0808422019739528e9,1.3826588137730436e9
187310.21756944235,5.4435562298703266e13,2.0798420724283051e9,1.3825056887334023e9
187351.35905070516,5.444463429378572e13,2.0796837123421783e9,1.385620751203016e9
187419.93527898178,5.4447996655387e13,2.0790474350023677e9,1.3943202589647253e9
187420.72291875517,5.444613367658979e13,2.0786441641329963e9,1.3960441031030757e9
187445.17306506494,5.442321021045826e13,2.0782692618027942e9,1.3971106470925393e9
187471.7884156865,5.444340454491695e13,2.0787268592023396e9,1.3969996847856398e9
187651.75177204772,5.446351314203722e13,2.078940750735898e9,1.3968221148644245e9
187676.71728557293,5.4490549308897984e13,2.078845111452672e9,1.3963100766997442e9
187673.1562502234,5.4484531197173195e13,2.078636700107427e9,1.39673162114214e9
187637.1034381031,5.446577243385886e13,2.1349755628366103e9,1.396360339976444e9
187743.0365140536,5.445553313687934e13,2.1349998296770682e9,1.3951829748981395e9
187760.7719299616,5.449700711221777e13,2.1351414357550635e9,1.3958527834702823e9
187752.36984673116,5.452356778360902e13,2.1353855742978091e9,1.3979592061454444e9
187786.8384910412,5.4535567497659805e13,2.1371295744118426e9,1.3980159778140335e9
187803.44435224266,5.454851012331183e13,2.1372767255847385e9,1.4009026474258857e9
187770.87866846853,5.455368498777248e13,2.1372453144510994e9,1.4033469675520525e9
187799.3344613809,5.455254562669745e13,2.137593952003154e9,1.403540268656027e9
187814.63146900886,5.4592638764175586e13,2.1568075310097513e9,1.4037842926602077e9
187877.58460700672,5.4608408634844484e13,2.178925342834512e9,1.4035351180225003e9
187838.62032685414,5.461679346354475e13,2.179017840312286e9,1.4115088752517967e9
187843.79397466715,5.462581080209329e13,2.1809168109496145e9,1.4117523694407206e9
187795.73348871764,5.46149312843983e13,2.181077255418784e9,1.4121176735993783e9
188103.6769872563,5.465528437656742e13,2.181213588375095e9,1.4125480523394265e9
188194.44695617267,5.470413083829316e13,2.187674162999004e9,1.4126825820044172e9
188181.26879296274,5.4747938691045484e13,2.19058216939328e9,1.4133289588026555e9
188523.6674113016,5.475538604556627e13,2.190868695793793e9,1.4134139258636184e9
189273.16873387442,5.476823717880725e13,2.1928589659457116e9,1.4143992558189492e9
189261.65719174477,5.47798371042565e13,2.1908219864956503e9,1.4145770332076807e9
189231.60063637936,5.4876785104078664e13,2.1903790068814178e9,1.414583981213027e9
195224.5528862292,5.5284941831607625e13,2.191453450660364e9,1.4152317176098113e9
195220.19540034025,5.52968268474162e13,2.227874946518822e9,1.415315076762541e9
195370.8195515882,5.5192658948237125e13,2.228195724385449e9,1.4157080181601043e9
195420.73664858617,5.530612795142444e13,2.2502277425723734e9,1.4229782356206946e9
195402.5298102853,5.530735453944051e13,2.25185306415885e9,1.42279908704305e9
195420.4408494325,6.439924198828106e13,2.252467901647729e9,1.422355009250068e9
195472.75669478357,6.4418164516071516e13,2.252424480340726e9,1.426277738820501e9
195539.80975919066,6.452916906716123e13,2.2773127861388326e9,1.4262948108945584e9
195544.29133005303,6.452188029973034e13,2.277208432760499e9,1.4260840835107012e9
195335.5245103693,6.454218227388043e13,2.2798837260208554e9,1.4285637014053833e9
195386.92043391304,6.4538216899837125e13,1.919843707870278e9,1.428541180093735e9
195415.79426346347,6.487143676232281e13,1.9270920360633538e9,1.4308172091887453e9
195397.4531657847,6.486960313431445e13,1.927067783017936e9,1.4305118672841127e9
195337.8694415799,6.487905451409838e13,1.9268732452051864e9,1.4307687589096045e9
195435.11038871272,6.490797839821009e13,1.926944851244001e9,1.4665108650362606e9
195521.5610208979,6.487525868756582e13,1.9282349501812248e9,1.4664256307422879e9
195588.03735213008,6.539047055715162e13,1.9276252419134011e9,2.608565004320227e9
195583.10976287184,6.5375423758372305e13,1.928227912043128e9,2.6104920301241245e9
195635.42308344258,6.545341149432267e13,1.9281269566812277e9,2.610219589776018e9
195657.7827074076,6.5476087945098484e13,1.9284219001898086e9,2.6113937731776695e9
195664.67348725098,6.564298756729977e13,1.97345038119564e9,2.611539375994082e9
195634.79489131965,6.564235524382647e13,1.9738231119915988e9,2.6133538730165977e9
195642.81705452123,6.583484778913486e13,1.9744719837966714e9,2.6140047275710335e9
306343.48140887055,6.5834406384268336e13,1.9747824673475323e9,2.6142038328729367e9
306342.66043847037,6.584341160093246e13,1.9760689664122918e9,3.000620482913087e9
306461.471089805,6.589225831863452e13,1.9853252160443156e9,2.99976230782746e9
306490.36323024635,6.615747370763228e13,1.9851252291259978e9,2.999495149026631e9
306557.4855903347,6.6126812841715984e13,1.9849751828837438e9,2.9987002711915846e9
306515.4153909434,6.6135209490710195e13,1.9849979415557125e9,2.9981425939460907e9
306577.55193507054,6.6125086840633164e13,1.9852660040852344e9,3.0017454520297422e9
306549.00391389726,6.613876096730145e13,1.985206140161313e9,3.0004010661671495e9
306841.66041488375,6.66406091014663e13,2.1043461186918175e9,2.999899428045557e9
306925.38491792197,6.679753780790949e13,2.0980645218359997e9,3.0012871938233566e9
307000.48474819097,6.681177913448653e13,2.0986455067765486e9,3.0021906596197176e9
307009.29579628666,6.6856220594405664e13,2.0989632106515076e9,3.0022018598745e9
306978.5136486326,6.686598733117585e13,2.0985775742979882e9,3.022625373470521e9
1.061226932229367e6,6.687648850314295e13,2.0990441925001483e9,3.0217657544831815e9
1.0616188179673045e6,6.6899450090237336e13,2.1015260339219494e9,3.0209741899898634e9
1.0667541641106314e6,6.703822012523882e13,2.101100804540298e9,3.02180145025321e9
1.0665319026669732e6,6.704417023604489e13,2.101631961392726e9,3.0241505676371255e9
1.06664541585304e6,6.7159981360596734e13,2.1193979065308514e9,3.024681594456084e9
1.0661231286684594e6,6.7312577753078125e13,2.119350509764977e9,3.022085352648017e9
1.0659754672285267e6,6.738239301685285e13,2.119635468227417e9,3.03576708722135e9
1.0663615438713504e6,6.73927036906403e13,2.1202250542869399e9,3.0363024036128097e9
1.0659534728622462e6,6.739207867575106e13,2.121417778156069e9,3.0351676813346205e9
1.0660637471393128e6,6.741811750121403e13,2.278865935740851e9,3.0363141081785283e9
1.0660032764428963e6,6.742444223141423e13,2.279245264899643e9,3.041026947700176e9
1.066328400242936e6,6.785209109584226e13,2.2816709208436103e9,3.2937941224209576e9
1.0673018067690448e6,6.7855490411245734e13,2.280921787607851e9,3.293471865703067e9
1.0665166171358721e6,6.786065725926065e13,2.2803226157680736e9,3.293702982428502e9
1.0668251261988732e6,6.784384043017858e13,2.2801036600942945e9,3.2947500896920314e9
1.0663863350235685e6,6.7787253574307055e13,2.2795039750163803e9,3.2963351996449504e9
1.0682796505585397e6,6.7823115051826375e13,2.2797468658501916e9,3.295490035987247e9
1.067747066118734e6,6.7883338227698125e13,2.2814218622855678e9,3.295992423155983e9
1.068284590510988e6,6.789695364382861e13,2.281134280617408e9,3.295182667712946e9
1.068419842037489e6,6.7839116420891234e13,8.870326736713281e8,3.29532139487405e9
1.0688039055771355e6,7.077833323180161e13,8.886453550320501e8,3.3292671985894723e9
1.0731484399287682e6,7.07936245290816e13,8.891234219008874e8,3.355538685575528e9
1.082683405413334e6,7.123162391398877e13,8.911946239974402e8,3.338849573569738e9
1.0828770985612338e6,7.119514727719561e13,8.910412555471281e8,3.517504070016634e9
1.0830376267831125e6,7.129835591563334e13,8.912317077954335e8,3.536020316130632e9
1.0830736930095386e6,7.12948834273788e13,8.915725994190574e8,3.543731773052029e9
1.0827225862570235e6,7.13297130960131e13,8.918302728085524e8,6.805499479350001e9
1.0928058149192093e6,7.122168668904372e13,8.919608517392545e8,6.80610591823316e9
1.0934995349326401e6,7.129918524039362e13,8.918516554502349e8,6.807022385172514e9
1.0942971834607604e6,7.131578698460523e13,9.069537808909597e8,6.813795914185142e9
1.094611080791726e6,7.133173584585375e13,9.066798989876826e8,6.814163174192725e9
1.0955084169840014e6,7.140495119016761e13,9.068158107828374e8,6.837205291016422e9
1.09547106572392e6,7.149227644896061e13,9.06661926024673e8,6.836955569942829e9
1.0952427916562562e6,7.14703025836297e13,9.067855542067424e8,6.8388983290174675e9
1.0952969575993812e6,7.151008271949062e13,9.076764596952344e8,6.847771815377762e9
1.095495501041901e6,7.16988315534422e13,9.071686367852857e8,6.8500280838845215e9
1.0957231800560402e6,7.17475248365422e13,9.069799756100676e8,6.847862929232135e9
1.0957181860932305e6,7.174991435635762e13,9.071291530128146e8,6.85823040638944e9
1.0957945332688396e6,7.22872106455007e13,9.072289011448699e8,6.859903978852018e9
1.0956632009781913e6,7.262577946777569e13,9.13337595940718e8,6.860855624674939e9
1.095294111547301e6,7.261351667260139e13,9.124837465106248e8,8.246617424678855e9
1.0945424535149718e6,7.261307985668056e13,9.126290245418215e8,8.4022214650057335e9
1.094371205307174e6,7.803254906092917e13,9.254363394350756e8,8.430381511647661e9
1.0947732135686881e6,7.806497185345995e13,9.251827866829464e8,8.427005106784089e9
1.0950295545402078e6,7.812695838228031e13,9.24993408813591e8,8.428176132202561e9
1.0955291926639532e6,7.81235128117538e13,9.251331675180876e8,8.433217660687968e9
1.0954164801422488e6,7.815562654442467e13,9.57016934392462e8,8.493938146058511e9
1.0960334157596852e6,7.81678829661976e13,1.075233616570632e9,8.493943785375022e9
1.0968598530038001e6,7.825779665911006e13,1.0755366865023217e9,8.491622473480238e9
1.0967155700671352e6,8.266927061071719e13,1.0758089710784261e9,8.494107548907825e9
1.0968418083862036e6,8.268996216263833e13,1.075563229051044e9,8.507128993136125e9
1.0968623181553462e6,8.417456487501589e13,1.0758025126320384e9,8.51024659362805e9
1.0971628279320665e6,8.46534771736524e13,1.078022338013227e9,8.500883443433164e9
1.0986564784300253e6,1.0223327067734962e14,1.0781879161804364e9,8.507850633898603e9
1.0981716987423347e6,1.0234055143398845e14,1.0782682831102457e9,8.507499179188297e9
1.098263174364115e6,1.0239154776678214e14,1.0784544182905667e9,8.507433959000431e9
1.0985093234603219e6,1.0317837761149867e14,1.0785907949272351e9,8.609586859899525e9
1.0982994124041721e6,1.0320383742232119e14,1.0787662876758165e9,8.608794722290995e9
1.0982154137798026e6,1.0322156364369592e14,1.0811081455043793e9,8.612448722796745e9
1.0997400616616474e6,1.0324064892811694e14,1.0813395493116837e9,8.607323421968494e9
1.0998627408258147e6,1.0322612276338367e14,1.0815627982653446e9,8.60600316558131e9
1.1001951526080638e6,1.0340269652451397e14,1.0817605842693653e9,9.11953548108762e9
1.0992540872241259e6,1.0338377478590602e14,1.0826988049667232e9,9.121740379699162e9
1.0994460464012492e6,1.034252393436435e14,1.0831791755635366e9,9.12426908624384e9
1.0993546485827137e6,1.0344676027956612e14,1.0802864824835603e9,9.142584746515892e9
1.0994758036638366e6,9.024501673877586e13,1.080402513823163e9,1.4129082493083477e10
1.1008246645616437e6,9.096466681841081e13,1.0805476108376944e9,3.2385046747048845e9
1.1006028613677602e6,9.097088542844514e13,1.0807233104830987e9,3.24448673406123e9
1.100410647337156e6,9.097670386695297e13,1.0850365337496955e9,3.246833545049862e9
1.1004518000652038e6,9.209580601725514e13,1.1401486801070373e9,3.252367711083152e9
1.100366908590318e6,9.205638814645636e13,1.140048954309117e9,3.252390621697801e9
1.1005077249904692e6,9.203271494869278e13,1.139944884988242e9,3.2528411496502495e9
1.1021164436415539e6,9.283827449138298e13,1.1399482620329843e9,3.2537681457559676e9
1.1024678006518977e6,9.30242820393079e13,1.1402418204888852e9,3.245295939352716e9
1.1027225746084563e6,9.315604856093812e13,1.1450084240164278e9,3.321254657356133e9
1.102773666539693e6,9.306528580210884e13,1.1798564668726046e9,3.3222208272757134e9
1.1030609942580988e6,9.310349309078256e13,1.1796265931950681e9,3.3217080601863832e9
1.1030044412806593e6,9.31355312410031e13,1.1797664746321044e9,3.320857318043326e9
1.1050176066840473e6,9.312938516588908e13,1.1795183727961345e9,3.321884985961618e9
1.1058270223274408e6,9.31536322959598e13,1.1796796227159436e9,3.320975788750641e9
1.1570869535046036e6,9.316395309324472e13,1.1798218988961198e9,3.3201106551479034e9
1.1585667194106928e6,9.315051302609028e13,1.1799839443050296e9,3.3046218085240912e9
1.1589612289886381e6,9.314024747048239e13,1.179998890214101e9,3.3069638789979386e9
1.1620915376612851e6,9.312213713743806e13,1.1803501053620274e9,3.328657602019094e9
1.1620774125492382e6,9.3120491263778e13,1.1820287913332381e9,3.329263565471317e9
1.1655888328335967e6,9.313499670365083e13,1.182214980299412e9,3.3305881946304116e9
1.1657231551057263e6,9.317487581913769e13,1.1823576406628263e9,3.3496731531469436e9
1.1659689765155993e6,9.317178260375936e13,1.1827992387458916e9,3.3500004731556077e9
1.1689201136175948e6,9.316111563718492e13,1.1836336574564931e9,3.530204825498121e9
1.1692528255900524e6,9.316121433696786e13,1.1837617792819242e9,3.5306469059750915e9
1.1695167467705053e6,9.326342867373342e13,1.1851185971196752e9,3.5318178182974405e9
1.1692084426662154e6,9.32555034297787e13,1.1854574836110144e9,3.5314775270049944e9
1.1695710632925704e6,9.320138563869045e13,1.1857469655185614e9,3.5445244055911145e9
1.1697919045379045e6,9.320930959931958e13,1.1864759066931033e9,3.5449800829427595e9
1.1704564659093092e6,9.319527820218762e13,1.1871172683482833e9,3.5444576358116083e9
1.1709949476240058e6,9.321210742029434e13,1.18729535543963e9,3.547097835504071e9
1.1708479330704492e6,9.318297327956519e13,1.187750002339315e9,3.547766238053383e9
1.1714229651170354e6,9.31876365049824e13,1.1875160654012332e9,3.7861349182105436e9
1.1700671626153886e6,9.320067573734717e13,1.1873962112561204e9,3.7864476366573195e9
1.170471102530393e6,9.32329610626517e13,1.1880780624001138e9,3.7873778653514624e9
1.1704329561185618e6,9.322598486788836e13,1.1874251780399313e9,3.7884679245509343e9
1.2392429412918098e6,9.324276630459927e13,1.1883815780986807e9,3.7874436715471354e9
1.2394087312958029e6,1.0022039189373117e14,1.1884877148695838e9,3.7997098788765407e9
1.2393892731875794e6,1.002084201147234e14,1.1884831356374266e9,3.809446272716076e9
1.239500158561953e6,1.0041170039287202e14,1.1886570971441724e9,3.8085113720948634e9
1.239762096979771e6,1.0033207961847053e14,1.1889914807891285e9,3.809702357377606e9
1.239853718131804e6,1.0005188982250722e14,1.189568322475682e9,3.7896066898049917e9
1.2397704010343752e6,1.0006746354899305e14,1.1893855770388138e9,3.7890691116384683e9
1.2400070550643334e6,1.0192449884008944e14,1.1890427888697066e9,3.791358238526418e9
1.2410340232582812e6,1.0196454731805644e14,1.1891096542591546e9,1.207194359369638e9
1.2409766071760405e6,1.0227892200343784e14,1.190501830054325e9,1.2081529213046985e9
1.2408559786586964e6,1.021382295016844e14,1.1891259470100493e9,1.2077033199395967e9
1.2410194462998004e6,1.0213663337456666e14,1.1891557058608003e9,1.2083237912259774e9
1.24121149422064e6,1.0217564099657958e14,1.1047435175461755e9,1.2084920551885839e9
1.2412134829724643e6,1.1260828838214827e14,1.1045222452854674e9,1.2085804229169204e9
1.2397442032378817e6,1.1363449511714689e14,1.1051895652792695e9,1.2091030446089869e9
1.2399432335925007e6,1.1361643752219623e14,1.1059461618874989e9,1.2094858102357504e9
1.2403155004329404e6,1.136361060878823e14,1.1064912950442598e9,1.2104228874211853e9
1.2403897551254302e6,1.1363319767382152e14,1.1065550220881708e9,1.210503180014475e9
1.240128868523443e6,1.1363479537870553e14,1.1091280322987237e9,1.2111593596323788e9
1.241093969653786e6,1.1364577791214914e14,1.1092439547044933e9,1.210964227587826e9
1.2413148914574527e6,1.1367924298361106e14,1.1089552938690348e9,1.2309775994908712e9
1.2411677420320895e6,1.1556173974349994e14,1.1097670797898085e9,1.231146424109707e9
1.2417861475614626e6,1.1554041550670511e14,1.1114710163619084e9,1.231444265028781e9
1.2416906434794145e6,1.1554984307035919e14,1.1115681497525787e9,1.2309026348487022e9
1.2420589939745737e6,1.1553794630861128e14,1.1115936367105265e9,1.231103304675616e9
1.2429865441265523e6,1.1552204662053964e14,1.1104337643253736e9,1.2316928352023327e9
1.2427592149121098e6,1.1563085888450444e14,1.11077521770831e9,1.2318743960844002e9
1.2429209243706577e6,1.1565221319981473e14,1.1109732900674763e9,1.2326090976026442e9
1.2430654615219568e6,1.1528645881758572e14,1.1136468703102112e9,1.2326068834920514e9
1.242753038764109e6,1.1531080622843978e14,1.1138762927435598e9,1.2326124148459654e9
1.2426291332490586e6,1.1536519316047272e14,1.1136825441281044e9,1.2328157978013968e9
1.4934463792770044e6,1.1562898004803198e14,1.113470891261203e9,1.2330284211645908e9
1.4955521590079865e6,1.1564952851922828e14,1.1124679925030513e9,1.2332447140524113e9
1.4978461959561429e6,1.188356495089094e14,1.1135117910743937e9,1.4104426919848022e9
1.4983752414071558e6,1.188325724692997e14,1.1544331917369337e9,1.4104298555704143e9
1.4989996806100707e6,1.1883309289639494e14,1.1551205845995753e9,1.410567655221979e9
1.49879409741867e6,1.1886061634870038e14,1.1552830868287394e9,1.4106138504358244e9
1.4987490818355305e6,1.1900703649171653e14,1.1555505765428133e9,1.4102871524480686e9
1.499012022703643e6,1.1961355301478916e14,1.1553721638774474e9,1.4106425896587117e9
1.4993079331620706e6,1.1962921838887719e14,1.1560602055140772e9,1.4109667951339362e9
1.5017743984912415e6,1.1969961927426922e14,1.1559272081403112e9,1.4107483080856664e9
1.5015853061747814e6,1.1975286048455728e14,1.1560211497608395e9,1.4105756398354738e9
1.5339707635029834e6,1.1978086140553786e14,1.155928825244393e9,1.4111629697069125e9
1.5337429575817243e6,1.1980867953003842e14,1.1554288440435004e9,1.4129962613469296e9
1.5335545096551087e6,1.1982372294299481e14,8.687796594042759e9,1.4132734008335633e9
1.5349203258157226e6,1.1984085818532258e14,8.690612996194843e9,1.4135581755231786e9
1.5347853887145338e6,1.1990919792202352e14,8.694030378987616e9,1.4138061704900713e9
1.5358510114514122e6,1.1991308536784967e14,8.695254514855783e9,1.4135648032309663e9
1.5357892075563476e6,1.1993843630463683e14,8.694702329145182e9,1.4140238527448592e9
1.535637353640295e6,1.1995736990130855e14,8.75808651715872e9,1.4145718243339283e9
1.5360185108872028e6,1.1998057316650952e14,8.760051480457886e9,1.4143539750840435e9
1.5471290698589177e6,1.2001088575994653e14,8.761286567817541e9,1.414346736012406e9
1.5469379596351783e6,1.2000154527568025e14,8.763759997798725e9,1.4353000648582704e9
1.5472870707268857e6,1.1999416674163155e14,8.768401221649998e9,1.4361444514175065e9
1.547362632357973e6,1.2001768426521294e14,8.76824693234755e9,1.435650183804866e9
1.5472508743072976e6,1.2004525950234048e14,8.769868904921684e9,1.4365159214749293e9
1.5476195217223696e6,1.2006786466020378e14,8.77453594740441e9,1.4369019121625786e9
1.5474465431521083e6,1.2003865039994588e14,8.862869942103111e9,1.4367787745655007e9
1.5474189228770796e6,1.2004180757048894e14,8.865254327314482e9,1.4369279356812382e9
1.5480074950351727e6,1.200684778490641e14,8.864350721538422e9,1.4367114871333091e9
1.5479995175923833e6,1.2011137696740644e14,8.865783068767721e9,1.4366739661100953e9
1.5475485903924925e6,1.2013307246447278e14,8.867250908832373e9,1.4382034545035095e9
1.5477574383885518e6,1.2011546349125995e14,8.892601865293741e9,1.4384900148720098e9
1.5559005079900066e6,1.2006953566739703e14,8.89724047999018e9,1.4387106156663656e9
1.558747950595867e6,1.201670081633949e14,8.898138023022696e9,1.4383023138765173e9
1.5583817185176222e6,1.2015711441381827e14,8.900212231336866e9,1.4372272036176357e9
1.5579209785063e6,1.2017629127524347e14,8.903107131506207e9,1.4376988699918306e9
1.5578067807518127e6,1.2020227040012916e14,8.902641393716215e9,1.4388980661928155e9
1.5581014315939837e6,1.2019695101985511e14,8.9037666920872e9,1.4379382481688657e9
1.5584509781106885e6,1.2018729786877256e14,8.900547489830307e9,1.5188612166621776e9
1.5586064147493967e6,1.2030680015805106e14,8.917294071032251e9,1.5183814543025296e9
1.560369619732704e6,1.2031152410660684e14,8.898005623577295e9,1.5196240324724739e9
1.5602539238188057e6,1.2030934335511581e14,8.89566620195588e9,1.5203169080720592e9
1.5607472665942213e6,1.2046340630384366e14,8.895685266931797e9,1.5205895451882496e9
1.5636628552522645e6,1.20459130698098e14,8.89779344763842e9,1.520774787782245e9
1.562853574629142e6,1.2063449117409028e14,8.898588723906822e9,1.5294777592968946e9
1.5630709051955193e6,1.2067508478733922e14,8.898309901535353e9,1.5326827479536812e9
1.5666757788410175e6,1.206761391185954e14,8.902396384555002e9,1.5288040714628477e9
1.5665266270772894e6,1.2172139736348852e14,8.914109111269102e9,1.5285638621075394e9
1.5660517989707948e6,1.2174673808653305e14,8.912651832210625e9,1.584576890232182e9
1.5666453136759573e6,1.217292132790917e14,8.909537838971949e9,1.58401033715611e9
1.566122586920316e6,1.2174381988610064e14,8.913417223184233e9,1.5839940343998473e9
1.5663806873956139e6,1.2208631695533642e14,9.014964694809483e9,1.5830816279364138e9
1.5672449677146305e6,1.2205570232160583e14,9.01302542299468e9,1.5831594311520982e9
1.5672710451282267e6,1.2209403301692116e14,9.011391763553486e9,1.5834494914619231e9
1.5667275986257165e6,1.2217026056554011e14,9.01591545585456e9,1.5845157599655218e9
1.5674476543598308e6,1.2357996050095573e14,9.017192715059782e9,1.5908855625174718e9
1.567260256062697e6,1.2369464217294411e14,9.019688651227531e9,1.5914732991754396e9
1.5678119351351429e6,1.2365728821168472e14,9.022827156361933e9,1.5907439707821484e9
1.5679313188016498e6,1.2368412239274614e14,9.04600022095556e9,1.5896599306514268e9
1.5686647618379733e6,1.2388977466489392e14,9.045829489392033e9,1.5881135085409153e9
1.5697578043757004e6,1.2392139798008853e14,9.047007349401405e9,1.5883118543194978e9
1.570151119456863e6,1.2391059264882592e14,9.045560979058811e9,1.590621011739115e9
1.6382401120555557e6,1.2821245852163108e14,9.047890010792915e9,1.592107461635198e9
1.638129384282543e6,1.2827324016727862e14,9.047893940453259e9,1.592309648045216e9
1.6397811553664815e6,1.2860959487590742e14,9.046404369558235e9,1.5925142828348322e9
1.6398631835298233e6,1.2864220509098517e14,9.044417998128036e9,1.594669808794932e9
1.6402645172832916e6,1.2882143682854395e14,9.043458199800999e9,1.5961983489803803e9
1.6395131986605662e6,1.2884994528696175e14,9.055265606175844e9,1.595997710734558e9
1.6398600682572448e6,1.2885445549733233e14,9.054414900747913e9,1.596072681344971e9
1.6441108579160764e6,1.2883655895338194e14,9.055987121309063e9,1.595847503060865e9
1.6440934815482108e6,1.2886182445497433e14,9.05465799345862e9,1.6019731854809074e9
1.6439496335315066e6,1.2896958321814756e14,9.054770397066702e9,1.6018148477978566e9
1.6441689694129182e6,1.28994471822588e14,9.055693972028696e9,1.602372394431596e9
1.644110694061912e6,1.2897435003198727e14,9.056668985519573e9,1.603254269844651e9
1.6470514584575556e6,1.3113702185465256e14,9.056106582745934e9,1.6031520570493205e9
1.6488316631508882e6,1.3115977081059708e14,9.05751184167424e9,1.603021932311563e9
1.6508358884501373e6,1.3113937615770223e14,9.056667049961733e9,1.6575266102650902e9
1.6509033664356484e6,1.311220797697536e14,9.057098284556467e9,1.6657341639354413e9
1.6480275535386188e6,1.3110711636811412e14,9.0623707322463e9,1.6657897224425817e9
1.6484257374841585e6,1.3113026480939984e14,9.063645471704067e9,2.7922105363137465e9
1.6483895179657799e6,1.7133988756394688e14,9.066223884628714e9,2.7957223651499004e9
1.648550010916476e6,1.7136133396873988e14,9.065406996447077e9,2.7961102584191904e9
1.6487769324257814e6,2.3407005247801412e14,9.0639296358657e9,2.7954456486924e9
1.6487492490946753e6,2.341885296719738e14,9.101183208014967e9,2.809621026942467e9
1.6853870782970479e6,2.3424721982694247e14,9.102577403288519e9,2.809505184368608e9
1.685750141368882e6,2.3412328060892897e14,9.103719701127718e9,2.812785240607321e9
1.685973718637305e6,2.3415929970737428e14,9.105047559120018e9,2.8135588917759643e9
1.6863182746300965e6,2.341127671155949e14,9.104351897568764e9,2.813460031770175e9
1.6860096477936795e6,2.341748899872025e14,9.290705198767681e9,2.8138598382101164e9
1.6868594707455707e6,2.3424302971162062e14,9.292538733688755e9,2.8144100044567137e9
1.6876140022468169e6,2.3426339594014528e14,9.307483161644848e9,5.796568259136113e9
1.687865377874498e6,2.3429597136369622e14,9.310178048465183e9,5.79581875605295e9
1.7125081930933497e6,2.341780909869705e14,1.30692928335221e11,5.823169663954666e9
1.711659099479176e6,2.343043090371252e14,1.3072584121922807e11,5.8368512509621105e9
1.7116808767868252e6,2.343820885324711e14,1.3079324149729526e11,5.839570909748997e9
1.7134967586192226e6,2.3441253690553125e14,1.308395325545722e11,5.854536258077935e9
1.7127991159486226e6,2.3504884759899947e14,1.308236398584857e11,5.855313189500272e9
1.8196538526103909e6,2.350319367935011e14,1.3076799803402957e11,5.860869804066473e9
1.8173709311656493e6,2.3518765429081406e14,1.3077894295129703e11,5.861959842482236e9
1.8181002242459098e6,2.3523879779245406e14,1.307578160440553e11,5.862794224142638e9
1.8178362254972258e6,2.357076140420374e14,1.3085426114241568e11,5.863255860286923e9
1.8212735010118908e6,2.3577593806150516e14,1.3087351919412178e11,5.867346848866795e9
1.8212296881073741e6,2.3651043280007084e14,1.3087340331827359e11,5.8689601609034e9
1.8209978023997375e6,2.3646250601346738e14,1.3117269960648235e11,5.874424973920646e9
1.8208857665192774e6,2.3654713553689494e14,1.3119234807638843e11,5.874737348161265e9
1.821540634710492e6,2.365492261842274e14,1.3134732070451604e11,5.875611790273533e9
1.8232553245187087e6,2.3656855792014316e14,1.3136631767973595e11,5.87918197206202e9
1.8234982586120176e6,2.3661661221674066e14,1.313051198892266e11,5.880327235760417e9
1.823731707365542e6,2.366582867260164e14,1.3130187518917369e11,5.8816916039152e9
1.8239461671713789e6,2.3660665198633303e14,1.3132131288908076e11,5.886592642175898e9
1.824799782900081e6,2.3663684076069088e14,1.3132590029261517e11,5.8855359055928955e9
1.919423655849285e6,2.3720704552230944e14,1.4556827966769043e11,5.885733963478405e9
1.9194009665205176e6,2.3764020794803956e14,1.4557250087360037e11,5.885904000090401e9
1.9192432652139044e6,2.4586327938527688e14,1.4614073973314102e11,5.886667181397942e9
1.919563322555274e6,2.4771211057007266e14,1.4644721528464386e11,5.892446266939931e9
1.9167029669517686e6,2.469025593597165e14,1.4667186090158246e11,5.8955978493265085e9
1.916495479857165e6,2.4712422196386984e14,1.4674449403939993e11,5.894353016926608e9
1.91657271820283e6,2.4759014266230794e14,1.469980619944722e11,5.986108346695544e9
1.91700646156041e6,2.4752469592599572e14,1.469527316252119e11,6.000569229693122e9
1.9197876594458506e6,2.4757403977886772e14,1.470233805703407e11,6.00214254858422e9
1.9197068545156564e6,2.4751785706187916e14,1.4831263926964572e11,6.0033410491095295e9
1.9196934697356003e6,2.4786328329781966e14,1.4833891262513535e11,6.002632891520923e9
1.9196389430214663e6,2.478215852774737e14,1.483619327811816e11,6.332590391866011e9
1.9200544085739255e6,2.478643042012958e14,1.483689078105895e11,6.331767060608039e9
1.919934120290139e6,2.4798493162098878e14,1.4841309878227325e11,6.332703543791017e9
1.9196136026763746e6,2.4787757929292162e14,1.4839400040861838e11,6.331368696635459e9
1.9198280158987348e6,2.479185362936478e14,1.4844291142676404e11,6.329716345584663e9
1.9196778353389266e6,2.4772257597393834e14,1.486219033168651e11,6.343084678329013e9
1.9234404348286747e6,2.50997080025076e14,1.485716113825105e11,6.347825795492236e9
1.9239317677270218e6,2.5094070707432556e14,1.4855545256746945e11,6.347555029292993e9
1.9264964197709034e6,2.509526622131157e14,1.4854244877611237e11,6.3464098194521475e9
2.073686440609031e6,2.5096918774628944e14,1.4851334995984692e11,6.347445326666778e9
2.077899466249391e6,2.510028667540145e14,1.485503303618496e11,6.348611851546705e9
2.0785744057617045e6,2.509859163333137e14,1.4964240033851788e11,6.342288460552388e9
2.0808173245853186e6,2.5140381358791678e14,1.4969284523046515e11,6.34057082031242e9
2.081012977166919e6,2.5149402159184397e14,1.5009676890452576e11,6.341460838187402e9
2.0848582631167222e6,2.514983468846552e14,1.500966894503853e11,6.341823253122286e9
2.0948026952226623e6,3.216547269483618e14,1.500827143581879e11,6.343366432314754e9
2.0955368222152358e6,3.239456586792289e14,1.5012495437867084e11,6.344260445656599e9
2.0972347225059285e6,3.238526820295787e14,1.5015438669755847e11,6.343225009554009e9
2.096864813675522e6,3.2421214220816444e14,1.8817431376399857e11,6.345954307971097e9
2.0972665256527294e6,3.2421835584321806e14,1.883052925784726e11,6.346254842697215e9
2.0989018963301093e6,3.2549166931834444e14,1.8833546062396854e11,6.347755065674653e9
2.433172338334345e6,3.255460365357343e14,1.883395318219712e11,6.350107317213004e9
2.4328635337962867e6,3.255154442728353e14,1.8866502888259766e11,6.353929511662363e9
2.4332748986154078e6,3.2640305370834006e14,1.88713383054361e11,6.353663863073767e9
2.433312006251784e6,3.267525621376108e14,1.8872568493153177e11,6.352500865238231e9
2.627981555011305e6,3.266075002803721e14,1.8882707994194632e11,6.353823131992688e9
2.6303667307100636e6,3.317026568438324e14,1.888328098318067e11,6.355673188223724e9
2.636610504141873e6,3.34161726163086e14,1.890287168953345e11,6.355065429156415e9
2.6380167325139465e6,3.3370167114042725e14,1.8905676174311426e11,6.356185962059303e9
2.6380469221799998e6,3.3456835331917425e14,1.8903280873256036e11,6.357157047698206e9
2.6518131300769527e6,3.3941038432708044e14,1.8905907513217535e11,6.369503135125305e9
2.652384219581835e6,3.394980075457777e14,1.8909834939538202e11,6.370255253957662e9
2.6521712806771426e6,3.395507445021089e14,1.8915585299600348e11,6.37029669007058e9
2.651482473914132e6,3.3989409876888575e14,1.8931682547031088e11,6.370543369398457e9
2.651228314967621e6,3.398198836353217e14,1.8932945364488486e11,6.372713977302606e9
2.650627020585197e6,3.3997590435598256e14,1.8934487017691772e11,6.373794709270698e9
2.70674122442675e6,3.8079715157637606e14,1.9207464174873474e11,6.371799379757089e9
1.1655367559960464e7,3.794157168745725e14,1.924037173663919e11,6.372901605653152e9
1.165752969686587e7,3.79446154046223e14,1.9245980924926895e11,6.375303877762402e9
1.1657527475076897e7,3.793984549260539e14,1.9356972311460727e11,6.374238724281641e9
1.1663999389696272e7,3.7955795733903456e14,1.9358575163604974e11,6.371445976871141e9
1.1666133912720725e7,3.799487315916334e14,1.9363575951356564e11,6.40232586660153e9
1.1666634481812818e7,3.7991748255612544e14,1.937291187406523e11,6.402995405480677e9
1.1666094131393416e7,3.7996568516992706e14,1.9362575464470984e11,6.408250806168557e9
1.1667372854405807e7,3.8023241381301725e14,1.936224665960085e11,6.410880322210072e9
1.1672181445370076e7,3.8039634984449975e14,1.9361006578298212e11,6.412367784420123e9
1.1667892741438884e7,3.8035718339483775e14,1.936059967160605e11,6.429586735312775e9
1.1669903823778808e7,3.8047630759240544e14,1.9360049702659018e11,6.503027700189022e9
1.1680225872894524e7,3.8054545477460625e14,1.9318072018296298e11,6.507503438729801e9
1.1679478836778693e7,3.807152471831125e14,1.9325527043784366e11,6.50627278622001e9
1.167981098906417e7,3.806305428944365e14,1.9324289161799994e11,6.507344632371745e9
1.1982630860777898e7,3.807010750094412e14,1.9352394083867212e11,6.508178055929785e9
1.1985015230663946e7,3.8123238807818975e14,1.9356559830156293e11,6.513417254198353e9
1.0959075468501069e7,3.8137071235187606e14,1.935531475882105e11,6.522803527678342e9
1.0967891195339723e7,3.81302425336301e14,1.9354916560371243e11,6.521939122638486e9
1.0970056392639859e7,3.81310143318166e14,1.9359487722750366e11,6.525101975130808e9
1.0971502974698598e7,3.814071027031981e14,1.9359590804422485e11,6.521173329310591e9
1.097811738714804e7,3.816170855820343e14,1.942423682291242e11,6.522024971313399e9
1.0978086660431057e7,3.814130515324302e14,1.9424317291410968e11,6.524534628730728e9
1.0978031905379146e7,3.8154029833424594e14,1.9419749078283435e11,6.526448261161879e9
1.097879196824149e7,3.819917961648247e14,1.9412574774481073e11,6.528433731972168e9
1.0982931425253935e7,3.8207297644169794e14,1.9410067124093906e11,6.527568556323846e9
1.1018138890857758e7,3.852504729111553e14,1.9407618656372113e11,6.526555377714819e9
1.2670181589045433e7,3.8543623428074825e14,1.9414756141063297e11,6.51874624130074e9
1.2668425524413532e7,3.854855718213732e14,1.9414539732646252e11,6.519560634682175e9
1.2670594051333701e7,3.862009925651484e14,1.941744278632099e11,6.518348438825348e9
1.2669035445547469e7,3.860839393966375e14,1.942391017626999e11,6.516975273360353e9
1.2670059125110181e7,3.861687977360907e14,1.941979763556483e11,6.517672920676185e9
1.2669165473655758e7,3.864535515298487e14,1.9414266816826495e11,6.549286437899445e9
1.2682196001947828e7,3.864998533639966e14,1.9418537001580444e11,6.582004500357302e9
1.26822788452118e7,1.5958214749149394e14,1.9420413224807822e11,6.581461871381526e9
1.2686935250273088e7,1.5956843379528666e14,1.942417459202303e11,6.58122165296643e9
1.2686641601963349e7,1.5960198162784175e14,1.9431494473181848e11,6.5825096007876625e9
1.268518822675324e7,1.59624544211583e14,1.9435835856127347e11,6.589513737923689e9
1.2683522046634872e7,1.6127645090535194e14,1.9446338445526767e11,6.600832756065232e9
1.2683785628989587e7,1.6124043894159678e14,1.94501510486666e11,6.604901691538463e9
1.2681977602432707e7,1.6126891664521772e14,1.9453613070882935e11,6.607184612480326e9
1.2665254878121467e7,1.6157307616719028e14,1.9456325590534158e11,6.609466739048799e9
1.2663548914133128e7,1.6159263247609497e14,1.9456899571617197e11,6.610330332072455e9
1.2668516907628994e7,1.6163647931288597e14,1.9574788776097586e11,6.609168534083014e9
1.2667899374586519e7,1.616668583414176e14,1.9573079256986282e11,6.611729552534616e9
1.267512603899834e7,1.620086573430533e14,1.9624065831790738e11,6.61054848564139e9
1.2677802832136394e7,1.620435535398286e14,1.9623618778726672e11,6.611799161924695e9
1.26796648902841e7,1.620363977981123e14,1.9626796603259283e11,6.611155845916853e9
1.2677687175376022e7,1.6245203816956484e14,1.962914956022251e11,6.60624688462355e9
1.2683196239161389e7,1.6248831276439372e14,2.0052872291437793e11,6.605118494848428e9
1.2684810784005696e7,1.6257775904467428e14,2.0055560164600333e11,6.605239993276682e9
1.2682573428869601e7,1.62584969071528e14,2.0053941265151102e11,6.604667227586576e9
1.2680816048394259e7,1.6249545797226738e14,2.0067620906124814e11,6.607090094151336e9
1.268196294231018e7,1.628514736422846e14,2.006805323971093e11,6.604634644332003e9
1.271760011142102e7,1.6296851924692753e14,2.0065476444512448e11,6.608447032890453e9
1.2712293615650427e7,1.629197967620724e14,2.0127823465064114e11,6.804322924445427e9
1.2710449884326315e7,1.629565122283392e14,2.0124491108771182e11,6.800732750406533e9
1.2711154104584418e7,1.629863691808189e14,2.017052453465676e11,6.799904335088993e9
1.2711603402119163e7,1.630423357111413e14,2.0179415061849683e11,6.744090126093889e9
1.2719165277127499e7,1.630600702031153e14,2.0180209605488718e11,6.743733879793596e9
1.2871112335895581e7,1.6496094292149416e14,2.0178260395883148e11,6.75124898671076e9
1.301590920522255e7,1.6510575749392722e14,2.0189385652515723e11,6.752239658583067e9
1.3014594546482293e7,1.6515015449285344e14,2.0971708990807745e11,6.759434645485347e9
1.3014803024141239e7,1.6517572181766322e14,2.097158933895202e11,6.760655124799294e9
1.3012354830487339e7,1.771681392690916e14,2.0984923744305798e11,6.759502927431352e9
1.5342751772154171e7,1.7864827037157466e14,2.0985025349088425e11,6.757388058581706e9
1.5377091724783055e7,1.7874294318217356e14,2.0994873302203296e11,6.860605006121939e9
1.6153034359312247e7,1.786882752936061e14,2.0996124713964203e11,6.862716822818594e9
1.6155319680141343e7,1.7871354818278444e14,2.1008121268510977e11,6.865773181338684e9
1.6337051786248427e7,1.7865688121630512e14,2.1007303591410785e11,6.90745443635975e9
1.6401480161017483e7,1.7861479549853006e14,2.101100681289305e11,6.906200431960386e9
1.6404835424432447e7,1.7840771375441538e14,2.1013921303105432e11,6.908285438387344e9
1.6407164126210922e7,1.7843538261377072e14,2.1018754859865442e11,6.908598156644022e9
1.6402551507281478e7,1.7845893353171456e14,2.1009528537317346e11,6.909141651599265e9
1.897707576811294e7,1.78606503297828e14,2.1015472448137442e11,6.910400726180517e9
1.8975981976535957e7,1.7856521792234262e14,2.101540368814367e11,6.909081611300867e9
1.8973255361330613e7,1.7893305653980856e14,2.1014872776618616e11,8.899825974916822e9
1.897360706769762e7,1.791004506097666e14,2.101849140876925e11,8.901126548459347e9
1.897206821182714e7,1.7922918070932994e14,2.1019469422913696e11,8.907689206053366e9
1.9011543637988567e7,1.7915864960108372e14,2.1025381564039102e11,8.910482368371532e9
1.9227423143961456e7,1.8013456924158403e14,2.10375150388145e11,8.914291961202307e9
1.9224257999365907e7,1.8332170422606925e14,2.1041130643730453e11,8.874368928368757e9
1.922931591477895e7,1.833771342479212e14,2.1044382528068555e11,8.875718936717596e9
1.9236010377814393e7,1.834720133495924e14,2.104752209824943e11,8.876659945527346e9
1.9244508947727952e7,1.834189149217481e14,2.1046812719401584e11,8.884509442498028e9
1.9264423556219425e7,1.850170622203265e14,2.104288702428736e11,8.882959161935211e9
1.9266259417718448e7,1.8506961337095012e14,3.6549101274480646e11,8.884247773334494e9
1.9277157206796918e7,1.8492280220844803e14,3.6548212711059595e11,8.88356703669101e9
1.9286963979915623e7,1.845506355332241e14,3.655788451635354e11,8.884716570050781e9
1.9286341321085233e7,1.845080233617794e14,3.663750726900044e11,8.895482817429556e9
1.9872075373308778e7,1.8455819429780038e14,3.6646669417664154e11,8.89582699835605e9
1.986948873503893e7,1.8450079723828003e14,3.6641977321951483e11,8.898703628831062e9
1.988392032470611e7,1.845380865499895e14,3.66474891358037e11,8.907312479902584e9
1.9885628144385006e7,1.8449491459819788e14,3.6764958110941095e11,8.9094625944105e9
1.989631744944857e7,1.8458421466608866e14,3.6760318236195337e11,8.909356287778446e9
1.9893865874967106e7,1.1676356658816928e15,3.6783361766602167e11,8.91390711358382e9
1.988993509652486e7,1.168142013341449e15,3.6794410854378864e11,8.92748145282435e9
1.988491859648745e7,1.171149499163475e15,3.6820856524391345e11,8.928736633848066e9
1.990090635408217e7,1.1746407535985418e15,3.682566034981708e11,8.927839970480595e9
1.9917040996485256e7,1.1715306770398152e15,3.683232671844822e11,8.92823726465319e9
1.9926402606117196e7,1.1719046591233262e15,3.695207589622621e11,8.93131384098228e9
1.9926648650312275e7,1.172480374575252e15,3.697408537687526e11,8.928278831385178e9
2.0099977896664876e7,1.1760942766710272e15,3.700856398787022e11,8.918595180806171e9
2.0109782014425993e7,1.1765517750045792e15,3.703651817167463e11,8.918816173057453e9
2.010419782879134e7,1.1763366238493025e15,3.7050226507123987e11,8.919225177511576e9
2.0099287938823976e7,1.1764078807246605e15,3.703972869774943e11,8.928332913342102e9
2.0570028729342572e7,1.1763004968162955e15,3.704096991960966e11,8.97029126662116e9
2.0572396499169823e7,1.176147309329849e15,3.707415694297384e11,8.973249063632689e9
2.057800697075676e7,1.176420704131712e15,3.7063551691437695e11,8.983683846008324e9
2.058180612718614e7,1.1768095039906978e15,3.70688088323369e11,8.982252360717e9
2.0595418681297414e7,1.1772144399268008e15,3.70961331725495e11,8.9843672962603e9
2.0606169176213056e7,1.1767235504075432e15,3.7131745450627686e11,8.95298659194863e9
2.0604932675209228e7,1.177747133021785e15,3.713966751748906e11,8.954874543073454e9
2.060765734025454e7,1.1774374342768282e15,3.713866955393887e11,8.955517421238241e9
2.061133567846177e7,1.177539087937867e15,3.7153276876843866e11,8.96154512126726e9
2.060345779518624e7,1.1783116707093032e15,3.715270349125414e11,8.976509220590988e9
2.060399518694668e7,1.1779641245028645e15,3.714773107649984e11,8.978896753687817e9
2.0613260574481376e7,1.184079029205757e15,3.716680786754942e11,8.9810368784619e9
2.0806431629341964e7,1.1843483531042585e15,3.716273134455848e11,8.981738009222992e9
2.081991675793482e7,1.1839693948430972e15,3.718242554224431e11,8.983712182446175e9
2.081689554134869e7,1.1841813189773115e15,3.7177515753444604e11,9.048553430585697e9
2.0821106912612393e7,1.1841384199820972e15,3.7190921998881696e11,9.085371343058187e9
2.0826177334683996e7,1.1839778815991162e15,3.7195833571615e11,9.080338432167593e9
2.0828449226036023e7,1.1840285624537748e15,3.7194338111771106e11,9.079714728862446e9
2.082774686525779e7,1.1838428391106208e15,3.7172348508253644e11,9.154185618608929e9
2.082820956719137e7,1.183715585914519e15,3.7167195428528674e11,1.2267923236502434e10
2.0927710639345672e7,1.1840095477646182e15,3.7181419738519446e11,1.2314347355152037e10
2.0924977399844524e7,1.1838881002024285e15,3.7193968400358264e11,1.231238583683635e10
2.0929304828907117e7,1.1845219903545148e15,3.725792506988249e11,1.2308779030395493e10
2.132191007081606e7,1.189005441098404e15,3.7252678765398206e11,1.2312326540744398e10
2.1325294389122915e7,1.1887224593547058e15,5.942325719254493e11,1.24216363213341e10
2.132450364737709e7,1.1885962674307225e15,5.942252415725862e11,1.242992425204632e10
2.1343373015590355e7,1.1884640320718518e15,5.940929723796735e11,1.2546125819320286e10
2.1342938740625374e7,1.1886339665116292e15,5.945048254524291e11,1.2549216734832912e10
2.133952645750518e7,1.1887941793055458e15,5.947722210344401e11,1.2817408203843016e10
2.134340527404954e7,1.1889635228939705e15,5.949228995944891e11,1.2841998552295988e10
2.135883496188766e7,1.1893797270234015e15,5.94923722162191e11,1.2846951834185764e10
2.13875854435666e7,1.1895797112611985e15,5.950943263360138e11,1.2846569512417662e10
2.1398189990134142e7,1.1893418144131855e15,5.95209249389894e11,1.2867176759203274e10
2.1393642512790643e7,1.2519304352368092e15,5.952877631650851e11,1.2870063779322708e10
2.1398053728594348e7,1.2524805659408088e15,5.953101794363647e11,1.2872440450170193e10
2.1394391234832644e7,1.2491329530028058e15,5.950463410023208e11,1.2878477854343987e10
2.140225477029458e7,1.3208605290740725e15,6.148479192253896e11,1.2885385546299059e10
2.141115715845252e7,1.3210495839646502e15,6.148083869839419e11,1.2897816694130262e10
2.1417680715447415e7,1.320834127556866e15,6.1839030689491e11,1.2895435458631855e10
2.1414472205888208e7,1.3195480341192835e15,6.186214773544766e11,1.2900055770413414e10
2.141948893361858e7,1.3313708546383952e15,6.186212462776293e11,1.290192931463941e10
2.1418338569229703e7,1.3314572877390125e15,6.186445719421576e11,1.290410700319498e10
2.1422837293926656e7,1.3317546109613055e15,6.1855987994435e11,1.2902543519305704e10
2.1425418680952646e7,1.3350307871506182e15,6.192547213356925e11,1.2898875707512419e10
2.1432471905814733e7,1.334835828862102e15,6.21170175284171e11,1.2896340135358004e10
2.143697749869558e7,1.3331758757404775e15,6.22663523053235e11,1.2902467706613346e10
2.1453823977912296e7,1.3335097400807508e15,6.26400477587059e11,1.2925459415323616e10
2.146246261187826e7,1.3339752986996522e15,6.263588491109065e11,1.2927265734586515e10
2.1472026380876005e7,1.334082420400292e15,6.26488149730703e11,1.2963028263629198e10
2.14677043106726e7,1.3343319806041078e15,6.264569621363627e11,1.297806885309789e10
2.1465345345837597e7,1.3345998793178482e15,6.265724987714446e11,1.297585833928885e10
2.1464014373597093e7,1.3347917263511885e15,6.269215427908354e11,1.2965820805112528e10
2.1471194185378596e7,1.3390852990152242e15,6.271146167600406e11,1.2967811057345095e10
2.164781807525523e7,1.3989358838861632e15,6.273605756131921e11,1.2966165662778486e10
2.165380741487586e7,1.4012636315159328e15,6.2702635070988e11,1.2972526477173931e10
2.1786689708742574e7,1.401142895605514e15,6.299421827346726e11,1.2964661133984827e10
2.1797349290798325e7,1.6025296610028578e15,6.297642182914098e11,1.3018588665849874e10
2.1805159620656043e7,1.6023872104848072e15,6.299654919597115e11,1.3020209137912155e10
2.1808186052281454e7,1.6032571583016768e15,6.300550318898962e11,1.3036821304722855e10
2.1819600872405782e7,1.6041187995870195e15,6.295933180130746e11,1.3072096940524616e10
2.18378955675185e7,1.6050685428919865e15,6.312936310167406e11,1.3075919965128595e10
2.183622471342637e7,1.605897956474443e15,6.316531149040726e11,1.3083975896680197e10
2.183924476293084e7,1.6064232364961265e15,6.3174141509913e11,1.3144588764022432e10
2.2338446782259163e7,1.606329075646143e15,6.318475990992417e11,1.3146531210924358e10
2.233751090081922e7,1.6065329786522835e15,6.321268430886062e11,1.316133559826414e10
2.2369390813536625e7,1.6064014401199042e15,6.320979656057456e11,1.3164197169225157e10
2.23726755958244e7,1.6019446091417752e15,6.321557164076224e11,1.3871407687483631e10
2.3458579312712695e7,1.6021303766262135e15,6.325161907129554e11,1.3970798612042677e10
2.3452835147494398e7,1.6024715397400458e15,6.32354240476738e11,1.3967623472241432e10
2.3448764150948938e7,1.6037443791341472e15,6.329351627243679e11,1.4007833872536383e10
2.3451324963307206e7,1.6035907634765198e15,6.329661965890938e11,1.401160950857661e10
2.3454845146427434e7,1.6037177816219392e15,6.334708527639142e11,1.1480715132680834e10
2.3469597931812495e7,1.6060482133570135e15,6.336128681175037e11,1.1487270256835772e10
2.3468649692461867e7,1.6065998071552875e15,6.337495520919618e11,1.1493125085554327e10
2.3467335379042342e7,1.606462475690878e15,6.337794215121614e11,1.1520454522058817e10
2.346224627256324e7,1.607180778544427e15,6.343337365730687e11,1.1523316986086432e10
2.3477631899076782e7,1.6073014893116562e15,6.343745429588789e11,1.1525890121526361e10
2.34740049773463e7,1.6309714957309332e15,6.344891593954182e11,1.1542383907090141e10
2.3480662340326272e7,1.6320520402718308e15,6.378756384547118e11,1.1540303147079708e10
2.3485386094153736e7,1.6328705556271665e15,6.377858605165789e11,1.1618757621121881e10
2.3485034292512372e7,1.6332300848650125e15,6.379768368872611e11,1.168245361616149e10
2.349779912302615e7,1.6335012675768935e15,6.4960121440815e11,1.168557542790315e10
2.359025637307371e7,1.634199004166498e15,6.497144861611678e11,1.1693883331177824e10
2.356020083450474e7,1.6341617000477498e15,6.514406782585685e11,1.1696584130334482e10
2.3569003734522842e7,1.6347920638602872e15,6.516461610625989e11,1.1774146095110256e10
2.357399607289317e7,1.6508593141879248e15,6.517449234056327e11,1.1776886303364395e10
2.3576507414357364e7,1.652256817633101e15,7.264607018610573e11,1.1785302347971058e10
2.3579858564309936e7,1.6526746528908742e15,7.265655818554777e11,1.188501946555223e10
2.3609438973179456e7,1.6542239318111005e15,7.2674713160399e11,1.1882333039356812e10
2.3595713573315e7,1.6527550993796052e15,7.264837562954385e11,1.188528471491422e10
2.3591959390088327e7,1.6530215858174332e15,7.267360173723618e11,1.1891504119053673e10
2.3618377234889943e7,1.679446081167328e15,7.268667515154084e11,1.190095883043533e10
2.361760259759961e7,1.7279443051311755e15,8.246127971435925e11,1.1904474395678354e10
2.3619056710600153e7,1.7281907097351922e15,8.37322814647915e11,1.191175129637997e10
2.367747507061873e7,1.7596367561589435e15,8.37546214408102e11,1.1953062960022715e10
2.3680801299841583e7,1.7597822476571448e15,8.374502614691368e11,1.1955713277724642e10
2.368936777400895e7,1.7600024250890655e15,8.37422873176692e11,1.1943264734200523e10
2.3685602537484407e7,1.759762847339283e15,8.377746363842356e11,1.1946871145256634e10
2.3359902597446583e7,1.7595317488876652e15,8.377086425680565e11,1.1944516113925688e10
2.332976293333931e7,1.7598636115262452e15,8.500928605822257e11,1.1939488017848108e10
2.3334144416465487e7,1.7505590426849572e15,8.485511957524513e11,1.194093267629107e10
2.3338716649142276e7,1.7513333129913438e15,8.482891821485812e11,1.2000683723089046e10
2.3354499622033276e7,1.7521924281992975e15,8.489774083362468e11,1.2031375002596094e10
2.3361067724528395e7,1.752125950903894e15,8.48191911100235e11,1.2162144412895224e10
2.3369200681473862e7,1.7529837712828748e15,8.483755458283812e11,1.2159733374440361e10
2.35505184723655e7,1.7535442175792628e15,8.486591638855211e11,1.2161371226967493e10
2.355042533802659e7,1.7533749546252602e15,8.490385026401677e11,1.230959596237606e10
2.3576136335245356e7,1.7531080132196018e15,8.49454464014666e11,1.237971147110971e10
2.358109227478981e7,1.7529648285373422e15,8.493754594198625e11,1.2381298171622252e10
2.3568308707459413e7,1.7532097996260512e15,8.493148849131381e11,1.2437374422583145e10
2.3565803138519138e7,1.7538987597195478e15,8.492977252784468e11,1.2437264895886486e10
2.3573330837624155e7,1.7551651108639852e15,8.494207899912501e11,1.2418528000322592e10
2.3568442155345738e7,1.7547417471998505e15,8.500177615219917e11,1.2417410948580791e10
2.3617840132722203e7,1.7546369924215512e15,3.4303535649126495e11,1.2417516201181591e10
2.3615414198805105e7,1.7593411087266612e15,3.429666857792972e11,1.2442336393582958e10
2.3626181317300793e7,1.7652900267049238e15,3.4254148031267694e11,1.2440367573107586e10
2.362706074646988e7,1.765309207540866e15,3.425100769941441e11,1.2465378524038519e10
2.363109349861325e7,1.7649480481209895e15,3.4294838999203766e11,1.2493503309809994e10
2.3630715913816657e7,1.765264378751926e15,3.42951265600725e11,1.2514058512269833e10
2.4019943821061432e7,1.7896155192948375e15,3.430489445167582e11,1.2509701594574966e10
2.4179221341058254e7,1.7896128525914585e15,3.4300084396321783e11,1.253991487839067e10
2.418751252019542e7,1.792706309523389e15,3.434130220189705e11,1.2542431915228159e10
2.4196997100870468e7,1.7929626757256355e15,3.434127078039798e11,1.2564008712797094e10
2.4194399910110135e7,1.803273798533267e15,3.429416893770151e11,1.2602771147130936e10
2.419759178950552e7,1.8034169588284352e15,3.429386623352804e11,1.2606527703553738e10
2.4209418396881875e7,1.8037484209096552e15,3.4305228159456604e11,1.2608733458280262e10
2.4459582047138713e7,1.8041231201658718e15,3.57686184410722e11,1.2617262121501238e10
2.4470496277463783e7,1.8043166324938105e15,3.58139812550708e11,1.6821338978273575e10
2.469126568476344e7,1.8044633796324732e15,3.5809772342226276e11,1.6834007861201202e10
2.47057606448711e7,1.8047851377760212e15,3.578220467746664e11,1.6838697181901876e10
2.566174683451628e7,1.8354924709760835e15,3.5836299412764124e11,1.6841189594597073e10
2.56634211637088e7,1.8347291219184228e15,3.58420617449713e11,1.684514001385963e10
2.56610725462006e7,1.8346936165741662e15,3.583439525293632e11,1.6854925490107689e10
2.56603686648089e7,1.8371775155637048e15,3.584372937606298e11,1.685722554867844e10
2.566582067256779e7,1.836865436225812e15,3.802622500881769e11,1.6860456032579176e10
2.5728256030197024e7,1.8373723031418068e15,3.802490764908329e11,1.6858136783706501e10
2.573437289253902e7,1.8548794120255772e15,3.805531417871976e11,1.686232983234894e10
2.5741232820047602e7,1.8553711448368965e15,3.8167610953203174e11,1.6865777005689041e10
2.5755885035718165e7,1.8577325780933032e15,3.81799792439683e11,1.68873849423238e10
2.5753932827879395e7,1.8585281323098802e15,3.818125553251035e11,1.6914403015315968e10
2.581061638707319e7,1.8622528230072718e15,3.819799905274287e11,1.701717456863108e10
2.5811653710322294e7,1.8625403555642115e15,3.819838341167111e11,1.7030085718910078e10
2.58081967000328e7,1.863182613432454e15,3.8198586282822516e11,1.7060909322051622e10
2.5833605847833797e7,1.8629773496169652e15,3.821202559868363e11,1.7064174622386265e10
2.582530543400156e7,1.8626871931234355e15,3.8227090407222144e11,1.70637769048362e10
2.58240026195858e7,1.8691416904634778e15,3.83524475849718e11,1.7074738782233946e10
2.5829658454419672e7,1.8694610131331148e15,3.8367495296748773e11,1.724122554230632e10
2.5836740147343203e7,1.8690741714318452e15,3.837260446791504e11,1.775939077545137e10
2.9402030620479014e7,1.8691185910712595e15,3.837766265996986e11,1.7775701574752575e10
2.940580255012147e7,1.8686083488855992e15,3.83877728613177e11,1.777080702041516e10
2.94082660164307e7,1.880219847495329e15,3.838251449867285e11,1.7763765339334587e10
2.941363648713835e7,1.881034971930267e15,3.84064675291702e11,1.776911800313215e10
2.9453870675256006e7,1.881350260535662e15,3.8412564195113745e11,1.77923533358656e10
2.945042697523594e7,1.881241590738053e15,3.84287855997129e11,1.779488176968781e10
2.9453269897447865e7,1.8820520220740872e15,3.8468380708485443e11,1.7793525430484074e10
2.9451584739552103e7,1.8824570702903045e15,3.849902861755146e11,1.780154246413381e10
2.952170576403752e7,1.8822185118290782e15,3.8510340686241095e11,1.780620266888635e10
2.952682888575513e7,1.8824910659593762e15,3.8507922699768195e11,1.7808810628936485e10
2.9531169043744884e7,1.8833877594548042e15,3.851448835318093e11,1.785134259320404e10
2.9536136642443694e7,2.079829045453112e15,3.853015204168916e11,1.784290421754789e10
2.98851117023845e7,2.0803339284777128e15,3.858192628944809e11,1.7859445684041245e10
2.9891600262296047e7,2.0827665412041125e15,3.8618658910199133e11,1.786389730827923e10
2.989590163737255e7,2.083335989853418e15,3.878440863796166e11,1.787492392883104e10
2.9894525112563323e7,2.0842792995689498e15,3.884167990304084e11,1.7890290183214912e10
2.9899117205254987e7,2.0840492909666572e15,3.885508426882685e11,1.7887125648363247e10
2.99050071707622e7,2.0835644802944582e15,4.118336435389838e11,1.7883192553598236e10
2.991051069031257e7,2.0838615476076822e15,4.119151250550732e11,2.009091842566425e10
2.9898722546213992e7,2.0860887287403338e15,4.1187778550576355e11,2.010386167444036e10
2.992248141276925e7,2.0867435232850292e15,4.118550653157769e11,2.0102965171343643e10
2.9992070092594434e7,2.0852989566758142e15,4.1201863047947754e11,2.009920925793456e10
2.9990968165976677e7,2.0853604936644472e15,4.1223775114078516e11,2.0086656092123436e10
2.9987490914773893e7,2.084200789191404e15,4.1243881809584656e11,2.0095576898653625e10
3.0006874783690345e7,2.084846013663008e15,4.115940659324324e11,1.5303692847977032e10
2.9939741328000322e7,2.0822653877653338e15,4.115511239144411e11,1.5314903366056444e10
2.9935239366193812e7,2.0827069036746035e15,4.1166154897133594e11,1.5314500867418514e10
2.9946136852379583e7,2.0849660117747622e15,4.119325011541227e11,1.5316874487594969e10
3.0405173380939234e7,2.0861658907427965e15,4.118703922906767e11,1.5319019170346142e10
3.041128651438544e7,2.0903357567046105e15,4.1214235380662103e11,1.5353783103385895e10
3.0409561172980543e7,2.0907576358484378e15,4.121739879315669e11,1.541112737459205e10
3.0414170291766927e7,2.091481319422623e15,4.122926745783676e11,1.54727689936319e10
3.0417674338646367e7,2.0919288942100972e15,4.175055771373071e11,1.5478505078897501e10
3.042977006704616e7,2.0919445005756588e15,4.1755863357018976e11,1.5496861766515884e10
3.0459659841130048e7,2.0922798199337285e15,4.175835543794565e11,1.549853693338912e10
3.046648081518378e7,2.0955732532522198e15,4.176059884465053e11,1.5554620846047915e10
3.0499076597462885e7,2.095208958394057e15,4.549455618574446e11,1.5608859010273525e10
3.0526294906797398e7,2.0955829655749012e15,6.658211220051025e11,1.543082927357349e10
3.0527188975948893e7,2.0968505262827338e15,6.683414814282675e11,1.5440384152671953e10
3.051497423367776e7,2.0986985648406938e15,6.681289954862588e11,1.5443361845499865e10
3.053395233398919e7,2.0994705302426828e15,6.677269531714261e11,1.5482134516323156e10
3.053517975879048e7,2.101903164250067e15,6.853086980308339e11,1.5482590844724358e10
3.05411378528198e7,2.106657531696584e15,6.864406223568646e11,1.548487750842973e10
3.0621913280842125e7,2.107450047023375e15,6.865036935354393e11,1.548847488000513e10
3.062686824693585e7,2.137378188794199e15,6.86830335866589e11,1.5495160293665932e10
3.0613469254872695e7,2.1419323819939072e15,6.872533206372588e11,1.5494352809733568e10
3.0617314493759923e7,2.1415466047814172e15,6.873492411440374e11,1.5750576920753332e10
3.0653001473229647e7,2.1413925384677062e15,6.874529726575746e11,1.5756890794762812e10
3.0657274811336763e7,2.1438098497698872e15,6.896354070516957e11,1.754441735170161e10
3.0662727169466246e7,2.1451942451430245e15,6.896241585547212e11,1.7548929519328297e10
3.068915639277482e7,2.1448599623406525e15,6.895376477073007e11,1.755116964947658e10
3.0700518527222108e7,2.1427469886666962e15,6.89522929956038e11,1.7553436993337063e10
3.070195049037859e7,2.1448580956237152e15,6.895625173743328e11,1.7552228864455017e10
3.0707669622775078e7,2.1450202343164182e15,6.904454373507789e11,1.7726783401783566e10
3.0784104498563904e7,2.1455249569394108e15,6.903097750460153e11,1.7729270560412197e10
3.08360602364752e7,2.145223487181251e15,6.904490651810648e11,1.7738781888532463e10
3.0885428361242283e7,2.1456049046028322e15,6.904428930562445e11,1.774155802565159e10
3.088950259315792e7,2.1461021645394065e15,6.906868593370822e11,1.77324481936346e10
3.0890849709373422e7,2.1455756930417808e15,6.911053568293224e11,1.993292279441041e10
3.0900157261223104e7,2.1458448752106878e15,6.910357429493143e11,1.9938456193509228e10
3.094720166293263e7,2.1470407356252442e15,8.839864620099275e11,1.9932354578463844e10
3.0955453595338665e7,2.1477341798830525e15,8.841368111951421e11,1.9959040979098087e10
3.0996257484815408e7,2.1481598661381145e15,8.847578988025824e11,1.9976017598470173e10
3.1002158464623667e7,2.1478704445574142e15,8.850100025061312e11,1.9983644358456844e10
3.098545457421258e7,2.1481542264592308e15,8.908911241513898e11,1.9983705512563393e10
3.0989401078828048e7,2.151754353520493e15,8.905644189575996e11,2.0029144153838238e10
3.099346566972311e7,2.153653366594693e15,9.05502387115148e11,2.0043351752026855e10
3.0988493971079756e7,2.1572234821900642e15,9.042040702953574e11,2.004670598442407e10
3.1028145113956496e7,2.1576406691757492e15,9.085814555640441e11,2.0045276911601032e10
3.1025132676973388e7,2.1579293596040542e15,9.08783636396629e11,2.0057090192705772e10
3.1036217614897933e7,1.6926806322204374e16,9.097463437436692e11,2.009582219784265e10
3.1030897721326325e7,1.6926706334934918e16,9.128368282001265e11,2.0100986979577927e10
3.1034534149716858e7,1.692507096455623e16,9.128929455399209e11,2.010312305034441e10
3.1032586827103455e7,1.6927552007091386e16,9.130421689122631e11,2.0062425791744446e10
3.10416325123642e7,1.693629116676136e16,9.166591944800862e11,2.006566376773238e10
3.1035767593827948e7,1.6952601156435676e16,9.169042888423344e11,2.092992081312374e10
3.1040320092586398e7,1.7027446339093134e16,9.182116002618771e11,2.09337007699019e10
3.10355376181057e7,1.7031463625055922e16,9.186917583855021e11,2.0938140408952866e10
3.1041619105316818e7,1.7039157737547782e16,9.188090084950397e11,2.0936511007130016e10
3.1049060360434715e7,1.7277512541377342e16,9.190294608326257e11,2.0941199310947212e10
3.1047895470475987e7,1.7282798193542906e16,9.190159744286594e11,2.0944299968489067e10
3.106193095605616e7,1.7364117482975096e16,9.194405563411384e11,2.095472606469698e10
3.139158446684797e7,1.7367400456788294e16,9.193259387658088e11,2.0998655312462948e10
3.139322854450066e7,1.7370063723174784e16,9.193370108304535e11,2.1034862059261463e10
3.14104816521034e7,1.737232974417293e16,9.195935232004423e11,2.103777117490612e10
3.1409258746969875e7,1.7546652745453692e16,9.198583803701675e11,2.1038778289578846e10
3.140655577410247e7,1.7548862233855852e16,9.364881553201322e11,2.104421019496636e10
3.14669197909763e7,1.7563593736379346e16,9.360304466108127e11,2.1044108290701622e10
3.169231796243967e7,1.791931966825274e16,9.364505892562971e11,2.1056020140019306e10
3.1694388020409476e7,1.7921914088451176e16,9.358572488794863e11,2.1062964491630035e10
3.170360262739408e7,1.792650097477265e16,9.359991895530759e11,2.1064027343064667e10
3.1700340041791175e7,1.7929518378561406e16,9.377587144846113e11,2.1085017183327316e10
3.169571778385624e7,1.7934522653727414e16,9.376604949508712e11,2.1088353300665245e10
3.1695893982081942e7,1.79470384954707e16,9.380305512002325e11,2.1092637524333645e10
3.170070299556187e7,1.7944615950208934e16,9.38245733234318e11,2.108923169953053e10
3.1696968121828713e7,1.7943100898512014e16,9.381528084709559e11,2.11172328366721e10
3.1703546781143904e7,1.7940269561333156e16,9.377013149952599e11,8.961884788202013e9
3.171778990612101e7,1.7940817380310374e16,9.380903207480016e11,8.973567761227577e9
3.1724381984114036e7,1.7940561474746608e16,9.381124140060409e11,8.973290723435831e9
3.1732378638374507e7,1.7965535907584606e16,9.386360909520924e11,8.971344305056097e9
3.1745971298821166e7,1.7955762067268334e16,9.386260269533865e11,8.971880166395367e9
3.1750302456209365e7,1.795426550271464e16,9.385625789979247e11,8.970455347620867e9
3.175179683003161e7,1.7955245608538666e16,9.385406329014639e11,8.973049666880531e9
3.1756760990917724e7,1.797773221760953e16,9.385176432979155e11,8.971976017204615e9
3.1768427563239645e7,1.8150909360180828e16,9.389422781188768e11,8.973398504856758e9
3.1775045975733902e7,1.817520810636253e16,9.452591771294095e11,8.97115787789835e9
3.1801268414540824e7,1.818791465145581e16,9.451247692961736e11,8.996016424891104e9
3.1804371904475227e7,1.818888336907075e16,9.483530208438131e11,9.014943630664337e9
3.2052638859340508e7,1.8187238560736748e16,9.492767470873273e11,9.014024354563164e9
3.2054386858757075e7,1.8184704969861332e16,9.507375820676644e11,9.013082535085154e9
3.2055866789853826e7,1.818664243263787e16,9.506103616823867e11,9.014297041238867e9
3.2051370620033965e7,1.819427950865788e16,9.636004486301193e11,9.015630542143747e9
3.2056219612536762e7,1.8205982910215444e16,9.643272963443109e11,9.014056872068615e9
3.2058160272766713e7,1.8205088188315164e16,9.639662447399835e11,9.116078718307625e9
3.32964441398577e7,1.8206815190998004e16,1.0064614829114131e12,9.115929367138765e9
3.328857848166956e7,1.8206235389622612e16,1.0066610096157354e12,9.119101094008257e9
3.3294520448715843e7,1.820487855276506e16,1.0063945395653717e12,9.118550346541069e9
3.3324319130385112e7,1.8203739473916004e16,1.0066528421287136e12,9.121493480276894e9
3.3323858043707058e7,1.8222914389618548e16,1.0065595021676295e12,9.309116093576494e9
3.3328652235398095e7,1.8228801418888396e16,1.0067648763311185e12,9.31062161645062e9
3.3326571423739277e7,1.8346655482783396e16,1.0074368151127604e12,9.293542033898983e9
3.333275056336425e7,1.8349102055348092e16,1.0080763070402141e12,9.295483313117016e9
3.3338887010896463e7,1.8351363036350264e16,1.0085245584874266e12,1.042578318820011e10
3.364309182126065e7,1.9165193003093836e16,1.0096696053623186e12,1.0424143923197708e10
3.36376918612424e7,1.9176622001203252e16,1.019615951282139e12,1.0427772352664495e10
3.364309663594432e7,1.917558896165897e16,1.0198434664200981e12,1.0432204826465643e10
3.3642634243529625e7,1.917521068299225e16,1.0198827078857336e12,1.0428739483950724e10
3.3573926306568995e7,1.917215873268202e16,1.0196826127464875e12,1.0430613950988663e10
3.3598088653265424e7,1.917762546613948e16,1.0200489034433088e12,1.0440301659327164e10
3.362370585383265e7,1.9174391532963108e16,1.0203567479753944e12,1.0433823745246994e10
3.363487548173572e7,1.9292859397455084e16,1.0205364117512126e12,1.0440338135536982e10
3.387174046390302e7,1.929190285627497e16,1.020665223037479e12,1.0438958978679804e10
3.386961864769955e7,1.926655118533098e16,1.0205386250080096e12,1.0439814939206182e10
3.366256226528721e7,1.927002654030845e16,4.502624645576466e12,1.0487858455700977e10
3.3667063247602664e7,1.9241953555465964e16,4.500794694460313e12,1.165112234002969e10
3.367231137868559e7,1.9245040985943292e16,4.499686065535235e12,1.1649903556260086e10
3.367238163316771e7,1.9250917258846012e16,4.500460000514193e12,1.1648341425200443e10
3.3661591172367595e7,1.925048086809891e16,4.544689857299816e12,1.1629932654612206e10
3.368882745170334e7,1.9250096205111344e16,4.545053499704939e12,1.162997397901582e10
3.3764850234497935e7,1.9244314704801144e16,4.545714399712487e12,1.1631543411309797e10
3.5091399646609515e7,1.924977249898059e16,4.547578827859952e12,1.1630785311644258e10
3.508301396324908e7,1.926197577975406e16,4.546448955153892e12,1.1713379130094614e10
3.5086346812776946e7,1.9469694577052344e16,4.547454980878921e12,1.171578903904743e10
3.510199893134581e7,2.7762061659541784e16,4.551762383138329e12,1.1723514749049122e10
3.510641427623425e7,2.778277049766507e16,4.551366246914699e12,1.172391500891794e10
3.51024544313495e7,2.7789169950626708e16,4.55276456826636e12,1.1727805209647581e10
3.510705806042846e7,2.779335771025765e16,4.553533042600783e12,1.1734601044679953e10
3.513395798346672e7,2.782832683838582e16,4.554587718307462e12,1.173775922761256e10
3.512468684463912e7,2.785674444287417e16,4.555598652630019e12,1.1750879987143768e10
3.515753224629107e7,2.8102973252750116e16,4.554645432224325e12,1.1741156995798618e10
3.520146232615916e7,2.8088792380792884e16,4.554564018864865e12,1.1742793773081469e10
3.519757137485312e7,2.8081551370368068e16,4.555287108595417e12,1.175971365884713e10
3.520489378185941e7,2.808865730538783e16,4.554696275117278e12,1.1759792830627981e10
3.51981693927123e7,2.8092394711247044e16,4.554956305007627e12,1.1900432844313843e10
3.5411595520053566e7,3.0055517534734908e16,4.627691528977915e12,1.1905446290717613e10
3.541815778934919e7,3.006556214105969e16,4.628314938105322e12,1.191103585248039e10
3.542458588945794e7,3.003798026690969e16,4.633130959310703e12,1.2177215541759047e10
3.542761772848789e7,3.004325162975048e16,4.632468851530506e12,1.404928984194717e10
3.5405120796005405e7,3.003961223053913e16,4.635189873419017e12,1.4039677939414665e10
3.541275099197898e7,3.0047396518669012e16,4.690902489115177e12,1.432329204335322e10
3.541726183648166e7,3.005390529131324e16,4.691264735914121e12,1.4322598104344011e10
3.542869126635431e7,3.0057686295048988e16,4.701306227809557e12,1.4325817185375221e10
3.6235763302179836e7,3.00730952279714e16,4.702422486223702e12,1.435172318563773e10
3.624051818880273e7,3.0088734524029204e16,4.705145857890303e12,1.4358819766025534e10
3.623086000798064e7,3.0107242857114508e16,4.705878476206515e12,1.4360727336392782e10
3.623459956971719e7,3.0120275040821904e16,4.706148021782852e12,1.434995682150344e10
3.625384913276883e7,3.0257586868845496e16,4.705643537996519e12,1.4353139888079798e10
3.62616738709528e7,3.0264091435023384e16,4.705906713153673e12,1.4351413116659681e10
3.6258109472019434e7,3.025992409288118e16,4.706844609988386e12,1.4357511504885681e10
3.635879223097586e7,3.0369930803507864e16,4.706667996493794e12,1.4360033196516392e10
3.636080514223624e7,3.0442503774760664e16,4.701673064049304e12,1.435579163372523e10
3.6356266027982935e7,3.0452047408749616e16,4.701165738826137e12,1.4358117659988392e10
3.635335766502858e7,3.048497866771901e16,4.701867111301922e12,1.4348685869011961e10
3.6343936350371785e7,3.049473197028673e16,4.70119927811549e12,1.4353870189918268e10
3.634195194689818e7,3.049829338334712e16,4.700766352563311e12,1.4381733667831766e10
3.633790153080024e7,3.051172859913419e16,4.7107782286332705e12,1.4384002546789865e10
3.6393299737383574e7,3.046536745202023e16,4.734440632922677e12,1.438617418560239e10
3.6442886314988784e7,3.0469772967617612e16,4.734263572981309e12,1.4385798267800932e10
3.6441665809115544e7,3.047611231812497e16,4.736491478747409e12,1.4676753099098827e10
3.649135353074292e7,3.049860125201062e16,4.737553063948213e12,1.4683274779679678e10
3.6505722922830485e7,3.050195403231756e16,4.737674645247925e12,1.480326122761721e10
3.65015672720424e7,3.0529333378046716e16,4.738240195026016e12,1.4801464384257002e10
3.649845321653738e7,1.708640042799657e16,4.735076355111542e12,1.4803438502271711e10
3.6537123010653324e7,1.7088336933758966e16,4.734624162766795e12,1.4872169167560795e10
3.654384215249767e7,1.7089039512882518e16,4.73022647027245e12,1.4873934830999704e10
3.6559832923532635e7,1.7096140442068786e16,4.7360322896963125e12,1.4881241174638683e10
3.6578765027659096e7,1.7096060222185176e16,4.737408028808813e12,1.48865132591291e10
3.658313979678571e7,1.7105714699338022e16,4.734388446888291e12,1.5341444220807861e10
3.660951406406208e7,1.7191814801432328e16,4.734253715677087e12,1.5351368155806017e10
3.6615773311287284e7,1.7191587074897558e16,4.735052825465084e12,1.5352651904142687e10
3.663139446212906e7,1.7203758602395504e16,4.735862153088759e12,1.5346033369245102e10
3.662698086134262e7,1.7208159268595108e16,4.735092390736612e12,1.534967338534283e10
3.6625337776698664e7,1.7206505645017774e16,4.735983176636325e12,1.5353117389995169e10
3.662272954109456e7,1.7213470300719414e16,4.735718645838434e12,1.537369306659371e10
3.664652733913626e7,1.7220686017395848e16,4.739926655439699e12,1.5375619298069822e10
3.665077034828418e7,1.739698737557835e16,4.739554109784493e12,1.5377544717191174e10
3.6869756816127025e7,1.7370471592362582e16,4.740800969704161e12,1.5384039542672602e10
3.6865937426715545e7,1.7388941281989934e16,4.743255938153988e12,1.5390394334103184e10
3.6873822418742724e7,1.7387402249319978e16,4.745460251710682e12,1.5416490749694258e10
3.6869804871629916e7,1.7380794140556264e16,4.755466126735979e12,1.6176450950168453e10
3.677356618576397e7,1.7492598339597188e16,4.755545146511013e12,1.6617509902656143e10
3.676778365800531e7,1.7490661381938456e16,4.757022777614288e12,1.6627463459863085e10
3.677463544304777e7,1.7501143863049954e16,4.760994918409375e12,1.66319766772783e10
3.676950935852497e7,1.7521526814765412e16,4.760680386100939e12,1.6663352310391489e10
3.678356855800076e7,1.7526141503515086e16,4.761094475541382e12,1.6687593938616926e10
3.679810318321024e7,1.7525779868877516e16,4.767212344520362e12,1.6689874421691557e10
3.6805000991797574e7,1.752228997375653e16,4.801050248555467e12,1.6699600085499052e10
3.688943808892135e7,1.7525282358967128e16,4.801792615199924e12,1.6693662439666142e10
3.697807546722495e7,1.7528668082548604e16,4.813496173652702e12,1.6694953843232107e10
3.698833413365934e7,1.752685926457577e16,4.813304621869195e12,1.6697367131327293e10
3.69932487196706e7,1.7511650578797992e16,4.814747792202883e12,1.6709127141581776e10
3.69949494892219e7,1.7514117714337872e16,4.831008018051394e12,1.6706853500854628e10
3.699252208310406e7,1.7516433958142858e16,4.830400704668848e12,1.670803733979421e10
3.704727218257173e7,1.7514530614533156e16,4.831191941999438e12,1.74613312002128e10
3.7052744249563776e7,1.7515222791491708e16,4.831678759271393e12,1.7485611772787453e10
3.748565650973584e7,1.7520593856744094e16,4.832533022729412e12,1.7487792287135555e10
3.749210463732531e7,1.7521530437986836e16,4.83254878314365e12,1.7496736763669228e10
3.748603003099757e7,1.7539544689513814e16,4.886227733381612e12,1.7471121771307156e10
3.7476585498894826e7,1.754318578095236e16,2.7080754608301196e12,1.7470977894718204e10
3.753583315399486e7,1.754591304353194e16,2.7081967621024116e12,1.74748268822725e10
3.75600326234465e7,1.7542565775994606e16,2.709939915984569e12,1.6677672715658663e10
3.757108625224566e7,1.7545263283633572e16,2.709597787490937e12,1.6681163164359718e10
3.757541474553615e7,1.7544285606140458e16,2.7094665184662793e12,1.674077250357762e10
3.756431743685459e7,1.7542141372601344e16,2.7202427716661763e12,1.6733539903676643e10
3.756773716451342e7,1.7540962202754164e16,2.7220480637110625e12,1.6734124495627197e10
3.757839134856753e7,1.7539033770230342e16,2.721159965113931e12,1.6753086479764534e10
3.758382896064303e7,1.7544781371182604e16,2.721608251278231e12,2.1945087413093124e10
3.7584872049112216e7,9.52319333129397e14,2.722199221378884e12,2.1948171772845795e10
3.759360341662657e7,9.525054254191564e14,2.721534004116058e12,2.1956916664691772e10
3.760481884386659e7,9.533746575057795e14,2.7214174754597036e12,2.1961814090175186e10
3.7673182463153474e7,9.531331818822925e14,2.731535293038436e12,2.1959039564554295e10
3.900619747521805e7,9.529914401035951e14,2.7322973072418267e12,2.19666819659001e10
3.900401879334968e7,9.529486102629862e14,2.737780449772568e12,2.1997788732252132e10
3.8998960508522764e7,9.522975926217224e14,2.7375509298894927e12,2.199414747216528e10
3.899204071088732e7,9.538828801263646e14,2.7413408838263447e12,2.200502653523496e10
3.951294364825401e7,9.541524700039955e14,2.740854649331152e12,2.2011670419157482e10
3.946768170724442e7,9.53825299912432e14,2.8124901671733335e12,2.2015119086054432e10
3.948834352432162e7,9.538676002722681e14,3.405373728827531e12,2.2013808742633854e10
3.9479040772921145e7,9.574460971765019e14,3.4058083649758457e12,2.2220681607011185e10
3.954958737630834e7,9.57451776430988e14,3.40797255989028e12,2.222365810728722e10
3.9546756878730424e7,9.576778421452746e14,3.408378222113882e12,2.2225788497553707e10
3.960668903584075e7,9.576024443363031e14,3.4083757257688384e12,2.222488543103195e10
4.057721086418382e7,9.572717992536372e14,3.4089532268207783e12,2.2236655629278202e10
4.05962431198504e7,9.573801841980302e14,3.410255465824963e12,2.2234767401055473e10
4.060777902626285e7,9.575601258966132e14,3.4101150925335615e12,2.222926156396501e10
4.0667788504917964e7,9.578045407156381e14,3.4095578246969424e12,2.22326663351865e10
4.066156706296241e7,9.574532908779305e14,3.410386355587319e12,2.223747377147115e10
4.771890751905903e7,9.58325236908292e14,3.414265722621905e12,2.2235266129818195e10
4.770448392521009e7,9.584187314331891e14,3.409852337068524e12,2.2238184804389244e10
4.769763964603792e7,9.585271975893144e14,3.408453110718237e12,2.2273055218192207e10
4.7695129292318724e7,9.588453467871996e14,3.4096853352254507e12,2.2299594655928978e10
4.77448200958955e7,9.586987368236842e14,3.4133022898394233e12,2.230787599985429e10
4.775452304453988e7,9.58739257452712e14,3.4140921962601226e12,2.2677321298101948e10
4.777681736606968e7,9.590106909784354e14,3.4146130470122085e12,2.2678164693446404e10
4.772406973712355e7,9.590699750763181e14,3.4173833648762646e12,2.267365349281893e10
4.7785785252440006e7,9.589782018637002e14,3.4179828241461978e12,2.267185396569608e10
4.816590457299608e7,9.59147615227998e14,3.4186929863577876e12,2.2669385513442062e10
4.81623486708658e7,9.76101653131241e14,3.4192001440284106e12,2.2687376680510963e10
4.834550179625626e7,9.760884867850145e14,3.42173032192005e12,2.269026058578422e10
4.836907589262615e7,9.762730958319881e14,3.421193180993456e12,2.3624075742155483e10
4.837881606251488e7,9.76368320307726e14,3.4224642174853643e12,2.362096232319746e10
4.839459542585897e7,9.772351740374696e14,3.4229976992489814e12,2.3628864580419666e10
4.840985190990508e7,9.7860168055947e14,3.4229580787796997e12,2.362848899661962e10
4.840297541357606e7,9.785785906572055e14,3.4224066942233374e12,2.3631680718634228e10
4.842657878059022e7,9.78869023140654e14,3.422986358910842e12,2.3633244401436462e10
4.8437412294775546e7,9.790161782321722e14,3.4238513611933125e12,4.1524204671486154e9
4.843747234538321e7,9.789762856577889e14,3.423221548755917e12,4.1539460678810277e9
1.955961487046541e7,9.791212935990945e14,3.4256931639226826e12,4.1539897273502135e9
1.955699654282739e7,9.795989698526996e14,3.426955899900692e12,4.153525463533138e9
1.9552822417534035e7,9.795422351971329e14,3.488456348210247e12,4.1517263560160594e9
1.9553645127811093e7,9.794079404304844e14,3.489755763577473e12,4.1511306184168525e9
1.9222476460845783e7,9.796802175994206e14,3.4871267523497417e12,4.1524789815998793e9
1.9230279359134562e7,9.810233971570202e14,3.4864783116098486e12,4.1519439340472846e9
1.923332604401179e7,9.809780255567901e14,3.48720646519231e12,4.1452870657039104e9
1.9230489320908267e7,9.808769010034754e14,3.487670433325972e12,4.1444881730406303e9
1.9236073955681767e7,9.874910150014901e14,3.487086568839283e12,4.1451953238328624e9
1.9233586863684643e7,9.885902111954578e14,3.492501962106336e12,4.1489807716018047e9
1.922600760362358e7,9.886389842614091e14,3.492387202385775e12,4.1512900566719146e9
1.9228686416249286e7,9.904488028406899e14,3.491654743542833e12,4.155459389253682e9
1.9227531972773276e7,9.906499076797254e14,3.4911805187936416e12,4.197710526416543e9
1.9426757061776273e7,9.911477143889376e14,3.51970982756364e12,4.1984472996550117e9
1.9429324738220133e7,9.91368931959611e14,3.520347148798458e12,4.1978101589720864e9
1.943242566757532e7,9.946811451082716e14,3.5198718483015244e12,4.2215773362913413e9
3.2717977426128928e6,9.949623144042979e14,3.5229404665985537e12,4.2217789911581364e9
3.2852896911578486e6,9.959447096024294e14,3.5226151214375454e12,4.2214736042056885e9
3.287693936619374e6,1.0239281637901162e15,3.5236067112824595e12,4.2225264936276426e9
3.2871203702479037e6,1.0241429356396694e15,3.519576898958789e12,4.2218628607108183e9
3.286292716981976e6,1.0244168544556231e15,3.520556923108484e12,4.223305653863264e9
3.2869415558620766e6,1.0250642057607116e15,3.5213816820587363e12,4.2233352503366632e9
6.017690923778887e6,1.0248890775296195e15,3.520487357787387e12,4.2253095978572726e9
6.019113424739575e6,1.0248203358284968e15,3.523182008376982e12,4.2248163700590386e9
6.027818431942407e6,1.0245538015487686e15,3.523270523373374e12,4.2294320191008e9
6.027235427689335e6,1.0245167455552859e15,3.5878456720585996e12,4.232110140964208e9
6.026338929112208e6,1.0249842189122692e15,3.588657167773578e12,4.232317284272218e9
6.027214789729812e6,1.410310548187651e15,3.5901516751275474e12,4.2320920123482814e9
6.0328369521811465e6,1.4106862973917708e15,3.590472910899845e12,4.2406670342623453e9
6.050466568655213e6,1.4111070975742535e15,3.592770611979481e12,4.2404983126377053e9
6.05315077179794e6,1.4136852566440448e15,3.5920142909596235e12,4.283253245238907e9
6.051810338178667e6,1.4135605793139072e15,3.595843087986266e12,4.2838611669450603e9
6.051146136405369e6,1.4135412686706202e15,3.599983257835598e12,4.2870179897788935e9
6.050996602134091e6,1.414208575812634e15,3.6029846722472085e12,4.2877194297556486e9
6.059242936739792e6,1.4149471541284812e15,3.6125213376003096e12,4.297723582779503e9
6.076053148240941e6,1.414235638496745e15,3.6131286636040493e12,4.300049149997786e9
6.076954212840414e6,1.4147724834938418e15,3.6210363424847676e12,4.300673018039098e9
6.07646115783466e6,1.4145341425508485e15,3.6204416506675435e12,4.300668706997676e9
6.078658187344381e6,1.4143472234314965e15,3.613933201104214e12,4.299803656105004e9
6.081252261155598e6,1.414165120265375e15,3.613018326409944e12,4.299732311558604e9
6.080446953973003e6,1.4138869411454288e15,3.599645016026263e12,4.300274574564535e9
6.08144468436386e6,1.414564671887174e15,3.602448489670377e12,4.2990138279800005e9
6.0810695277599245e6,1.4146900856060038e15,3.6021648841366157e12,4.299553095533128e9
6.107639944862523e6,1.4150627203867602e15,3.601785430763746e12,4.299236804811939e9
6.111618940382756e6,1.4190724626942148e15,3.6034237194242793e12,4.299078247573131e9
6.1093048963242825e6,1.4187880981859128e15,3.6058533243929673e12,4.300511303925578e9
6.110184599516965e6,1.4185339727861968e15,3.633471243690672e12,4.3017003176815405e9
6.111207744001247e6,1.4188997329099108e15,3.6349721749097314e12,4.302288995479998e9
6.112528567722031e6,1.4187741094085048e15,3.6337815473785254e12,4.261607148687142e9
6.112389867039598e6,1.4189723752834985e15,3.6325967633524653e12,4.2621471856516953e9
6.112600710808672e6,1.4190739485974988e15,3.632984967590722e12,4.2608090195837536e9
6.124727411491384e6,1.4173585742266792e15,3.6320544397044785e12,4.268677591121619e9
6.124709914691435e6,1.4193550706063872e15,3.635857711623049e12,4.2692286049202166e9
6.124534627367589e6,1.4199136753579125e15,3.6410110209856606e12,4.269762354831962e9
6.12397184380189e6,1.4420729435512275e15,3.641962514954505e12,4.268362868012997e9
6.122990448045202e6,1.4424862877945015e15,3.6405400133767227e12,4.2687101751056533e9
6.124924967700723e6,1.442705571116467e15,3.6415869661891084e12,4.269030046653978e9
6.125319118094945e6,1.4485281369400072e15,3.64102248910113e12,4.277182584781556e9
6.126251324428126e6,1.4495221194240868e15,3.640837914658113e12,4.2774495991753263e9
6.129123370464139e6,1.4516203555841422e15,3.653590032032369e12,4.2767376823218775e9
6.133474996177867e6,1.4517183831287385e15,3.653628671348844e12,4.2789721435395684e9
6.11560273255614e6,1.4517860665319322e15,3.6519791020649893e12,4.2782138270898013e9
6.117966536432884e6,1.4516014004662028e15,3.6541801226550474e12,4.279268853089366e9
6.121496221309625e6,1.4511565318107982e15,3.6614981218325103e12,4.280375653537609e9
6.177377658098943e6,1.4512994295011908e15,3.6581294625076074e12,4.281703414350313e9
5.949016373599115e6,1.4523852686824175e15,3.673245647823e12,4.2892046805117655e9
5.951233475984575e6,1.4522899946032342e15,3.673199589404393e12,4.295175971703414e9
5.952784793800541e6,1.452874233615191e15,3.6740584401958105e12,4.2959884700552435e9
5.954160236075347e6,1.4530547095251715e15,3.7241165630931084e12,4.295495489811105e9
5.955097281870879e6,1.4528805102496825e15,3.735570944719015e12,4.295248525615483e9
5.9642104301861e6,1.4528354004594215e15,3.7441526177166323e12,4.296097166341604e9
5.969792627791367e6,1.452816750717635e15,3.7477140126328433e12,4.296351630102997e9
5.970369957549159e6,1.4528524795645008e15,7.333086470400432e12,4.297647497507695e9
5.962421241325214e6,1.4534458031211108e15,7.337213567700008e12,4.297018738335203e9
5.972422164817347e6,1.4534571775725102e15,7.35064609352677e12,4.296350739644323e9
5.972287328317224e6,1.4537739796232942e15,7.353496349989707e12,4.297077536132933e9
5.973821624531645e6,1.454682675797408e15,7.357518800259205e12,4.297830816464953e9
5.973590298299988e6,1.4546310289528182e15,7.357018037004827e12,4.297594275771395e9
5.980423280906365e6,1.4567687524455168e15,7.357993170716713e12,4.298073358118835e9
5.97966434154643e6,1.4611578717972352e15,7.463796624522367e12,4.300516178634362e9
5.980601197269132e6,1.4640744687815078e15,7.465451050164384e12,4.301225015754394e9
5.979731646733952e6,1.464817321744779e15,7.471218987337137e12,4.299040377948306e9
5.983386498132696e6,1.4694254249676658e15,7.470748563363717e12,4.298724450175617e9
5.983059388185223e6,1.469515725075403e15,7.469265152100154e12,4.299322615278223e9
5.9837213633054225e6,1.469331606180883e15,7.471366143349839e12,4.299117278273115e9
5.9829437923900215e6,1.4691044830658705e15,7.476279073156764e12,4.298802335403356e9
5.987362001295438e6,1.4690236685288242e15,7.53472208046864e12,4.3135130292345705e9
5.987020185709099e6,1.4696846926688852e15,7.538204263806265e12,4.314243945399242e9
5.987098081642518e6,1.4699712842044198e15,7.565185075675711e12,4.316007697772112e9
5.986590660873677e6,1.4702895221653588e15,7.5719469048740205e12,4.3166814171032095e9
5.989723696965623e6,1.4705906884931025e15,7.576528178434086e12,4.317126345930434e9
5.989962608475292e6,1.4704459048012992e15,7.576947573625539e12,4.317239708288233e9
5.990941218086998e6,1.471383341378505e15,7.576918875997647e12,4.318377237591759e9
5.993074304877538e6,1.4717407071398298e15,7.577813695354312e12,4.323823413573176e9
5.994184383971884e6,1.4708684870811275e15,7.578587803804191e12,4.323532330146686e9
5.993751577897866e6,1.4711782226285408e15,7.580094572823803e12,4.32175630459336e9
5.995554046740792e6,1.4695900005550882e15,7.581278542156529e12,4.322116215333786e9
5.996840230747675e6,1.4694836707498148e15,7.579410495805727e12,4.32290442078408e9
5.996871945822119e6,1.46927483017318e15,7.586895019567724e12,4.323691655929085e9
5.99703698453493e6,1.471171498645298e15,7.588708134224653e12,4.324752857064719e9
6.0122089934097845e6,1.4719761389675042e15,7.654925850250753e12,4.325303244772817e9
6.015052230550593e6,1.4697857767708442e15,7.66387659782366e12,4.32213372995797e9
6.013529564980228e6,1.470168230084887e15,7.66379163972998e12,4.327170553047805e9
6.015407722132546e6,1.4605239237030455e15,7.662967964777998e12,4.327653481123257e9
6.013745367639423e6,1.459530947926056e15,7.663942868282513e12,4.329401914305612e9
6.018171105979938e6,1.459294887294316e15,7.663117661676472e12,4.330548314086713e9
6.020439084585399e6,1.4588639534752355e15,7.661588996178311e12,4.3300654998732815e9
6.021310017372353e6,1.4575113039059172e15,7.662625336592784e12,4.329870751807567e9
3.390473484216392e7,1.4578210789353268e15,7.66191190200024e12,4.329740456177824e9
3.390913396177486e7,1.458351994396244e15,7.663140169757679e12,4.329431438944328e9
3.3909637866007045e7,1.457179018108211e15,7.66445855289363e12,4.332764587731875e9
3.3910179165168956e7,1.4577333240834818e15,7.674260714290026e12,4.332607540930699e9
3.391623611008332e7,1.457732244993363e15,7.67858700179691e12,4.331187646247372e9
3.391617532086178e7,1.006048212247809e14,7.680046120445529e12,4.332539816468617e9
3.3907815559921235e7,1.0061212617739897e14,7.680244268204679e12,4.332396957180207e9
3.479213829596976e7,1.006099252202255e14,7.682070623432114e12,4.337858015390498e9
3.5084910883786045e7,1.0168311060356027e14,7.681600083463058e12,4.3394545819584e9
3.5164877440842256e7,1.0169604495669761e14,7.68083783238803e12,4.339692213174764e9
3.516582374247425e7,1.0174330516648328e14,8.267275734625891e12,4.339343450946489e9
3.5162829802999325e7,1.0177194275403278e14,8.266850969562109e12,4.341919846435661e9
3.516772755726909e7,1.0176552302545211e14,8.326457371853118e12,4.34266310696833e9
3.5178391303721644e7,1.0176377575381175e14,8.3263495303148e12,4.343295337827492e9
3.5192935384347744e7,1.0179986325040603e14,8.331909125724015e12,4.343394133671639e9
3.518594353047786e7,1.0181733148963375e14,8.335492842966445e12,4.353566976241245e9
3.519433554649169e7,1.0182706595488081e14,8.334197962113152e12,4.354234360492659e9
3.534699759896027e7,1.0184566693579255e14,8.335900686570819e12,4.354779736347287e9
3.5451354913951956e7,1.0375504487757125e14,8.361423230989487e12,4.354483223453488e9
3.546657950701636e7,1.0375349380212802e14,8.361590350471827e12,4.368452857342721e9
3.547148110562423e7,1.0376785774694302e14,8.368601468352786e12,4.369093619983999e9
3.54749743402829e7,1.0376286720464208e14,8.363667979319512e12,4.368990117156721e9
3.550698403795593e7,1.0374453467977347e14,8.365317067682442e12,4.368400942478386e9
3.5506150491597004e7,1.062493085192816e14,8.372030710676801e12,4.370876568089286e9
3.5525344513264485e7,1.0657506344875367e14,8.384113122860768e12,4.372846665314512e9
3.560258244034756e7,1.0667146622219981e14,8.3841980754892295e12,1.730001807380422e8
3.559815033277055e7,1.0684617383019248e14,8.382910257614128e12,1.7302599133385548e8
3.560917645328481e7,1.0684851719258914e14,8.38389250563798e12,1.7312335033013448e8
3.561491047822508e7,1.0686399635863131e14,8.399634247633035e12,1.7316120943492767e8
3.5636178807717584e7,1.0685524042410439e14,8.395715651590041e12,1.7326173539432135e8
3.564122439179071e7,1.0685611456883017e14,8.394407366567721e12,1.7621281487049484e8
3.5646774001195624e7,1.073283938622875e14,8.40300607282682e12,1.7624397609630916e8
3.564800713643062e7,1.0729083629329158e14,8.406710340763225e12,1.7621948448976406e8
3.567097545015829e7,1.0730596292648934e14,8.407062770545091e12,1.7650863711134997e8
3.5710301418152094e7,1.0732189570275988e14,8.405649394630598e12,1.764606370954427e8
3.569525484808637e7,1.0758654764090422e14,1.4424358979850955e13,1.9745393099079594e8
3.569184300460852e7,1.0760753713788552e14,1.442715390580932e13,1.9743178889614144e8
3.5700571466336526e7,1.0762849519054106e14,1.4425323556454217e13,1.9736186037742627e8
3.570825856901336e7,1.0767711669349867e14,1.442586562686087e13,1.9741598401967615e8
3.571294056365729e7,1.0769845992986723e14,1.4422571938245172e13,1.9732999436368728e8
3.570855078693526e7,1.0787668437498412e14,1.4427511491669594e13,2.0051310895441717e8
3.573018020337035e7,1.078623384828557e14,1.4491288870269518e13,2.0052467111056852e8
3.599418894293599e7,1.0788104982856764e14,1.4479372064443969e13,2.0080495003006995e8
3.5988350626925565e7,1.0788574944050434e14,1.4478241072737416e13,2.007719953438082e8
3.600842118386794e7,1.0789739577834414e14,1.4497022738083678e13,2.0075784734129235e8
3.600068820008596e7,1.0788000227775336e14,1.4498050098030691e13,2.0072288057681292e8
3.600044318861934e7,1.0787025030923555e14,1.4503330649422266e13,2.0069560877420673e8
3.602896380607105e7,1.0791030923902231e14,1.4516302123785035e13,2.0072699540802675e8
3.602878190657121e7,1.1522862881725472e14,1.4519837965439607e13,2.007324368698782e8
3.604002655126223e7,1.152985530104688e14,1.4517820246881357e13,2.007113858131459e8
3.60514201113748e7,1.1533277136773889e14,1.4543743509687275e13,2.0076713281416517e8
3.604897206379859e7,1.1537334682179688e14,1.4546998688865105e13,2.070412889326968e8
4.6449776898971535e7,1.1537048158182823e14,1.455330146586039e13,2.0703004569575468e8
4.646838113208401e7,1.1573647734421661e14,1.4551210644358102e13,2.070295537513555e8
8.07023143095583e7,1.1575799694888823e14,1.4554518875389686e13,2.070452125417219e8
8.072581193102284e7,1.1574311751765962e14,1.4559335033656834e13,2.070748814332039e8
8.077877717472492e7,1.1569388572259347e14,1.5225165751283295e13,2.0710719413130626e8
8.078944152242182e7,1.1571297007853469e14,1.5253981923479797e13,2.0717476773985302e8
8.083107400781791e7,1.1570815906496527e14,1.6554449546853922e13,2.0722881356268165e8
8.087373493956393e7,1.158833459481033e14,1.6564453220585027e13,2.0728706599119428e8
8.088409127275237e7,1.1626321106455823e14,1.6562716321595398e13,2.0727513828771487e8
8.085700683021627e7,1.1625321731686053e14,1.6529763144767158e13,2.0738778679733148e8
8.087811951086989e7,1.1629823489996406e14,1.6535449727972938e13,2.0599271661526704e8
8.089106793256605e7,1.163599530091505e14,1.65339456132373e13,2.0617110852115157e8
8.091317279313178e7,1.1638655917922073e14,1.6536871450645771e13,2.0615098168810743e8
8.097332808929937e7,1.164271750156057e14,1.6535547110193223e13,2.1186815385663304e8
8.09647099985035e7,1.1599491275285281e14,1.649108303361012e13,2.117984892640185e8
8.095817376715565e7,1.1604216111625264e14,1.6489882825933678e13,2.1214424184571594e8
8.094330642915191e7,1.1600028522533534e14,1.649346504812227e13,2.1242397313640952e8
8.095485629236957e7,1.1605392380484697e14,1.6490845809960826e13,2.124122395165004e8
8.092024812272267e7,1.1704900915666112e14,1.6497909966209824e13,2.1252594568743888e8
8.091223110058308e7,1.169851955389654e14,1.650292455481091e13,2.125344298006175e8
8.098650871464692e7,1.17009092986935e14,1.6506637141725818e13,2.1233727109357828e8
8.097149014443153e7,1.1739828836850628e14,1.6507787348800277e13,2.123819012586239e8
8.09615840696566e7,1.1744228936883816e14,1.6506538049419902e13,2.1234611099564266e8
8.097235689088562e7,1.1744224308002398e14,1.6520437577912016e13,2.1233116752575955e8
8.357208124042794e7,1.1742270793588008e14,1.6508246513324506e13,2.1235776769742984e8
8.362726211927345e7,1.1736133863237534e14,1.6527337666747275e13,2.1251669099457145e8
8.361532275935277e7,1.1743790821293356e14,1.6524592974645459e13,2.1259831615062395e8
8.360170927296856e7,1.1748138173904584e14,1.6522910634666762e13,2.126918655080737e8
8.361850093234275e7,1.1749505230543695e14,1.652333255576558e13,2.1266717454537085e8
8.364588352721193e7,1.1815199938304356e14,1.6514847034089742e13,2.1272544523391238e8
8.364305125891805e7,1.1815919423521892e14,1.6516001472435531e13,2.1275265293778053e8
8.365874706291005e7,1.1815082716563014e14,1.6542104975751123e13,2.1277274574757555e8
8.365887385616474e7,1.1826793868718977e14,1.6678651388104408e13,2.1282119522891018e8
8.367504505382533e7,1.1831007452956769e14,1.6669323086068252e13,2.128639052446047e8
8.361119624669613e7,1.183777630023209e14,1.6669121823991871e13,2.124889590631072e8
8.366548898408027e7,1.1836905750899633e14,1.6673162786746271e13,2.1268300045022854e8
8.366753207887821e7,1.1891778150111158e14,1.6691395232868396e13,2.1270791822766706e8
8.374442056423508e7,1.1898931550702939e14,1.6688206865872654e13,2.1260271509123054e8
8.400684944974267e7,1.1897755765009638e14,1.668772971192571e13,2.1263030534947494e8
8.403830701397441e7,1.1898688736471208e14,1.6686166254112572e13,2.1312721502960718e8
8.403105368207434e7,1.1940902070688114e14,1.6687798467930746e13,2.13164170495857e8
8.402927265122749e7,1.1942844804233858e14,1.7308591778100674e13,2.1313844337330812e8
8.407118244001047e7,1.1943378144312253e14,1.7314073561173264e13,2.1313573618577826e8
8.401287821165352e7,1.1941860037073527e14,1.725842476398543e13,2.1328557209908178e8
8.399344976140612e7,1.1943714717523417e14,1.7278957433413723e13,2.13276671558299e8
8.40063227659237e7,1.1947537425844995e14,1.7273748456501564e13,2.1332030635257244e8
8.398341834389496e7,1.1955529445058517e14,1.7280183149230691e13,2.1332786665554592e8
8.39765263330779e7,1.1957505908637025e14,1.760745353237587e13,2.1333622848611784e8
8.399978920299014e7,1.1961733070435558e14,1.7631824472790387e13,2.1352395497415316e8
8.414534870653497e7,1.1963765912518675e14,1.763545936446159e13,2.1350474221157223e8
8.417862091852495e7,1.1962188986907161e14,1.7635694079822957e13,2.1354684325054973e8
8.418265847518864e7,1.1968971202498642e14,1.7638943671052914e13,2.1352021067889717e8
8.44247988101773e7,1.1971861008599981e14,1.7632261065592133e13,2.5263720206913447e8
8.468560875219615e7,1.1970865215667392e14,1.7631940592899555e13,2.528403698111195e8
8.471527517729257e7,1.1970540938737569e14,1.763252166393584e13,2.5283079934391388e8
8.47494790095776e7,1.1974128273882311e14,1.763795155772131e13,2.534572418144476e8
8.476475804205652e7,1.197829245620913e14,1.7745328626500953e13,2.535072704904242e8
8.477170686010154e7,1.1980403762481398e14,1.7773854856815645e13,2.5351120786553925e8
8.532481815702796e7,1.1982520259917186e14,1.7773616240314527e13,2.536614496540254e8
8.53319793783108e7,1.1985729568521469e14,1.7772357772977016e13,2.552948450635939e8
8.535058204401784e7,1.198627207209623e14,1.779235059676412e13,2.5525876846492448e8
8.535357249024864e7,1.2015109401192005e14,1.780510505728948e13,2.5525835567130098e8
8.538372666459256e7,1.2021980022489917e14,1.7829589732740258e13,2.5533004791994637e8
8.534558603842378e7,1.2021007937633356e14,1.7821266606338027e13,2.556855528521228e8
8.572855557845338e7,1.202124606869232e14,1.7850185451483492e13,2.5572461600690052e8
8.578547960189956e7,1.2020221526162189e14,1.787943071053867e13,2.5599250780748773e8
8.603341008963235e7,1.2021568998290502e14,1.7898137619919625e13,2.5658928556665006e8
8.602981227426846e7,1.2086352002834267e14,1.7905205972842086e13,2.5673998621825308e8
8.602465119237964e7,1.2128721576228325e14,1.835853015946076e13,2.5702317551658002e8
8.601366132099545e7,1.2842352583152878e14,1.836042359732694e13,2.6344229679103795e8
8.603499227800712e7,1.2844343449646862e14,1.836571937516442e13,2.641063063454392e8
8.602694104036342e7,1.2846094098292223e14,1.8365214221890766e13,2.6412434392544603e8
8.605572645508458e7,1.2848455854827094e14,1.8366799259326355e13,2.991641822217932e8
8.605008259677696e7,1.2846588011282011e14,1.837025802214617e13,2.9910820463383985e8
8.606415700742774e7,1.322763445660463e13,1.8374116972377504e13,2.9911900808760214e8
8.616861318966736e7,1.3227816803320389e13,1.83763223486543e13,2.98426656046909e8
8.61391678302408e7,1.3490610164409139e13,1.839507979248651e13,2.984192819172097e8
8.621411804898986e7,1.3497208859384273e13,1.841329671129955e13,2.9839049656425387e8
8.660715517579287e7,1.3499297969059562e13,1.841573797631821e13,2.983454943937658e8
8.661927147045296e7,1.3496978508811607e13,1.84370306333612e13,2.9828369158614707e8
8.673260590996893e7,1.349872143907181e13,1.843903955493271e13,2.9805698099918526e8
8.678940102454548e7,1.350496049845492e13,1.8437869376535945e13,2.980879483214135e8
8.672344936032526e7,1.0951851068185668e13,1.843986994713366e13,2.9803880471844655e8
8.673699405845442e7,1.0951483070709812e13,1.843714653020745e13,2.985853940069633e8
8.673073780520375e7,1.0952696302553428e13,1.844206770320579e13,2.9865703039610106e8
8.677789678237951e7,1.0952293760985582e13,1.8446407173785676e13,2.9876760761226225e8
8.696231470109382e7,1.0961544019705086e13,1.844680012675974e13,2.9929400556986886e8
8.693752466769332e7,1.0960640841183354e13,1.8442465881075227e13,2.9927319041003615e8
8.695476585256928e7,1.0959448634298209e13,2.246115949539039e13,2.991847763810618e8
8.694873636614336e7,1.0960878494611092e13,2.247031247079733e13,2.991443538458878e8
8.695719844767629e7,1.0962866731800285e13,2.247521030718309e13,2.9880652872204816e8
8.709682303129767e7,1.095898125691079e13,2.247407847781371e13,2.988650843749535e8
8.717783574166258e7,1.09590293407121e13,2.247206761901832e13,2.989996663672275e8
1.151074369454335e8,1.0971110697123479e13,2.2467892150807133e13,3.008469802188545e8
1.1508815014352153e8,1.0973452624002865e13,2.254102722362867e13,3.138408218211278e8
1.1511323146872124e8,1.0973371269867818e13,2.2538119363843676e13,3.156506990238235e8
1.1509465445475005e8,1.0987285380939307e13,2.2536591881434227e13,3.155202916254458e8
1.1510110161353163e8,1.1032042806007512e13,2.2560298927018285e13,3.1551862617819417e8
1.150953581215634e8,1.1030892755546229e13,2.2561401839455574e13,3.15419598389977e8
1.1741550125587384e8,1.1039419200503746e13,2.256325140574116e13,3.154662964653405e8
1.1739337718386933e8,1.1055139506604455e13,2.2555028992937215e13,3.154448830644793e8
1.174170023851402e8,1.1057312901191867e13,2.255312044755645e13,3.238288699258281e8
1.1746132613724972e8,1.1058040187954906e13,2.254747753555179e13,3.236249261480232e8
1.1742366656554972e8,1.10666139515817e13,2.2545886279599707e13,3.2347303645991015e8
1.1741712767774393e8,1.1119762429244531e13,2.2561449910611324e13,3.235670125854934e8
1.1743820025147901e8,1.1122602791297975e13,2.3054737138679707e13,3.237124316554638e8
1.174365446158765e8,1.1123098432631635e13,2.305558314958077e13,3.2366129708798933e8
1.1742474227096166e8,1.1374433599734924e13,2.3059353122335254e13,3.2363358302062416e8
1.1748289187203382e8,1.1388126256568387e13,2.3083731435040977e13,3.236395199573117e8
1.1537281949662186e8,1.1391873734115822e13,2.3963398082234594e13,3.236434176724499e8
1.1536912432636747e8,1.1405378000857979e13,2.3979638221171098e13,3.2362460687233496e8
1.1538821729729047e8,1.1404364304906432e13,2.3984515761437383e13,3.236383225980267e8
1.1540490841872942e8,1.1408872668296277e13,2.4000515658851605e13,3.236034685576521e8
1.1540886061661777e8,1.1413204607534836e13,2.3995972308625773e13,3.236069872038629e8
1.1542391686107111e8,1.1415417151417781e13,2.3989405559997117e13,3.2369414087531185e8
1.1529580578781903e8,1.1416508097020855e13,2.4999776241988676e13,3.2368539442003506e8
1.1529458133956769e8,1.2025023203788912e13,2.5075485241627957e13,3.2374699598908985e8
1.1530874467362992e8,1.2031066547260773e13,2.5088880779540266e13,3.238310698143636e8
1.1550723308183369e8,1.2058428305560875e13,2.5098775597956242e13,3.237615265591958e8
1.155002971627698e8,1.205999164993208e13,2.5108398634561555e13,3.237419772143581e8
1.1550902067413464e8,1.2062316578349049e13,2.5104623989727504e13,3.807175823051474e8
1.1608955712192373e8,1.219530751592818e13,2.510831987577519e13,3.807152111121819e8
1.1610094587748753e8,1.222393030416584e13,2.513373177201392e13,3.8069581413714045e8
1.1616839836181942e8,1.222328015364214e13,2.5146377917021504e13,3.8063041343563217e8
1.1618860267258488e8,1.222202679690128e13,2.5149396234855113e13,3.8070627130933535e8
1.161929649039954e8,1.2223822481525297e13,2.515506141900875e13,3.8082488901789117e8
1.1618247662136911e8,1.2221859234636152e13,2.5150848541468977e13,3.808033540370692e8
1.1689729043647976e8,1.2294555760833523e13,2.5154736296079867e13,3.810500597965143e8
1.1687810645092863e8,1.2295911012680467e13,2.5160907529962836e13,3.810643685196794e8
1.168421989101885e8,1.2318163823824334e13,2.515879821305281e13,3.812084565953612e8
1.1682653622452562e8,1.2318472030584309e13,2.518241652602411e13,3.8164858224711543e8
1.1681932037272595e8,1.2318939450456693e13,2.518721446426515e13,3.815937993074479e8
1.1698450460082005e8,1.2318110576047424e13,2.5188262294442395e13,3.8157277522107065e8
1.2112984955770263e8,1.2321605488487717e13,2.5219855023415984e13,3.815621498054608e8
1.2116250633489352e8,1.2321092659813707e13,2.5229129656030895e13,3.8151129687737346e8
1.2116167475259233e8,1.232067077191657e13,2.373774051541188e13,3.8170035593983424e8
1.2117183899730541e8,1.2322244125829785e13,2.3735895691490848e13,3.8212401163338506e8
1.2138795326736122e8,1.2315034766134236e13,2.3740474993861816e13,3.8205660609687245e8
1.213725244279358e8,1.2315167986184297e13,2.373838609561883e13,3.820103530378286e8
1.2139484124756636e8,1.2318855959153365e13,2.374093097479283e13,3.820861666506367e8
1.2141152546149163e8,1.2316994462208723e13,2.41710153221221e13,3.8277292795415115e8
1.2155607760558873e8,1.2352129557415072e13,2.416771451141474e13,3.827195476828479e8
1.2156233124500835e8,1.2353719557578846e13,2.417432390307452e13,3.8270628814753395e8
1.2170622267052706e8,1.235625504823768e13,2.4172729618193117e13,3.826057923797957e8
1.2170794719583876e8,1.2354086007652645e13,2.4209819063143996e13,3.8535413168874407e8
1.2164942024478877e8,1.2355848454994338e13,2.4219270687580273e13,3.853369111805936e8
1.2166513704577136e8,1.2359486857680816e13,2.435414240540501e13,3.852953141364803e8
1.216816923601094e8,1.2357133577692979e13,2.433589275845716e13,3.8535522223722064e8
1.3201789233801761e8,1.2364257988967418e13,2.4339039742274805e13,3.8612137221458715e8
1.3205170517725559e8,1.2365807696418207e13,2.434234574165273e13,3.8622317887718713e8
1.3204892632491444e8,1.2367854416218967e13,2.4338701258073445e13,3.862134396834201e8
1.3211331983461076e8,1.2368131467487705e13,2.4336553890866453e13,3.862972030271539e8
1.3215955224608707e8,1.2380168619611934e13,2.4334531335218574e13,3.8652532889218295e8
1.3215234964215814e8,1.2382733640847363e13,2.4360164325271797e13,3.869203674754154e8
1.3216512470293698e8,1.2404194901906994e13,2.4346829069424008e13,3.8697758632350284e8
1.3216602777260913e8,1.2405468505664367e13,2.433943152236501e13,3.871664090903378e8
1.3218567741655326e8,1.2965273349869816e13,2.434124453523634e13,3.873205591902791e8
1.3217937326955576e8,1.2965701898686367e13,2.4345466216986977e13,3.8737696761876696e8
1.3221296407682593e8,1.2963929849010238e13,2.43741517031495e13,3.87344817092983e8
1.3223357221856333e8,1.2961507514130777e13,2.437948450657135e13,3.8749777415600914e8
1.3321465585340713e8,1.2963364332589525e13,2.438262503847825e13,3.8750491485938275e8
1.3358277264464678e8,1.296505972720728e13,2.4445291490563434e13,3.87328275058431e8
1.3359267879068106e8,1.2965425663466488e13,2.445191592305705e13,3.872786141631455e8
1.3430347541666403e8,1.2967179659835506e13,2.4452786121146688e13,3.874561813380617e8
1.3437486506486192e8,1.2970839596090816e13,2.4451153807287645e13,3.875176826452033e8
1.3435579023371583e8,1.2980676304505412e13,2.4916083170313465e13,3.879404183580198e8
1.3441764451868165e8,1.2980993101940766e13,2.4921850466025824e13,3.8792639224067056e8
1.3449320559597394e8,1.2968287556979004e13,2.5002344570654355e13,3.879298868311643e8
1.4652700228551856e8,1.2970074848351707e13,2.4996502742962223e13,3.879485830089551e8
1.4657369377110526e8,1.2972486571819926e13,2.5132416436190613e13,3.8805327965779203e8
1.4660172601446003e8,1.2976421189758832e13,2.515045882121455e13,3.8799027948154e8
1.4658283260574076e8,1.2975878002203746e13,2.515525214635664e13,3.8799746246299165e8
1.4656260059391922e8,1.8528315735466434e13,2.5149983463896645e13,3.8810738377842015e8
1.4657420140793428e8,1.853211110623928e13,2.514762873845462e13,3.8806969048770267e8
1.46577707735693e8,1.853573128265859e13,2.5164600789053758e13,3.883200938219171e8
1.469739219708725e8,1.8560539066505383e13,2.5167955215478992e13,3.8854129860071677e8
1.4702065444408816e8,1.8566522347512086e13,2.518342122400256e13,3.884337807375568e8
1.4707808712400448e8,1.856974130556732e13,2.5187120793641668e13,3.9853540043689334e8
1.4707571792103034e8,1.858981977272317e13,2.5313024640774734e13,3.9921655634238297e8
1.6270775634332412e8,1.8592553196560293e13,2.530754839343708e13,3.991304637549014e8
1.6274068497110254e8,1.8593600461849812e13,2.5500553401447277e13,3.9915182867112696e8
1.6303392427343774e8,1.859949915487236e13,2.551526579961119e13,3.9923145299750626e8
1.6326294692809302e8,1.860630588009812e13,2.5534121028558797e13,3.99317635442029e8
1.6325836392494744e8,1.860424319682922e13,2.551616524468005e13,3.993303678630698e8
1.7371961715080145e8,1.8607683273262684e13,2.552202052971294e13,1.9552371836008534e8
1.7386945437348345e8,1.902346388675744e13,2.5531645949242504e13,1.955284522342245e8
1.7402817026339737e8,1.9037988064383305e13,2.5522898084527227e13,1.955626988570131e8
1.740525149220589e8,1.90403343184464e13,2.5532785057586574e13,1.9650488203690076e8
1.7406288379070592e8,1.904475096392697e13,2.5530650103867645e13,1.965444521150288e8
1.7418303120657036e8,1.904331370006611e13,2.5535083714287684e13,1.9678612386256662e8
1.7415980729369873e8,1.9045726774827164e13,2.553191332436222e13,1.9704254965091145e8
1.7419157872383705e8,1.9045872411395605e13,2.554143276881075e13,1.9716829806884685e8
1.7426787998489732e8,1.9045680569708902e13,2.5546486187923355e13,1.972188603329372e8
1.7420058486807713e8,1.905085108215968e13,2.5542801466453938e13,1.9717500120259643e8
1.7429259445836616e8,1.9062994625298055e13,2.5570295741927445e13,1.9720118482544437e8
1.7430224919033635e8,1.976716659819283e13,2.559092893029417e13,1.9715434467522606e8
1.742730097465153e8,1.977190841532853e13,2.5605074296094375e13,1.972201363752199e8
1.7429670631017593e8,1.9770210745019508e13,2.5598422099765047e13,1.972045074040283e8
1.7436067921703777e8,1.976886595515371e13,2.5623137689708402e13,1.9721133976184347e8
2.2833458358959714e8,1.9762439259075297e13,2.56206808868736e13,1.9723839641339713e8
2.2832582639702624e8,1.9772889325033844e13,2.5620798768679152e13,1.972608003676319e8
2.283513672401004e8,1.9777191693176566e13,2.561502566155584e13,1.9730981540008083e8
2.28250263872852e8,1.9777599177540293e13,2.5611621404875445e13,1.9735491207379818e8
2.2872914117983335e8,1.9778510573468492e13,2.5610661919228754e13,1.9734487656658292e8
2.2896663953695878e8,1.9773326554985254e13,2.5878657383461523e13,1.9739164087591267e8
2.2932329935838723e8,1.977173234683156e13,2.5883958480482e13,1.9737896871595943e8
2.2936912950768793e8,1.9765758000124207e13,2.5880726854418434e13,1.976267986551021e8
2.2942031787328127e8,1.976341931527376e13,2.5886439018030938e13,1.9760422291104102e8
2.2935408210558558e8,1.9769350447164875e13,2.587947398080639e13,1.982966376753371e8
2.2933910246668682e8,1.977203041488172e13,2.58918587194149e13,1.9828370912043962e8
2.29745013708459e8,1.9966432592738562e13,2.5896903511527543e13,1.9831879618114045e8
2.297107920138291e8,1.996572806135118e13,2.5902995593483895e13,1.990168181748479e8
2.2977044038863033e8,1.997263903255253e13,2.5922062432212758e13,1.990186120663579e8
2.2997290284519675e8,1.9969965758674277e13,2.5945642978047094e13,1.993701119563299e8
2.2990088722538576e8,1.997145916810766e13,2.5941331316416066e13,1.9934706904145873e8
2.2985590301038897e8,1.9974846129903285e13,2.5999235375205395e13,1.993206764419858e8
2.3014017974864376e8,1.99776472146453e13,2.5990018837504168e13,1.9951217728327164e8
2.3022961428588516e8,1.9982427925130773e13,2.6044193190449777e13,1.9981559189218253e8
2.3053592618145257e8,1.9971892531040016e13,3.0793457128307754e13,1.9981258482138026e8
2.3052711096030134e8,1.9980608604289996e13,3.0806936632069914e13,1.9981150015423304e8
2.3050320480390844e8,1.9973733725291527e13,3.079416370393974e13,1.998371618109638e8
2.3061666280390817e8,1.9971069176973633e13,3.0819653199913652e13,1.99740076268523e8
2.3071712634889078e8,1.9973738687558098e13,3.088639599573059e13,1.9972057724887586e8
2.3124780871237606e8,1.997955448275151e13,3.08952596800902e13,1.997099412266302e8
2.3121781637006065e8,2.002124937610476e13,3.0902429960678035e13,1.995226449299149e8
2.3118306337741274e8,2.0024149703685277e13,3.0901438151179074e13,1.994993210617467e8
2.3124947483689508e8,2.002342753975256e13,3.090570248735284e13,1.997082855069123e8
2.3128914425085476e8,2.002046147434752e13,3.093187716272895e13,1.9952663728200173e8
2.3127391261910102e8,2.030287937903978e13,3.090263818283592e13,1.9960490038838956e8
2.6584913319315758e8,2.031017019667429e13,3.089413959278662e13,1.996281620700289e8
2.6589242919295213e8,2.030470805010135e13,3.0890046089855742e13,1.996805446281185e8
2.6595533290204978e8,2.0308338207477984e13,3.1027341068599426e13,1.9956989385549018e8
2.7187043601041114e8,2.030517900712225e13,3.102845160521562e13,1.9976777959344116e8
2.718359691199283e8,2.0313377134530043e13,3.102822101829369e13,2.1060800690049297e8
2.7187484843987244e8,2.0312431004542582e13,3.102862383847484e13,2.4959084286699244e8
2.7199476063970333e8,2.031074611137682e13,3.1060629879640633e13,2.495758463228481e8
2.724467977979206e8,2.031390748876154e13,3.1072784530310094e13,2.496248552015271e8
2.7243225842127264e8,2.0320045605533523e13,3.1164861068761363e13,2.497040844241522e8
2.7251288657077825e8,2.032284174610492e13,3.1160921300425562e13,2.4982579653309438e8
2.7246469013064116e8,2.033953075205418e13,3.1314286979826105e13,2.4983872725578398e8
2.722811277258153e8,2.0336034211767816e13,3.135227889798493e13,2.49934918145724e8
2.7337644157586366e8,2.0336706969680383e13,3.1345694360935973e13,2.5010495131258824e8
2.739501796824589e8,2.054507748203026e13,3.134825579921892e13,2.5015923749387679e8
2.739935092403488e8,2.0544309201405293e13,3.134325869531402e13,2.5962568927663383e8
2.74064424923964e8,2.0806437243283582e13,3.134341997307469e13,2.5976741031254926e8
2.741694745039632e8,2.081472636517779e13,3.1346335155609938e13,2.6000974299224597e8
2.748716505260702e8,2.0819432533280215e13,3.135185162658886e13,2.6056668340137675e8
2.75135151835307e8,2.0824044370440535e13,3.1342851633539473e13,2.6017312830149287e8
2.751471105095073e8,2.0834796817812953e13,3.134833493917411e13,2.602677641700308e8
2.766873539124112e8,2.0837581345258574e13,3.1344465304134598e13,2.6022836369391748e8
2.7667280326543975e8,2.0837799457950137e13,3.158192305123826e13,2.6048539215006486e8
2.76750953685089e8,2.090758314888174e13,3.1587806035783785e13,2.6117888062456265e8
2.7694661590701294e8,2.091356899120536e13,3.1585244630548684e13,2.6126828720228007e8
2.770649442990127e8,2.0854057951598074e13,3.1579906935146203e13,2.6133351073286417e8
2.771448921085853e8,2.099838362236963e13,3.147727192960582e13,2.6133059715149385e8
2.7718535985335654e8,2.1023357017079266e13,3.147599730941303e13,2.6146791295894068e8
2.7709762631557614e8,2.112194519077062e13,3.1484073085220883e13,2.6150316376292816e8
2.779516085790085e8,2.1196662623901746e13,3.1501369394684984e13,2.61556330747092e8
2.7795443197162163e8,2.119557484355879e13,3.149750884593785e13,2.615284917381529e8
3.775312117988008e8,2.1216916540069074e13,3.152774949591502e13,2.6180081795653942e8
3.777929022853027e8,2.1220825871795062e13,3.164727892072711e13,2.6183907862903008e8
3.7806520089570564e8,2.1218218022874344e13,3.1649138201551496e13,2.6178213382378837e8
3.78315670462281e8,2.1195527292750156e13,3.167031266348376e13,2.630333171710133e8
3.784289218142372e8,2.1240400400766984e13,3.166653360707909e13,2.629315884175576e8
3.785113266489532e8,2.1243196871491418e13,3.166884152915726e13,2.630845822984863e8
3.812024212401438e8,2.1240478248326484e13,3.166844000863135e13,2.6415128699014175e8
3.8066394400519806e8,2.163507626765116e13,3.166189349611878e13,2.6420308595507365e8
3.807759920723034e8,2.163245122161963e13,3.1707393576040336e13,2.6423742313509646e8
3.808933118914236e8,2.1569389803300043e13,3.1715873310819637e13,2.6433083101533926e8
3.8091404203490263e8,2.156518481468383e13,3.1781044587014496e13,2.645247803103492e8
3.8119466915939385e8,2.1569627993892727e13,3.192551909331213e13,2.6464405391941553e8
3.810553551839758e8,2.1566163264869492e13,3.1923889056834e13,2.651323822369483e8
3.807775275795493e8,2.1572499275611992e13,3.1924557592099035e13,2.6520307526575333e8
3.81394258696351e8,2.1554975850544184e13,3.1935659724839613e13,2.6533218453361762e8
3.8139616460661256e8,2.155193143447391e13,3.1945052214083863e13,2.6537518989938703e8
3.8143919167884314e8,2.1548673310048016e13,3.195021104106027e13,2.654209076661464e8
3.814983417864503e8,2.1554142238504418e13,4.059584701053042e13,2.6537232532412192e8
3.8266627844836724e8,2.155368049214135e13,4.056567653435356e13,2.6542162525239617e8
3.826827602587757e8,2.1556965382151285e13,4.0562978152003016e13,2.661911368929471e8
3.827294783443047e8,2.155529082388098e13,4.055780053747488e13,2.6868771252603674e8
3.8276146190981585e8,2.1562489929684918e13,4.059044116031239e13,2.6869724182486284e8
4.3518978486848986e8,2.156178744741412e13,4.059350078911809e13,2.689981802712548e8
4.352642155536175e8,2.1608431441169785e13,4.059087674050207e13,2.690523604960161e8
4.3543168759473425e8,2.1649588711518496e13,4.059341844722799e13,2.6872037234503645e8
4.358038993811794e8,2.165211034328331e13,4.063640323379046e13,2.686529933015306e8
4.576966557840154e8,2.1671261684772785e13,4.064328101301266e13,2.686908010888531e8
4.585340111213241e8,2.169924296222855e13,4.06343731523412e13,2.687635445392214e8
4.585626187712942e8,2.1712300094790215e13,4.0630692269795766e13,2.687654932162932e8
4.5854798316121966e8,2.172241655643131e13,4.0632248380683375e13,2.688658217556396e8
4.5870327440005755e8,2.171961641643552e13,4.064937012074661e13,2.689135712132619e8
4.587410745954356e8,2.1716966986896957e13,4.064558783221909e13,2.690098227313078e8
4.583478453845898e8,2.17159424729662e13,4.0661609854429836e13,2.690269204831439e8
4.5856095826590353e8,2.1719133723357906e13,4.067397160769294e13,2.6898672142942363e8
4.586033941862822e8,2.1716855267695453e13,1.0166732587732058e14,2.6940949313462174e8
4.588743150391105e8,2.1752968617130035e13,1.0179646385255247e14,2.6939319041758204e8
4.590617780349482e8,2.175518743819696e13,4.579724636478597e12,2.693747946739604e8
4.5882409645517147e8,2.1751417733132383e13,4.5992641589972705e12,2.6935938850101084e8
4.5884989665546024e8,2.175257340912844e13,4.5951742032755625e12,2.693906845545174e8
4.5887347073296237e8,2.17560715219223e13,4.594373041470284e12,2.693461339183151e8
4.589383231976291e8,2.1753214840000086e13,4.839823242809765e12,2.7126573106852955e8
4.590548037455259e8,2.1750594002625043e13,4.840961313939707e12,2.7146445190389836e8
4.5912208797257e8,2.174726198314232e13,4.842182411320153e12,2.716365930227884e8
4.59208283647837e8,2.1744567625081242e13,4.843714283269133e12,2.71597588861643e8
4.592447251506146e8,8.175745741327772e13,4.887537229770911e12,2.716256926983227e8
4.591825353398183e8,8.174674781474025e13,4.888313495916769e12,2.7179291225858504e8
4.5925950879267377e8,8.175635050820305e13,4.887510500458207e12,2.718746365469821e8
4.59225682810626e8,8.198514698479811e13,5.670542094155073e12,2.719482298583346e8
4.5906157291177213e8,8.201047064562775e13,5.677096837950552e12,2.726442395559014e8
4.58200376187347e8,8.204297909967606e13,5.677849125539287e12,2.727981051146119e8
4.581101311259024e8,8.205446346788669e13,5.679022859870897e12,2.738455698782539e8
4.5828392858271766e8,8.209343021477623e13,5.686437257081618e12,2.740635017712644e8
4.582193331601348e8,8.210378335254495e13,5.699774605566804e12,2.74114522705877e8
4.582914648685333e8,8.209707526001781e13,5.701555924938539e12,2.7419360662618405e8
4.5848980902013355e8,8.212201771596778e13,5.702812740696189e12,2.75327497076287e8
4.585243630292124e8,8.258058807662036e13,5.703664629988455e12,2.753474855626646e8
4.5862492740177965e8,8.258490891091089e13,5.703286723834872e12,2.754844447730236e8
4.5871036615170735e8,8.26507220684489e13,5.706480228038858e12,2.75553573772948e8
4.606358989188616e8,8.26819742193919e13,5.706620518794763e12,2.7566362966763526e8
4.605598525512648e8,8.269317870568467e13,5.705264051459206e12,2.757198711019772e8
4.608762950666206e8,8.267696316725169e13,5.704285720954507e12,2.7552319546238405e8
4.6096525456896347e8,8.342808961933653e13,5.735334308229307e12,2.755580693157588e8
4.610047570954386e8,8.344926211330133e13,5.734053387524432e12,2.757696452049065e8
4.6106268828065795e8,1.413650588034553e14,5.734292252599898e12,2.757832348125481e8
4.608416565927799e8,1.4134162849136297e14,5.742090738327419e12,2.760328039941509e8
4.607700611828119e8,1.4135887610600525e14,5.740571893711756e12,2.7617890677612305e8
4.6082960975955623e8,1.413224701134711e14,5.741365389415165e12,2.7659392263631016e8
4.6076597434631675e8,1.6748965739989903e14,5.74232058341327e12,2.767875791752981e8
4.6070323249606586e8,1.6762102140176847e14,5.745284499780152e12,2.7698189205016464e8
4.648663516174056e8,1.6766598081279203e14,5.745003337599878e12,2.769455482834507e8
4.649886686360664e8,1.7320041653894962e14,5.7469797101701e12,2.769955941756671e8
4.651117153306244e8,1.732315219874236e14,5.75069901420161e12,2.771621504713894e8
4.6532266143544865e8,1.73254582602668e14,5.753305044818268e12,2.7709351752624786e8
4.653190399990938e8,1.734271440483839e14,5.763370932267144e12,2.7713811821305364e8
4.661299839829222e8,1.735848938288335e14,5.765471168645156e12,2.7713955108437085e8
4.661092305850972e8,1.7368881087588966e14,5.766758212717141e12,2.771353769232112e8
4.6603146088836455e8,1.738974508348114e14,7.652352796093886e12,2.766079304467749e8
4.660435309070675e8,1.739679880002436e14,7.874224184038361e12,2.7692182543903697e8
4.660304336300798e8,1.7396033490327203e14,7.87799773470442e12,2.768769083186589e8
4.6605803936806726e8,1.739871530646235e14,7.884507253105309e12,2.767712602564112e8
4.900256149232458e8,1.740165129485955e14,7.896586885529195e12,2.76728372144714e8
4.8989803522942096e8,1.7389516973523688e14,7.89480855467298e12,2.775628525756202e8
4.898330768624907e8,4.0072448120973e14,7.898181821123306e12,2.7754016416685593e8
4.8989849365253705e8,4.0079843553419775e14,7.898618318183975e12,2.7788438733348095e8
4.899335111084083e8,4.517585659680938e14,7.897285466386466e12,2.7789841384614044e8
4.903952291426044e8,4.518147375914564e14,7.911904981539461e12,2.780782964420975e8
5.190762258143893e8,4.517411370713898e14,8.020526321926375e12,2.780709933121287e8
5.190385054920886e8,4.5227475647849875e14,1.027035816830094e13,2.781221824725395e8
5.1928309545994234e8,4.520177567833807e14,1.0266563973593979e13,2.7814990532599074e8
5.19369884205507e8,4.519183875299028e14,1.0268188848441754e13,3.666712035105787e8
5.1932408676160824e8,4.517251864633233e14,1.5987717552260876e12,3.665323905424512e8
5.194060548327619e8,4.516765205648094e14,1.6019391551792708e12,3.674876560864735e8
5.185315646445239e8,4.519505444869383e14,1.6009635322236526e12,3.6744513687813187e8
5.184127965678413e8,4.520195847679258e14,1.6002003454674678e12,3.6745059775361884e8
5.183056269230456e8,4.52074157945023e14,1.6002693647263145e12,3.673254680549886e8
5.169320395872324e8,4.5210737015698706e14,1.6027975216781628e12,3.674598406520349e8
5.169869179628456e8,4.557878613631488e14,1.6038964027978457e12,3.67440361222221e8
5.1706055864740896e8,4.558887419754648e14,1.641986441073882e12,3.679212764064064e8
5.1817184999561805e8,4.561100177602497e14,1.6447056893266226e12,3.679596780360784e8
5.184359106431968e8,4.5620182986832856e14,1.6450934682022463e12,3.6800723324453515e8
5.187622769064833e8,4.572193421689046e14,1.6291150656032036e12,3.756423919412416e8
5.1884853541560715e8,4.582056966272252e14,1.6808450072056719e12,3.7558937010711193e8
5.1886250412663597e8,4.581710873420551e14,1.6916076101212153e12,3.761258944188114e8
5.1900218953634554e8,4.576191332530818e14,1.7063913054267766e12,3.7621664114937055e8
5.1892041405268425e8,4.5752768209804606e14,1.7064726208483416e12,3.7631215935512775e8
5.18989917297541e8,4.5851369639468375e14,1.7257079780593496e12,3.763816144852307e8
5.451052516332175e8,1.7500663184314303e14,1.7260893528126165e12,3.764652751169298e8
5.452742818582512e8,1.7493520923448028e14,1.7258906422437656e12,3.766488110177257e8
5.454865453071548e8,1.7499057043791703e14,1.7252940424087693e12,3.76877396421229e8
5.46245585735491e8,1.7505346928945425e14,1.7394112480069495e12,3.75882265551922e8
5.46238495067329e8,1.7504302466625575e14,1.745346519888022e12,3.799347610395945e8
5.46279042866015e8,1.7502492047174156e14,1.7447220743593948e12,3.7995164163770443e8
5.462191297822915e8,1.7507806457870266e14,1.7461798303382292e12,3.8004151075938493e8
5.4619289837151e8,1.7516056127211578e14,1.747252322873036e12,3.801366037165778e8
5.466173940004373e8,1.7521302640105728e14,1.7476149951853706e12,3.8006843239207065e8
5.469429694334811e8,1.7527996057612153e14,1.7480578804471514e12,4.225799522780517e8
5.480877524945493e8,1.7533561996647125e14,1.7552567424501077e12,4.225310307025875e8
5.486554848757704e8,1.7537220364922028e14,1.7548758922960784e12,4.2266209124104875e8
5.485896539264592e8,1.7552602360124884e14,1.7551035013985823e12,4.205690289606696e8
5.486806162246766e8,1.755811480098233e14,1.7548848073052507e12,4.205635670522782e8
5.484801088678658e8,1.756132196437413e14,1.8118281891055537e12,4.206237631985711e8
5.485710376437618e8,1.755576777414546e14,1.812064191719996e12,4.2088597302296853e8
5.484904958696616e8,1.7551830151790834e14,1.8124190896253323e12,4.208489492782535e8
5.48345976105056e8,1.7579927342218728e14,1.812730809536035e12,4.216836374114342e8
5.705867665995412e8,1.757863280451226e14,1.8124604272133118e12,4.21673985193162e8
5.709316073051648e8,1.7577691749544753e14,1.8122140256304043e12,4.2309048507178897e8
5.708362602847317e8,1.7730881298235538e14,1.8154243467869932e12,4.2365133670570546e8
7.434982003187507e8,1.7767252800411666e14,1.8159609615822131e12,4.2357260655134773e8
7.433667672252455e8,1.776443621953308e14,1.816019788029347e12,4.2367266175982e8
7.433488640244884e8,1.7768720214788425e14,1.8148749809762603e12,4.2412160056646466e8
7.436742242347032e8,1.7788628002981772e14,1.8165948457227986e12,4.2424491593533117e8
7.436464559822388e8,1.7790073880833247e14,1.8157077299945076e12,4.263331884544181e8
7.437745502658074e8,1.7789597230088116e14,1.8191179485946199e12,4.280739263289191e8
7.439354500695399e8,1.7797327659417453e14,1.818729571969162e12,4.2800514168752664e8
7.437787620111282e8,1.7803365331933025e14,1.8197201551108335e12,4.280335958647741e8
7.438815545412083e8,1.7856606523467653e14,1.818893136030532e12,4.2812196784519297e8
7.439041941811634e8,1.785542091691042e14,1.8191581945959211e12,4.2820221767373365e8
7.438817575886467e8,1.7864654825844853e14,1.8201650916399968e12,4.2840263059052473e8
7.441991351495392e8,1.787691401777207e14,1.820427343861434e12,4.286514119365641e8
7.440879881640809e8,1.7901883776690147e14,1.820008536552432e12,4.2879481257332736e8
7.455379810765616e8,1.7911360293290356e14,1.8201847746502576e12,4.287972690837407e8
7.42937944021661e8,1.7922504209533788e14,1.820501797343919e12,4.2872267289916795e8
7.429636476975731e8,1.7991071781866756e14,1.82023756912476e12,4.286794175897241e8
7.432293431930913e8,1.799392615435841e14,1.820105341051366e12,4.286727055385913e8
7.432888557783959e8,1.7993552176258953e14,1.8203930023202761e12,4.2878776830819225e8
7.433149807677544e8,1.799468699994334e14,1.9416628825657327e12,4.290500824076783e8
7.436452822539455e8,1.7997540364799734e14,1.9474372003423037e12,4.289940830275834e8
7.435716667097036e8,1.8007558330799856e14,1.985697928274357e12,4.290500085359972e8
7.435663824586953e8,1.8014519538402512e14,1.9856072989335874e12,4.290186984087839e8
7.440113984284959e8,1.8017496878008328e14,1.9978267505232593e12,4.29124764207791e8
7.440046748440675e8,1.815185098106053e14,1.9978142196413677e12,4.292231272992245e8
7.438821690515283e8,1.8147562363687378e14,1.9974233923855747e12,4.293437968921599e8
7.43985145996912e8,1.8183871457840244e14,2.0000960329383203e12,4.293962570244196e8
7.439807660342712e8,1.818220387832128e14,2.001263317326062e12,4.294977678936541e8
7.441033544333469e8,1.863182371818249e14,2.0039668298049731e12,4.294279744107446e8
7.439890396931578e8,1.8734252080055416e14,2.004298475833924e12,4.293123758551409e8
7.442944423225026e8,1.8733545297320062e14,2.0155550625248667e12,4.2938760199774843e8
8.549533999776114e8,1.8765584188699388e14,2.0201161510845808e12,4.303058372307484e8
8.551668107427967e8,1.8787230364793775e14,2.020380041722124e12,4.303612609128772e8
8.577229965710348e8,1.8787849052575253e14,2.0212604284664539e12,4.312887574788575e8
8.57931050657089e8,1.8791818066093688e14,2.015957103426257e12,4.31215501080476e8
8.583886954863602e8,1.87929260962216e14,2.0156130679361038e12,4.31400999656021e8
8.585940786628627e8,1.8789372484183744e14,2.0162259452236375e12,4.317823471780389e8
8.591027541628848e8,1.8792397747042925e14,2.0166853358919934e12,4.324417805068262e8
8.596416832194548e8,1.8791459913880103e14,2.0178258523930217e12,4.3240735620599073e8
8.59913872676357e8,1.879709622896895e14,2.0167373425320066e12,4.3247912527043426e8
8.602240659997591e8,1.879967886681673e14,2.0176587622697065e12,4.3257228021152925e8
8.604087633563807e8,1.8883783667923944e14,2.0183544266112964e12,4.324294769166636e8
8.605022519407098e8,1.8881939867503603e14,2.0178642772092354e12,4.3237546509965026e8
8.604449443070067e8,1.8901302497699097e14,2.0173595216513047e12,4.32462823462865e8
8.603144901971557e8,1.8884433668665547e14,2.0172030173270845e12,4.328948809843523e8
8.604632993339669e8,1.8888000970742556e14,2.0175051878406572e12,4.329563663164879e8
8.606108840565379e8,1.8891609580272125e14,2.025273308252743e12,4.331025630415509e8
8.598982693240368e8,1.888987785361334e14,2.264349520211848e12,4.3338065833070135e8
8.900258390377114e8,1.8907668652039275e14,2.2646597923358755e12,4.3333007952562135e8
8.900255249657265e8,1.8910083101010772e14,2.2649531754977666e12,4.336228737054354e8
8.898719978323987e8,1.890738459958049e14,2.2649016088496084e12,4.338041199899406e8
8.898454727694389e8,1.8906878794314144e14,2.2642462049593906e12,4.3390448661642927e8
8.898328342632403e8,1.8910609199017516e14,2.2865108179389834e12,4.338570227280148e8
8.901975515552974e8,1.8909552378134294e14,2.287476749677175e12,4.343393366620794e8
8.900790187634085e8,1.8917306227223806e14,2.2878442372136636e12,4.3582954823399293e8
8.896906615057088e8,1.8920063754976972e14,2.28969581889872e12,4.344321006515876e8
8.895776791896036e8,1.8920346853480766e14,2.3424057377032896e12,5.490137049843591e8
8.898119007689009e8,1.8909572303702838e14,2.409873912275239e12,5.489809745348734e8
8.899239615287098e8,1.8945165799623266e14,2.4116391533220747e12,5.490903885967458e8
8.897917640773355e8,1.8942417712192788e14,2.4133991780915005e12,5.58382603199517e8
8.914880709934658e8,1.8942585407973075e14,2.4313214567489927e12,5.583613253459384e8
8.914254815889941e8,1.894104835739717e14,2.451639721904439e12,5.586803937834132e8
8.915400581301564e8,1.8939397864445153e14,2.4545395801052144e12,8.191897537048626e8
8.913866454305377e8,1.8983358571074853e14,2.4586036187893135e12,8.206600306938548e8
8.92674629331142e8,1.9168313535062288e14,2.45957798963484e12,8.205357172081754e8
9.00082429680324e8,1.9189105357617012e14,2.4954547756630845e12,8.212241561551821e8
8.999857100027585e8,1.9324908975144916e14,2.5027897032610605e12,8.210355445661955e8
8.999400913205968e8,1.940891768014964e14,2.5031431944130127e12,8.22460234770322e8
9.001272102652906e8,1.970135740474285e14,2.503960160027582e12,8.226452708719844e8
9.006066545085522e8,1.9431726161569488e14,2.506147059584079e12,8.225303979492707e8
9.012308222188329e8,1.9437226286629144e14,2.5085999385096704e12,8.296229916847868e8
9.013669915834761e8,1.948840214277577e14,2.511005010868118e12,8.297256855384128e8
9.012406667438898e8,1.9507493726026847e14,2.5266541335406753e12,8.30060167056824e8
9.015692886821522e8,1.950891614729731e14,2.5326857638642104e12,8.299631503961731e8
9.022359437676704e8,1.9519357102104722e14,2.593085572533337e12,8.305546222901362e8
9.021114970346435e8,1.9517408323182578e14,2.593143453125976e12,8.366181164811226e8
9.019379963497145e8,1.9555364697720603e14,2.595069214201328e12,8.364057370817771e8
9.024017747628832e8,1.9547302188497153e14,2.594373320387145e12,8.385412472974391e8
1.1371858036254609e9,1.9566348221289806e14,2.7820803025565073e12,8.383182570934243e8
1.142455432029002e9,1.957128436845362e14,2.783013880096366e12,8.385161322886373e8
1.1427356488068452e9,1.9579474895391306e14,2.782492458372694e12,8.475630769472114e8
1.142884178081968e9,1.9579761233920022e14,2.783152695414956e12,8.478778686205055e8
1.1428593409841602e9,1.9585395960430644e14,2.784348637951496e12,7.649396557157819e8
1.1427491305811114e9,1.9588391914277297e14,2.783427057582077e12,7.64684013969136e8
1.142708272792599e9,1.9594660714883328e14,2.7827470973546777e12,7.648007355819677e8
1.1423288304811003e9,1.959774364521988e14,2.786878926640647e12,7.646910550521106e8
1.1424152721159205e9,1.959847525348348e14,2.79004477901311e12,7.655783163375913e8
1.1425739845721765e9,1.9609875930374428e14,2.7910218497196084e12,7.656805546563264e8
1.1425592727020643e9,1.960556502180743e14,2.7893370477332817e12,7.655301071476495e8
1.142491822574468e9,1.960897149159473e14,2.788177327425864e12,7.657297063833811e8
1.1423119374199479e9,1.9608859410587928e14,2.7899606874509717e12,7.667922340796134e8
1.1425852585633833e9,1.9620282428784753e14,2.7904354418619253e12,7.671435571126703e8
1.142652474511794e9,1.962121372954262e14,2.789490064842717e12,7.673533667584437e8
1.1412325554361274e9,1.9623870608399622e14,2.7928917537783413e12,7.796933442179087e8
1.1427906154001794e9,1.9620765839457734e14,3.653718465650845e12,7.798619425645792e8
1.1430916549547496e9,1.962498841132558e14,3.914518419544084e12,7.797689513006442e8
1.1432379051969173e9,1.9632683268354116e14,3.9166347370085996e12,7.796591463475066e8
1.1432342637874508e9,1.9630062143477838e14,3.9178222103101636e12,7.79607350237048e8
1.1431402033646445e9,1.9659464759217053e14,3.9181555126317393e12,7.797441740406947e8
1.144566560522414e9,1.9731120105735872e14,3.920000811509251e12,7.79753579031119e8
1.1444954507552629e9,1.9729921517616012e14,3.9431940642789526e12,7.796943708293511e8
1.1444925705609725e9,1.9726642178396894e14,3.945698901884526e12,7.795519473920128e8
1.146950817244421e9,1.9725225938893338e14,3.944444415906051e12,7.796369755583305e8
1.1471156604140832e9,1.9735762009465188e14,1.9820782556293584e12,7.797201188322533e8
1.149298321029047e9,1.973722297034186e14,1.997877831913363e12,7.799047718391012e8
1.1492845983726354e9,1.973581369941177e14,2.3833444871311543e12,7.806390844748932e8
1.148584718070095e9,1.973266193691071e14,2.3848343707228516e12,7.803914205908493e8
1.1488333887472637e9,1.9734739721377416e14,2.3853197780384434e12,7.806249256929992e8
1.1492572930760398e9,1.99068410966018e14,2.384972250564737e12,7.805897157590839e8
1.148922571093431e9,1.9902257258292647e14,2.384396192009837e12,8.461931363345963e8
1.150398815573897e9,2.0027173043530434e14,2.3847300044825205e12,8.463104386255226e8
1.1504325021227942e9,2.0636123618728306e14,2.3854349903950103e12,8.462160402742008e8
1.1511491123298416e9,2.0626280297877294e14,2.385145032496381e12,8.489842075888704e8
1.1829418675566523e9,2.0629784641650153e14,2.3854865354754507e12,8.489629923679148e8
1.183400591995832e9,2.064760926586661e14,2.3861440899307754e12,8.488706931990741e8
1.1832909643619049e9,2.0645860983669322e14,2.384947602247363e12,8.50487795930923e8
1.1830443309329684e9,2.0661469804415503e14,2.388855725344038e12,8.498555898809692e8
1.1908780683907943e9,2.0682663667548756e14,2.3894804725089224e12,8.498564753243127e8
1.191036118178604e9,2.0681642877154497e14,2.389422941636678e12,8.501067900680758e8
1.1936127586106553e9,2.0684859297230862e14,2.39008144483043e12,8.502226904439372e8
1.1923360642666223e9,2.068686372938561e14,2.390992968150044e12,8.500867968267009e8
1.192974446645174e9,2.0713487979661806e14,2.390731954226128e12,8.510487406682296e8
1.193191656680534e9,2.070851229092576e14,2.390941561192477e12,8.509377840050865e8
1.193154410446571e9,2.0721668839003153e14,2.390831334848005e12,8.509274438582544e8
1.1933405692390597e9,2.0725866649453972e14,2.3915607716392905e12,8.510398413653338e8
1.1932630219993658e9,2.0775931406537503e14,2.3917925037125684e12,8.564084858912833e8
6.642096328641438e8,2.10236063804669e14,2.4316577874631475e12,8.563208242361151e8
6.644140371319168e8,2.102683445400233e14,2.4360896053852734e12,1.0095307790698466e9
6.646064907211522e8,2.103123308946495e14,2.5743370121815864e12,1.0097157583549343e9
6.645476746463728e8,2.1038126995677606e14,2.57830900711012e12,1.0088876374300483e9
6.648664315352731e8,2.1050004157337628e14,2.578463577298683e12,1.0088791939693124e9
6.649099841962146e8,2.105692097707656e14,2.578736424188498e12,2.0455504152182825e9
6.650335867505004e8,2.1063276397712447e14,2.57837333265582e12,2.0453147278858612e9
6.65269806102908e8,2.1165041129560575e14,2.5789431206623325e12,2.0451426532632885e9
6.652603496320615e8,2.1162914069420856e14,2.578665012500352e12,2.0450569115591347e9
6.661206821337916e8,2.1162879403886044e14,2.57803462141192e12,2.044123957396602e9
6.662261326402344e8,2.1174928193647922e14,2.5815329763891514e12,2.044519560565111e9
6.664026021165152e8,2.11712531381931e14,2.5873718774143633e12,2.0440765611911266e9
6.668970479350405e8,2.1182056166472094e14,2.5876964611179043e12,2.0443404712809744e9
6.675736307892531e8,2.1192075378701512e14,2.588672153244445e12,2.046267476310129e9
6.678220628010504e8,2.1192772275932278e14,2.7080702538906543e12,2.0462633748664572e9
6.681005766528747e8,2.118996706521755e14,2.711382640368964e12,2.0454088814937792e9
6.680721041526684e8,2.1193349024412575e14,2.7103317364245586e12,2.045422355013893e9
6.684076643592423e8,2.139741694067889e15,2.710672021958194e12,2.0471643239715495e9
6.683625929396884e8,2.138315379465184e15,2.775847576333634e12,2.0526686918480847e9
6.68447926399477e8,2.144485360236646e15,2.777024269947906e12,2.0532087659677405e9
6.685093088172437e8,2.1448876349664452e15,2.777479027103984e12,2.0535369733895118e9
6.686221317040447e8,2.1444718918440548e15,2.778901990298566e12,2.0539041308144257e9
6.691642673652179e8,2.1482578966297175e15,2.779231403505428e12,2.054348739980848e9
6.691002488412656e8,2.1494670972425672e15,2.7787536497201953e12,2.055040076319087e9
6.690171690922859e8,2.153719804660948e15,2.7791100744234023e12,2.0543858042545066e9
6.693281833149146e8,2.1540260076892912e15,2.7807413198489834e12,2.0541720612846665e9
6.694125095503949e8,2.1544614809359708e15,2.779905786953877e12,2.0546634017929034e9
6.700268327997983e8,2.5061247071166715e15,2.7808520068111123e12,2.0583610778385751e9
6.701562957258044e8,2.506613875026455e15,2.7823535782144717e12,2.0589159152871282e9
6.700887064712523e8,2.508034365781873e15,2.7825089993883384e12,2.0591901180075805e9
6.701803104114841e8,2.508545887049618e15,2.782671851645385e12,2.0592938533458354e9
6.716145485339035e8,2.5089598770670275e15,2.782336664880897e12,2.0592349314784198e9
6.715561210398954e8,2.510722852441318e15,2.782482933215357e12,2.0613365654234095e9
6.714289597681842e8,2.5113830667769285e15,2.7804861939488594e12,2.0749616972653294e9
6.71773311901958e8,2.513236834631885e15,2.780427465147726e12,3.533784820827537e9
6.738589546297457e8,2.513948088261232e15,2.780622796178696e12,3.5344114019360123e9
6.751131767486613e8,2.514760893108898e15,2.780849900418641e12,3.534920664767486e9
6.752390084226022e8,2.5147924611924785e15,2.7814604645474854e12,3.5351641726305976e9
6.760071467997261e8,2.514307540945597e15,2.783297085505551e12,3.5289770377146926e9
6.761091235706209e8,2.5151974919451825e15,2.8095868725186133e12,3.529135978562262e9
6.760276213827273e8,2.5159984001824515e15,2.814283996887208e12,3.5299917463239975e9
6.761453666457409e8,2.5194754682360085e15,2.8148741148164536e12,3.5311954086097784e9
6.761626450769136e8,2.5208661051743035e15,2.81704828123719e12,3.5346402734991393e9
6.783918793622515e8,2.520338406836725e15,2.8176936223390977e12,3.5350903608670845e9
6.788855833447268e8,2.5214772112341115e15,2.8172757651417817e12,3.5358469807520843e9
6.791814021802276e8,2.522261319318349e15,2.8200110670537617e12,3.535829719546798e9
6.79284696025316e8,2.5213505357591085e15,2.8201922128488594e12,3.549716291823992e9
6.791034765712924e8,2.5218395504793435e15,2.8192890727349956e12,3.549818199921925e9
6.790076103134245e8,2.519469203208483e15,2.8192014561104077e12,3.549169640497807e9
6.793509060648595e8,2.533273875659105e15,2.818913930152594e12,3.5496288820593996e9
6.802164282898221e8,2.5344013451049475e15,2.9348583885966064e12,3.5637194173557835e9
6.821451843641435e8,2.535412702598978e15,2.9354951306208467e12,3.562957251657839e9
6.82177058988606e8,2.6375382022812285e15,2.935970647276253e12,3.5638758752052946e9
6.821134104240876e8,2.647960294742374e15,2.936399748998536e12,3.5636348228477583e9
6.823825255767804e8,2.648605594394702e15,2.936971593637141e12,3.5635808319957714e9
6.822981764483259e8,2.655482820683933e15,2.945580724676356e12,3.5627076140052605e9
6.820353401882687e8,2.656255847541551e15,2.945871152518588e12,3.564999755264279e9
6.821857689889778e8,2.6557798563373735e15,2.946393777694182e12,3.5638075126952853e9
6.820954442546599e8,1.2413229975514205e15,2.9646776163568516e12,3.563765554577783e9
6.822166794298574e8,1.241878399765259e15,2.9668765697654966e12,3.563319260458401e9
6.823217144510183e8,1.24178487471644e15,2.9663756915858003e12,3.5642755880066395e9
6.820723021403322e8,1.2420513206372422e15,2.9673105532680977e12,3.5685809016759434e9
6.911569075117905e8,1.2423445290272602e15,2.9674024876657666e12,3.5690771467936335e9
6.910478684334605e8,1.2434518127867488e15,2.9674867505296587e12,3.571749185794254e9
6.918493806182772e8,1.2436389486900325e15,2.9670019606573125e12,3.577685565650954e9
6.918203707674537e8,1.2439207733820748e15,2.9675179154679185e12,3.5771868304358335e9
6.920561315954062e8,1.2437370133895595e15,2.967116664950245e12,3.5765370945149817e9
6.927511806225935e8,1.2444554534670335e15,2.968665185778278e12,3.5804758801809535e9
6.928496189027319e8,1.2442974997227285e15,2.9804975016129497e12,3.582542410859119e9
6.926124532296933e8,1.2434041873289395e15,2.981107524600801e12,3.583331194352448e9
6.92720799866923e8,1.244013857670553e15,2.980840108548988e12,3.582667037782119e9
6.922085389394326e8,1.244317469665402e15,2.980628063104983e12,3.5826465675453653e9
8.183471200930972e8,1.268672535189564e15,2.9807031247345547e12,3.587034832255314e9
1.1476643112763903e10,1.2688820789426258e15,2.9805257790905996e12,3.5878010929011283e9
1.147589489166439e10,1.2690473523592175e15,2.980919843748948e12,3.6000160473293576e9
1.147450606347175e10,1.2696463880804425e15,2.9805216466547407e12,3.596249593261064e9
1.149662556916104e10,1.293639873699902e15,2.9809811676182275e12,3.6142157982312717e9
1.1501649410239037e10,1.2960674565969648e15,2.9920447856982e12,3.6142557276539865e9
1.1500919307756971e10,1.2957649977179575e15,2.9923039044028135e12,3.6147060985950603e9
1.150035197648407e10,1.2959332565843292e15,2.9857370226240405e12,3.6157291418770995e9
1.1500661841867702e10,1.2980458128187058e15,2.985993519954824e12,3.617248192636624e9
1.1499997543197573e10,1.2985988314738888e15,2.9872431591534077e12,3.6169181822425733e9
1.150053406485074e10,1.2980449066345688e15,2.9882698020833843e12,3.9877044589180365e9
1.1501981447451942e10,1.3011312870190912e15,2.988714058170314e12,3.987147534416408e9
1.1503428905013168e10,1.3010180981786085e15,2.995064722623259e12,3.986946130782212e9
1.1501312996918446e10,1.301544899864521e15,2.9953900551232236e12,3.987698245042967e9
1.1490798802619331e10,1.3012921765578152e15,2.9953077568239976e12,3.9875683080101323e9
1.149327440897081e10,1.3014997141868098e15,2.9952078641050303e12,3.988244917524619e9
1.1495080726021717e10,1.3016515412164195e15,2.9943878356732944e12,3.988897288326564e9
1.149682883848574e10,1.3018158550463295e15,2.99650673510883e12,4.817543159667712e9
1.1501438959176529e10,1.3018509822964188e15,1.0060337542720416e13,4.818158636299634e9
1.2256828645873302e10,1.3021035639447218e15,1.007212731224472e13,4.819399894692449e9
1.2252248170929329e10,1.3037319755872402e15,1.0073817356886234e13,4.81982264625049e9
1.2254301446220894e10,1.304100189933619e15,1.0072626268365506e13,4.819953877148136e9
1.2266897811610748e10,1.3044937899338815e15,1.0073976788243643e13,4.822423168425802e9
1.220671096725095e10,1.304922437609216e15,1.0075558060509523e13,4.842818325895943e9
1.2205005227371288e10,1.3048293905134362e15,1.0077426836024115e13,4.843514596052661e9
1.220688322745144e10,1.3051028483850032e15,1.0078176993812145e13,4.86677873130613e9
1.2206543928218662e10,1.3056853561189782e15,1.0079650453058287e13,4.8671470590941925e9
1.2221409293075676e10,1.3060086791198465e15,1.0081920663973705e13,4.865934692243592e9
1.2222237581096151e10,1.3055334375323832e15,1.0088412359648045e13,4.868746807341723e9
1.2232725260185265e10,1.3058160808821498e15,1.0086719496126295e13,4.869367954667514e9
1.2239479255482134e10,1.3055798106440195e15,1.0092630432733629e13,4.871061531027156e9
1.2292500602889162e10,1.3054745486270075e15,1.009829935979165e13,4.871076673540151e9
1.2297731112798552e10,1.3060694190009718e15,1.0097823171912605e13,4.8725149905790415e9
1.2305824051660242e10,1.307140360061309e15,1.0097625400731871e13,4.872362437213996e9
1.2352361284243843e10,1.3082113401876522e15,1.0111771613710738e13,4.87382086434557e9
1.2353100502341686e10,1.3093987525901102e15,1.0066560894763748e13,4.996728034471008e9
1.2352749636832083e10,1.3513638912230495e15,1.0067114383371395e13,5.003369145455411e9
1.234953677373382e10,1.3513315130812828e15,1.0037496589119729e13,5.002417967432571e9
1.2351944870264193e10,1.364856862561123e15,1.0034730569168338e13,5.01576620656967e9
1.2346708005640924e10,1.348537293378969e15,1.0034077384341275e13,5.019675713973078e9
1.2348699741469152e10,1.3484760472319818e15,1.0036002839435127e13,5.016751505378037e9
1.2575261419814045e10,1.351703144923891e15,1.0035696703066115e13,5.019897869849335e9
1.2577334704642042e10,1.352326210154216e15,1.003439300355731e13,5.017526163176255e9
1.260655648898222e10,1.352274026162419e15,1.0035792247051598e13,6.510744364548543e9
1.2606540503142849e10,1.3615491682900488e15,1.0041512797413271e13,6.533795192794589e9
1.262309459607586e10,1.361746857967849e15,1.0046717808381752e13,6.53237532958359e9
1.2622986486637306e10,1.361505969374455e15,1.0052020737520766e13,6.61679536664925e9
1.2625287607686022e10,1.3617120364938172e15,1.0051862020307756e13,6.615551195693396e9
1.2627378747855337e10,1.3619060376187998e15,1.005318421514692e13,6.61920441435371e9
1.2629118028620224e10,1.3626663941235708e15,1.0050898128659035e13,6.634564145250946e9
1.3026770280963327e10,1.362555073991e15,1.004882197904084e13,6.631245354114712e9
1.3029963508474844e10,1.3630093334257955e15,1.0053395406033027e13,6.630716349541843e9
1.3030032551551577e10,1.3635029369266385e15,1.0055236948284727e13,6.6321330155651455e9
1.3029662377200699e10,1.363686792453493e15,1.006408537177833e13,6.631127722477693e9
1.304660454713889e10,1.3634445827960008e15,1.0065557132909418e13,6.630426173028768e9
1.304663069558943e10,1.3632674924914652e15,1.0069343833375602e13,6.631218944714367e9
1.306277146751489e10,1.3643941438317942e15,1.0072498821039021e13,6.634937856187671e9
1.3071549399004805e10,1.3642508279658528e15,1.0071475776238477e13,6.698914173129135e9
1.3070125988859682e10,1.3642227358739902e15,1.0072943779606021e13,6.701636202462151e9
1.306788262580045e10,1.3641974679133818e15,1.0068111348539658e13,6.702071650058154e9
1.3075217100511175e10,1.984278259928614e15,1.0086236574339506e13,6.703164196458839e9
1.3080687520149693e10,1.9844373813150338e15,1.0085437900049998e13,6.706321481504287e9
1.319227982352264e10,1.984984042163262e15,1.009137819903943e13,6.705337060482541e9
1.3165220810462385e10,1.9886580667034768e15,1.0093997369255986e13,6.705701253807331e9
1.3166971604738176e10,1.9932431895903562e15,1.0093209543749932e13,6.743358365871265e9
1.3180423258817705e10,1.9930648810690128e15,1.0095262807818152e13,6.742908682842578e9
1.3181065566688139e10,1.9929838941844038e15,1.0095375102538645e13,6.74526009186598e9
1.3201497824986473e10,1.9928207789130942e15,1.0094314029438686e13,6.74799752345906e9
1.3197002836336409e10,1.9925944509077742e15,1.0097220774668457e13,6.767789520012971e9
1.3197112753302765e10,1.992685666247401e15,1.0103041744351725e13,6.769571161208259e9
1.319664908690297e10,1.9934877662822088e15,1.0112510782117727e13,6.766375657324963e9
1.3199717537680342e10,1.9936204707835895e15,1.0115256926026893e13,6.76724871603414e9
1.3197335587111471e10,1.994011836369684e15,1.0121432275640396e13,6.777559399032935e9
1.3200724051825417e10,1.9943395490854202e15,1.0118625987017648e13,6.776407678700393e9
1.3134925655122307e10,1.994619502989665e15,1.0123150630807904e13,6.784185004875556e9
1.313797483131481e10,1.9936845566223138e15,1.0121523699590307e13,6.783491377067222e9
1.3141034691021957e10,1.994066983017123e15,1.012053129786711e13,6.786097194269484e9
1.3153765117727032e10,1.9938668431607622e15,1.0123384196260898e13,6.854408627608403e9
1.3152159209896454e10,1.9949312691229528e15,1.0127328540081814e13,6.8532586222494e9
1.335188253865054e10,1.994803295782619e15,1.0125739648869771e13,6.860280619697709e9
1.3351206266418303e10,1.9956967636741928e15,1.0124233714995217e13,6.859011393234365e9
1.3386866865198284e10,1.9960035369866028e15,1.014857618814896e13,6.860071424296148e9
1.339390222987424e10,1.996586556513989e15,1.017219731611009e13,6.86144253332099e9
1.340654861124054e10,1.996356194231345e15,1.0177412435956783e13,6.860398708469878e9
1.340677047826908e10,1.997431888238018e15,1.0176287625979518e13,6.86764563821151e9
1.3410731867180532e10,1.9978594399472975e15,1.0175637820977873e13,6.964016967216103e9
1.3415038982501863e10,1.9978145183803978e15,1.0177117582589688e13,7.063249671124572e9
1.342058826493086e10,1.9997683282595348e15,1.025088809575768e13,7.11519495328214e9
1.3529086561136797e10,2.024060464499968e15,1.0250906879815502e13,7.496027847271638e9
1.353062532899672e10,2.02451818168833e15,1.0249925314468297e13,7.508982361522556e9
1.3532554418360435e10,2.024409982345126e15,1.0256743842562027e13,7.510168891174975e9
1.3530989483569466e10,2.0246010379639575e15,1.029282130292373e13,7.508159045502268e9
1.3530642523500036e10,2.02436990013718e15,1.0289955784602617e13,7.506466360137555e9
1.3606966762825197e10,2.5223600036802865e15,1.028880972743862e13,7.511546796235584e9
1.3610732305305845e10,2.5227068797616775e15,1.0287151755119402e13,7.519686909246479e9
1.3611860055139517e10,2.5231863966585675e15,1.0286712376446354e13,7.524628424279796e9
1.3617418763017012e10,2.522830021568533e15,1.030122363699707e13,7.525909319394015e9
1.361474582147638e10,2.523158166939919e15,1.0308599476350715e13,7.536509174425801e9
1.3614206140371395e10,2.5230801797015885e15,1.0310869269255432e13,7.537712883670945e9
1.4294215521837774e10,2.523181633356099e15,1.0312904274471066e13,7.532586381662241e9
1.4295392028723764e10,2.5222330816618695e15,1.0312417060993717e13,7.529927968881493e9
1.4313394549971905e10,2.52594627831521e15,1.0315710754788453e13,7.883853219555088e9
1.4314211549482996e10,2.550573933100985e15,1.031856288391256e13,7.88193546306773e9
1.4316682293999975e10,2.5509988683920865e15,1.0319958659594176e13,7.881520626724368e9
1.4335383559018028e10,2.5508002374825035e15,1.0390738714879627e13,8.435993598628774e9
1.4332541779256151e10,2.549013340588571e15,1.0396328143006541e13,8.447653070724105e9
1.4333401477511147e10,2.5493312806652175e15,1.040153947749795e13,8.460199451811338e9
1.4331864508990387e10,2.5630111950347165e15,1.040784051974038e13,8.463455235804678e9
1.433655515756401e10,2.586295256106542e15,1.0409308387134777e13,8.464752022255216e9
1.4338663033061829e10,2.589522240976127e15,1.0411595789158797e13,8.46066883635777e9
1.4339615726185902e10,2.577104164925073e15,1.0411284867752525e13,8.459306335070578e9
1.433761620323629e10,2.5128524151745875e15,1.0409680549249246e13,8.459633274641903e9
1.4341354006807621e10,2.5126158036345555e15,1.0411730897049797e13,8.4618813367014265e9
1.4342244207684753e10,2.513184030770715e15,1.041993095974193e13,8.459515862093986e9
1.434261409383405e10,2.512751823047427e15,1.0419216402401926e13,8.4622935049702635e9
1.4343706893279106e10,2.512665549827162e15,1.0419222665843031e13,8.46438390374875e9
1.4353187324574516e10,2.5127618530409165e15,1.0418533862088223e13,8.470092199089975e9
1.434324885154295e10,2.512571879051354e15,1.0418033336749588e13,8.47730724774888e9
1.4342549598552004e10,2.51238051504655e15,1.0425410800497305e13,8.395630310275384e9
1.4340388619546265e10,2.5144784882600055e15,1.043071146325617e13,8.397056703305309e9
1.4342324797068449e10,2.5152742287645555e15,1.0417191405195225e13,4.757408325212599e9
1.4351443796695234e10,2.515340268778229e15,1.0420928762923902e13,4.764114041782702e9
1.441057547174701e10,2.517275858216304e15,1.057832146616831e13,4.764875184152248e9
1.4419848037851562e10,2.5152910561227745e15,1.0578105330884057e13,4.765946285385119e9
1.4428404442598522e10,2.5149580076628785e15,1.057672412148595e13,4.763762335018997e9
1.4427985799919682e10,2.5155997423869155e15,1.0576644847344857e13,4.762833926172187e9
1.444060527192335e10,2.6417842466320395e15,1.0576663755784143e13,4.762434114412449e9
1.4445834333149256e10,2.6418745053611925e15,1.057560289411412e13,4.763632887862481e9
1.4444614222241692e10,2.6415312934095765e15,1.0574796551738047e13,4.764004130555384e9
1.4445146305086708e10,2.764531595267408e15,1.057531038997924e13,4.767247862727352e9
1.4459739427746414e10,2.7673357234888925e15,1.0684963556120639e13,4.769137141955901e9
1.4459374963231989e10,2.7696861350520865e15,1.0670363931345549e13,4.785396636740646e9
1.4457751268881784e10,2.7699107612022355e15,1.0667937790796348e13,4.790141892038193e9
1.4456700923609623e10,2.769491825457242e15,1.0669285965273973e13,4.791358671680144e9
1.4454445711311329e10,2.769627473402563e15,1.067259083738969e13,4.792058975622208e9
1.4445989610239553e10,2.7693610809885805e15,1.067480196739472e13,4.792749234706159e9
1.4465502121085123e10,2.769747254758104e15,1.0674942495836947e13,4.791446899014073e9
1.4462158933553375e10,2.769881311919474e15,1.0679461396482777e13,4.788958606033913e9
1.4491103375913984e10,2.769376053481182e15,1.068325878217732e13,4.789566402963393e9
1.4493148878146606e10,2.770514197247965e15,1.0689377181114277e13,4.800479221978664e9
1.4495628772954924e10,2.771016062754524e15,1.0699821447495893e13,4.803188497359557e9
1.4500123432591808e10,2.89772833357832e15,1.0701173164445723e13,4.830480554459229e9
1.4498692524176247e10,2.898014309700694e15,1.0807165542553742e13,4.844006579727244e9
1.4500455210673738e10,2.8978820456784625e15,1.0806537087096111e13,4.844591548127947e9
1.4545638763893522e10,2.8978937107456655e15,1.080736300755238e13,4.845693379932455e9
1.4550145246045095e10,2.897511309953952e15,1.0831179785846879e13,4.847533563543424e9
1.4548220795093536e10,2.8973187335188055e15,9.639657746820125e12,4.845678494374193e9
1.4548131622430307e10,2.8976985908808155e15,9.640293370438805e12,4.851521781355446e9
1.455055302979198e10,2.8981337608214145e15,9.642397655823639e12,4.854291447391716e9
1.4553677627490992e10,2.8987767890330225e15,9.671424505815662e12,4.880322651661007e9
1.4557403236865456e10,2.8987915073414835e15,9.668558794601594e12,4.885222926106382e9
1.4560931946045895e10,2.933513745348729e15,9.66740774827032e12,4.890444748295481e9
1.4560565548669651e10,2.936756658025514e15,9.664493602366943e12,4.891990358678581e9
1.4574016953810976e10,2.936678561840518e15,9.671651644461295e12,4.890254952789255e9
1.4573396493229239e10,2.939309581036891e15,9.672057652132068e12,4.891453527074424e9
1.4587635219848042e10,2.938632832651071e15,9.673542995008377e12,4.890625796029896e9
1.9514438054787895e10,2.9391046572478225e15,9.677242546226518e12,4.889504985024154e9
1.9508783200171677e10,2.9399476752665175e15,9.678399980978797e12,4.894796243527568e9
1.9508065401601746e10,2.9404102580883035e15,9.680245608171193e12,4.891303235823803e9
1.9508424162054485e10,2.9270746665367745e15,9.680816867769824e12,4.902912231549363e9
1.9506813702421825e10,2.923732728741479e15,9.682996002873232e12,4.904328417011257e9
1.9509770907174427e10,2.9256052057263105e15,9.6843435672278e12,4.904948172988497e9
1.9516465491068745e10,2.9256908057659105e15,9.686692321590166e12,5.131692569285729e9
1.9520466957865345e10,2.927054414000708e15,9.690602836916303e12,5.12775424308304e9
1.9497338790512054e10,2.9343949888692685e15,9.6898699207723e12,5.135218814725214e9
1.9465071449697636e10,2.9356657491902995e15,9.695531660872648e12,5.131757677354934e9
1.9463014808393063e10,2.935460240488342e15,9.695039135289477e12,5.133232145785621e9
2.05613337135463e10,2.9541887803338565e15,9.701121661583627e12,5.133844106078013e9
2.0551969837159523e10,2.954869359102462e15,9.704687436764281e12,5.132717425516551e9
2.0555145500514076e10,2.9551483410890985e15,9.703415305372383e12,5.131524201456508e9
2.05522497192808e10,2.9550991560463625e15,9.706390943936914e12,5.134666649377503e9
2.0552870277563545e10,2.9554208496119785e15,9.706847810196814e12,5.137335492438349e9
2.0553168500280895e10,2.955449218960616e15,9.717464659540787e12,5.140272919182589e9
2.0558994494929943e10,2.955894838566818e15,9.715227660080166e12,5.157767007732273e9
2.0578405083805862e10,2.957465918699225e15,9.715797077752934e12,5.315463842209649e9
2.058044872977503e10,2.9573542553772535e15,9.714820306194717e12,5.314495430617622e9
2.0640672859644165e10,2.9616746556191355e15,9.713655315384904e12,5.530754080983811e9
2.0767973465750965e10,2.961978803075543e15,9.7543680402297e12,5.555344289820246e9
2.0762994622620743e10,2.9683430002076565e15,9.752969280153303e12,5.558620003425457e9
2.0773146412830032e10,2.971428451208098e15,9.76617645399249e12,5.561721725946702e9
2.0791473142846363e10,2.9710705957689285e15,9.767799713939566e12,5.596001991848783e9
2.079269118968293e10,2.9704680472489655e15,9.769653918476193e12,5.595629389036922e9
2.0789292683793095e10,2.970088867871248e15,9.774196934126367e12,5.596360908764208e9
2.0817504450637936e10,2.9697411417068455e15,9.771744786961709e12,5.597137501117602e9
2.081940508542244e10,2.970051031766458e15,9.786921929507572e12,5.598211593472365e9
2.08086319170767e10,2.9937353456241085e15,9.789603092926809e12,5.576935233341282e9
2.0829727886054817e10,2.994493101537726e15,9.78904185366482e12,5.584507378604978e9
2.083078775551594e10,3.011725227873484e15,9.793334117925154e12,5.58425864602639e9
2.083438893303231e10,3.01237908447728e15,9.794580146301654e12,5.586591063187686e9
2.0829770310865143e10,3.013646686818827e15,9.80206367989744e12,5.587444793828403e9
2.083440662984555e10,3.014263782097943e15,9.803862364863127e12,5.772146681419171e9
2.08327729938307e10,3.0144905228219975e15,9.809608115791809e12,5.773720883210454e9
2.086737375092898e10,3.014379569586393e15,9.804975136956078e12,5.775090117907386e9
2.0850737275849293e10,3.014277689085735e15,9.807929821948273e12,5.777618677676766e9
2.084801811178941e10,3.014378704254059e15,9.808166792645297e12,5.77959339407162e9
2.084469525597514e10,3.0141026149534545e15,9.810446142851018e12,5.810907477113564e9
2.115677536037736e10,3.0145729763321665e15,9.811678211950484e12,5.810528282007775e9
6.863974834281764e8,3.015331943011673e15,9.813089754203174e12,5.816022647471921e9
6.866042351525099e8,3.017467492533771e15,9.828579992087188e12,5.815059280694563e9
6.861595167564359e8,3.118993720359832e15,9.829906316354371e12,5.815819004151996e9
6.863042409276274e8,3.1202738781546155e15,9.832293092310502e12,5.814615675292894e9
6.864085432978371e8,3.212830940349596e15,9.95860514093695e12,5.819811161963093e9
6.862339648628563e8,3.212417077875283e15,9.965634791966764e12,5.825120818667152e9
6.863213320795951e8,3.212521171156794e15,9.974261546819863e12,5.823504776201062e9
6.888969476221415e8,6.636487639403503e15,9.97245759369182e12,5.821869461113995e9
6.892161859552631e8,6.671474913445356e15,9.972126951724973e12,5.82294763782103e9
6.893823617138143e8,6.679925700126285e15,9.970781443979055e12,5.823921884358913e9
5.805297242184703e9,6.680837599239547e15,9.970345153007494e12,5.82372753570548e9
5.811974433912763e9,6.681880974190868e15,9.975171592398701e12,5.824614201715761e9
5.811147224635533e9,6.677607786322141e15,9.977442846639555e12,5.825288126147507e9
5.814254084923043e9,6.667462928162475e15,9.977330756914168e12,5.8284574375021305e9
5.814997105410559e9,6.668549529358662e15,9.981521640731125e12,5.827807015126759e9
5.823171547314254e9,6.700490029366084e15,9.981061023952021e12,6.207318643564499e9
5.823038168547434e9,6.701645162652198e15,9.98445041952879e12,6.213606033443655e9
5.822797528367905e9,6.703531494793448e15,1.0251162903995383e13,6.213993425441179e9
5.820168319093943e9,6.704990490015004e15,1.0254543027867855e13,6.215980489372475e9
5.817084218256743e9,6.704909132875466e15,1.025468566550158e13,6.213212849676558e9
5.8185654838953495e9,6.749642452256457e15,1.0414909154728023e13,6.247435430186051e9
5.817847506335288e9,6.747838149674957e15,1.0414087605851445e13,6.514061446576138e9
5.816998323182722e9,6.754544294297663e15,1.0413004869165344e13,6.555233122939871e9
5.817704918934552e9,6.755542705572309e15,1.0412848763482828e13,6.55740180122263e9
5.818993530571266e9,6.756738887402977e15,1.0419642468801865e13,6.556577013523093e9
5.819405623126274e9,6.842898782263164e15,1.0421930794886021e13,6.558876975801791e9
5.822146333861599e9,6.845040824659362e15,1.0449633408966041e13,6.600385967652625e9
5.825278602178475e9,6.846023971221094e15,1.0453376881759596e13,6.644687437208878e9
5.825233684347579e9,7.474193543253419e15,1.045387631130637e13,6.641616811774758e9
5.824426020047223e9,7.475818320302632e15,1.0460779857543043e13,6.645514263012779e9
5.827071610112295e9,7.476807937717209e15,1.0463070218944607e13,6.6496668059359255e9
5.8263015740263605e9,7.478068350376801e15,1.0481839638546805e13,6.649739694223249e9
5.829949029819957e9,7.809494112639697e15,1.0486880356906404e13,6.65120766084614e9
5.829620405331449e9,7.811611978672191e15,1.0548806113426764e13,6.647214816161689e9
5.831053791338719e9,7.809604868798779e15,1.0550956474624312e13,6.65086127710612e9
5.830231076745043e9,7.824330581018547e15,1.05533197240962e13,6.649349254497218e9
5.829342036086502e9,7.826431588042485e15,1.0552999974933848e13,6.651050248982266e9
5.83021544017217e9,7.827874747426272e15,1.0551059436553242e13,6.645748929726335e9
5.831020009533217e9,7.829170194010333e15,1.055119340422605e13,6.646839524255075e9
5.833790080655137e9,7.831213100068719e15,1.0549992997303018e13,6.647693527856709e9
5.8330591039383335e9,7.817288688351669e15,1.0553397725571209e13,6.647770062484651e9
5.833868374115502e9,7.815288666047995e15,1.055483990508366e13,6.637531058437288e9
5.835724126520901e9,7.812803852812456e15,1.080304196875622e13,6.657957395004007e9
5.849457847563489e9,7.816453093894978e15,1.0806846969683568e13,6.660678312077824e9
5.84822962542304e9,7.823865010737202e15,1.0809851083446197e13,6.663774497302653e9
5.852753122823584e9,7.828215146850574e15,1.0812435165353262e13,7.190142404859083e9
5.903977791834928e9,7.829967344463678e15,1.0821105388002072e13,7.193071669846821e9
5.91732325384632e9,7.90435741237025e15,1.0820244610824535e13,7.419423539124566e9
5.932208025411258e9,7.89462600428619e15,1.0821280688613416e13,7.418907824267123e9
5.934317777856186e9,7.900221151598799e15,1.0822948012363408e13,7.418900679246887e9
5.941123575390188e9,8.578639857807505e15,1.087024701005328e13,7.417450524820959e9
5.941441091061583e9,8.581212358850785e15,1.0871857627705922e13,7.416790110099874e9
5.943147741841607e9,8.582583738214363e15,1.0850275741552004e13,7.41687068104375e9
5.927019301560386e9,8.614725213346407e15,1.085180267133832e13,7.414569072037275e9
5.927857965224793e9,8.615872327641713e15,1.0851898309688324e13,7.414296537579545e9
5.92720230460147e9,8.62074972642224e15,1.0847128401924727e13,7.414020787201366e9
5.928230139022593e9,8.609341301156767e15,1.0930755894248027e13,7.41285660646643e9
5.930946154426805e9,8.60738045537932e15,1.0931471849167781e13,7.412400367174085e9
5.932909111583362e9,8.608750281745653e15,1.0932092182710238e13,7.412646811025917e9
5.934298423065765e9,8.607238612157161e15,1.0936381130998477e13,7.426023352629196e9
5.939906761433162e9,8.608533206718615e15,1.0945214067979174e13,7.4375424828405075e9
5.94090522458277e9,8.612015340351194e15,1.0945191567075979e13,7.438957164240801e9
5.948012013628347e9,8.613758990393718e15,1.0945857996208668e13,7.437749396983042e9
5.949398487050664e9,8.615700876618217e15,1.0947760808997604e13,7.487512056146353e9
5.949412971776303e9,8.61867182096158e15,1.0951636378193998e13,7.487239923751067e9
5.948728690639176e9,8.618887687171583e15,1.096407489390074e13,7.486634852717414e9
5.948437579181359e9,8.62035280520004e15,1.0969381085009396e13,7.486850899387111e9
5.950054433783298e9,8.623017704977645e15,1.0971533188593229e13,7.48575377710063e9
5.952135721883746e9,3.817296688223151e16,1.0972840468007127e13,7.489894526787203e9
5.954765993112519e9,3.835775954066742e16,1.0972217844641604e13,7.527828613926842e9
5.982900731496449e9,3.836874246641114e16,1.0975782150019967e13,7.516086283656697e9
5.983872606495836e9,3.83656826653479e16,1.097276205505373e13,7.644626163653808e9
5.984652841517823e9,5.597133189706128e17,1.0970053253550645e13,7.664015553248455e9
5.986625116523694e9,5.5971244711209056e17,1.0971702913106475e13,7.67215598034309e9
6.054986429670789e9,5.603748131868017e17,1.096710016757751e13,7.669570195953654e9
6.062791549360235e9,5.58059400454888e17,1.0980002561337338e13,7.668582531392998e9
6.0635658598706255e9,5.575837256956107e17,1.097530722923519e13,7.674300094865028e9
6.063277551953188e9,5.5781162408887174e17,1.109526908887551e13,1.3700730509198778e10
6.0632386365656185e9,5.5777263305098694e17,1.1094754740060652e13,1.3710934169875172e10
6.064714757919748e9,5.578159612404863e17,1.1097808710374945e13,1.3708079808772505e10
6.061745561600878e9,5.5769939666575123e17,1.1098315422576912e13,1.3709994315669735e10
1.3998614874432817e10,5.5777424965509766e17,1.1178764624991371e13,1.3715717818235617e10
1.3996823216870428e10,5.578749227866475e17,1.1180648898597633e13,1.3717232744559034e10
1.4003755761063189e10,1.5188791187130524e18,1.118319439110632e13,1.541273665878195e10
1.3999632570200426e10,1.5188492703469194e18,1.118255665693874e13,1.5411575605290596e10
1.4005442006409994e10,1.5190911058219564e18,1.1184282245595992e13,1.5402678295427128e10
1.4067270836268957e10,1.5200937740193487e18,1.1185768989965295e13,1.5445007125619434e10
1.4065218761587782e10,1.520356075495227e18,1.118510546164485e13,1.5439986341045279e10
1.4066616037502907e10,1.517752109982448e18,1.119134074518513e13,1.3162875275463037e10
1.406806617464764e10,1.517529423128374e18,1.1203129591533264e13,1.3162759468307802e10
1.407149546003706e10,1.5251822968430915e18,1.1202444222908416e13,1.316434002053655e10
1.4126644721194023e10,1.5255927518503452e18,1.1201578937073988e13,1.3164880651777782e10
1.4125061836797617e10,1.5257305515937295e18,1.1188732906913896e13,1.3163735487701864e10
1.4122351410987072e10,1.525830596547648e18,1.1187004684558264e13,1.359574163087136e10
1.415287016177441e10,1.525663728836745e18,1.119257040648014e13,1.3593725000018679e10
1.4155577532644434e10,1.5265148651916058e18,1.1201324821827531e13,1.3597905389770107e10
1.501570977644607e10,1.5266527878671414e18,1.1225475395673092e13,1.3597934576153255e10
1.501974314125144e10,1.530012151184152e18,1.1223281377806305e13,1.3595508520222893e10
1.5025239266677986e10,1.53055772169858e18,1.122623522330057e13,1.359308430364664e10
1.5029347425283846e10,1.5402473147905377e18,1.1225522080793842e13,1.3607348993940407e10
1.5037260000704714e10,1.541040466232337e18,1.1228092773934209e13,1.361132589155427e10
1.5086883733764275e10,1.538644958277218e18,1.122642719732238e13,1.3614041350405348e10
1.5143990714092989e10,1.5416503668495985e18,1.1225462802428574e13,1.3858305994534739e10
1.5148400682452595e10,1.541929520189586e18,1.1227418583147105e13,1.3865879085356789e10
1.517313704446445e10,1.5420584948253893e18,1.1227596029453402e13,1.3883428662163874e10
1.5176919513552126e10,1.5423173144212623e18,1.122535070171481e13,1.3885327960862982e10
1.528812139719439e10,1.5424721873926659e18,1.12268043021612e13,1.3879019308836573e10
1.5286329192484856e10,1.5436381926390295e18,1.1234983467458174e13,1.3881374104414837e10
1.5285333438637455e10,1.543845139182585e18,1.123445145263755e13,1.3838295493833559e10
1.528340476531307e10,1.5634563455978473e18,1.12368005678844e13,1.3839129762701994e10
1.5694134681281492e10,1.5639620131697838e18,1.1238266636660688e13,1.3837450121117899e10
1.5775203693220882e10,1.560698843344361e18,1.1447274515444162e13,1.3839889764943783e10
1.5775395123777227e10,1.5624537453831936e18,1.1450522931678885e13,1.38448351922412e10
1.5783145851489374e10,2.0909764337064407e18,1.1452263740387395e13,1.3858157375729511e10
1.5755057661978903e10,2.097249730984592e18,1.1466172819605049e13,1.3879928743099348e10
1.5757043427884974e10,2.0972458216256092e18,1.1467767694046604e13,1.3891269784869e10
1.723602086920367e10,2.0971512400628088e18,1.1469527496442605e13,1.389321855268042e10
1.723510689040065e10,2.097490227579311e18,1.1478123266940145e13,1.388828118686704e10
1.72331044174777e10,2.1065456356856924e18,1.1487305465754193e13,1.3891180982570816e10
1.7240856612318157e10,2.1069334344630223e18,1.14988875769356e13,1.3891248314073418e10
1.724488830438496e10,2.1073890934659103e18,1.1498777065239818e13,1.3891244187342068e10
1.7251126368113808e10,2.109393685844458e18,1.1586558538490578e13,1.3876688874578167e10
1.72639475378711e10,2.1091701499020168e18,1.1586114637438025e13,1.3894640444714338e10
1.726479488085974e10,2.1091660106653248e18,1.1599272252496074e13,1.390386344454182e10
1.7261697373908985e10,2.1212941365124887e18,1.1603036366349354e13,1.3916422653038956e10
1.7276093994729427e10,2.1218718322284992e18,1.1604088366784115e13,1.3920038389968824e10
1.7271295341194557e10,2.1216088609585925e18,1.1606631452367258e13,1.3922267097698711e10
1.72835113453312e10,2.12144595809414e18,1.1602824016573148e13,1.3919975163872267e10
1.7198695883793602e10,2.1219441957501565e18,1.1613268392831633e13,1.3928267775732088e10
1.720014820158921e10,2.121170885385059e18,2.8132449218724775e12,1.4124877286762049e10
1.7204270356599777e10,2.1278212294548485e18,2.815518984972007e12,1.4126085628171381e10
1.7211088982812584e10,2.127873311197947e18,2.815152320682501e12,1.4127823790388266e10
1.7211836796897522e10,2.129175167417536e18,2.8233312454391094e12,1.4128202415619738e10
1.722349498203812e10,2.130789007669195e18,2.8228743108932407e12,1.4130037630654161e10
1.7248006224416737e10,2.1310812348206743e18,2.822696669110273e12,1.4129893340188976e10
1.7359704137395428e10,2.1323785524434888e18,2.822449807319887e12,1.412606335214923e10
1.7381790712781937e10,2.1193197897389588e18,2.8239128857219946e12,1.4127905111016685e10
1.738471670802383e10,2.1190039766063145e18,3.99963090311055e12,1.4125459339131506e10
1.899627406619456e10,2.1187359091694461e18,4.065647431135557e12,1.412948747372998e10
1.900297088193981e10,2.1191480886259517e18,4.0613399008973936e12,1.411894992991282e10
1.9009407796978676e10,2.1187636361739538e18,4.0599148160780737e12,1.4120814917820515e10
1.9015584420222206e10,2.1190691033701555e18,4.076750947760833e12,1.4107335040771309e10
1.9017779390404316e10,2.1178608079794877e18,4.0650464827462056e12,1.4445248871107086e10
1.9044087940681652e10,2.118158678837286e18,4.08658213772231e12,1.4463610974516586e10
1.904711747083623e10,2.118414973677997e18,4.0867239261238584e12,1.4464681646661201e10
1.9060316070407352e10,2.1170479241822226e18,4.0904479151054937e12,1.4468022343361723e10
1.9070977708669556e10,2.1174898982453143e18,4.099835141185613e12,1.4467005345151424e10
1.906865802725174e10,2.1217166684896102e18,4.1059028182246523e12,1.4490718783319489e10
1.9074379622338352e10,2.1221194323133192e18,4.1621517627066646e12,1.4492980365099188e10
5.833629442212289e10,2.1242592497458255e18,4.162155401671531e12,1.449108036028543e10
5.832684330486639e10,2.1240385102049692e18,4.165569214258907e12,1.448922131226491e10
5.834326943489621e10,2.124187249591109e18,4.1656690199457217e12,1.4518376158655157e10
5.834381417967064e10,2.127976055789543e18,4.16652770724248e12,1.4513573316791462e10
5.8866894478220406e10,2.1286475966989486e18,4.166145927882124e12,1.452849043180193e10
5.902051998317119e10,2.1297504842929948e18,4.1691224093511387e12,1.4532849058054989e10
5.9003967843232956e10,2.1355452054704274e18,4.1660689219770405e12,1.4534824820660109e10
5.8993381033368835e10,2.135573753888235e18,4.1903641884475986e12,1.453708570499985e10
5.91155848259958e10,2.1353925200208794e18,4.1951462720070894e12,1.454013861559797e10
5.910885358682278e10,2.1356760230985395e18,4.195027204179439e12,1.454629334076547e10
5.9094278062672104e10,2.1356160930611855e18,4.196629214575711e12,1.4556786382079882e10
5.9115464456431755e10,2.1361462117288778e18,4.198952195731389e12,3.022117506528979e10
5.91296933747137e10,2.141653544091146e18,4.19996040463915e12,3.0222354566001183e10
5.923575331287504e10,2.1424735497790892e18,4.2011636696768765e12,3.0226732026464684e10
5.921916923384889e10,2.1426810972532326e18,4.201995740211161e12,3.0473053472476044e10
5.929097798838777e10,2.14455689620682e18,4.199706662120852e12,3.049427101275414e10
5.9332121743788925e10,2.1448983306392983e18,4.200292322872672e12,3.0499242297067387e10
5.934229788563088e10,2.1444712334759452e18,4.196600316668491e12,3.05013969173478e10
5.933357713131915e10,4.4581736613918956e18,4.1960024641209185e12,3.052396453467472e10
5.931152423568125e10,4.459327525306961e18,4.195289481668055e12,3.0530723276958862e10
5.9321074820117615e10,4.462886846733343e18,4.195440050796989e12,3.0504625817320004e10
5.94003400820817e10,4.4617394040035763e18,4.1942769866000557e12,3.0508975480324013e10
5.9410524024741776e10,4.461315748720958e18,4.193847987089736e12,3.0513769594209e10
5.941797218145201e10,4.472418505725455e18,4.1940759287097607e12,3.053432008243161e10
5.943145683740885e10,4.476618264234431e18,4.2084350806672437e12,3.053036566125978e10
7.035962056632845e10,4.476864352520616e18,4.208145828259544e12,3.0560212266373417e10
7.036812833900786e10,4.515523892043069e18,4.208291368808276e12,3.0580448224800255e10
7.041853639216568e10,4.515009368745948e18,4.207930481121376e12,3.0619600598562927e10
7.045393213753513e10,4.5154151584758226e18,4.239967980217824e12,3.0633078427130463e10
7.04686657620249e10,4.516122393728251e18,4.239511320091861e12,3.0622332203136543e10
7.048321951743077e10,4.51684423584886e18,4.2596745745363237e12,3.0642977057492638e10
7.051852802290918e10,4.5228077403478446e18,4.2607584871706665e12,3.065043163676186e10
7.052606498165417e10,4.523920122554066e18,6.141636718128706e12,3.065865355565501e10
7.04695845308588e10,4.573311847733865e18,6.140688732252867e12,3.067281361363154e10
7.048601387708455e10,4.574537043044606e18,6.269801479895991e12,3.0664599386210945e10
7.051018940948466e10,7.392798484201213e18,6.271631308249468e12,3.0671434454126705e10
7.03389985536287e10,7.393045320426207e18,6.308107198022762e12,3.068140283799532e10
7.034099901527501e10,7.394188539066214e18,6.579248443845744e12,3.0673481336910656e10
7.035614716140213e10,7.392723028899251e18,6.578027962584957e12,3.0672070457753017e10
7.03728757422096e10,7.394090121729956e18,6.578009147843238e12,3.0870113134626015e10
7.037797418319818e10,7.39473478986685e18,6.579343718636372e12,3.1000057013387547e10
7.066709512173735e10,7.395739880479921e18,6.578184761404295e12,3.097819881489031e10
7.073102802897484e10,7.39510119965856e18,6.566273416405806e12,3.098250503564234e10
7.082581162772685e10,7.394944945717435e18,6.567558747227512e12,3.098088889714183e10
7.31739406127997e10,7.394132249556565e18,6.567132754816215e12,3.0974648533508385e10
7.319029710182909e10,7.395023633675168e18,6.572583263358819e12,3.095934959422912e10
7.320408915211607e10,7.394167705461408e18,6.573531924157039e12,3.096652640613494e10
7.321349070970813e10,7.393021850487226e18,6.574320872081011e12,3.0996355670966614e10
7.320111453022655e10,7.397638073134695e18,6.584679486228987e12,3.0991574719974533e10
7.321702109182588e10,7.396488444195995e18,6.583526398715562e12,3.0991910524820007e10
7.326164225002203e10,7.399535155772205e18,6.58223821376221e12,3.0996156886223797e10
7.359855017507231e10,7.398489747950445e18,6.586956705166396e12,3.101735897662433e10
7.362004470114651e10,7.399671863316716e18,6.587884119836013e12,3.102475838469767e10
7.37057421332967e10,7.403843729980478e18,6.590078823980033e12,3.103232424818893e10
7.374725665956693e10,7.400360163194023e18,6.585500512886653e12,3.1029246588847088e10
7.049612273632306e10,7.40366995139383e18,6.585858772622436e12,3.10245659171804e10
7.048887167331377e10,7.446740275059641e18,6.588328506292875e12,3.1022208470992016e10
7.050545816822644e10,7.882256346163252e18,6.582171254025375e12,3.101700600964847e10
7.049479096556839e10,7.883997682925493e18,6.583069962212071e12,3.1031400843086082e10
7.050931072980981e10,7.884036760716249e18,6.630386698707544e12,3.1030147690654575e10
7.061334685538696e10,7.949399669114592e18,6.631529312098533e12,3.103792245356312e10
7.06247360190583e10,8.014392131493987e18,6.655461080949492e12,3.1043792125627705e10
7.0718156571216e10,8.014956633150977e18,6.656350192970222e12,3.104913076446513e10
7.075760704038322e10,8.01626037551541e18,8.845188699483932e12,3.1337613923762085e10
7.07687132173634e10,8.016406955192289e18,8.848624290020969e12,3.1342758765480637e10
7.076460548561273e10,8.01726139174018e18,8.855526668511086e12,3.142992552337034e10
7.077698082363892e10,8.018566321989315e18,8.857412015486428e12,3.1428492167199722e10
7.076229591052814e10,8.804844238435882e18,8.8743980418691e12,3.1422506409666676e10
7.076702015696664e10,8.804618116990474e18,8.87124154443903e12,3.1421381329079533e10
7.073056867810371e10,8.803510939684273e18,8.873838588519549e12,3.154337989316159e10
7.099293445473409e10,8.811776844751952e18,8.8742723474572e12,3.155013141823707e10
7.100798151810641e10,8.898116412722425e18,8.87445378818536e12,3.154976700986564e10
7.103081205492036e10,8.8998402570404e18,8.875681876669025e12,3.1566851524039577e10
7.103142282844171e10,8.89979068062025e18,8.887727631569453e12,3.1594539559069954e10
7.080528184982924e10,8.906286377608024e18,8.88278576536002e12,3.1590131420463776e10
7.079977218672322e10,8.916362920748081e18,8.883592625232803e12,3.15952607883558e10
7.080327070010544e10,9.236034694416548e18,8.886039458041482e12,3.1595620180505898e10
7.079628864661362e10,9.256511800209562e18,8.892937939302822e12,3.1594782057912876e10
7.082358761835205e10,1.0315799661248266e19,8.88702559632644e12,3.1611048665099174e10
7.086154884722948e10,1.031418099070756e19,8.889198685251645e12,3.1642637665288013e10
7.086253469084937e10,1.0330850320621732e19,8.88819465340633e12,3.1676877200498272e10
7.085890264077875e10,1.033147893730292e19,8.891169190500424e12,3.1653417252246685e10
7.09376054646754e10,1.0329013351974656e19,8.967802312333918e12,3.1690878689077576e10
7.093536703952386e10,1.0335567959290333e19,8.969826528029012e12,3.185392585054271e10
7.096985808709496e10,1.0340520456861936e19,8.975525504198268e12,3.1861459930748558e10
7.099019561734573e10,1.0343528305074967e19,8.984646381127146e12,3.18961013816114e10
7.098879695877187e10,1.0313466981901672e19,5.34317179833001e12,3.1894354170433907e10
7.110534426243779e10,1.0313276394504765e19,5.34849729232749e12,3.531049995054518e10
7.110202159774426e10,1.0626085797116363e19,5.350789591480369e12,3.531313309245119e10
7.109356355912294e10,1.0625720517667992e19,5.3515934973437e12,3.5410145241783676e10
7.114621867085847e10,1.0627551440481778e19,5.351838025328005e12,3.562875067525374e10
7.173221710118013e10,1.0731210105147757e19,5.351715002494792e12,3.5645430365240265e10
7.247947261618997e10,1.0729915199967269e19,5.3606440431144375e12,3.5645500041040474e10
7.249530832686601e10,1.072992056397068e19,5.378231196885216e12,3.5650395957120926e10
7.252285192026466e10,1.072992951696626e19,5.377432424717588e12,3.565874823575869e10
7.252405182118623e10,1.0730264365259196e19,5.378160951041525e12,3.565446521443582e10
7.25421835360936e10,1.0730426155959306e19,5.377988819547575e12,3.566279193699612e10
7.257967390492131e10,1.0732045355814728e19,5.377379154140155e12,3.5671560730295265e10
7.256678948982324e10,1.0728716346649704e19,5.378608237689729e12,3.567700951567266e10
7.258146920236148e10,1.0935786954503981e19,5.392159698650978e12,3.643862678813415e10
7.258180146372467e10,1.0934650889659726e19,5.413860655993043e12,3.643401507808839e10
7.262680944328133e10,1.0933537194649866e19,5.411643441441711e12,3.6642049023749535e10
7.265519821327876e10,1.0932107225791885e19,5.41216860646394e12,3.664262649485723e10
7.314514123003525e10,1.093266622234362e19,5.410801661593981e12,3.664982605046184e10
7.320027931621901e10,1.0931289167081105e19,5.361121577436856e12,3.666439656531253e10
7.318721538927234e10,1.093293820511246e19,5.362990567283474e12,3.6636417634622025e10
7.316573770600696e10,1.094360125055258e19,5.366532943480878e12,3.666119007553137e10
7.319183651818633e10,1.096971303440815e19,5.366173597673708e12,3.666976824292227e10
7.319471630378485e10,1.0984088549310282e19,5.368445874075277e12,3.6669832952468735e10
7.318600723662845e10,1.0986314741247242e19,6.617723490618596e12,3.676762253531761e10
7.322850691303423e10,1.0988494302093756e19,6.622148474250785e12,3.6774888429941376e10
7.244314809709676e10,1.0978552269555495e19,6.623474540705958e12,3.677283707348086e10
7.243301120854655e10,1.0984715433286035e19,6.625491545124901e12,3.686145052610004e10
7.240931384962912e10,1.0986319638212393e19,6.626396402975159e12,3.793589604562669e10
7.240400488320575e10,1.0983006957907456e19,6.621266228950992e12,3.797761902652712e10
7.514571976477625e10,1.0997255523225012e19,6.622346225192729e12,3.8011067679881744e10
7.513670884326083e10,1.1006642940783094e19,6.619384101467163e12,3.801089617201376e10
7.513956853949657e10,1.1010003270313175e19,6.617803425292703e12,3.801098790348959e10
7.822200652382188e10,1.1017529071521264e19,6.619132700416696e12,3.801426286056999e10
7.823390459954037e10,1.101691479802919e19,6.617600551704173e12,3.802496994093124e10
7.822838830463751e10,1.1018806085038555e19,6.722744040602704e12,3.805184325621254e10
7.861763442402681e10,1.1017666025936339e19,6.724268327835201e12,3.805301820550384e10
7.860062002438503e10,1.1025008361773046e19,6.731831225891384e12,3.804393910441666e10
7.86153293875347e10,1.1026837313903757e19,6.735455176589087e12,3.801107628978347e10
8.033932837157712e10,1.1028269678716158e19,8.54341631498405e12,3.8020947247717415e10
8.030571966606464e10,1.103089946045307e19,6.20432128649186e12,3.806282902355611e10
8.029920189638602e10,1.1030299229381919e19,6.205005823102361e12,3.8065366143370575e10
8.030976561554295e10,1.1028749807393104e19,6.2042560646328125e12,3.807629952136085e10
7.992964766063904e10,1.1030586502649911e19,6.206917800808839e12,3.8074187593345924e10
8.143782160487556e10,1.103122001341224e19,6.2061496924754375e12,3.806997891526206e10
8.144617182226183e10,1.1028666021510263e19,6.206959596496802e12,3.807437884490849e10
8.150867340850856e10,1.1027778514917978e19,6.24488292837629e12,3.807080325033186e10
8.143324542724162e10,1.1027484655280095e19,6.247735396030418e12,3.8272664997237045e10
8.1462042359556e10,1.1030214050131659e19,6.247330147936517e12,3.826789302781121e10
8.152074199146465e10,1.1033312294410086e19,6.245355064344385e12,3.8309828242408745e10
8.151228708167657e10,1.103437852175782e19,6.244587259595858e12,3.833627354905059e10
8.521715560193736e10,1.1035148713302624e19,6.245657305096445e12,3.838203911602423e10
8.532873979112605e10,1.1039986289036532e19,6.247954419987325e12,3.843790438817062e10
8.534583131608398e10,1.1038942502413206e19,6.248831738194654e12,3.8442907232245895e10
8.533576049467274e10,1.103802126115795e19,6.250579709793093e12,3.84546219381525e10
1.1886966980122398e11,1.1056482484826552e19,6.248273448063874e12,3.837619079727312e10
1.196595433545448e11,1.105508931023686e19,6.250272883900388e12,3.842273246490888e10
1.1968386680764406e11,1.111005513911949e19,6.248923470150962e12,3.843361201530494e10
1.197070422766605e11,1.1112772723554236e19,6.272567547590769e12,3.84237786446898e10
1.1970291738950629e11,1.1121079133882606e19,6.274899662141606e12,3.849135017661625e10
1.1973585887675127e11,1.1121912101348862e19,6.273875373790963e12,3.848395814142688e10
1.1989400736685019e11,1.1124700143662158e19,6.274143417936331e12,3.848214835033584e10
1.1991075422600696e11,1.1123393748611998e19,6.274636836776858e12,3.847415538030667e10
1.1991967025676025e11,1.1123112394315885e19,6.697696052158291e12,3.850585776850921e10
1.2000365118440033e11,1.1134369422500823e19,6.698919779198318e12,3.850544436841517e10
1.2012678130929962e11,1.1142020005419028e19,6.698231132667e12,3.851979851424685e10
1.201083007111107e11,1.11418665563644e19,6.700311584483773e12,3.851645690718833e10
1.2006895265145348e11,1.114170094291595e19,6.701264521030396e12,3.8538838211617294e10
1.2004903688697014e11,1.198207109983182e19,6.702127592432661e12,3.851559138021056e10
1.200399605786379e11,1.198538690897253e19,6.790224987536815e12,3.850311244057377e10
1.200368481802184e11,1.1983584523637912e19,6.792324823099057e12,3.8498254375304115e10
1.2005255100243529e11,1.2000951559125062e19,6.813923196769485e12,3.849161140690751e10
1.2012951565407904e11,1.2005574691287454e19,6.8269969927964795e12,3.846625358850289e10
1.2066600649575963e11,1.2014012660716665e19,6.828058462713311e12,3.8551983353072784e10
1.20657008581161e11,1.2012175491820827e19,6.854793782166866e12,3.855901103742565e10
1.2066587249141776e11,1.203450025188144e19,6.853804963426009e12,3.8559495858576775e10
1.2065083354640465e11,1.204710705185772e19,7.121475452493194e12,3.85684451715581e10
1.206398875784849e11,1.7228122011466226e19,7.120852433700729e12,3.857060648663685e10
1.2073502055796825e11,1.7318437427289868e19,7.125468983212943e12,3.8608993144695854e10
1.2071049524116528e11,1.7317313508529224e19,7.126976301779886e12,3.860382926101936e10
1.2070766848793999e11,1.7335287746563963e19,7.125515917257212e12,3.8602042674735634e10
1.2069930298566101e11,1.7333997812722297e19,7.130047751290661e12,3.861111062754095e10
1.2071796789504877e11,1.7349002595431672e19,7.138342868976358e12,3.860734326342849e10
1.2078058131838974e11,1.8635521018842583e19,7.303024515459522e12,3.869609696755098e10
1.2099378984178404e11,1.864006607931056e19,7.303959303355005e12,3.8694193939247826e10
1.210409744667606e11,1.8626854005324415e19,7.30310105490282e12,3.868401532410363e10
1.2106072611070569e11,1.862369141992188e19,7.307122352950301e12,3.868149636993772e10
1.211134489874978e11,1.8823150030956835e19,7.308044517009802e12,3.871536628450361e10
1.2098816309745633e11,1.8825761107177505e19,7.310669038678477e12,3.871021616499126e10
1.2096663537636491e11,1.8826721382902456e19,7.386056385875225e12,3.871685674331098e10
1.2095526781598454e11,1.9044026911292404e19,7.396282332750227e12,3.8710961981263054e10
1.2093602397656061e11,1.903841655561496e19,7.393634012445548e12,3.871691698731292e10
1.2095785968799829e11,1.904205697436441e19,7.403241272749784e12,3.872543875888303e10
1.2097055221815295e11,1.2310491946703917e19,7.40709125113511e12,3.871814186113716e10
1.2110106696891595e11,1.231487321936386e19,7.421101692600008e12,3.873145487604463e10
1.211446015555299e11,1.2315516847402238e19,7.423060351543718e12,3.873198970075472e10
1.2118515263870335e11,1.233660433096201e19,7.424036839462753e12,3.882869416687263e10
1.2124905939312758e11,1.2358903972558879e19,7.428172084410092e12,3.883563496622149e10
1.2123528564667685e11,1.2369503467959302e19,7.430116671115379e12,3.893302476700681e10
1.2125453172699884e11,1.2373563050980583e19,7.431427458882195e12,3.893067589149716e10
1.2120071748167996e11,1.2374753079084683e19,7.433415230558279e12,3.893518507306666e10
1.2128339462507849e11,1.2376899725600199e19,7.434818389963608e12,3.881026525998188e10
1.2131019410173323e11,1.2382998461877066e19,7.4934863493992295e12,3.8810282361102554e10
1.2135492296837534e11,1.2381297252574005e19,7.509967600393987e12,3.882029236067485e10
1.2137053902546553e11,1.2487361146183668e19,7.508366747123759e12,4.1169096607637245e10
1.2132152190134013e11,1.2486074277924899e19,5.692708522506984e12,4.176090869104494e10
1.1866532989240347e11,1.2485356551211803e19,5.691554607048545e12,4.175970265150395e10
1.1864935931953683e11,1.2494914363054918e19,5.694745255042152e12,4.176677715443744e10
1.186699929028812e11,1.2517925009179945e19,5.752216951630823e12,4.177147925059012e10
1.1864819906880888e11,1.2519586620314008e19,5.758257929918599e12,4.1775503910416855e10
1.207083651199607e11,1.2525733883706132e19,5.760974967060674e12,4.184655403927311e10
1.2072942915601537e11,1.252524221047093e19,5.762722381463349e12,4.185844809309689e10
1.2073516190475255e11,1.2522805832707865e19,2.3104347360799146e12,4.186816048677915e10
1.2057722182187233e11,1.2524430812030255e19,2.3102009848793574e12,4.1861085652103584e10
1.205967525509786e11,1.2531768979532454e19,2.310798024278069e12,4.960707043100839e10
1.2070574386471951e11,1.2534773786442172e19,2.324154910319215e12,4.960780505587377e10
1.2069326339271535e11,1.412969776889906e19,2.3239497878591406e12,4.9624916785842285e10
1.2072081441229092e11,1.4129815107853423e19,2.3253441791616763e12,4.9641515530211754e10
1.2079211577652524e11,1.4136089001118106e19,2.325652699435872e12,4.967492848352385e10
1.2080945867322218e11,1.4139377005504854e19,2.326681257678661e12,4.966843286926715e10
1.208334581858759e11,1.4141816241291536e19,2.331152185390493e12,4.9689360587397415e10
1.2083450550489076e11,1.415965858670315e19,2.331950004287931e12,4.9785115510773796e10
1.2092467801270576e11,1.4162476054452101e19,2.331958270835776e12,4.97930731745632e10
1.2092867961235121e11,3.044984655536667e19,2.333221449411475e12,4.990780400689078e10
1.209414578166737e11,3.1982472217144816e19,2.3339498424893857e12,4.989780442674464e10
1.2095794480198318e11,3.1986468231657787e19,2.335568207662611e12,4.991076064795056e10
1.2108401067570253e11,3.198248209662376e19,2.335342019348159e12,4.990083249916778e10
1.2125639570503009e11,3.197585065907886e19,2.335661198975762e12,4.989404690554777e10
1.2127822775318906e11,3.1971683070170247e19,2.3360322402532046e12,4.989001486418627e10
1.2135800162076384e11,3.196747274593696e19,2.3372887530421177e12,5.001619288301084e10
1.2175564871588013e11,3.200249162996877e19,2.3374556126629824e12,5.083193031419671e10
1.2177551334213504e11,7.196889323771979e18,2.337328744791902e12,5.074858864634037e10
1.21754129055382e11,7.198775562249076e18,2.338219202052672e12,5.07540716683074e10
1.2173627625201262e11,7.198735693380024e18,2.338067206477773e12,5.075349988442135e10
1.2173479628214182e11,7.198567949359326e18,2.3386537285493804e12,5.081536367648757e10
1.217190770617048e11,7.197911755664644e18,2.352246198812727e12,5.079429595062673e10
1.2171026307095737e11,7.199113229991554e18,2.3524116694600327e12,5.080241306617387e10
1.217435086463177e11,7.200571975900701e18,2.352342273315341e12,5.081442980908994e10
1.2204180300369196e11,7.201034853006944e18,2.3545650528059805e12,5.081211662200176e10
1.2199977442505247e11,7.200337093298052e18,2.382573982558784e12,5.0824432619427574e10
1.2363799228552278e11,7.202836230502724e18,2.382600444752393e12,5.0668619891438255e10
1.237323906584173e11,7.202410434050856e18,2.3833211973067603e12,5.0670810019661446e10
1.2370717920198225e11,7.207846220314746e18,2.382805764846636e12,5.0702164940711914e10
1.2372793506066127e11,7.207174428190987e18,2.385125459779048e12,5.069238031442302e10
1.2419033979165547e11,7.220631271548408e18,2.3855891366816284e12,5.070241243631142e10
1.2419502432751364e11,7.222025628936502e18,2.399470671623387e12,5.070171069559811e10
1.2416287922505507e11,7.220587175012076e18,2.398990582390172e12,5.07045872601016e10
1.2414233697181995e11,7.219329875151363e18,2.3997087629042515e12,5.071310232916504e10
1.2415313440592046e11,7.21885773366872e18,2.4017364242523335e12,5.0709508283214035e10
1.241823770308477e11,7.255597826394168e18,2.402072279288358e12,5.068133088296712e10
1.2432556179696873e11,7.25406420339167e18,2.401416570102898e12,5.067427665196733e10
1.2439313800061516e11,7.25444020514533e18,2.4050590767653843e12,5.0686015786119194e10
1.2441227170787047e11,7.279179100889545e18,2.4142433887059014e12,5.069803075480258e10
1.2442791228240326e11,7.278634561988736e18,2.4139942592616636e12,6.574884848538816e9
1.2442927664954749e11,7.281297713117979e18,2.414404899460605e12,6.81228483883518e9
1.2444851469072939e11,7.282324560001468e18,2.4141831239811606e12,6.811003648303474e9
1.2444426737330609e11,7.285868980012589e18,2.414757727530353e12,6.59763046034897e9
1.2343850177742776e11,7.285712786530648e18,2.4148826848784775e12,6.597364374272357e9
1.2345538438068835e11,7.365202841526002e18,2.415794713283953e12,6.599411064833411e9
1.234376501071964e11,7.362756704815444e18,2.417048731298873e12,6.598433482854688e9
1.2345393075931601e11,7.366044879927499e18,2.416823170616785e12,6.624484808552931e9
1.2358146802713821e11,7.378302152945776e18,2.416818843901947e12,6.624448234105519e9
1.2378406581355554e11,7.376893401079282e18,2.417262900222396e12,6.634313916659494e9
1.241924303785719e11,7.37861434406164e18,2.4181261056389336e12,6.634273019228068e9
1.2458087845285416e11,7.393107236942668e18,2.4187933149858716e12,6.635876856166339e9
1.2459192060741014e11,7.393721004828192e18,2.418455279286616e12,6.634402223247267e9
1.2592233215205615e11,7.428493660723515e18,2.418243675044261e12,6.638302471077406e9
1.2593652021549219e11,7.427805425470896e18,2.41403027510404e12,6.671414066991848e9
1.2591197556759807e11,7.431342797069495e18,2.4137913530415005e12,6.671199222906176e9
1.2592709251935895e11,7.434054906975059e18,2.4140433971770425e12,6.788449966593727e9
1.2595171742165843e11,7.44090600126251e18,2.415748564441362e12,6.793440331543546e9
1.2593956750040866e11,7.42722195498898e18,2.4169122340649106e12,6.792635930448978e9
1.2709486967978473e11,7.443729278886213e18,2.4166425171363096e12,6.792832972660119e9
1.275447708015038e11,7.442250705547096e18,2.417115164607136e12,6.809786147040508e9
1.275807579313145e11,7.443287669695692e18,2.417428551570524e12,6.809082314082337e9
1.2760421166494276e11,7.445097083429317e18,2.4179014319856665e12,6.8113824633326435e9
1.2762380758986534e11,7.446147071784423e18,2.4175615584510776e12,6.814045131133754e9
1.2777738049266234e11,7.454183839618292e18,2.417194759428277e12,6.812622286508627e9
1.2769837003433429e11,7.454543402145339e18,2.4166776516855454e12,6.8146520018994255e9
1.2772376952276566e11,7.459746490793454e18,2.4169885438348555e12,6.815595259480456e9
1.2773030703249963e11,7.458700813176192e18,2.4433044328056226e12,6.81902967633529e9
1.276985295553014e11,7.534702568054049e18,2.443893308350643e12,6.818788290202703e9
1.2772171384103862e11,7.535793904033967e18,2.4434327404046055e12,6.823967442136314e9
1.2775747137118271e11,7.53751352107445e18,2.443156365507881e12,6.820374954273332e9
1.2781020251990742e11,7.541571923976e18,2.442919603114052e12,6.819181155590325e9
1.2781127019143956e11,7.540874871491792e18,2.4417340981584116e12,6.826254062914588e9
1.280203906847353e11,7.542307187748002e18,2.443274150702511e12,6.954327605705687e9
1.2803978756690106e11,7.532497538751081e18,2.4559132043798403e12,6.964175365597295e9
1.2811521180020357e11,7.531428565230814e18,2.4554931882697754e12,6.978026863132009e9
1.3554847750163167e11,7.532854456559713e18,2.455527712727522e12,6.979974794759179e9
1.4217876182739716e11,7.535818891139774e18,2.458612129153794e12,6.982012573529481e9
1.427274772700723e11,7.624012005331973e18,2.458992523408619e12,6.983663927919098e9
1.4360308548719498e11,7.624746564425461e18,2.46877179641632e12,6.983031381634369e9
1.4358682723328616e11,7.626852526274895e18,2.4753590301497363e12,6.984207068401439e9
1.4362130959102908e11,7.628116450791064e18,2.46756585870717e12,6.984285866378862e9
1.4365834643960757e11,7.629464761839195e18,2.4680634582272334e12,6.985912978852096e9
1.4369465633642786e11,7.629135673420643e18,2.4703694972368115e12,7.36423491824766e9
1.4371358753494464e11,7.63107599445303e18,2.4727151904167563e12,1.4853036321456287e11
1.437862179528928e11,7.632462143524468e18,2.4730449897643545e12,1.4854124168254346e11
1.4379908227168e11,7.633200577062809e18,2.4727481160429067e12,1.4863028917192172e11
1.4381195395572687e11,7.668687889447725e18,2.472722669463135e12,1.486287851082256e11
1.438331556850359e11,7.676123290309787e18,2.473139012330572e12,1.4864845825647342e11
1.4530410932868787e11,7.676316863806033e18,2.472416800190423e12,1.4899988947047043e11
1.4537204367298422e11,7.677311137378208e18,2.472744476986598e12,1.4905122353784332e11
1.4539630985847565e11,7.680718946296824e18,2.580596197173125e12,1.490790262966583e11
1.4394356759651266e11,7.685914362640397e18,2.5963036924371777e12,1.4907246801995786e11
1.4410297316346448e11,7.6726326287937e18,2.5960785291334434e12,1.490486397387382e11
1.4412168016405243e11,7.682926579020682e18,2.597025545178347e12,1.4906851461624768e11
1.4410137887473328e11,7.68201403171978e18,2.5967511053518584e12,1.490779422701236e11
1.4412665989328708e11,7.731203288278759e18,2.5969503457021133e12,1.4909861123601904e11
1.4419494018529575e11,7.729811119433566e18,2.4551802574987974e12,1.4912830579815543e11
1.4427620433944037e11,7.728695723098289e18,2.4556662053944814e12,1.4871238313676562e11
1.4432458486645557e11,7.727512832344989e18,2.4563711214704614e12,1.4854291208026544e11
1.4428682417591376e11,7.730151611343678e18,2.457806295866149e12,1.4856775792283832e11
1.440669436621849e11,7.768713105886376e18,2.461151909331117e12,1.4860556863051257e11
1.440968170999872e11,7.767753645692187e18,2.5715199299234663e12,1.487246905954345e11
1.4407396062755154e11,7.771592333644384e18,2.572622413111535e12,1.4917586710755136e11
1.4409268555110306e11,7.8065795186257e18,2.5722855902145127e12,1.4920769347245364e11
1.443781285370524e11,7.818167277576673e18,2.5763456252713975e12,1.491972854850685e11
1.45405414421631e11,7.820565312862232e18,2.5804619704693877e12,1.4917209673658218e11
1.454172181483238e11,7.820750196391906e18,2.5799006601430625e12,1.492191038241265e11
1.467006014925662e11,7.821524942473606e18,2.579467025422838e12,1.4896472585831622e11
1.4671640369817468e11,7.820612637864869e18,2.5740175881215796e12,1.4904978313753238e11
1.466953351684586e11,7.821809481719865e18,2.5737989769804243e12,1.4903385628585043e11
1.4667038951805063e11,7.8143372981071e18,2.579862947353222e12,1.4896495827316956e11
1.4668976666267416e11,7.815192113377079e18,2.579601538487726e12,1.4901686900617627e11
1.466670895112039e11,7.814360963146705e18,2.5774759345610327e12,1.4904428292466403e11
1.4691799517228696e11,7.816435662810355e18,2.579085334760547e12,1.490869633643076e11
1.4694916066514664e11,7.816490520623657e18,2.579579259910916e12,1.4922127036931485e11
1.469461278566645e11,7.817518644078226e18,2.6033055706429126e12,1.50482041931448e11
1.4708424155591632e11,7.822849362275143e18,2.6034064405041875e12,1.5050854310257693e11
1.4704791907284827e11,7.825173830925584e18,2.603475649376392e12,1.8615060287071097e11
1.470625721550711e11,7.827781006617821e18,2.6066640166235083e12,1.8617230734243204e11
1.4708190467477435e11,7.828869674065542e18,2.607552070432151e12,1.861959583517875e11
1.4706676402028345e11,7.829158380475445e18,2.6077031431098867e12,1.8625075581521207e11
1.475378136530499e11,7.828744546301395e18,2.608899922764584e12,1.8630490123608743e11
1.475182563075875e11,7.827436106727597e18,2.6092668719514023e12,1.8627589721792657e11
1.4760875399335815e11,7.826451269868667e18,2.6180521996967534e12,1.863365734260697e11
1.476295397281493e11,7.826397955449189e18,2.6210306192201665e12,1.8621537720196353e11
1.4767553171881216e11,7.82915632546093e18,2.8760656360366025e12,1.8622883060373508e11
1.4788240621706717e11,7.828360691257147e18,2.8875506084266104e12,1.8625727226787766e11
1.479811552182075e11,7.864148253219645e18,2.887991061526579e12,1.8628178900857962e11
1.4801156777503336e11,7.864375144036846e18,2.8921598566266665e12,1.8619702010034613e11
1.4825173973269547e11,7.871180273896134e18,2.9399966047837837e12,1.8623928260851083e11
1.5196937093150446e11,7.87547176903155e18,2.9409474248113086e12,1.8591387143107733e11
1.519726907523583e11,7.878273425292852e18,2.943382864733354e12,1.8589417670452832e11
1.5199901534314322e11,7.879757885110743e18,2.9438220365392285e12,1.8587682768694778e11
1.5195706683561826e11,7.882834891663886e18,2.9677465567172803e12,1.8653328451114755e11
1.5198547576077603e11,7.882765497081058e18,2.970792898290613e12,1.8655924219638852e11
1.5201300344138086e11,7.883094908650856e18,2.9734956131199253e12,1.8657734250528885e11
1.520232850769978e11,7.884469821811986e18,3.169131792092919e12,1.866279139636121e11
1.521791137412637e11,7.890614535533686e18,3.16866991537564e12,1.8661242823044788e11
1.5220425941357367e11,7.883812049469942e18,3.1680046963185396e12,1.8664706005415656e11
1.5222755258161877e11,7.887036914796475e18,3.168563979553928e12,1.867330794833443e11
1.5223987909137305e11,7.888625382475501e18,3.186808390503467e12,1.867306681590812e11
1.5265382031356546e11,7.891333518149491e18,3.1890644665089937e12,1.8682533845384995e11
1.5267716241056207e11,7.904781690086998e18,3.1915383427287188e12,1.8683017899624286e11
1.53101178962444e11,7.904279256485291e18,3.1903918698246636e12,1.868238551575114e11
1.541595517386312e11,7.903774789228988e18,3.1943240632020024e12,1.8685060007442752e11
1.5419314611336456e11,7.910928816955368e18,3.1949521095861875e12,1.8689000186650696e11
1.5415039766920267e11,7.91152267590104e18,3.1965364994873643e12,1.8688069105052563e11
1.5417425639929608e11,7.911322241531641e18,3.1960320659108267e12,1.8701204153071225e11
1.5432481247964355e11,7.912387549384396e18,3.1907844225897085e12,1.8722229052327902e11
1.5439070087440985e11,7.912508152424134e18,3.191342682179637e12,1.872228947213024e11
1.543923432826259e11,7.911726163303843e18,3.207504072773041e12,1.8715547771158353e11
1.5445439410643762e11,7.911050710012869e18,3.2073086502109717e12,1.871361308748812e11
1.544528511861428e11,7.91233472606333e18,3.213028215338796e12,1.8713671011861484e11
1.5443012810393402e11,7.913761429425799e18,3.214275782669125e12,1.8709478833530917e11
1.5442641561323517e11,7.915946712666752e18,3.2182175955850513e12,1.8891988989652997e11
1.5445029684227704e11,7.941036628242754e18,3.220571157597321e12,1.8891322191875613e11
1.5482391838916867e11,7.942606258297729e18,3.2269357226296733e12,1.8890704462276846e11
1.5480552069755878e11,7.944377037850188e18,3.225919744412635e12,1.8891906406062543e11
1.5483107474914017e11,7.943767656761905e18,3.2467028410415234e12,1.8898092422189026e11
1.5500400895004666e11,7.94588139976412e18,3.249447858966399e12,1.889303797728521e11
1.5490454009351584e11,7.945016202729743e18,3.254881558898675e12,1.8890836697556226e11
1.5490330367244055e11,7.944892286721284e18,3.2555193037827173e12,1.8886701682803687e11
1.5494513610399323e11,7.944356828847943e18,3.255697302412265e12,1.888641242492637e11
1.557084694348527e11,7.943962399355043e18,3.2553187103160977e12,1.8917449418398703e11
1.562595095799015e11,7.942793566881786e18,3.2664123108163926e12,1.894563215428337e11
1.8866303460260568e11,7.940968616615546e18,3.270845208462601e12,1.904821358575837e11
1.8862353927549524e11,7.940371671542858e18,3.2706945524166797e12,1.9047031230295166e11
1.8862326528788382e11,7.941753825671481e18,3.271262659838537e12,1.943998879442936e11
1.8860534411777527e11,7.940398625693331e18,3.2707801214061924e12,1.9431400315517105e11
1.8909298267886127e11,7.941417020721891e18,3.2713478746646934e12,1.943082088629914e11
1.8916223242284457e11,7.944418341778661e18,3.2838641001911353e12,1.9425632940234473e11
1.8929742567118793e11,7.956786611607352e18,3.2846984176072456e12,1.947585698426882e11
1.8929269908125284e11,7.957777465429001e18,3.2877235182537056e12,1.9479739327033774e11
1.8930143649287393e11,7.958796744066337e18,3.288722255491097e12,1.9477433035356055e11
1.8927635316457913e11,7.959861237065565e18,3.292926608784509e12,1.9473491862087753e11
1.8926542146123825e11,7.959112729288893e18,3.295291861884586e12,2.1148264353233505e11
1.8930585982057516e11,7.957816664160943e18,3.295940623916123e12,2.115427089044972e11
1.8926603773456052e11,7.966532497534674e18,3.2971224415808535e12,2.115240197440791e11
1.8929107284666623e11,7.965966333743343e18,3.298423180696375e12,2.1222398465672137e11
1.8924306194495734e11,7.96709063006484e18,3.2979166254883423e12,2.1235259596176096e11
1.8927228079507382e11,7.960993853793152e18,3.3008893122883564e12,2.1237936273106033e11
1.921725256953143e11,7.960874784249169e18,3.299502972969646e12,2.1236198956905753e11
1.9209796827670447e11,7.961915307423883e18,3.299970624571488e12,2.1230932681569238e11
1.9208377269056116e11,7.963083630831008e18,3.3019179145954097e12,2.1230129011106738e11
1.9218103485553995e11,7.972606983037073e18,3.3027814172095195e12,2.123311434644741e11
1.9220038487085828e11,7.969322122613971e18,3.304471824130252e12,2.126281997022323e11
1.922256895706955e11,7.972099067097022e18,3.305101393408375e12,2.12617701748409e11
1.922658089325505e11,7.973915866318916e18,3.3150242086293877e12,2.126098184728482e11
1.9222321547276205e11,7.984738816835758e18,3.318203789070459e12,2.1262784438239496e11
1.9217182456998532e11,7.983552535172233e18,3.3188037763988164e12,2.1270633598352762e11
1.957957532427984e11,7.981640890961473e18,3.3197271135653706e12,2.127516645078995e11
1.9587391091174658e11,7.984058353163071e18,3.344870799368836e12,2.1278234380603885e11
1.9717298851830594e11,7.987863182931064e18,3.3468284874244307e12,2.1274791559569345e11
1.9717805958547473e11,7.984477627580861e18,3.349090406688294e12,2.1290228680273477e11
1.9720843048600586e11,7.985490745515915e18,3.34949372875509e12,2.1290524479036395e11
1.9723556779575803e11,7.970521622600926e18,3.3500592393654756e12,2.129016422657931e11
1.972468900636327e11,7.990781732541258e18,3.3510532106204644e12,2.1292926301801773e11
2.0131337169747495e11,7.987979380181579e18,3.428512062976029e12,2.1306104477806674e11
2.0140482391439835e11,8.058414223381612e18,3.429208987659174e12,2.132502741180041e11
2.0145472266691644e11,8.880465145720953e18,3.429708640493214e12,2.1335687243811603e11
2.014742958084697e11,8.880190328380908e18,3.4300246075024155e12,2.1340555240556293e11
2.0167530135637717e11,8.879395465859001e18,3.429951069522646e12,3.946629211050293e9
2.025800188425272e11,8.887222652284635e18,3.4308834266158506e12,3.9461702055643044e9
2.0309931426403186e11,8.888392428709493e18,3.4305093740841885e12,3.9466671705596232e9
2.0317417983064478e11,8.891340532197538e18,3.433658284230945e12,3.946297968980402e9
2.0328160873029565e11,8.894010674878104e18,3.4342384770141816e12,3.9468727358691044e9
2.035823317739026e11,8.884921187631171e18,3.531296401889946e12,3.948790635020184e9
2.0355248106452542e11,8.885927976497697e18,3.531848526108707e12,3.947805503808699e9
2.0359622415523132e11,8.888583715906239e18,3.532536701819534e12,4.0149945864548955e9
2.03600044747086e11,8.888522774596606e18,3.5313267868800366e12,4.01442589048957e9
2.0363619138569467e11,8.889173722520187e18,3.533419366222874e12,4.0140642252106833e9
2.0369459783106107e11,8.888515923708409e18,3.5344457844778237e12,4.0150350159877586e9
2.12508046937946e11,8.886574931698819e18,3.533458996253706e12,1.809445351721259e10
2.124243531815016e11,8.887685169788702e18,4.041476159745166e12,1.8085248489028736e10
2.128263129071916e11,8.886485819018054e18,4.042175175475801e12,1.8078161999510323e10
2.1277545671071576e11,8.885945690731551e18,4.045577404193433e12,1.8078973249097496e10
2.1286110267320016e11,8.887813919972255e18,4.0504050294725303e12,1.8175003768946e10
2.128949724611493e11,8.959085726559323e18,4.0511801833622485e12,1.815715168773212e10
2.1294643611538812e11,8.960682487445497e18,4.05207973228665e12,1.8160884172094902e10
2.1295094508301108e11,8.96153385729822e18,4.05295063341612e12,1.817327039874629e10
2.137776646930912e11,8.974809926060277e18,4.0531627212163286e12,1.816897080926802e10
2.1380762969129443e11,8.975170791992301e18,4.054207450288784e12,1.8340552599475407e10
2.1508378102086594e11,8.98183937639879e18,4.0566429136630703e12,2.1704368681083683e10
2.214146382172477e11,8.984138477311997e18,4.055949553589505e12,2.170695630366049e10
2.2138571253201205e11,8.986696955047535e18,4.0618273563144136e12,2.1719791681391525e10
2.4842371783968732e11,8.996385210974141e18,4.062468554076625e12,2.171441786105076e10
2.4849403141920245e11,8.992462367142864e18,4.062419443005679e12,2.172221674122129e10
2.4844977324103928e11,8.993800846101435e18,4.062059192584165e12,2.172353010853944e10
2.4886311863228308e11,9.049775626396801e18,4.0616565356933447e12,2.172708795444349e10
2.4891561447289935e11,9.051298933607898e18,4.060758989740991e12,2.17319724190835e10
2.4888505136399878e11,9.049060996132538e18,4.061689343489044e12,2.172853716343872e10
2.4892037514665057e11,9.045762228002398e18,4.0710912058966265e12,2.173573276510492e10
2.489571720104351e11,9.154760297270402e18,4.084092990570414e12,2.1735107703849678e10
2.4893871847671127e11,9.152630639564343e18,4.0838677414039956e12,2.247464865155312e10
2.4915102645918015e11,9.158127288286322e18,4.0954502502447603e12,2.2471221700534485e10
2.4941262268015808e11,9.158011825830522e18,4.0962657484295454e12,2.2474160853415462e10
2.525796991753844e11,9.157238442842452e18,4.1155761768190957e12,2.2514779564343803e10
2.5260006969139136e11,9.280648482489534e18,4.1153679073532695e12,2.2575783610132908e10
2.527065548319156e11,9.280742130997797e18,4.1136089551115806e12,2.2615037350777008e10
2.5283535594518774e11,9.279974064350573e18,4.1131624292544077e12,2.2612181156422016e10
2.52861724993147e11,9.282411607459228e18,4.1141675409964277e12,2.286859932358841e10
2.5279740862263754e11,9.289741010582075e18,4.115060110564589e12,2.2871686766924305e10
2.5288805287416998e11,9.288587524573428e18,4.115842206607675e12,2.287475373479716e10
2.529347294022728e11,5.735300361023531e19,4.1325449110345527e12,2.292348225155632e10
2.5299223034367987e11,5.736323332901521e19,4.1319895931566045e12,2.292049852289133e10
2.5313118521566443e11,5.7379937896257995e19,4.136754509905658e12,2.2936818450775562e10
2.5332253766695947e11,5.738802350918222e19,4.1373314000659956e12,2.295748484753258e10
2.5336992076904938e11,5.7383779731571425e19,4.1365462898578115e12,2.295834636804675e10
2.5329992501959094e11,5.7379321964240585e19,4.169057839058917e12,2.29684891565499e10
2.5340752865187817e11,5.737090572920239e19,4.169619073480477e12,2.297168947358828e10
2.5340382291558298e11,5.737792052345784e19,4.137753803365878e12,2.296856916596468e10
2.53452924542109e11,5.7392079620575855e19,4.138550850519056e12,2.2891159943857574e10
2.540253858461226e11,5.740060553585046e19,4.139205633288003e12,2.2889004460312042e10
2.5433770587203018e11,5.742329693569458e19,4.144107374817728e12,2.2885773597075302e10
2.5753618943495508e11,6.8321376079761965e19,4.143572636325769e12,2.2887072201047302e10
2.574493069641959e11,6.902997646712268e19,7.024694773686983e12,2.290545255195149e10
2.5749508811799136e11,6.902886540934641e19,7.024657883786375e12,2.2903642337229702e10
2.574906702070159e11,6.904358487868233e19,7.028261851997296e12,2.290695249758223e10
2.5741047589727902e11,6.903553897938819e19,7.030063512734818e12,2.2925344403795166e10
2.5869757164572214e11,6.8994145855369404e19,7.030833131487196e12,2.293050587758687e10
2.5889973010363065e11,6.900811668636358e19,7.029604377939919e12,2.297972038848385e10
2.5938684047275467e11,6.905857281039186e19,7.034338984029812e12,2.297877522811565e10
3.5005321867185175e11,6.905127780248182e19,7.038224340858322e12,2.4961704693393097e10
3.50809739060919e11,6.90421098067e19,5.231825185425334e12,2.496283663169916e10
3.4889214062518976e11,6.904360763461956e19,5.241658767449918e12,2.496911001801268e10
3.4970134803279944e11,6.917448493088827e19,5.241631715083067e12,2.5157755486106964e10
3.496598476321642e11,6.918753261529927e19,5.23965579180554e12,2.5168320628956944e10
3.497803404683105e11,7.228103538587031e19,5.24092673271589e12,4.654353302694151e10
3.4974365229609955e11,7.232513793115364e19,5.241633250586467e12,4.654898025109766e10
3.498224977430372e11,7.234225367111224e19,5.241734084553426e12,4.648121823520012e10
3.507530903258489e11,7.235866516725146e19,5.242165220669387e12,4.64254133730306e10
3.509031714859056e11,7.236779798384341e19,5.242948210891447e12,4.644464942537953e10
3.552041683945913e11,7.238990325089016e19,5.243604631514866e12,4.644214616336827e10
3.55159128205314e11,7.238350212249766e19,5.243010997116327e12,4.644348334793655e10
3.5514188652576855e11,7.2427602649891275e19,5.249200514689562e12,4.653204700804855e10
3.551502736589785e11,7.2556640244521525e19,5.251252067206582e12,4.653811246363451e10
3.5513281264836816e11,7.25841623655707e19,5.250828578228037e12,4.654681344078918e10
3.5518559162554034e11,1.374667058793005e20,5.249584301140153e12,4.658198812904796e10
3.5519430359786206e11,1.3748565091508671e20,5.317265674742096e12,4.659291403409457e10
3.549076037290123e11,1.3756359755480556e20,5.318537867582491e12,4.659409184051426e10
3.5404544744447186e11,1.3755525366791014e20,5.321973689220832e12,4.661155088550611e10
3.560214530221997e11,1.3755100616447687e20,5.324295814051446e12,4.66146839489101e10
3.559744704374782e11,1.3752637412545628e20,5.333759430848808e12,4.665428247988382e10
3.560157724402039e11,1.3750828205618836e20,5.335149676153119e12,4.666546494039274e10
3.561922807842438e11,1.3752101812161197e20,5.334354047138654e12,4.666322010008777e10
3.5630987424376544e11,1.3752918149490749e20,5.338880119593521e12,4.668472052048227e10
3.563971950112666e11,1.3749222706337651e20,5.340301051005322e12,4.6738024088625e10
3.564900705546379e11,1.3743988317065046e20,5.33964804908301e12,4.9659819332039604e10
3.5674036845467786e11,1.3749103738431259e20,5.342687788144189e12,4.96585745033293e10
3.5681714761177124e11,1.3749094979782556e20,5.343434303319727e12,4.967330045570124e10
3.56842584368944e11,1.3782331301101894e20,5.34182865164911e12,4.967047171123487e10
3.567991649235412e11,1.3782784051112424e20,5.342262290988713e12,4.968386540478915e10
3.568445006470196e11,1.3769925505629756e20,5.343797339992612e12,4.968931885028513e10
3.575480134239145e11,1.3771819243569594e20,5.35607185187774e12,4.971308172446983e10
3.5771624338193207e11,1.3774791630634736e20,5.354438891334766e12,4.97064656578469e10
3.576925154663514e11,1.3780192247234516e20,5.355765412828666e12,4.971124467187054e10
3.576896803111455e11,1.389736835207526e20,5.356692721144391e12,4.9721371066055695e10
3.57738832786378e11,1.390071219671697e20,5.360908677105696e12,4.972325146722785e10
3.5723734714239777e11,1.3891095541349052e20,5.361269404989054e12,4.97216790077562e10
3.573459625137945e11,1.3898047005019054e20,5.360261430113463e12,4.971616798109909e10
3.575415043644586e11,1.3900495346222722e20,5.36668544394122e12,4.9743202306166466e10
3.5752446667557544e11,1.3900988014767163e20,5.366646424340979e12,4.975185836031794e10
3.581116236427386e11,1.3903014659808421e20,5.373232794490826e12,4.976473634556167e10
3.5859427931747833e11,1.3892186741180137e20,5.374456455910694e12,4.976735882550988e10
3.5859250871212994e11,3.402897890899836e20,5.400396493290718e12,4.977527446705735e10
3.586121613241844e11,3.337680358457582e20,5.40361544823088e12,4.9791807610892136e10
3.585867290298909e11,3.3372423415177085e20,5.403309861763299e12,4.980646831366002e10
3.5862438920669885e11,3.324474244117375e20,5.512892062396961e12,3.632615989850275e9
3.588327219315886e11,3.3250491263638805e20,5.535693566088442e12,3.6351000105169287e9
3.588906377077604e11,3.3254871113133916e20,5.539776691723127e12,3.670798690119002e9
3.588620859398019e11,3.32639850633198e20,5.540661718187697e12,3.6695788456556416e9
3.589600123914245e11,3.324876015625491e20,5.540870367520236e12,3.68078790311878e9
3.588672512526356e11,3.3267178719793696e20,5.621737323319171e12,3.6818683058888083e9
3.5918862695781146e11,3.328418731921369e20,5.623712494166023e12,3.6920630060614924e9
3.593406494353989e11,3.329114373976661e20,5.623213090307177e12,3.695090109524624e9
5.150565001634586e11,3.331400100869346e20,5.621940984520592e12,3.6969945811783905e9
5.153097393691296e11,3.3303991854091436e20,5.623031923317061e12,3.69742011371192e9
5.1525151618661e11,3.32997764458918e20,5.624374217804983e12,3.696869391088133e9
5.1522306727244543e11,3.330805658923487e20,5.631822176170125e12,3.697976454059507e9
5.3200238252635895e11,3.331777045120343e20,5.631351485904353e12,3.7053471926701307e9
5.320514535916383e11,3.334034032769461e20,5.630345320564636e12,3.704001276001786e9
5.320611795232059e11,3.333956609722703e20,5.642642814779053e12,3.7030923526601934e9
5.321072315982171e11,3.494944361826538e20,5.643431801574712e12,3.7035766717343273e9
5.323744870245197e11,3.494635344927588e20,5.664823286540876e12,3.7051724402600765e9
5.323210048171716e11,3.494483453432726e20,5.666912409301162e12,3.7067138382377787e9
5.3221848593028754e11,3.4956139375070236e20,5.672125088731589e12,3.713904236268707e9
5.322005218490133e11,3.505090236326312e20,5.714927964841978e12,3.7338460939278784e9
5.3226981794939374e11,3.5074019311700115e20,5.723189478914486e12,3.7324555579802895e9
5.3237722947171295e11,3.5150999486236774e20,5.723767498884038e12,3.731324629739548e9
5.3246069273197186e11,3.54360357569658e20,5.726112065904012e12,3.7448453186425695e9
5.324927161816473e11,3.543609658673773e20,6.647716581563147e12,3.7400020283063416e9
5.3247736288795905e11,3.54420968141214e20,6.648500563934761e12,3.73938933986864e9
5.320941205724239e11,3.544809274984934e20,6.649918736571582e12,3.783767890818288e9
5.3209086156576807e11,3.5456202591129076e20,6.750155171567991e12,3.7830909159837475e9
5.321926332016926e11,3.548020095745553e20,6.749754116389534e12,3.7844075382106752e9
5.987626467934006e11,3.5482383103608586e20,6.754806660032425e12,3.420330280936905e9
5.986973552851907e11,3.547752473495934e20,6.753682287559698e12,3.420863146885852e9
5.98730637062048e11,3.548212981847502e20,6.765100914193464e12,3.42145016768234e9
5.980312047847672e11,3.5489518290563865e20,6.768025357031972e12,3.4229323975295515e9
5.980787423229309e11,3.547293066264302e20,6.765947000588888e12,3.421926419857924e9
5.979953493303546e11,3.547087351182539e20,6.860720288405214e12,3.422372323829763e9
5.998865791850507e11,3.548655929611715e20,6.90821238494219e12,3.422884556352573e9
5.999908617348577e11,3.550805401072159e20,6.907118133339762e12,3.423506941782027e9
5.999857442220665e11,3.558119551673103e20,1.2375959588985854e13,3.424500420286672e9
6.000043022556068e11,3.558372927132586e20,1.237449657760208e13,3.425115577118515e9
5.994979736964119e11,3.560708107041849e20,1.2386699010184184e13,3.4267317428767033e9
5.995500131134554e11,3.5652184364146065e20,1.238577901758734e13,3.428289644516904e9
6.002370404531776e11,3.5680221333733625e20,1.2389277618203467e13,3.430873045627116e9
6.00174160072158e11,3.572864660679565e20,1.2445453438800332e13,3.4314147216900115e9
6.00629315007771e11,3.575437494291996e20,1.2446620310763785e13,3.4279612610216947e9
6.00626657748902e11,3.5808706941252154e20,1.5564046134441867e13,3.428433439375568e9
6.00742007003409e11,3.64959314405343e20,1.5567038089239285e13,3.431136211037897e9
6.00739837417834e11,3.65006956644503e20,1.5567482135579855e13,3.4617245343244786e9
6.006993471545304e11,3.6425855902962667e20,1.556545811915867e13,3.5582863425823007e9
6.008536890500092e11,3.657875518919634e20,1.5568300414463701e13,3.5616798198430758e9
6.009535837489843e11,3.658785879692034e20,1.5566370352476215e13,3.563577351213895e9
6.008382399970973e11,3.6595681514386824e20,1.6479174205223227e13,3.57505830373902e9
6.008025871859943e11,3.659842588385955e20,1.6486981787969438e13,3.5787247548101907e9
6.008430243728861e11,3.658726109623169e20,1.648452925979728e13,3.580677590183174e9
6.006755899752042e11,3.660246847529543e20,1.6481730405050287e13,3.581701377241878e9
6.006329875488967e11,3.665657009258259e20,1.6484226569649465e13,3.5919350563956003e9
6.094237190371709e11,3.666262128816607e20,1.648570739503289e13,4.0392014554738235e9
6.095665159621224e11,3.665644593386895e20,1.6482912466766283e13,4.0525602733862276e9
6.094888716694271e11,3.666427235213317e20,1.6495269320464996e13,4.052454942487757e9
6.09495913319209e11,3.6658019486577276e20,1.6494298371021594e13,4.056482689662331e9
6.097023273733351e11,3.664632048541028e20,1.6494686883356256e13,4.060590772665306e9
6.096213616680569e11,3.6651700759542694e20,1.718631854264959e13,4.0600074098441634e9
6.097625645672266e11,3.666047038012973e20,1.7197314025418393e13,4.06130789591445e9
6.09887880737679e11,3.6667742412502775e20,1.721909063398777e13,4.0760377275512314e9
6.101350861377782e11,3.66587994814738e20,1.7346440403471822e13,4.078686599781387e9
6.103301192870186e11,3.8101329307541216e20,1.734983799396757e13,4.0779086553308697e9
6.101417521717704e11,3.8050211083795195e20,1.7352127167851283e13,4.0827724439147096e9
6.10363890076543e11,3.805829192275251e20,1.7359322658982518e13,4.0835971199226e9
6.109167655999419e11,3.806903406481495e20,1.7363165475547785e13,4.084117076486023e9
6.109198124707438e11,3.809059158832025e20,1.7244954318920986e13,4.084749829223488e9
6.108648713907117e11,3.809665879574605e20,1.7450619769803012e13,4.084880073008883e9
6.110385963328317e11,3.808694444910024e20,1.745228360512449e13,4.15104347038798e9
6.112826538303613e11,3.8097369803577026e20,1.7465895504096076e13,4.1484772772242365e9
6.113955503972961e11,3.8106255541495176e20,1.7469668251965994e13,4.1576537092899556e9
6.116150007515609e11,3.810336559570007e20,1.7469479795951615e13,4.156599906680492e9
6.137397560787344e11,3.8264622390128004e20,1.7478258417037021e13,4.15811795165068e9
6.150460026872654e11,3.827707204859608e20,1.7417960445018045e13,4.1950452447027726e9
6.182018971717734e11,3.848857186483979e20,1.7417904454192053e13,4.195187810939245e9
6.182439708192183e11,3.846927278061676e20,1.7429783564957172e13,4.194117546358708e9
6.18187995463897e11,3.861663583447356e20,1.7432795515433033e13,4.193059213136772e9
6.182699694878685e11,3.872915564978475e20,1.7426535130161764e13,4.1926291077234373e9
6.192020209849249e11,4.1936793993905196e20,1.7429451682518062e13,4.1898107015929823e9
6.192661328656704e11,4.195332269029864e20,1.7471639915040408e13,4.1886209979470453e9
6.191412599651318e11,4.1959314518894274e20,1.7472885823394871e13,4.187751747745726e9
6.192698859400249e11,4.1965418905221117e20,1.7478625117298852e13,4.1877642912843494e9
6.195515135913252e11,4.196241924168245e20,1.747586267709692e13,4.189070520962213e9
6.19587880694418e11,4.196364194784418e20,1.7478792213897367e13,4.1854719786847925e9
6.197351843837455e11,4.1961611236999876e20,1.7476114058202459e13,4.1900850761365094e9
6.197055155980892e11,4.199770314477897e20,1.7511922342122182e13,4.217994525983513e9
6.202373895777203e11,4.200340702545914e20,1.7517593594234809e13,4.2192850236814084e9
6.193962339495048e11,4.201565484067612e20,1.7541707141173736e13,4.2209848648896675e9
6.193647054279398e11,4.200655994460708e20,1.7544214729001045e13,4.2197102707450647e9
6.204253140140427e11,4.1979701897582903e20,1.7549170096051062e13,4.2251348050767536e9
6.401068804141628e11,4.199254900852245e20,1.755607520297022e13,4.2266891064758997e9
6.402333458156559e11,4.199815994686082e20,1.75604154054034e13,4.2285405845590262e9
6.403357995630413e11,4.2004615799967207e20,1.7555691877604992e13,4.2220695479095745e9
6.404289774188805e11,4.190382699450269e20,1.7558049299615838e13,4.224988459070914e9
6.403633501984409e11,4.190037755747916e20,1.756156218280822e13,4.2269400285913515e9
6.405716271322848e11,4.189341425110871e20,1.7573298470055357e13,4.232878900760691e9
6.406800622066818e11,4.1811945505343786e20,1.7597269783044504e13,4.231946344977517e9
6.409862831818755e11,4.180895748256336e20,1.7619308912992543e13,4.370377333488686e9
6.413752602840055e11,4.1809203949292624e20,1.7616592666777152e13,4.370978236450286e9
6.41485305875069e11,4.1854711998542e20,1.761806634171576e13,4.356198477354553e9
6.415739367349977e11,4.187397813937284e20,1.7654396986475293e13,4.356596096569769e9
7.289107059182051e11,4.187556784683588e20,1.7657928770213383e13,4.357433418086592e9
7.288569132913682e11,4.1880879570646644e20,1.7663377793704074e13,4.358287085830591e9
7.305542408542399e11,4.1938702824823384e20,1.7673492659331855e13,4.359553986238302e9
7.305450697403373e11,4.2005999684532725e20,1.768078132463582e13,4.367779751229678e9
7.306088387593804e11,4.212190709548948e20,1.7683023230281094e13,4.368193212378781e9
7.313476827490458e11,4.212577540602607e20,1.7681791417798344e13,4.369667226263936e9
7.312584202590691e11,4.196146768753415e20,1.7684455905564285e13,4.423091690675309e9
7.315405054665793e11,4.199001068698764e20,1.768682823019021e13,4.403743781539518e9
7.319168413336736e11,4.198624712005703e20,1.7691670974500074e13,4.408419155140783e9
7.329744213375963e11,4.6204233029331236e20,1.7686703605904793e13,4.407496489447644e9
7.324969932721165e11,4.624361456237791e20,1.7689285426768375e13,4.406856303142594e9
7.320251105074436e11,4.624177217074864e20,1.7705304369434285e13,4.414307374323114e9
7.3208429878556e11,4.623600679923336e20,1.7813694089886695e13,4.413583909948446e9
7.334501306300187e11,4.6214410639367936e20,1.7810242799686504e13,4.412212368410035e9
7.337096798567516e11,4.621586437118619e20,1.78754209127886e13,4.415141636501285e9
7.336008577653639e11,4.6222221466337234e20,1.788141219635046e13,4.416295165060644e9
7.335840294324757e11,4.6228313829373654e20,1.787927988601615e13,4.439119891435548e9
7.33552587232877e11,4.624116050891249e20,1.7879214940136605e13,4.43723792975999e9
7.41256733969509e11,4.6247326627316616e20,1.7902826376705664e13,4.629306385566335e9
7.409962315707672e11,4.62451175165229e20,1.79146144514446e13,4.632242749785767e9
7.40946405364796e11,4.628021531674036e20,1.79077353158572e13,4.632902931923794e9
7.40744303861045e11,4.629078604629039e20,1.7922325746395402e13,4.631085418195621e9
7.479635138495923e11,4.6288203537395764e20,1.792067039501979e13,4.631885928088374e9
7.478881203068241e11,4.6295236746371144e20,1.7923821570804285e13,4.632683885904209e9
7.482783776119666e11,4.632797573899917e20,1.7923241021987004e13,4.6315271208027e9
7.482452682904551e11,4.653261736693042e20,1.792320569181285e13,4.632735777819445e9
7.512304366947212e11,4.653072943030515e20,1.7923645121628074e13,4.632920754662878e9
7.511356865343855e11,4.653281676552523e20,1.7932423742804074e13,4.634621477484451e9
7.514550037274923e11,4.6542467227306584e20,1.793175034152105e13,4.636215428555539e9
7.716766726961752e11,4.655657614254845e20,1.793619705678848e13,4.634124261542987e9
7.71865777105918e11,4.6607447075322495e20,1.7941723728147727e13,4.644005708179285e9
7.723527116659417e11,4.6581041298384565e20,1.7979492315060645e13,4.6438639515573635e9
7.71648722843111e11,4.6578846896576515e20,1.7990326733229324e13,4.619784303421146e9
7.716695337373071e11,2.552952572908076e19,1.7996801501811242e13,4.61985432781244e9
7.718277303107644e11,2.552637044526612e19,1.8000017691593734e13,4.623417313684638e9
7.717390619193861e11,2.5146642663720395e19,1.813567650687004e13,4.624045520463169e9
7.716533768562758e11,2.516201980732539e19,1.814061116356908e13,4.631572798430522e9
7.71675700824274e11,2.5160805165313642e19,1.8146209412507703e13,4.6323833952777405e9
7.716729537680026e11,2.5173433750222004e19,1.814274461931559e13,4.633099639019828e9
7.717357758531646e11,2.516704079363694e19,1.8145543002158938e13,4.633692333971099e9
7.718309120859158e11,2.5366587415977128e19,1.8148231200626746e13,4.630213146188347e9
7.72491733565732e11,2.5630965079642206e19,1.81896072128886e13,4.631014517413944e9
7.72268176628076e11,2.7004051343352037e19,1.818459799350546e13,4.630441976910704e9
7.722284922435052e11,2.707744862020055e19,1.818790420965302e13,4.629965482990161e9
7.724443910807649e11,2.7085777113555513e19,1.819081600963962e13,4.629009279117378e9
7.725496039161074e11,2.612978010101025e19,1.8190600571088184e13,4.642677913898139e9
7.73373946331942e11,2.613089032342944e19,1.8183113019867902e13,4.645121326630277e9
7.735547743564888e11,2.6128354524880548e19,1.818226054071831e13,4.643351708077859e9
7.735443688190386e11,2.6128859673821106e19,1.8185811303463055e13,3.3453576114807754e9
7.740087647633801e11,2.6142102107850748e19,1.8335605559370566e13,3.3467723278248076e9
7.742525438867389e11,2.6146076826009063e19,1.834234336950257e13,3.3472549798231616e9
7.747083866901982e11,2.6143766386425324e19,1.8411240073171168e13,3.3478219813622456e9
7.750850653832074e11,2.614956581714542e19,1.8409691074404758e13,3.348963668981039e9
7.752219993857905e11,2.6143003224222732e19,1.841100997718853e13,3.349917763551686e9
7.753653991134147e11,3.0348857602311774e19,1.8413754006441457e13,3.348854798898106e9
7.760888703815942e11,3.0355030152550957e19,1.8421725357911258e13,3.3504143072401366e9
7.756224475719419e11,3.0547997065230488e19,1.8424642588936e13,3.350956099953517e9
7.763645736784908e11,3.0549603544681153e19,1.8591291148179055e13,3.3517230211760445e9
7.76509205041061e11,3.0551888255600685e19,3.03200177568034e13,3.3521847905421977e9
8.88722827909972e11,3.06149891532004e19,3.031844662424078e13,3.352955422054392e9
8.926989029628813e11,3.062918795331396e19,3.0313697412965914e13,3.352308527731926e9
8.927132886702257e11,3.062462448502763e19,3.0309263929400715e13,3.3527747613355327e9
8.932532639650824e11,3.0598965584004133e19,3.0305233081832742e13,3.352025585530123e9
8.939403061721917e11,3.05947751226894e19,3.033164328480447e13,2.3596293352032027e9
8.940718919755059e11,3.0598944610809668e19,3.035000317479941e13,2.3595896841723795e9
8.94482742665342e11,3.239834157401861e19,3.047395792899005e13,2.359912431034174e9
8.950126364507833e11,3.241595499899776e19,3.046994390254598e13,2.360493167435446e9
8.951357530452721e11,3.2422806603282977e19,3.0467257488798176e13,2.3600615803857765e9
8.950945650108676e11,3.2435747683906597e19,3.04639763850303e13,2.360376287166434e9
8.952309041272446e11,3.2439833832770126e19,3.0471074394562617e13,2.359752733014962e9
8.956049495794899e11,3.2443951279480058e19,3.0481841012143223e13,2.360191207457613e9
8.971151258592471e11,9.2945911040279e18,3.0482146066182996e13,2.3607917605982733e9
8.971463462938141e11,9.30612731439196e18,3.0600865533176004e13,2.3604825866623626e9
8.969832072645852e11,9.320311267021982e18,3.0607782233951414e13,2.3610150681339574e9
8.977018769068134e11,9.331867355274725e18,3.0604638087462977e13,2.3604620957297516e9
8.979613306329235e11,9.329954563127904e18,3.0597543346699258e13,2.3624204376445327e9
8.981572767806184e11,9.326214026090938e18,3.0603809437978492e13,2.362163916412394e9
8.984353817987673e11,9.336668522441867e18,3.060773175173653e13,2.3618824901132364e9
8.986256659489279e11,9.34076982002098e18,3.060356088644691e13,2.361780314574544e9
8.988733508904464e11,9.341201727256383e18,3.060441722625757e13,2.3616369479536147e9
9.012009245618994e11,9.35411338435901e18,3.060794909216611e13,2.361810723016572e9
9.093426016963876e11,9.3541742099468e18,3.1820926907031527e13,2.3619499324936705e9
1.0511156598570944e12,9.35633957955405e18,3.182659099413461e13,2.3619589472509003e9
1.0515050041879785e12,9.364950841110125e18,3.186509142928635e13,2.361281736538549e9
1.0516383803626484e12,9.371864387644367e18,3.18706138424497e13,2.3608129146923666e9
1.0534999358130553e12,9.37560925541562e18,3.1952062262429707e13,2.360705698212138e9
1.052865004264057e12,9.373358248183812e18,3.195935992356422e13,2.3611927764544535e9
1.0527089280648146e12,9.376174969433235e18,3.196575611086283e13,2.3601022520619125e9
1.0558423633088092e12,9.374015677724887e18,3.1976121920076137e13,2.359957057828738e9
1.0555784928504227e12,9.37187144210122e18,3.1984794692176242e13,2.3602891882328196e9
1.0555038528372839e12,9.362938541872654e18,3.198834034834332e13,2.3605225410372176e9
1.0547517491172308e12,9.368842893586571e18,3.198451932773501e13,2.3607284611603155e9
1.0544780887766394e12,9.371409808774375e18,3.1979678177873082e13,2.3625292372881365e9
1.0710976680026152e12,9.374318764465027e18,3.2092996601847836e13,2.36314036048451e9
1.0708180988722651e12,9.499349033013174e18,3.2695188490125465e13,2.3637473427754292e9
1.0708743832492817e12,9.500460207229422e18,3.2698475857061766e13,2.366550367453878e9
1.0711102564168944e12,9.505707018228568e18,3.2717958002424676e13,2.366882265589718e9
1.0709926855484861e12,8.740892366031941e18,3.2728995479733336e13,2.3672674842675605e9
1.0710140366760496e12,8.772949152245403e18,3.2721819479333844e13,2.367206705149972e9
1.0711817999381855e12,8.785908383835675e18,3.271715138690122e13,2.3678881055965104e9
1.0911138917189272e12,8.787609949255835e18,3.2924797949495535e13,2.366595445275565e9
1.0906669508317628e12,8.787204826373799e18,3.2970143063183656e13,2.366559980632112e9
1.0905901646357416e12,8.825654843469518e18,3.3046203506521098e13,2.367914551610632e9
1.0905444124346515e12,8.82845586444552e18,3.30447419686441e13,2.367946050081762e9
1.0903839456981713e12,8.82828934753948e18,3.3062713386051e13,2.3677068306973367e9
1.090770159176608e12,8.830840445667504e18,3.3078188207077527e13,2.36831029204699e9
1.090927878027761e12,8.835223313395724e18,3.3099662258908254e13,2.3689746631039505e9
1.0913730632548206e12,8.833804487826855e18,3.320710650059417e13,2.3712743018698173e9
1.0913120787445166e12,8.834783365146801e18,3.730755670448771e13,2.3730537226369414e9
1.0915943371479719e12,8.836062979234062e18,3.731695038757416e13,2.3734953008313246e9
1.091608246220286e12,9.091419210131422e18,3.7329328058713484e13,2.373170036783064e9
1.0926784883217993e12,9.096234195552184e18,3.734098017811243e13,2.376564077884638e9
1.0923846613301495e12,9.096586510012166e18,3.733517973821751e13,2.376747735092843e9
1.0947583257055671e12,9.087780310462328e18,3.7353408451304984e13,2.388953211810078e9
1.0951112362979567e12,9.086630658654423e18,3.735621986800797e13,2.4008173625851173e9
1.0953060698903054e12,9.090154855511538e18,3.7354958014742016e13,2.4011905667030144e9
1.0967558200192522e12,9.253717638888454e18,3.734953512348103e13,2.4018572055504103e9
1.0975698383234502e12,9.251436238918386e18,3.742426886077764e13,2.4142853076566615e9
1.0974806739458624e12,9.25385163753369e18,3.7424857420782414e13,2.4137665638581967e9
1.0986091808713492e12,9.255265519165958e18,3.7422497721635e13,2.4190193559238863e9
1.0989035798937158e12,9.257506700222736e18,3.7436032085385586e13,2.4189483851370854e9
1.0991667759853419e12,9.259395164991844e18,3.743556922423207e13,2.4194954179417043e9
1.0990940863356262e12,9.260846500323764e18,3.744575563008636e13,2.4193515112059298e9
1.0983407451950007e12,9.265344234468448e18,3.744202456688436e13,2.4191097717246e9
1.0956121555535806e12,9.261916835913988e18,3.7606972152972586e13,2.4194644674149575e9
1.0969533115885647e12,9.268114961162586e18,3.76129008932772e13,2.4195929062887316e9
1.0990789380140209e12,9.269017378795385e18,3.769347212664161e13,2.4195727038802633e9
1.0988173447467346e12,9.264982141477947e18,3.770518409959223e13,2.422565875330109e9
1.0995468813788506e12,9.263951190906415e18,3.772343461276233e13,4.590178712629171e9
1.1003337712223015e12,9.27576416307794e18,3.772817164034239e13,4.600094335769741e9
1.100288981232517e12,9.27742819123533e18,3.773591145271873e13,4.600783734833472e9
1.1000579014633748e12,9.300977006654867e18,3.7747946420258914e13,4.606725114462682e9
1.1000036471048633e12,9.301545791646245e18,3.780056333301053e13,4.609769302262908e9
1.1243761801493384e12,9.304077053917071e18,3.7831678064229734e13,4.609702445937031e9
1.1241979900240688e12,9.310950759843547e18,3.783997066649696e13,4.668471900273529e9
1.1249717736866692e12,9.317511166981403e18,3.797023911242111e13,4.669803370849856e9
1.1574903368922412e12,9.318124643592628e18,3.798466468259784e13,4.669758771040877e9
1.1577598045943289e12,9.320143384022913e18,3.799098800400958e13,4.669853726727158e9
1.1587530478089297e12,9.327240063377123e18,3.81204329500519e13,4.668741100617269e9
1.1591688995979026e12,9.328745358806518e18,3.812709878645814e13,4.668117026134225e9
1.158618246398317e12,9.322379827511593e18,3.813268832760215e13,4.675914677214802e9
1.1591495198859084e12,9.32164671788095e18,3.812528518399141e13,4.676972165843403e9
1.1593174800708535e12,9.323328455956255e18,3.813054429635818e13,4.676539748118205e9
1.159147658456224e12,9.327234652813128e18,3.814978616271853e13,4.677315258665564e9
1.15908163228733e12,9.329993456564031e18,3.815194449458388e13,4.678036374771035e9
1.1592080573118777e12,9.336190015451777e18,3.823521527205868e13,4.677811168033384e9
1.1590661424351724e12,9.337033311289137e18,3.835473812742999e13,4.678061712490436e9
1.1592353060676978e12,9.339789037036095e18,3.844676986044913e13,4.67871128548432e9
1.1611279453057095e12,9.340966373181241e18,3.8454972151019836e13,4.678057941267033e9
1.1633543170883523e12,9.342113325021164e18,3.846363701216812e13,4.679504589735815e9
1.1636740165838381e12,9.342967447933413e18,3.845976993033686e13,4.679141800193684e9
1.1719700865484512e12,9.343403480213367e18,3.846962549216068e13,4.685594110611361e9
1.1752977587246506e12,9.342156931896654e18,3.847460130236623e13,4.687127054345617e9
1.1757591986323247e12,9.342830689043808e18,3.849084712408946e13,4.6851306877214985e9
1.1752946005207512e12,9.342636067837465e18,3.8494089071798375e13,4.6849291416401005e9
1.175748520205875e12,9.34441868946299e18,3.850454682555614e13,4.687894897146299e9
1.1765239763727798e12,9.342792559433202e18,3.8504073625290375e13,4.687487511858874e9
1.1837284904869417e12,9.343953644279624e18,3.8499275168874445e13,4.689513739442498e9
1.184461763337952e12,9.345184679982264e18,3.851433240722093e13,4.688283338965026e9
1.190603357076402e12,9.344388310040826e18,3.850737519128949e13,4.691260472889606e9
1.1910216977342778e12,9.34445448099485e18,3.8502594483742016e13,4.692075904839986e9
1.1912347428371296e12,9.343651869075685e18,3.853566063078368e13,4.692774870631834e9
1.1931254255503772e12,9.34561592414517e18,3.8535410639701125e13,4.692478727973058e9
1.1935665005240757e12,1.0005067482405296e19,3.854116294699297e13,4.693448573343179e9
1.1932993033355925e12,2.5985766581761183e18,3.8559855091079836e13,4.6869069237514515e9
1.193601717605916e12,2.5980480220297247e18,3.877698043441153e13,4.7174572349222765e9
1.19346475539228e12,2.602810689969753e18,3.8779601552373125e13,4.71831158268383e9
1.1934430374608132e12,2.60679806120307e18,3.877737932644204e13,4.738762063080204e9
1.193274635202145e12,2.6028036825316163e18,3.878505308914755e13,4.738925445354186e9
1.1931056698779968e12,2.6029889418034473e18,3.8781849471883195e13,5.614451923279794e9
1.1937130026733704e12,2.603428912535367e18,3.994883263204872e13,5.620357608050893e9
1.2057630200023965e12,2.605060665773282e18,3.9942927516879055e13,5.622196169705119e9
1.2056631909098025e12,2.605616018631406e18,3.985032575710033e13,5.621106921289658e9
1.2057137741178945e12,2.605797108814191e18,3.985223876442418e13,1.0286719063633236e10
1.2054188736432715e12,2.6083308874748754e18,3.987361147154201e13,1.0288664692686506e10
1.2056603191176409e12,2.6084202850016067e18,3.988148199317092e13,1.0286615870155472e10
1.2063177812438088e12,2.616226112198429e18,3.976503888998658e13,1.0291934016578362e10
1.2076088646702979e12,2.6158092264735744e18,3.975846375950135e13,1.0297541427934034e10
1.2091279910294622e12,2.619900877190282e18,3.976864662943288e13,1.0484010807038286e10
1.2101254330047444e12,2.619352289611134e18,3.98223320645964e13,1.0485787510476263e10
1.2109234838862979e12,2.6191329761076296e18,3.983730508066828e13,1.048552117628855e10
1.2115035383510874e12,2.6223659182736297e18,4.00341810705293e13,1.0486557983364683e10
1.2114801496550276e12,2.623404837403421e18,3.996675940835477e13,1.0528761853907383e10
1.2107696848482114e12,2.62387982313703e18,3.996000012396781e13,1.0579322301878582e10
1.6615422067726626e12,2.642641231757457e18,3.999556966768005e13,1.0578794867970478e10
1.661294923394317e12,2.644340033555013e18,4.002477800617676e13,1.0576202516604261e10
1.6615306746753723e12,2.6451000399893765e18,4.0024758017768414e13,1.0621369137642591e10
1.6606797638607222e12,2.651223690448462e18,4.004804243948401e13,1.0639990376384373e10
1.660695066237013e12,2.658277542712604e18,4.004698294687098e13,1.0617138649505568e10
1.6610702370271304e12,2.6587618928836055e18,4.00560501157234e13,1.0616716744265945e10
1.6610618285677627e12,2.6606302938288333e18,4.005099806495953e13,1.0619268131033892e10
1.6616848498028057e12,2.661463810623254e18,4.004634668538038e13,1.061777742042317e10
1.6618070241071064e12,2.6697080040069576e18,4.003466426066097e13,1.0619415102381931e10
1.6621039065040156e12,2.6690324988532014e18,4.0064339313180586e13,1.0620578934699175e10
1.6622848236735095e12,2.669375691447599e18,4.133968551079389e13,1.0624714672040285e10
1.6619662884687417e12,2.6693695157965025e18,4.134867074166539e13,1.0622935181667238e10
1.6653013830386387e12,2.6700921095446513e18,4.132759637703642e13,1.0623377742211863e10
1.7041133174205598e12,2.670733627496869e18,4.133088646242222e13,1.0628402186529448e10
1.703836659454415e12,2.6706225601200804e18,4.128638427790982e13,1.0627725096964579e10
1.7048974927359622e12,2.672690041116371e18,4.1296381116110305e13,1.0628584714155367e10
1.705259320053804e12,2.672226373740269e18,4.130763129406219e13,1.0606552525465248e10
1.7062795108732764e12,2.6725726815430303e18,4.13020027826246e13,1.0611958837398764e10
1.7065193519199724e12,2.8527181837963126e18,4.129883939976145e13,1.0617676157490276e10
1.7069717131814375e12,2.852865332800788e18,4.132890187317003e13,1.0621387325921574e10
1.7068183612970337e12,2.863276789743034e18,4.133165066557906e13,1.0622989771119478e10
1.7069013349964119e12,2.8632301220034606e18,4.134615894102688e13,1.06217902032851e10
1.7071785053920452e12,2.86754681005273e18,4.134372572953204e13,1.0620308883708551e10
1.7081816510478823e12,2.868889281895247e18,4.141562837534732e13,1.0600323684798958e10
1.7063334691924446e12,2.868560343531051e18,4.1427923213117484e13,1.0610327284920954e10
1.7123851221728008e12,3.022438113729591e18,4.1433410402955414e13,1.0625619151202902e10
1.7168678986095205e12,3.0223287616339215e18,4.143043600995079e13,1.0624698435362785e10
1.7176853004817651e12,3.021518253397955e18,4.1444871655952266e13,1.062733629239946e10
1.7180148240020522e12,3.044552591980725e18,4.146039083480649e13,1.0658108982381897e10
1.7183552107789077e12,3.0388149870026045e18,4.1484013404216055e13,1.0659559887232437e10
1.7184565140783948e12,3.039333287715533e18,4.148952620930799e13,1.0660927455217215e10
1.7188457446002068e12,3.0410390783757834e18,4.14810585859266e13,1.0667116108599487e10
1.718161780660994e12,3.041804469034066e18,4.398476761664284e13,1.066892791023182e10
1.7206837674497432e12,3.041224512929835e18,4.4033801904376125e13,1.067040505400745e10
1.7197193860708896e12,3.040022297670938e18,4.4039897158641875e13,1.0670492452462778e10
1.7197439513404807e12,3.0404927999859886e18,4.5358379996986016e13,1.0668802732889605e10
1.7233486774046118e12,3.0407287588030715e18,4.536564650050545e13,1.0945379920675713e10
1.7229810051968047e12,3.040951314891791e18,4.535838218023514e13,1.094749648679284e10
1.7302284000628152e12,3.041630673621957e18,4.535173363441441e13,1.0950949338825993e10
1.7300153416892427e12,3.0977306781703936e18,5.3501952526585945e13,1.0952885328256126e10
1.7302602317148667e12,3.1023359433500257e18,5.3514106245431266e13,1.094877463737375e10
1.7299733604047476e12,3.1018708315909996e18,5.351000945515218e13,1.0946764503538696e10
1.730070667767026e12,3.1018759160319764e18,5.354646968953486e13,1.0950771943023985e10
1.7292425989971477e12,3.108939692308622e18,5.38505487007704e13,1.0950852633354168e10
1.7291513101869858e12,3.1096791178051953e18,5.3892824834241445e13,1.0952587978641947e10
1.7347183093850383e12,3.110427498665803e18,5.390915973279746e13,1.0955452193310175e10
1.7348692086880334e12,3.1108243646999736e18,5.392478603669766e13,1.0961195346400957e10
1.7348574411014978e12,3.11283181859688e18,5.3923774285608484e13,1.09581918526853e10
1.7347916623126816e12,2.656622576540137e17,5.393476761547516e13,1.0958075865896605e10
1.7356623600750293e12,2.6573249889696083e17,5.402043755322503e13,1.0958351515221596e10
1.735574802183688e12,2.656981688185952e17,5.437828079019183e13,1.0960850117170206e10
1.73620819385721e12,2.656794454904637e17,5.438456266899601e13,1.1113722560484047e10
1.7370474557309568e12,2.656791781332998e17,5.44120645237441e13,1.1114448403514194e10
1.7384639715825608e12,2.6553423103437104e17,5.440532394175552e13,1.1117146258664051e10
1.794344990734621e12,2.6565003859107514e17,5.4563329191921766e13,1.1139853000531889e10
1.794744689466162e12,2.6570747441082493e17,5.457354835656657e13,1.1141485966580082e10
1.7950174951686204e12,2.6550839105173578e17,5.457715503016066e13,1.11433000198483e10
1.774643554489454e12,2.655202996712458e17,5.456945251012571e13,1.114698660458751e10
1.7743827088720708e12,2.6564563665314138e17,5.4563627896108375e13,1.1220129470456974e10
1.7744127067303696e12,2.6562426118018336e17,5.454986072769102e13,1.140210758201341e10
1.7749884514296355e12,2.6557411629776803e17,5.45514851370598e13,1.141821283801611e10
1.77488417667891e12,2.657739813682483e17,5.456448618058149e13,1.1423972159435207e10
1.7752395871498645e12,2.661293790459978e17,5.433704079710895e13,1.142622581634323e10
1.775078450656637e12,2.661064330411706e17,5.433030150823235e13,1.1538122853002956e10
1.7752861092765742e12,2.662694115171626e17,5.443542614361457e13,1.1539623191397728e10
1.770696347613002e12,2.6627992051928534e17,5.455847829460624e13,1.1538350980480158e10
1.7721909652342292e12,2.663242277265694e17,5.456720097173055e13,1.1536087490505606e10
1.7718404666308274e12,2.6629930974648707e17,5.4556627130565984e13,1.1537042065527962e10
1.772322796884703e12,2.663553489123206e17,5.455079346117243e13,1.153743198139114e10
1.7726936061501187e12,2.663889152101121e17,5.4545872016112555e13,1.1551181141659399e10
1.773518994305607e12,2.6635102365043942e17,5.454317365308802e13,1.1549545106428663e10
1.774257016710658e12,2.6639294829831933e17,5.454213012327051e13,1.1547396627610632e10
1.7740867273717256e12,2.6634866897337184e17,5.455113440509335e13,1.1547162668430145e10
1.7738425632900466e12,2.663139657486732e17,5.4569634177326805e13,1.1556385855486622e10
1.774070596352041e12,2.6620382048965923e17,5.457135218900188e13,1.155475104279539e10
1.774708016233185e12,2.661819395388447e17,5.455464678925066e13,1.1575553725810055e10
1.774972346099172e12,2.6620566807754474e17,5.456189760828992e13,1.157432260172541e10
1.7794259233052305e12,2.668671311682466e17,5.4580045371641266e13,1.1575832960174856e10
1.7803425838677498e12,2.6688351157931357e17,5.466499813403249e13,1.1576334217455332e10
1.7806335138904705e12,2.6648564328180982e17,5.466457617372296e13,1.1575439457368967e10
1.781262025363799e12,2.7922741094056493e17,5.46472734416097e13,1.1559918695497725e10
1.7830898080493914e12,2.7980462990823664e17,5.464092355759945e13,1.1568581695736506e10
1.782835800716455e12,2.7976659989106646e17,5.4668720103910836e13,1.156760366480911e10
1.7831490956092458e12,2.7990558433789648e17,5.470462986371322e13,1.1568118918482231e10
1.8029834334562444e12,2.799682923112189e17,5.47109912468898e13,1.157033097452117e10
1.8036019400693213e12,2.7979540835724326e17,5.475666366294522e13,1.1710696234187412e10
1.8067012552007563e12,2.7989561240430704e17,5.477850811553799e13,1.1751028215992258e10
1.8060800182408691e12,2.7985307677539024e17,5.563214138123065e13,1.1751239169792181e10
1.805952421616935e12,2.799792528645884e17,5.56027367196692e13,1.1913298173065044e10
1.8061871927163e12,2.8095843141311594e17,5.5609004488380695e13,1.1927440068354778e10
1.806175732796003e12,2.8096594852455866e17,5.559968069074227e13,1.1924584480161278e10
1.806403072839172e12,2.811574497138446e17,5.560945644145272e13,1.1924017676619257e10
1.8128495621535981e12,2.8110971731592515e17,5.564150862565252e13,1.1927284453058296e10
1.8130598050974517e12,2.8113867104663786e17,5.563833973447407e13,1.1929063581378181e10
1.8144679422763215e12,2.811803665917712e17,5.560382217481075e13,1.19306234808112e10
1.871443723398792e12,2.8123596029879392e17,5.5937326070425234e13,1.1935804581082502e10
1.8711143045661584e12,2.8122488651575923e17,5.597653333620396e13,1.1940118383072105e10
1.8709971856121296e12,2.81210047898229e17,5.6334005693580695e13,1.1944659814643211e10
1.8713388886584368e12,2.8223700533319555e17,5.64064381403838e13,1.1980481136188457e10
1.836309501163077e12,2.8226795549340026e17,5.6398405580945555e13,1.1989042668242727e10
1.8365404617418303e12,2.8222466408518326e17,5.6418188395574695e13,1.1986697726744099e10
1.8362504679604475e12,2.8228330982664355e17,5.757406357816071e13,1.199028735460325e10
1.837684960898643e12,2.824412050335646e17,5.760134181744153e13,1.1992941341139072e10
1.8381155277520557e12,2.824072070894241e17,5.759808716577753e13,1.1992918622912855e10
1.8849750549520183e12,2.8249393313052643e17,5.760682317241312e13,1.1996109426933998e10
1.884741765299424e12,2.8246151872733328e17,5.7608894379317375e13,1.2070246307954288e10
1.884434269234799e12,2.8238339034330464e17,6.031575442688119e13,1.207329592746593e10
1.8846111372398838e12,2.8234122226067712e17,6.0324781343066695e13,1.5219247244574726e10
1.885020220093402e12,2.822613446090494e17,6.032056051718671e13,1.5221412769260872e10
1.884974934082801e12,2.8236893399006432e17,6.047628555608701e13,1.522550279240972e10
1.8872006714030508e12,2.831962421396834e17,6.048903384622786e13,1.522981144790272e10
1.8875897326941863e12,2.832953177106041e17,6.049097806436924e13,1.525306663729169e10
1.8878446926124873e12,2.832841150695322e17,6.050112702357312e13,1.5256712305611525e10
1.8886661517734368e12,2.832837799267824e17,6.050519593113912e13,1.5257587038047884e10
1.8875338752124724e12,2.8326766144904416e17,6.051222673553344e13,1.5341403266317871e10
1.8878231869849797e12,2.8340741993721213e17,6.053689854985071e13,1.5408637520844912e10
1.8880903337509412e12,2.8337205263635664e17,6.053364773340033e13,1.5416285618950024e10
1.889521052070582e12,2.8333118300934714e17,6.053469412026937e13,1.5437973841994179e10
1.89013804072599e12,2.8353694533712208e17,6.05783662226115e13,1.5440967300338839e10
1.9549023230832612e12,2.8362995579108016e17,6.055288203612621e13,1.5458381885021572e10
2.158831787274155e12,2.8361435858175648e17,6.054214145047331e13,1.546115574969177e10
2.2047261090933525e12,2.8386348144611898e17,6.053418289697033e13,1.546385159522723e10
2.20553358236593e12,2.8385950214596083e17,6.055765443038295e13,1.6528413719766443e10
2.2064441117461294e12,2.8388909556675443e17,6.0554134406187086e13,1.6540917299590773e10
2.206734049446834e12,2.839868809236184e17,6.056747408459029e13,1.6537324384409185e10
2.206445441435071e12,2.8407419600261104e17,6.0554058089011984e13,1.6539923059217646e10
2.2068718877757656e12,2.841113251271686e17,6.055994694732975e13,3.675855776518812e10
2.2068267007576616e12,2.8413803184609795e17,6.0614497341162914e13,3.6710590977951515e10
2.2177293146713633e12,2.8423553057753648e17,6.063037959662019e13,3.681851737028497e10
2.217251726287292e12,2.8431361417670026e17,6.103753986837703e13,3.684869801557071e10
2.2170689019265073e12,2.8429433511077414e17,6.104823219754863e13,3.684384963734174e10
2.213706011824859e12,2.8435197125149053e17,6.0989434389857305e13,3.683224402050911e10
2.2139712191815024e12,2.8442446012486778e17,6.099599603441095e13,3.6820988630246025e10
2.214041767099352e12,2.844497756962172e17,2.1189412987952754e13,3.6815676569713234e10
2.214129054226997e12,2.8440283828092662e17,2.120075117943773e13,3.683133148279406e10
2.2148898448595576e12,2.844682989374967e17,2.125974477070043e13,3.687503895505027e10
2.231628013419549e12,2.8451134080899472e17,2.126244227185601e13,3.688075303697599e10
2.232117423540502e12,2.8459728887846003e17,2.1297686509446887e13,3.687604141589986e10
2.2307381413322456e12,2.847972848719515e17,2.1301108891129605e13,3.6881495417311356e10
2.2303685545088384e12,3.4301782156866496e17,2.129373722592959e13,3.690971850842287e10
2.230653753752398e12,3.4306434926087034e17,2.1464142179964203e13,3.746374628199416e10
2.2394173014969707e12,3.4256544304992384e17,5.775249012409449e13,3.74566149490059e10
2.2398074696687744e12,3.467618393391339e17,6.006741643910975e13,3.7554356622910866e10
2.2401630020943223e12,3.467500501130914e17,6.012144143156629e13,3.755233659518619e10
2.2547953933163003e12,3.467930935977445e17,6.015927174435299e13,3.756959108134959e10
2.2557525164747085e12,3.4688552782915834e17,6.040104773055177e13,3.7603965355393845e10
2.2562965211152246e12,3.469321682034613e17,6.0405476402059055e13,3.760040299114837e10
2.272254133921035e12,3.469798299304363e17,6.048472055525471e13,3.760547664660402e10
2.277988329664351e12,3.472851985989464e17,6.050460866599087e13,3.7602972325381256e10
3.5526069273953745e12,3.4710604434919334e17,6.0496779412457125e13,3.759222185825053e10
3.5525901299328535e12,3.470363654609699e17,6.04946097154009e13,3.7692072873094955e10
3.5529456344030273e12,3.470736228998135e17,6.052356826237784e13,9.076447995819327e10
3.5537665594774766e12,3.471239507366828e17,6.053489568296623e13,9.075780275012247e10
3.55456585469343e12,3.479827150680505e17,6.054608596413597e13,9.072009067961638e10
3.5549724521513677e12,3.479819975121243e17,6.055657889429695e13,9.073747680567635e10
3.5559062085350728e12,3.487449632142721e17,6.054520173348979e13,9.075462974037643e10
3.558908100934443e12,3.4867271071206144e17,6.05343897603501e13,9.07772590022505e10
3.558329770734184e12,3.486968567598646e17,6.052558196116138e13,9.087160789763057e10
3.558809309048352e12,3.4868259364024704e17,6.050937713105463e13,9.10265320268762e10
3.559127147697073e12,3.4881174873835795e17,6.051973292954499e13,9.116838073841772e10
3.5590844250278438e12,3.489150851242246e17,6.28691501554053e13,9.117229861349213e10
3.5582084190639243e12,3.4916630225026797e17,6.28559561485368e13,9.118783339100386e10
3.5599512617645566e12,3.492654269842161e17,6.2895018725252836e13,9.120233869236484e10
3.622076483987311e12,3.493107207033499e17,6.292417562324304e13,9.121038764265007e10
3.6239095951282153e12,3.4939211417122566e17,6.2907671890002414e13,9.120426016279008e10
3.624191259846074e12,3.4944222059714406e17,6.2932097505496516e13,9.119118606648936e10
3.625032901286545e12,3.508507571527236e17,6.29949345417935e13,9.118539731755624e10
3.6244730854669775e12,3.509224929093554e17,6.493774099474531e13,9.115369564490906e10
3.6242126189836562e12,3.509669589652986e17,6.496883604843435e13,9.114354870898126e10
3.625889238706328e12,3.510361755105501e17,6.4978928504109195e13,9.11327933393137e10
3.6354542811285645e12,3.5119363303432774e17,6.1952571086472555e13,9.357268359733488e10
3.639436810818427e12,3.51238971929569e17,6.201482861423695e13,9.358016212256064e10
3.6409202049140312e12,3.512276889568674e17,6.204870684525941e13,9.359151431051895e10
3.7470382254338857e12,3.511959716801003e17,6.206043232738792e13,9.542382874163516e10
3.7932985193192773e12,3.512193507165028e17,6.205853694928122e13,9.555306713435742e10
3.792946885997352e12,3.514874050954324e17,6.205321247012872e13,9.557985522382893e10
3.792867291227679e12,3.514682536399603e17,6.206872856905514e13,9.562836316948051e10
3.823627928643266e12,3.516638051183821e17,6.2195641988336625e13,9.568273176724477e10
3.828117652353388e12,3.5171868530052717e17,6.217151182874719e13,9.56399282676189e10
3.831240932409655e12,3.517073578417565e17,6.2202860163739875e13,9.594618850255983e10
3.832705239003088e12,3.516595626508117e17,6.221961110156345e13,9.598279514714503e10
3.8349746420717686e12,3.5179575728731386e17,6.226817607528695e13,9.598091952120676e10
3.886438247078298e12,3.517639606690987e17,6.228864890131568e13,9.603365061931105e10
3.885769551251157e12,3.518236394291106e17,6.229596765165805e13,9.602232053506447e10
3.885171696043249e12,3.517778841580974e17,7.02566356358716e13,9.604015092866331e10
3.8858858854620674e12,3.518109681422712e17,7.02904728381449e13,9.732460237834656e10
4.2507768071954595e12,3.5176222513058726e17,7.029264241998932e13,9.735299700109811e10
4.249896947824752e12,3.5193906074769325e17,7.046842396629972e13,9.737674599332088e10
4.533908411226372e12,3.520624797144406e17,7.051455820429934e13,9.691735522858304e10
4.53475550011019e12,3.5189567988144525e17,7.063456650495678e13,9.693609072450627e10
4.535849248716459e12,3.5201057444417594e17,7.067961935877327e13,9.69256648896667e10
4.536570566625318e12,3.514391171983215e17,7.091680242996727e13,9.693434317224617e10
4.589944440450748e12,3.526650750796513e17,7.09767898141873e13,9.694774361282378e10
4.59093322677936e12,3.532188298225891e17,7.11948391650525e13,9.706648487967729e10
4.595135923958202e12,3.532885297222169e17,7.126651851031511e13,9.708425368987558e10
4.596038693228891e12,3.534432775827812e17,7.127489649567298e13,9.710689445958418e10
4.596665097375143e12,3.535055040464117e17,7.114491199169212e13,9.710383971136151e10
4.602753892418168e12,3.5344370782637094e17,7.132974828388117e13,9.711687149629031e10
5.001584360701412e12,3.552561185900695e17,7.186082366541881e13,9.716338051978036e10
4.998439606380156e12,3.55373625670028e17,7.188258639529578e13,9.721732065015353e10
5.002380844954922e12,3.6010657154521197e17,7.192696203722625e13,9.720197550045284e10
5.0030269816599795e12,3.6024902237288877e17,7.523733441246378e13,9.720277812358525e10
5.003615756512354e12,3.605562697859809e17,7.525876410653828e13,9.72348458225489e10
5.002727887079822e12,3.605659410786022e17,7.515495786506505e13,9.721292751855133e10
5.005006634970185e12,3.610818277271145e17,7.514723972223786e13,9.723338383296355e10
5.004900260899778e12,3.6130122562096486e17,7.514396619538036e13,9.72171743804248e10
5.14494556731946e12,3.61425790700219e17,7.515422828925522e13,9.726255356902844e10
5.144041364912297e12,3.616339571464688e17,7.516365367611712e13,9.729023331264017e10
5.588717684022376e12,3.616050319569055e17,7.522834538458727e13,9.726819327501654e10
5.600285669968844e12,3.614534032650183e17,7.524349738771542e13,9.7281536104007e10
5.601082639413613e12,3.6156844051417645e17,7.526522737304748e13,9.726627629312038e10
5.615222277033244e12,3.616594282868669e17,7.524893563641625e13,9.726775860212451e10
5.617821877270139e12,3.61653371266839e17,7.529109793301353e13,9.722067697800604e10
5.618157111720152e12,3.646787682459633e17,7.534450838361792e13,1.1798816382682884e11
5.619639843981326e12,3.646159924815852e17,7.535622080423394e13,1.1857468507194571e11
5.617586147143014e12,3.6467069323562746e17,7.534293950357788e13,1.1858784234073563e11
5.619652822533832e12,3.638670016350046e17,7.537251213403902e13,1.1862043334520541e11
5.619747194318937e12,3.641844966205416e17,7.542499176019619e13,1.1873291039451999e11
5.619256791391266e12,3.643372787077653e17,7.541302837511855e13,1.1875094956379378e11
5.620639536360833e12,3.647320917100611e17,7.542365649724161e13,1.1875513666315913e11
5.62170027655788e12,3.648048727257044e17,7.656080086385498e13,1.1884693430777567e11
5.619892572263303e12,3.648800195534898e17,7.661875760448008e13,1.1964440221872025e11
5.61820060812092e12,3.649708905067381e17,7.87256537121967e13,1.1965694791935909e11
5.6192273357709375e12,3.6545733021430656e17,7.866461757735847e13,1.1975270260102702e11
5.637673092548633e12,3.6555053779409926e17,7.866621223727317e13,1.1972205686344844e11
5.641395042623047e12,3.7149852119190144e17,7.864759033981862e13,1.1972253366193068e11
5.651917239128788e12,3.731526267748828e17,7.887808434856803e13,1.197128580433092e11
5.653023245589594e12,3.7320511691841126e17,7.890410970920733e13,1.197605742319207e11
5.653769010327779e12,3.730847703087323e17,7.886892637567612e13,1.1977614210570334e11
5.654521693687036e12,3.732683268779097e17,7.886400653322202e13,1.1988927977946176e11
5.653815626990146e12,3.738795445482155e17,7.8933745404663e13,1.203260181490139e11
5.653971554857245e12,3.738111872862622e17,7.890464403557658e13,1.2048226994543178e11
5.655198544118907e12,3.738223500977888e17,7.90233354391243e13,1.2049602657989525e11
5.656814575193648e12,3.7533118697543904e17,7.907656862023094e13,1.2052898483759637e11
5.658893636954593e12,3.7564203444588576e17,7.904850767353039e13,1.2051940400078745e11
5.655471119578124e12,3.756413523947437e17,7.908393474403931e13,1.2054192541261836e11
5.673686820906813e12,3.756230489147246e17,7.899523818315884e13,1.2050830475231876e11
5.677260665777843e12,3.758446228376111e17,7.894642533840498e13,1.2052526078095064e11
5.67802758656369e12,3.758386638436103e17,7.895907095318992e13,1.2056072270698811e11
5.690583666859043e12,3.760084554286958e17,7.897139948707397e13,1.2053476587172353e11
5.691879586926249e12,3.7710031989521024e17,7.898799134291297e13,1.2052268349578522e11
5.689679883668402e12,3.77075441027819e17,7.899975823579817e13,1.2054165227133401e11
5.744733969507204e12,3.771743785263294e17,7.9014537945653e13,1.2055922077396764e11
5.743522605255593e12,3.7720164379041504e17,7.911189051371856e13,1.2060056791657005e11
5.744990404006905e12,3.77477803683879e17,7.909569763356233e13,1.205850142264944e11
5.745014293455637e12,3.774629627040649e17,7.910449886528262e13,1.2061279465118657e11
5.74881685622966e12,3.7759548358047014e17,7.933902437739553e13,1.2070894787953145e11
5.749928541428667e12,3.785314977571382e17,7.931299965252822e13,1.2068183879178734e11
5.745937607580805e12,3.785052695913921e17,8.195605523384645e13,1.2069137678313474e11
5.747613797860443e12,3.785330033533186e17,8.19716556543521e13,1.2070117517174582e11
5.747441145382087e12,3.785464861409023e17,8.198660156775045e13,1.2074799068322426e11
5.746340485424775e12,3.786698840724749e17,8.244867811001578e13,1.2077003391707086e11
5.746423031328531e12,3.786259352185154e17,8.242616160547642e13,1.2075075284472433e11
5.748226133114349e12,3.787132821567814e17,8.24778883535921e13,1.2075443202685829e11
5.753134197852967e12,3.786297299357386e17,8.250421515408677e13,1.2080752729674956e11
5.754275982696164e12,3.788241018419047e17,8.251765716526516e13,1.2081719943175645e11
5.755022210992426e12,3.789115369473822e17,8.282638054516906e13,1.2113402381655948e11
5.756729279941308e12,3.7899042788249626e17,8.296119450686344e13,1.2121870632708603e11
5.756531630389294e12,3.787579327380263e17,8.296497449985516e13,1.2120338653548589e11
5.7557851871977e12,3.7940248278418074e17,8.295911292469948e13,1.2123048047322215e11
5.754575662747473e12,3.7943081547374995e17,8.297651696288545e13,1.2124982246514896e11
5.755549517400395e12,3.795405802432113e17,1.2746765759112081e14,1.2127438191849486e11
5.765136951652459e12,5.638153469732245e16,1.2742808237593405e14,1.2286018340225233e11
5.772377200168063e12,5.638356100478191e16,1.2747006599293233e14,1.22876623465474e11
5.772850889256116e12,5.641894714227959e16,1.2749396912269303e14,1.2295279182411465e11
5.771821046136952e12,5.6409459523170776e16,1.274942673173804e14,1.2294481218513443e11
5.772484928435697e12,5.695724440956053e16,1.2991513217555053e14,1.2312891256812318e11
5.773489588514234e12,5.757038666128803e16,1.299362828989573e14,1.231697455766199e11
5.775773375714947e12,5.758090033127784e16,1.3357898198957948e14,1.2318586359015688e11
5.776450028653103e12,5.766661591804394e16,1.386075598776621e14,1.2329905326814879e11
5.776367080176626e12,5.801177669740935e16,1.3863604151066439e14,1.2331462713231552e11
5.777807807392421e12,5.8106240455964184e16,1.387415788774885e14,1.2329729487789621e11
5.776953992956019e12,5.768666504600847e16,1.3883604027393781e14,1.2332540882162953e11
5.788051180565747e12,5.770590518122239e16,1.3888377120745302e14,1.2335599797211409e11
5.789393364295536e12,5.7776882041573416e16,1.3896332326029034e14,1.2385108590746559e11
5.817273919816423e12,5.790010037055066e16,1.3899794483588316e14,1.2386486480900378e11
5.81826712438201e12,5.788917686057053e16,1.391483495283663e14,1.2392938565856563e11
5.817695506358555e12,5.802234557937452e16,1.3919875864472311e14,1.2458130188187509e11
5.834725356071039e12,5.803437471703608e16,1.3924812205170995e14,1.2455881378239906e11
5.835026325776774e12,5.8179063719823864e16,1.3929693622653934e14,1.245600300886916e11
5.835807841830788e12,5.827468019593908e16,1.3936813551616161e14,1.2453746062220972e11
5.835097249661164e12,5.829848873672648e16,1.3996615473700181e14,1.245394787753052e11
5.836431404093869e12,5.85370536627508e16,1.4004709609211883e14,1.245653135541508e11
6.245165905654487e12,1.7709864086281366e17,1.4041372446956655e14,1.2512928929163937e11
6.244722605424123e12,1.771991309242726e17,1.4051349749575527e14,1.2515936222121664e11
6.248587115004463e12,1.772346846306109e17,1.4052443719081334e14,1.2524730866103468e11
6.26606713423745e12,1.7723115437559418e17,1.4054158298623183e14,1.276601904450435e11
6.273753484402688e12,1.7721189329824733e17,1.4448681375507728e14,1.2765624441692218e11
6.714959071219938e12,1.7724234613840742e17,1.5239482183024372e14,1.2805634970674303e11
6.715493371831135e12,1.7726674481995014e17,1.5251635169771172e14,1.2811710948217737e11
6.720233043608854e12,1.7721975248428054e17,1.5274602732145384e14,1.2816526680985393e11
6.722117058904748e12,1.769842271929005e17,1.5339954249004225e14,1.2818337150334131e11
6.722704151825619e12,1.7695371994677808e17,1.534356495387467e14,1.2821661258001904e11
6.736054163522103e12,1.7698244713797226e17,1.5341877128763056e14,1.2821180919599156e11
6.737826516461694e12,1.7702314823232186e17,1.5345456822269238e14,1.2828078426511397e11
6.739763570828817e12,2.4383381101774966e17,1.534698398231003e14,1.2829874328769539e11
6.738968439742469e12,2.7386599313453072e17,1.5344632818154125e14,1.2830870033855066e11
6.738936158297573e12,2.740533287501416e17,1.5342506799142953e14,1.2866860893324493e11
6.740434491298474e12,2.741921642962232e17,1.5345210892570272e14,1.290370145698884e11
6.749377154539862e12,2.7415175891695658e17,1.5346250758419222e14,1.2903954099177734e11
6.755232472542948e12,2.7425211659629238e17,1.5349516912324547e14,1.2902393047251492e11
8.392766150832558e12,2.7430553253214016e17,1.5354045504887566e14,1.290414778399448e11
8.394486341874265e12,2.7436326132827005e17,1.5358965061152203e14,1.2908361067395033e11
8.393260432557115e12,2.7433667210782906e17,1.536882619526221e14,1.2910315720977525e11
8.880888310583562e12,2.7466703031157984e17,1.536586953844312e14,1.2934460680322252e11
8.879629590766533e12,2.753071948283928e17,1.5363522221120894e14,1.2981615043347092e11
8.884465120491857e12,2.7488511530807187e17,1.5366335872506406e14,1.2984497218364224e11
8.885885524132191e12,2.7492171074312067e17,1.5419653035028062e14,1.2986251628210405e11
8.886260744946748e12,2.7496255660330624e17,1.542310914784418e14,1.297565972727759e11
8.884997316724926e12,2.7509919097298435e17,1.5426470202673547e14,1.2980350152057576e11
8.887191637385807e12,2.7509955903508704e17,1.543257735813569e14,1.304173493402337e11
8.885526649697059e12,2.7851101274690992e17,1.5436248728533194e14,1.3083944549604382e11
1.3334564689471824e13,2.7938254478005222e17,1.541998796129689e14,1.3092671742931488e11
1.3331488137916123e13,2.7939390124507658e17,1.541814588717971e14,1.3091742180778027e11
1.3339867778511254e13,2.800084486549212e17,1.5423907440615197e14,1.3133914669797429e11
1.3347177113411285e13,2.8002380060874736e17,1.5425860802379156e14,1.3180205724479308e11
1.7978134115745637e13,2.890692144382893e17,1.54299888649488e14,1.3179861579547719e11
1.7980796394523824e13,2.8949467898654714e17,1.5432783910448234e14,1.3186329222054466e11
1.7983961078674266e13,2.90017029580936e17,1.5428278591515116e14,1.3186078808239008e11
1.79876387753222e13,2.901126169560908e17,1.5478487650615038e14,1.3184253204127226e11
1.799207161887386e13,2.901222474021285e17,1.5491108113325666e14,1.3190105836288808e11
1.798934126327923e13,2.9009392955484064e17,1.5494914296578778e14,1.318899788708862e11
1.80066438593626e13,2.901048285819787e17,1.5537378168579706e14,1.4015371201927826e11
1.8768095216489215e13,2.902832903113142e17,1.553670862858147e14,1.4012689146639322e11
1.8768852041794926e13,2.986245637910337e17,1.554101308841893e14,1.4015276130762994e11
1.8771672004621418e13,2.985112575784098e17,1.554506161716258e14,1.4017685880362195e11
1.877441335912586e13,2.985485437802858e17,1.578851471477501e14,1.4015714592956693e11
1.8787180871696516e13,2.994539309773391e17,1.5787262746244128e14,1.4014802089505148e11
1.8839698143477824e13,2.996018089151729e17,1.5804420712014312e14,1.40200501475798e11
1.885777006370007e13,2.996003475463999e17,1.580831442468177e14,1.4022189179094012e11
1.8865958774356523e13,2.9964083198933357e17,1.5839378220297947e14,1.4047153675361322e11
1.886909993727229e13,2.995676485594713e17,1.5853610863244925e14,1.4052652265406738e11
1.887106448603737e13,2.9953221578745875e17,1.5856716847920172e14,1.4102294446727298e11
1.8866551392285027e13,2.994098508360521e17,1.5860792855055672e14,1.4012683976700446e11
1.9223744184653883e13,2.99379208373605e17,1.5866122966399072e14,1.4130146234157184e11
1.9236088509906836e13,2.9934961566813766e17,1.5911028498963784e14,1.4130784963019135e11
1.923688414792802e13,2.993566814358759e17,1.621894490012865e14,1.4131286272939542e11
1.9251872508485355e13,2.993706592413694e17,1.6222634197026622e14,1.4129809533792303e11
1.924738273901809e13,2.995002326433246e17,1.6208122541533575e14,1.41256430931907e11
1.9253604479664156e13,2.99466426867474e17,1.6206041191965878e14,1.4129724759272623e11
1.9260842843661e13,2.92715537251922e17,1.629588533297244e14,1.4135346175034134e11
1.9258657649204285e13,2.926860416457639e17,1.629239077982348e14,1.4130492694335678e11
1.9261370198504895e13,2.9268976487381274e17,1.6249938779933847e14,1.4433465723265256e11
1.957440247583351e13,2.9270848291883424e17,1.6245832104424097e14,1.4436012830906665e11
1.957986865628277e13,2.927669327119356e17,1.7274621922618797e14,1.4434228323959155e11
1.958172910334933e13,2.927324147504884e17,1.7278282442957475e14,1.4438815319201663e11
1.9600156057107094e13,2.926909264064393e17,1.7411378399707744e14,1.4450047879323e11
1.9606017779168465e13,2.936411895690647e17,1.7409535270810903e14,1.4451218008126898e11
1.9611955069191133e13,2.93602790276659e17,1.758937851643687e14,1.445371155869575e11
1.960828360085111e13,2.934580140385472e17,1.7593065376886756e14,1.5040208853221744e11
1.9624447093252066e13,2.946498170844627e17,1.7591477881084162e14,1.5045703740555234e11
1.9623938990833676e13,2.948298863395442e17,1.7595122479141378e14,1.50687411646525e11
1.961678707559351e13,2.953542677027982e17,1.772063290944494e14,1.5066649892059787e11
1.9613925081615504e13,2.9526887926750675e17,1.7724747349968628e14,1.506590368669307e11
1.961753843283265e13,2.9537338086094125e17,1.7936337503585034e14,1.5069657815341333e11
1.9633708787571793e13,2.955115746569832e17,1.7953055819410647e14,1.5102343905091162e11
1.9640989541532668e13,2.956152075217943e17,1.7948677678844816e14,1.5101005367963104e11
1.9638829454282527e13,2.972427976629778e17,1.794906987293924e14,1.5332765264505045e11
1.964969636919135e13,2.9999864413868525e17,1.795663504979961e14,1.5386468648162845e11
1.966468947164297e13,3.000515340501485e17,1.7958394044405303e14,1.656339536310234e11
1.9668574525467367e13,3.000788527273108e17,1.7954709961637462e14,1.657021359845327e11
1.9671730500170188e13,3.0043392228191584e17,1.795790320810371e14,1.6580321434551288e11
1.9661142118857543e13,3.004905178629612e17,1.795921563149955e14,1.657523281745234e11
1.9659351907655766e13,3.003160227851411e17,1.7956922163007503e14,1.659503917493525e11
1.971876826437492e13,3.002790263965971e17,1.802419501431823e14,1.671508623771291e11
1.971726962601246e13,3.0048911918609344e17,1.8150422357094838e14,1.671319514245985e11
1.9713210381841133e13,3.005175026701747e17,1.815085443251094e14,1.671561796284565e11
1.9735363138894934e13,3.009270787899615e17,1.8157072424367947e14,1.6783573401957092e11
1.9764031844015105e13,3.008853686967683e17,1.8155303077220928e14,1.6785802338766458e11
2.0273679735976855e13,3.008452069019395e17,1.910628513423898e14,1.6810935146368756e11
2.0276358580124477e13,3.0077299240963955e17,1.9102725885577775e14,1.6808339030996866e11
2.0314626006581945e13,3.011193044411269e17,1.9146190696108003e14,1.681348239873952e11
2.0403193793063855e13,3.011650781378429e17,1.9145227699149175e14,1.6813131741820334e11
2.0407243261609117e13,3.0125453647122445e17,1.9148326550180972e14,1.6814657186940543e11
2.0403554541159715e13,3.0058841442693664e17,1.9156652095346428e14,1.6814081173034454e11
2.041373195526256e13,3.0055381491802816e17,1.916931452519585e14,1.685956686712414e11
2.0417189086992492e13,3.005977407365863e17,1.9171341216286572e14,1.687149708980831e11
2.0413366953191703e13,3.008164303509369e17,1.9170081119225756e14,1.6874217014783554e11
2.0417302892371734e13,3.0114430197113984e17,1.9164693961252875e14,2.0093990418868097e11
2.042063555784891e13,3.0117998881298765e17,1.9171448633089512e14,2.0099369499285626e11
2.0423625581552332e13,3.015011326422377e17,1.916837540661746e14,2.010170922455398e11
2.0428651849313438e13,3.015494171839374e17,1.916402798507825e14,2.0100015818383514e11
2.0590105595777055e13,3.017357714118763e17,1.9166517523692197e14,2.009882119161458e11
2.059795939114679e13,3.017807953654116e17,1.9178206007679544e14,2.0108021034692303e11
2.060116251511924e13,3.0181936047893094e17,8.363212134141742e13,2.0104957340819608e11
2.0626052614929824e13,3.0172703850075334e17,8.36113055529634e13,2.010755609951279e11
2.06480279391421e13,3.0174922812274534e17,8.363360205522589e13,2.0104597340177594e11
2.0632136086446465e13,3.017957867573706e17,8.452638655512589e13,2.0917311627063998e11
8.410575590415614e13,3.0271236672285075e17,8.454308954975519e13,2.0923620314400946e11
8.413316826449186e13,3.028267032251457e17,8.455930082198517e13,2.0920615351320624e11
8.425724526005033e13,3.0282843034568896e17,8.468690971068712e13,2.0926417469456622e11
8.566075279157831e13,3.034900958898832e17,8.470802556928198e13,2.0923496260493213e11
8.654623982390812e13,3.0344365438029626e17,8.477614943019498e13,2.0927451744360983e11
8.657640431491428e13,3.034937876642663e17,8.483349596674023e13,2.092638215189238e11
8.659914372707355e13,3.0343240889691616e17,8.479044600346353e13,2.0922695739024203e11
8.66255443387555e13,3.034715329974971e17,8.480798354361742e13,2.0917685869617426e11
8.65815793758463e13,3.035149493442128e17,8.464213855683564e13,2.094246368673481e11
8.66269738947673e13,3.120417023608118e17,8.447330884285316e13,2.0940079487808752e11
8.662125227069808e13,3.122259489185776e17,8.447534991160895e13,2.0935166134370834e11
8.736218241946131e13,3.122733656635505e17,8.44884231247727e13,2.093982399434582e11
8.737167433316462e13,6.990937810923615e17,8.449914290252895e13,2.094388390025709e11
8.733830657658398e13,6.990567012244584e17,8.453879539222744e13,2.094537269806005e11
8.726423649110377e13,6.99263991477211e17,8.479834717092336e13,2.0952601111085892e11
8.728822334240189e13,7.014197159463164e17,8.477901258495639e13,2.0957429327579666e11
8.73495337343064e13,7.013310470383639e17,8.59700776799593e13,2.0957908755342865e11
8.737165463355147e13,7.026277856172308e17,8.633703750855628e13,2.070440440049733e11
8.739347291391645e13,7.023941940289894e17,8.631412051854103e13,2.0707086106094473e11
8.744248057590461e13,7.044136753619514e17,8.629434785239373e13,2.07017651639647e11
8.7446083401139e13,7.07527334884665e17,8.635479712934139e13,2.070842739076635e11
8.746010343160984e13,7.074767370552164e17,8.637278232812239e13,2.07259546350522e11
8.929368542048786e13,7.081109050161243e17,8.635989842980797e13,2.071919852371766e11
8.972778451443838e13,7.083387103402495e17,8.637403598274948e13,2.0723560297030475e11
8.972841254393998e13,7.083234206847763e17,8.64574940666524e13,2.0734630467556635e11
8.976102592156045e13,7.112531122804425e17,8.71699264471442e13,2.0756016213935208e11
8.98030948829652e13,7.113908199140191e17,8.716593139633311e13,2.0769054487517456e11
8.974881085550072e13,7.115365267492788e17,8.719543157476655e13,2.0788312368740704e11
8.973780274520831e13,7.116876464228644e17,8.740726017790411e13,2.0791765307509448e11
8.975742199180597e13,7.11746610354009e17,8.741897503723064e13,2.0790053236936597e11
8.975263046552133e13,7.124102931615621e17,8.743695099934905e13,2.078660121252426e11
8.976060759397977e13,7.124594567550888e17,8.759806574157033e13,2.0801492614232248e11
9.070852014293589e13,7.124942155329156e17,8.772478102415495e13,2.0801592241590717e11
9.073257757731683e13,7.125134964233914e17,9.487809682106522e13,2.0804462702756287e11
9.07356058369289e13,7.126819010707325e17,9.496831204473778e13,2.080259818986827e11
9.106833373083148e13,7.129572033011621e17,9.498571730554344e13,2.0855390977174823e11
9.10774945825733e13,7.129361186015825e17,9.497229140441264e13,2.0860169900590625e11
9.10922273181032e13,7.678198781811391e17,9.583039373218311e13,2.0864621579223117e11
9.107212475544864e13,7.704475741418991e17,9.581691167869722e13,2.0865738606577292e11
9.111580511641447e13,7.702805481754842e17,9.586121109398305e13,2.0944375325208954e11
9.125000940747747e13,7.704521121724387e17,9.59917964634729e13,2.0947219463873132e11
1.0077027503669134e14,7.733553267212762e17,9.600607198370855e13,2.0953346550037225e11
1.0078776796051412e14,7.73268800249593e17,9.60218045523882e13,2.095577898900711e11
1.0081428080513914e14,7.731797618990897e17,9.6821302098128e13,2.0951374919214206e11
1.0083223287855697e14,7.732199170021979e17,9.683782064632128e13,2.0971672852871036e11
1.009874056575441e14,7.730222980101007e17,9.68164232900613e13,2.100833535900995e11
1.0098992232620839e14,7.740172008557189e17,9.684135002011028e13,2.1013045382785776e11
1.0098531195918958e14,7.740099115679569e17,9.718842992618334e13,2.1024187716837714e11
1.0189710669068645e14,7.742434582823854e17,9.719067689051048e13,2.1743400093040277e11
1.0192518960680897e14,7.762758384233124e17,9.76956821574064e13,2.174469806368559e11
1.0195590680728566e14,7.764247643611758e17,9.768990772353203e13,2.1747693313896173e11
1.0359834208405458e14,7.766618171954986e17,9.77260351864135e13,2.1752840176495132e11
1.0363995493116531e14,7.859031201129061e17,9.774047937108958e13,2.1797235256388223e11
1.0364321872759644e14,7.880523021625576e17,9.769430376234403e13,2.2257936737391025e11
1.0413125149999067e14,7.884316944823242e17,9.767099020488494e13,2.2251918326693042e11
1.0400778410787777e14,7.888247695586147e17,9.768940251787852e13,2.2260387835976367e11
1.0400036374439653e14,7.892600668873069e17,9.766230468367786e13,2.22608398835518e11
1.0404747908507925e14,7.892415247260512e17,9.819491778580627e13,2.2272244146666754e11
1.0411343829287072e14,7.89136484085386e17,9.862448402007884e13,2.227550532076709e11
1.0411388165120898e14,7.890624429587804e17,9.86512727014221e13,2.227976513554066e11
1.0412971818933772e14,7.892511822162124e17,1.0067687807559397e14,2.2284244501471982e11
1.0290883780103917e14,7.8913348610602e17,1.0070326283645134e14,2.228740021168134e11
1.0293029004231798e14,7.897985767274139e17,1.0093095773425708e14,2.2762903766831668e11
1.0309967359922103e14,7.900202899150706e17,1.0095805070880044e14,2.2756187595784503e11
1.0308242977765925e14,7.927609005169608e17,1.0093342336233933e14,2.3258962381899576e11
1.03355799741293e14,7.933701548359724e17,1.0098777081925044e14,2.326568581557797e11
1.0343161174939081e14,7.935529139471273e17,1.011044245497479e14,2.3274638173274063e11
1.0341882840354639e14,7.962683115113216e17,1.0115923427556658e14,2.3279479183736664e11
1.0343474203579869e14,7.965322668107583e17,1.0113254949700139e14,2.3289345037740723e11
1.0352886962421378e14,7.997652866047437e17,1.0106582269515098e14,2.3300701809777768e11
1.0352090783545884e14,7.995362979859532e17,1.0108628288880206e14,2.3297804902085205e11
1.035332884486832e14,8.026276492395676e17,1.0110191125160014e14,2.330337315037137e11
1.037658941069417e14,8.056229615022465e17,1.0126161826151597e14,2.5973255004676535e11
1.0378177592948797e14,8.056716664189601e17,1.0123987101638444e14,2.599890883059861e11
1.0377516699301056e14,8.0556621400372e17,1.01216244565366e14,2.59976098483733e11
1.037557579339225e14,8.057666528348009e17,1.0123357440028147e14,2.6013420806917242e11
1.0377201970457542e14,8.056634889923293e17,1.012472979473937e14,2.6011195072349567e11
1.0378972374959927e14,8.055514934203529e17,1.012286979383224e14,2.6006613009245837e11
1.03784563463701e14,8.057612928116521e17,1.0120066687604925e14,2.60136191064636e11
1.0378320074739925e14,8.058378170783302e17,1.0122280010684223e14,2.601396402601572e11
1.0378640786462817e14,8.059131991923401e17,1.0125007671754022e14,2.609750372652101e11
1.0377878096643161e14,8.059866783771236e17,1.0249697174012089e14,2.609635598606897e11
1.0379315069176375e14,8.059256725021325e17,1.0258771723091869e14,2.60997080332132e11
1.0378320691885995e14,8.059075476972755e17,1.0268526149007666e14,2.6098087181510718e11
1.0376844576877531e14,8.057244401417399e17,1.0266468881278692e14,2.6102260981849066e11
1.0374562162040484e14,8.058390406340114e17,1.0269992083844383e14,2.6110624930857886e11
1.0374715220746058e14,8.056223712635356e17,1.0275683517805578e14,2.6109220195548224e11
1.0371273923748114e14,8.057704024417427e17,1.027864779471005e14,2.6550736020843286e11
1.0353073965675523e14,8.058401826441418e17,1.0348657524369e14,2.656768131556659e11
1.0351937939957289e14,8.054184034446601e17,1.0356532234311744e14,2.660216613792492e11
1.0371337061701212e14,8.060763490783613e17,1.0354202423595998e14,2.661001632522913e11
1.0376278012324445e14,8.061049831545664e17,1.0355919537919972e14,2.6615440758152594e11
1.0375173665412947e14,8.082676905351674e17,1.0357259041922844e14,2.662274502310523e11
1.0927843652261294e14,8.082236172923116e17,1.0434004664682798e14,2.6458589950087183e11
1.0935581332682728e14,8.083347826757971e17,1.0433078282648339e14,2.645654001260231e11
1.0937062220306942e14,8.10848997932255e17,1.0455734402912948e14,2.646928721632226e11
1.0949641787237003e14,8.1098900590325e17,1.049052369795732e14,2.6343661620249643e11
1.0951985185045539e14,8.108353818236105e17,1.0488638206423477e14,2.6355906771786804e11
1.1072106104940688e14,8.142956164715073e17,1.0497413325243561e14,2.634509590366866e11
1.1443596255662389e14,8.142240349433882e17,1.0507562760967648e14,2.6342891566860867e11
1.144447306389683e14,8.152805276438634e17,1.0512623130743047e14,2.634654049600926e11
1.1444043283726955e14,8.153326893334629e17,1.051028650213682e14,2.6346372138115274e11
1.1442148133993084e14,8.154439726704502e17,1.0513727210898831e14,2.6346663887841623e11
1.147643983048168e14,8.154270430725919e17,1.0515547632645061e14,2.6351007798870578e11
1.1478920594682328e14,8.155534458879087e17,1.0524072683877833e14,2.6352738553690652e11
1.147749989711173e14,8.154540011352854e17,1.0530292327525038e14,2.6396551367708932e11
1.1497672729753997e14,8.156472935599008e17,1.0522707286622138e14,2.6404338893454175e11
1.1497439354977227e14,8.153984993359277e17,1.0853128372522466e14,2.641041089325147e11
1.150258338586484e14,8.155771773739241e17,1.0861125844524064e14,2.6423759448202838e11
1.150462817207494e14,8.153646669903654e17,1.1074768343977803e14,2.6418347023333005e11
1.412107370939525e14,8.150762345938545e17,1.1072060783583208e14,2.6431632452232962e11
1.4122922192586175e14,8.152024454232844e17,1.1074742588255977e14,2.6439267850167834e11
1.4080395801472547e14,8.153236620663356e17,1.107204614253773e14,2.6446947353603876e11
1.4082012437601156e14,8.166387915408904e17,1.1069731621304962e14,2.6451001033266708e11
1.408554642118849e14,8.200127018158907e17,1.109782941681941e14,2.6437059673641077e11
1.4094752733265766e14,8.209344864456027e17,1.1099623948360639e14,2.654603897965997e11
1.4096687155869944e14,8.209413668363471e17,1.1103278716689789e14,2.6609085267335016e11
1.4095712743564525e14,8.228808591176538e17,1.1104858867706111e14,2.6631012128391656e11
1.4098047695189222e14,8.229935027675242e17,1.1182475724930005e14,2.6631972790633868e11
1.4096225835043816e14,8.230303034408069e17,1.1176219561008938e14,2.66777640295533e11
1.4103693697218984e14,8.240814471331437e17,1.1173708182433517e14,2.6693831735028052e11
1.4102956392654938e14,8.243400658092425e17,1.118795872161927e14,2.6799109694577863e11
1.4105128627305425e14,9.438303341978432e17,1.1186619954010067e14,2.6797397928343967e11
1.4116835368316538e14,9.441834239961208e17,1.1185329219959011e14,2.6795030661581766e11
1.4093681693674394e14,9.446809872071187e17,1.1187148009389948e14,2.6806049506090067e11
1.4092275026310762e14,9.613833240618054e17,1.1186291063193384e14,2.6806432237727112e11
1.4094154101184872e14,9.646789345138958e17,1.11858151700481e14,5.139767284908782e11
1.4095814975329416e14,9.644346661236887e17,1.1190379783536239e14,5.144496104205988e11
1.4094018660683866e14,9.642633867815192e17,1.118655445969695e14,8.482111023589789e10
1.4088227751331988e14,9.652061051322437e17,1.1755837993494358e14,8.485256837601968e10
1.4089537858626844e14,9.650827474403767e17,1.1752161344268614e14,8.501126256095024e10
1.409179342021062e14,9.652258139384008e17,1.1753830508039986e14,8.548274416333371e10
1.409402514695212e14,9.670445026437294e17,1.1851729555500878e14,8.54944308924418e10
1.409199630395059e14,9.672350351473958e17,1.1862565485032833e14,8.552269467793015e10
1.4096783576819853e14,9.670312063644063e17,1.1860281784306114e14,8.559395783586833e10
1.4126662444931612e14,9.674965236272319e17,1.1863268419826572e14,8.559876495363814e10
1.413339009147623e14,9.680397346297724e17,1.1860589579942775e14,8.579317977018724e10
1.4133709773921094e14,9.679206136496588e17,1.1867500625352386e14,8.580174232333626e10
1.413648601075072e14,9.702827147360338e17,1.1868986874079872e14,8.582574324448074e10
1.413872444941878e14,9.702099781482717e17,1.1866974033234838e14,8.586737290678232e10
1.4145652593761906e14,9.704231154445064e17,1.1859443075753488e14,8.588594699114041e10
1.4151338774713447e14,9.70289512456354e17,1.1855634304327423e14,8.586989680634164e10
1.4546535725644434e14,9.701130443327374e17,1.185739859423557e14,8.586308175784859e10
1.4548482545018228e14,9.701541494276361e17,1.1858597774714466e14,8.639275530894656e10
1.4580692164456188e14,9.69954593423832e17,1.185966085162393e14,8.641422862367365e10
1.459919003626491e14,9.69930748752884e17,1.1926164894465855e14,8.718633405746675e10
1.4602311220835266e14,9.699916708872675e17,1.1923446596294858e14,8.716861544524124e10
1.4609587493374853e14,9.694121343053912e17,1.1925405410491448e14,8.732886382351387e10
1.4613404977114903e14,9.695553846118081e17,1.192773702813143e14,1.9272311647128452e11
1.464944863832875e14,9.706352334409811e17,1.1934777733035112e14,1.9275089699952744e11
1.4662530433182428e14,9.708512603705496e17,1.1933628062298533e14,1.927819241254015e11
1.466044451058456e14,9.717097445770712e17,1.1930493374321103e14,1.9280883301448367e11
1.4658800464753372e14,9.738653323023324e17,1.1928524958113505e14,1.9284372454089392e11
1.5368178107704625e14,9.741783093537618e17,1.1946068258128408e14,1.9291338358994122e11
1.6676406533918528e14,9.748481650998865e17,1.1955257631328506e14,1.931545719409144e11
1.668104404132976e14,9.751227294060221e17,1.1950803088610158e14,1.9337403276114526e11
1.668745396396897e14,9.906158417919299e17,1.1957619649206389e14,1.9313052443456232e11
1.6693759654395112e14,9.908186444692877e17,1.1948282240713038e14,1.931404095105086e11
1.669140946494262e14,9.919001540157414e17,1.199011996434756e14,1.9319726776191446e11
1.6693735427155272e14,9.920918520562284e17,1.1994342188488231e14,1.931555762237039e11
1.6699819818215797e14,9.948021781595443e17,1.198604935190446e14,1.932684886754288e11
1.6630500089586934e14,9.945148780521046e17,1.1979294624869592e14,1.9323920585168008e11
1.663115193130651e14,9.949827226201263e17,1.1975451276156662e14,1.9337811490265353e11
1.6628350150896825e14,9.951076269499141e17,1.1983840450418462e14,1.9342925269550778e11
1.6630978722177828e14,9.952907279363e17,1.198557444493669e14,1.9339990767708237e11
1.6636894500372778e14,9.950970582887875e17,1.198289009121043e14,1.9695009461539642e11
1.6649404454686575e14,9.952386471095671e17,1.2014639618627253e14,1.9700806115658218e11
1.6651531162755738e14,9.950875075375345e17,1.2010474254585608e14,1.970651138143264e11
1.6661048206000972e14,9.972003399985783e17,1.2383062740683508e14,1.969536535022191e11
1.665753619042469e14,9.974720476466138e17,1.2385134324570525e14,1.9700224796444656e11
1.666080344780375e14,9.977380098012835e17,1.2389133404553883e14,1.9707113818171558e11
1.6657213476358562e14,9.97969718534073e17,1.2392096732171227e14,1.9713181081847214e11
1.6712842430600356e14,9.979773323252974e17,1.2395595049497433e14,1.9721443150222092e11
1.6734822706162184e14,9.977772829071852e17,9.007848877126052e13,1.973111314403078e11
1.673754061753209e14,9.977441461290655e17,9.002850200485862e13,1.973638903826863e11
1.6743826388142606e14,1.0162098922703247e18,9.004594320879984e13,1.9739545591718604e11
1.675935823132637e14,1.0165082005271738e18,9.021411403193066e13,1.9736205649146378e11
1.675473094073638e14,1.0168800557057748e18,9.023180582983055e13,1.9690286960245435e11
1.6760618372209838e14,1.0172957703268244e18,9.024150121137716e13,1.968843128104638e11
1.6758544918303447e14,1.0206938305506449e18,9.026820948131583e13,1.969101294749385e11
1.676067310233066e14,1.020690854890667e18,9.03206489220057e13,1.9776843209306635e11
1.676089747946843e14,1.0203813079331284e18,9.030916667860494e13,1.9770600452981668e11
1.6763016577821612e14,1.0212679551273289e18,9.031210900566203e13,2.06966476243332e11
1.6808417230044688e14,1.0211290004215332e18,9.029841909843464e13,2.072677733014375e11
1.681927001162407e14,1.021309348658733e18,9.035930113480355e13,2.0726565350688614e11
2.14395173532762e14,1.0211538142646487e18,9.041788361653469e13,2.0748555548721832e11
2.1463009639932162e14,1.0211994256763722e18,9.049824159172752e13,2.1249324399604623e11
2.1460813587205847e14,1.022496334457212e18,9.059124902840688e13,2.1245945145087216e11
2.1463762511654322e14,1.0224533533309106e18,9.059300532744495e13,2.1249838941356876e11
2.146648667136814e14,1.0223133123953806e18,9.086114188265556e13,2.1244775027981946e11
2.1469830301320622e14,1.0670990114210103e18,9.100807358596284e13,2.1242084249691537e11
2.1466878935477212e14,1.0688601966252113e18,9.103587621705231e13,2.1259709098421118e11
2.1469627879577156e14,1.8897155510706258e18,9.105126167474272e13,2.1263298384668735e11
2.146403487813522e14,1.890970745773286e18,9.107759754948278e13,2.1265421040449765e11
2.147884817100019e14,1.8920131761500383e18,9.892763263605738e13,2.1270179651290094e11
2.14829668042747e14,1.8905938148357166e18,9.896355262850561e13,2.1271158655504504e11
2.2060318769612538e14,1.8901775466809385e18,9.897878753047258e13,2.127541741930057e11
2.2057603395154153e14,1.9272552282111396e18,9.899161338908402e13,2.1409585783097675e11
2.2061690573053528e14,1.9269376939673347e18,1.0380640555020128e14,2.1404204509056708e11
2.2287776096488747e14,1.9268980584566656e18,1.0379157331366616e14,2.1389768901715723e11
9.58975672726843e13,1.9320246230787013e18,1.0372553206161766e14,2.1392828801393875e11
9.588467778419186e13,1.930660319457133e18,1.0327598146130683e14,2.1423740316453278e11
9.590130440166238e13,1.9309303927294874e18,1.0357815635609167e14,2.1418106594974017e11
9.588477260166234e13,1.9312027554159421e18,1.0353962517472158e14,2.1414889195253363e11
9.5914609611872e13,1.9346213903893624e18,1.0353846653998452e14,2.145550412415072e11
9.591839953717923e13,1.9382851532840046e18,1.0359652202112425e14,2.14515520939337e11
9.592090056347708e13,1.9385546380919483e18,1.036175664812924e14,2.1455347647207947e11
9.591756864512381e13,1.7397619239184067e18,1.0398307973579347e14,2.1666248961717316e11
9.594611964604677e13,1.7371643937892165e18,1.039688536164745e14,2.1688599387017755e11
9.593433563126102e13,1.7368555335251553e18,1.0399494001115372e14,2.169549964578555e11
9.59117508306537e13,1.737275558413194e18,1.0396760608744025e14,2.169967303760996e11
9.592450973508498e13,1.7379325663209216e18,1.0392441397844525e14,2.1705886084990323e11
9.593695253187358e13,1.7716917379201585e18,1.0387169846394366e14,2.1715604331080322e11
9.593196954506472e13,1.7735644361611187e18,1.0389497946802919e14,2.5532742122907507e11
9.629641070801053e13,1.7739788477544172e18,1.039024932037785e14,2.5488993558703244e11
9.574792766940594e13,1.774769190697543e18,1.0384542244775852e14,2.5500798481407388e11
9.576076794348819e13,1.7740343266112525e18,1.038679793387341e14,2.5497657159987784e11
9.583456785329642e13,1.7865874100118484e18,1.038873177225539e14,2.551447101252814e11
9.584984875049397e13,1.786567334803078e18,1.038885089427037e14,2.551042147359992e11
9.587022699633808e13,1.7877288662553838e18,1.0402313434835773e14,2.5573579888314224e11
9.58572465618416e13,1.7884937995904394e18,1.0409301072537986e14,2.557788474918536e11
9.586662453667839e13,1.7887575518613084e18,1.0406202508024453e14,2.9681909807894727e11
9.591887514280383e13,1.789130408154162e18,1.040686618975292e14,2.972695070441229e11
9.594224255754505e13,1.7894838675803717e18,1.040482860480387e14,2.974128257791746e11
9.595906076014125e13,1.7941533342989484e18,1.0406811344220766e14,2.9761773670211194e11
9.595493598580202e13,1.7944562075197555e18,1.0563701980492488e14,2.9765936888624713e11
9.738584791663327e13,1.7943889853958426e18,1.0563025765053464e14,2.977773753690923e11
9.741426399035195e13,1.8005211203008225e18,1.0564146799437636e14,2.9783662196956006e11
9.789933145911952e13,1.802679873801751e18,1.0561880487751377e14,2.9787801954983295e11
9.791847632671452e13,1.8041570973760102e18,1.0556003497036864e14,3.036007203984305e11
9.793255241773931e13,1.8046987829913807e18,1.0572508124464094e14,3.036885045319436e11
9.802148395199062e13,1.8051214625883837e18,1.0572891001303758e14,3.0347620197875903e11
9.806991069980295e13,1.8189590516659046e18,1.05761385110652e14,3.036786691216804e11
9.806228858621084e13,1.820652304353228e18,1.0576051129312161e14,3.0372010736057416e11
9.810885890826258e13,1.8203397883460132e18,1.065595857179814e14,3.0376627660332666e11
9.83287843157782e13,1.820821488272104e18,1.066135097568914e14,3.038299584992519e11
9.832523472527183e13,1.8207847688044626e18,1.068924699671907e14,3.038985491110202e11
9.832245510341392e13,1.821308885095626e18,1.0691001738677714e14,3.039857314209777e11
9.836927161547723e13,1.8792528632364232e18,1.0688571255959628e14,3.040059568760993e11
9.837113532091677e13,1.8802480365847114e18,1.0686664515224703e14,3.040850599755536e11
9.839773035831747e13,1.880567525250609e18,1.079083604048472e14,3.040606235565366e11
9.839081430505698e13,1.880931956653176e18,1.0789915088984512e14,3.050042921616758e11
9.843550463692867e13,1.881223740827977e18,1.1619191300591772e14,3.0547033224358795e11
9.85178841028386e13,1.880811499645895e18,1.2437603392410236e14,3.0770620752037897e11
9.854865269584575e13,1.8821777775799186e18,1.2418013301709669e14,3.076479913649663e11
9.852494392427567e13,1.8828727476173798e18,1.2419611448939812e14,3.0769452722679083e11
9.85084088555789e13,1.8825321906771822e18,1.242238251142099e14,3.0774254147538617e11
9.850821425383731e13,1.8829685296738826e18,1.2869554939154533e14,3.076444138651835e11
9.850695777372058e13,1.8858313018273546e18,1.2924295505282089e14,3.0753120996335016e11
9.851663777231497e13,1.8857278055789934e18,1.4374397603348734e14,3.0761161401279626e11
9.851479917504753e13,1.8860493871736658e18,1.450596077071959e14,3.078427750702093e11
9.843255772277589e13,1.8876977649517317e18,1.4500179204775506e14,2.689021126038219e11
9.84196119631802e13,1.8879737655803282e18,1.4502149709713003e14,2.688732141172444e11
9.8432546646386e13,1.886523152174185e18,1.4492144479783944e14,2.6867658208502676e11
9.830806071335277e13,1.8897245898119299e18,1.4492145572538156e14,2.7820178806479193e11
9.829503619597825e13,1.575984524978774e18,1.5263070941004862e14,2.788601714818716e11
9.846320974563598e13,1.577022469965488e18,1.5301087940044044e14,2.136752942542492e11
9.846867812127825e13,1.5963803434894382e18,1.529911610059323e14,2.1399288832159387e11
9.907005340225631e13,1.6206278117583293e18,1.530005247063033e14,2.1513570102331937e11
9.909685459187075e13,1.620354689747167e18,1.5304543134784197e14,2.1520072917668506e11
9.907995245208231e13,1.6195870855697649e18,1.5299435990881325e14,2.1516979244927158e11
9.908408159697005e13,1.6195075088470597e18,1.5299361009421338e14,2.8373454686469446e11
9.909802963386895e13,1.6185674467411825e18,1.5308490996145253e14,2.8372990134023846e11
9.909383362303562e13,1.6185411484940836e18,1.530363480067189e14,2.8378458541144104e11
9.911646436109364e13,1.6192443627339666e18,1.5308648604436275e14,3.566549654988972e11
9.91183003798045e13,1.619108958980083e18,1.541489135599652e14,3.5670088668121387e11
9.910523386032331e13,1.6189490995164204e18,1.541013804112681e14,3.566462079520465e11
9.911943835048903e13,1.6193399637924823e18,1.540801351293059e14,3.568127061430036e11
9.913599313528098e13,1.6195562079582162e18,1.5418267695024356e14,3.569155876429304e11
9.914707023224156e13,1.620044319924576e18,1.5424627319498556e14,3.5697533091102936e11
9.942721019727367e13,1.6201717264121165e18,1.5428622861632316e14,3.568535257988226e11
9.940745318970433e13,1.6204435024576663e18,1.543469883034815e14,3.568453287486372e11
9.939200300145178e13,1.6283847068956252e18,1.5432569526228256e14,3.9881892345421893e11
9.938389834623189e13,1.581506073016184e18,1.54290880826095e14,3.989046141899461e11
9.940282021408077e13,1.581151150922169e18,1.543192042089553e14,3.991261138266223e11
9.934488731374666e13,1.5810691677873746e18,1.5431828574059853e14,3.996194193423464e11
9.935904998056181e13,1.580759279524326e18,1.1939259663813798e14,4.006398263777953e11
9.99197853608477e13,1.5810537240227195e18,1.1938694953369978e14,4.007811729482541e11
9.994231150606755e13,1.8460598173445097e18,1.1945100201138581e14,4.0065545000101044e11
9.996295964718944e13,1.8458164047961718e18,1.1963113988859536e14,4.0069451758847e11
9.995039710372044e13,1.8457321911802926e18,1.1961825191510827e14,4.0068964221798425e11
1.0007230169234519e14,1.847054641585353e18,1.201316633478987e14,4.0068581093758136e11
1.0010713007708634e14,1.847036287657892e18,1.2018757724226589e14,4.007679781052294e11
1.0018024301304264e14,1.869605295067202e18,1.2012069321114142e14,4.0091061034483435e11
1.0022017724446889e14,1.8690094454143642e18,1.2497523979588044e14,4.028595051249851e11
1.0019933964876816e14,1.8700910437817398e18,1.249593499541719e14,4.0290386500669684e11
1.002129045790462e14,1.870883054526026e18,1.2494246626934328e14,4.029558818475148e11
1.0030407574158439e14,1.8707833253543534e18,1.2499951777875484e14,4.030546173060078e11
1.0186950242775444e14,1.8906777546746596e18,1.2497113148079508e14,4.113244854096261e11
1.0186641179049448e14,1.8912174823373238e18,1.2512018616744133e14,4.114731358681168e11
1.0190114044307203e14,1.8937188078838316e18,1.317246654592872e14,4.113493534863549e11
1.020417809909999e14,1.893285520534255e18,1.3196269636018777e14,4.1174186157539685e11
1.0206811403861322e14,1.8935341336446234e18,1.3535698695817223e14,4.125859843492589e11
1.1560991728427831e14,1.8934791128030323e18,1.3533416767125973e14,4.1271376736173566e11
1.1566882599692119e14,1.8933672797821404e18,1.3551410777603839e14,4.1276045333272687e11
1.1569572442942705e14,1.893566523644706e18,1.3670637993777734e14,4.126740013611719e11
1.1572484898506486e14,1.8947452190439206e18,1.3674903006263236e14,4.189528822483583e11
1.1568754849055344e14,1.8960498008513981e18,1.3679573153419103e14,4.219759630769038e11
1.1570582458181767e14,1.895998065127578e18,1.3677948492404366e14,4.2199465126250256e11
1.1571081455488527e14,1.8967655127026647e18,1.369399025182605e14,4.223388685879753e11
1.1569358506771106e14,1.8971445093059643e18,1.3694200628410138e14,4.2230583508663794e11
1.1568768512597697e14,1.8971418642957896e18,1.3696448270744331e14,4.2498337177720917e11
1.1570576401852961e14,1.899882371926135e18,1.3697048936261905e14,4.2678401771909064e11
1.1570980269978617e14,1.90012746726077e18,1.369916095467722e14,4.274540066208822e11
1.1573223081445184e14,1.8997963108960394e18,1.370245878173776e14,4.275826219194029e11
1.1669913700905275e14,1.9940413066374e18,1.370418878167204e14,4.275401608753109e11
1.2245801182927619e14,1.9940454533879007e18,1.532990464088956e14,4.275502502103733e11
1.2249025599602656e14,1.993945649158929e18,1.5333615593592738e14,4.2763352287136676e11
1.2254681519345353e14,2.0029589978444529e18,1.533617449065318e14,4.276920127896231e11
1.225757920509967e14,2.0033495608404524e18,1.533678875552949e14,4.2786401475348083e11
1.2259210812777298e14,2.0034589351570378e18,1.5338127514666938e14,4.277849520880561e11
1.2264043675372864e14,2.0041589339998392e18,1.5336872369845203e14,4.278039864710035e11
1.2268863697657605e14,2.003888348777876e18,1.5333115641989638e14,4.28063762411431e11
1.2278358360313198e14,2.0040315988816335e18,1.5378113918476275e14,4.3069152792215875e11
1.2284711250209952e14,2.003883707015638e18,1.5382667400210488e14,4.307661508995783e11
1.2291377337065494e14,2.003708732337604e18,1.5384974580217322e14,4.306927407002497e11
1.2292697516761655e14,2.0043314161764544e18,1.5387029262865447e14,4.3077038231446216e11
1.2292170594962827e14,2.0043431027579226e18,1.538956328373914e14,4.307343289560092e11
1.2297145574680912e14,2.003997481240002e18,1.5393658993149534e14,4.306789739723339e11
1.2297636079485373e14,2.004858503083919e18,1.5394408524480756e14,4.3088633310375604e11
1.2295937736183097e14,2.0051067822532426e18,1.5405329664043156e14,4.3128368644714197e11
1.2297489913317633e14,2.0066987106407235e18,1.5402514570666553e14,4.305786807436419e11
1.2313843508656908e14,2.0064996505746557e18,1.5320563996994975e14,4.3049906927666595e11
1.2313762870261033e14,2.006919124954401e18,1.5320971701436197e14,4.306193213912678e11
1.2367222468861619e14,2.0072816182936428e18,1.532399595368337e14,4.3070616682197986e11
1.237407182352611e14,2.0076281700365002e18,1.532562535717228e14,4.3094943268878357e11
1.2373452459223652e14,2.0079106528952156e18,1.5329212566885897e14,4.310956438888319e11
1.2375691437934798e14,2.0110242875940767e18,1.5345629966706794e14,4.311006407255109e11
1.2368752699210817e14,2.0329498629190804e18,1.5369127942637353e14,4.31664187823406e11
1.2368200832274984e14,2.0332159106361498e18,1.5371278291896638e14,4.3162954892659076e11
1.2370529593966084e14,2.0806237183205732e18,1.5375419604768778e14,4.317186775450495e11
1.2372355201252014e14,2.0806122672559885e18,1.5385299279811025e14,4.3188627791866766e11
1.2577032752723811e14,2.080693804647876e18,1.538745796601244e14,4.3310545915161316e11
1.840436249684016e14,2.0810245494138854e18,1.5391065775679797e14,4.332482974823183e11
1.8415677339926272e14,2.0813420946275523e18,1.539515750287812e14,4.331846007462706e11
1.8624163363079962e14,2.08181975218973e18,1.5395108440025894e14,4.33254808378519e11
1.8621632539596338e14,2.089188418437785e18,1.539854252391572e14,4.3340266991786847e11
1.8620667581204203e14,2.0892011145188795e18,1.540064730586199e14,4.335083223053062e11
1.8618486497586647e14,2.089309765487174e18,1.54017344530165e14,4.334318770503697e11
1.8609784331399394e14,2.0857160991166684e18,1.5404280819218366e14,4.3345817884063965e11
1.8684795420420838e14,2.0856489968822426e18,1.540278870357076e14,4.332843053283917e11
1.8687295549400684e14,2.0843090785733908e18,1.5403727702512378e14,4.374904604174334e11
1.8688556236372078e14,2.0849201733943137e18,1.5404994480961078e14,4.376227580379887e11
1.8701101497974753e14,5.446154342350758e18,1.5407560040795956e14,4.376170589410693e11
1.8703753896281156e14,5.446835905929188e18,1.5412272528290816e14,4.3782809338633154e11
1.954098324540706e14,5.445878830137306e18,1.541265433742462e14,4.378782495063594e11
1.954282051155972e14,5.448049568549197e18,1.5413488250707506e14,4.377314554096529e11
1.9545747673441556e14,5.461286186829658e18,1.540914107172306e14,4.381483229296608e11
2.0119382101511038e14,5.467073236490997e18,1.5409176542551844e14,4.382871655546147e11
2.011889566937868e14,5.466620894205881e18,1.5522386126879556e14,4.384132380075512e11
2.011956460715459e14,5.476801090762565e18,1.5602217597915588e14,4.383121096496592e11
2.0232246226499975e14,5.489589422301619e18,1.5605209143224222e14,4.3813122249642334e11
2.0231867563117562e14,5.48471290655762e18,1.5604591146673934e14,4.046314178522163e11
2.0231343762211034e14,5.484893147798417e18,1.5602296192372044e14,4.045949114451933e11
2.0235486262320156e14,5.485242777981388e18,1.5607813468980278e14,4.0470719343180566e11
2.0237604834044522e14,5.487391302198806e18,1.562235207344801e14,4.0492079140874255e11
2.023980222064922e14,5.488618664351444e18,1.560372344639186e14,4.051254134061802e11
2.0237631792459306e14,5.488820642086548e18,1.5609580177747894e14,4.0507162674889874e11
2.0237614005796753e14,5.53541377332287e18,1.5615119756340203e14,4.0500940925285724e11
2.0263563898943272e14,5.534772827589705e18,1.5615015059403406e14,4.0536552314471606e11
2.0266783481661188e14,5.535201483419741e18,1.5647290516578478e14,4.0533523934057324e11
2.0270548038667428e14,6.0505086949138e18,1.5650738433912303e14,4.053874273718022e11
2.0268801038003578e14,6.050033922682866e18,1.5653220216315462e14,4.052192977904966e11
2.0263624720551234e14,6.056236417191727e18,1.565061149843923e14,4.051622065600737e11
2.0266873261636356e14,6.056215541471356e18,1.5651235984238366e14,4.134640537905963e11
2.039136569739644e14,6.123400957351437e18,1.5648488053519012e14,4.135297022175272e11
2.0390688928716762e14,7.257518086914281e18,1.5648552669149997e14,4.13699719041884e11
2.0397907664224966e14,7.258258688476948e18,1.5656256912511312e14,4.136363514358207e11
2.0427026776022188e14,7.257923054107055e18,1.5656126728774047e14,4.136423008641946e11
2.0570344391607175e14,7.272539102852143e18,1.5728638014253712e14,4.135807099446517e11
2.0570146173052544e14,7.284237347544988e18,1.5724496159185594e14,4.13633775028443e11
2.0629491470409612e14,7.291802008042417e18,1.577277565353301e14,4.144683096503548e11
2.063007660538067e14,7.294153514185868e18,1.577491175363448e14,4.144413623420588e11
2.086877306420429e14,7.299087451275079e18,1.5772140729889294e14,4.14499974675748e11
2.0877500608563275e14,7.299885195772955e18,1.5772887858162734e14,4.147044166033834e11
2.08774650157896e14,7.302728102732248e18,1.5508590637629994e14,4.14851209791829e11
2.0876220386928262e14,7.303885311168122e18,1.5524764100482075e14,4.147936668642869e11
2.0876580097127953e14,7.303998610600557e18,1.5526719494462394e14,4.148076645616287e11
2.089176396128343e14,7.304314102447945e18,1.5582244661017684e14,4.148441756090301e11
2.0894330557602678e14,7.306331007474586e18,1.558168931328948e14,4.149899852377489e11
2.0921442582277997e14,7.305572147012122e18,1.5568757572236516e14,4.149244602054753e11
2.0931833019437203e14,7.304793790941357e18,1.557604311167679e14,4.150469715382797e11
2.0939080883064994e14,7.306059121427918e18,1.3168637866715177e14,4.1514733430000037e11
2.093648747758118e14,7.307360354220044e18,1.3171935537569138e14,4.151371925030688e11
2.094185045955909e14,7.306402173825251e18,1.3169832316737295e14,4.152586664972558e11
2.0943835950672278e14,7.307450884182489e18,1.3172020351802212e14,4.153257425619323e11
2.0964061192499094e14,7.309280688295072e18,1.3173915639992045e14,4.1766575915102655e11
2.0963679821060653e14,7.309257572586017e18,1.3183736205182986e14,4.1776107900242346e11
2.0941522439723975e14,7.308394420076222e18,1.3214098012042242e14,4.176486701495319e11
2.094120806410429e14,4.6978199873127066e17,1.3228242729481705e14,4.177216103742789e11
2.094410292203698e14,4.701564638287298e17,1.322607826574821e14,4.177115576269757e11
2.0948403828687747e14,4.7039954194896416e17,1.3225057576857952e14,4.185778515924074e11
2.0910395163192538e14,4.705266973568107e17,1.3259761243308078e14,4.2044919227010583e11
7.736238152850767e13,4.70605486586839e17,1.3261019263212258e14,4.2050514421539166e11
7.73767985820862e13,4.709435049083849e17,1.3263660312631414e14,4.204488017143645e11
7.735325636520753e13,4.708735337306136e17,1.3270149407723762e14,4.205346342143837e11
7.735833716357253e13,4.7084911289274835e17,1.3265610134275216e14,4.202741028151854e11
7.735818740554367e13,4.713985872690098e17,1.3265472279441972e14,4.202702601639834e11
7.741152256689927e13,4.7134334027793254e17,1.3271852260808223e14,4.2022452832278143e11
7.744640406519292e13,4.713063404375746e17,1.327137389907055e14,4.202792207516137e11
7.747510521591555e13,4.7131006397222675e17,1.3269155291216127e14,4.2023096238127075e11
7.777586841225605e13,4.712231470147041e17,1.3271441744443892e14,4.2031296288395447e11
7.777123962988845e13,4.714339636343901e17,1.3270588861172839e14,4.2587954833378455e11
7.776792901125936e13,4.7144311520189235e17,1.3293994019530284e14,4.258230052207927e11
7.809205178038519e13,4.7298661090166726e17,1.329982721331504e14,4.258648195982267e11
7.811606579947142e13,4.730274627831194e17,1.3553965598866394e14,4.2676557264264813e11
7.8146508398198e13,4.72993145547822e17,1.355678224963062e14,4.2681397400217737e11
7.816638149800748e13,4.7191888454588346e17,1.355844230255396e14,4.2707081219230536e11
7.816873635213789e13,4.7186914925471315e17,1.3578205268537053e14,4.277180758573722e11
7.815785030925405e13,4.721949088584504e17,1.3582067079956197e14,4.277896215383568e11
7.816226652831166e13,5.0577854007046125e17,1.3584917170896006e14,4.2784228552680615e11
7.817727804384997e13,5.0569931488489965e17,1.3588631594383972e14,4.280112755785685e11
7.815018672741528e13,5.094264153746395e17,1.358813837681062e14,4.3511830624729126e11
7.826898453696202e13,5.094646069130053e17,1.3595269441422603e14,4.356131538142089e11
7.827216901196197e13,5.09484637748868e17,1.3591015280762773e14,4.356755302128507e11
7.830235653716477e13,5.095096413395969e17,1.5268346754792678e14,4.357226996087253e11
7.831990974009005e13,5.125998478511448e17,1.52697642317787e14,4.3623802711009985e11
7.83327148338076e13,5.09203499619448e17,1.527200723648022e14,4.363185440333992e11
7.832727773880962e13,5.1049585686220576e17,1.5270060985615103e14,4.362988451459817e11
7.836455018456966e13,5.105678802600169e17,1.5269569705588312e14,4.362428227729257e11
7.838298850263428e13,5.106395628904298e17,1.5268119159919425e14,4.405896633776172e11
7.839616268009105e13,5.0804801979819725e17,1.5313783346719403e14,4.4127732168301886e11
7.849618798005742e13,5.08180238221225e17,1.5330412166180506e14,4.413628667285325e11
7.848851264934833e13,5.0836893262307405e17,1.5329891432017962e14,4.413158425983132e11
7.851822985973266e13,5.081171624444364e17,1.5326683930768456e14,4.4130506136402997e11
7.85328332513943e13,5.087361223726127e17,1.532732291751514e14,4.414737312313188e11
7.865598059648512e13,5.087877073076812e17,1.532538787690128e14,4.47167609036787e11
7.859487081600792e13,5.087025052813002e17,1.5349540879990506e14,4.4716520893262854e11
7.858481116144716e13,5.1630497912151174e17,1.5351828826280003e14,4.471767460776058e11
7.840935343707994e13,5.166442332722333e17,1.535356655417005e14,4.473329407028864e11
7.842411689638103e13,5.1707752998106016e17,1.5355542539742062e14,4.4722373825876245e11
7.842360289732795e13,5.1701142987815814e17,1.5354424625816272e14,4.475385258315384e11
7.845072628290567e13,5.170820731267907e17,1.5393850107946106e14,4.475993654850745e11
7.860985209463405e13,5.170285374828556e17,1.5406980452362962e14,4.4845247307927637e11
7.86038375092287e13,5.174600594882113e17,1.5421798894828334e14,4.485746371867827e11
7.862484517432823e13,5.1748680863175546e17,1.5424090208081312e14,4.4852331582221075e11
7.883712901497123e13,5.1761444749804826e17,1.5432312497175678e14,4.484510413357643e11
7.894959448652481e13,5.1769907281216736e17,1.5430745076560116e14,4.4899112794435034e11
7.894017091287134e13,5.176025394953756e17,1.5430762517719656e14,4.4906777165982935e11
7.981764756179211e13,5.1772632428895456e17,1.5474355563271756e14,4.5858513949467206e11
7.981106586786719e13,5.1768556569554246e17,1.5476692096060947e14,4.590736227921464e11
7.984448836246288e13,5.179409988598184e17,1.546497377433597e14,4.595511933177172e11
8.049662188574819e13,5.1801085332497005e17,1.5473891335151975e14,4.596138295497765e11
8.066200341547164e13,5.180965775105e17,1.5465839396711094e14,4.596287286233846e11
8.215920168633323e13,5.180603106897831e17,1.5523178554222653e14,4.596678629169013e11
8.278788690319217e13,5.1812340738073754e17,1.5524641701592228e14,4.5980010937934827e11
8.285039096242988e13,5.182079705545972e17,1.5538891466900766e14,4.6085567959395667e11
8.288232836798772e13,5.181810446060852e17,1.5536916988876466e14,4.6032154339698645e11
8.288010257313022e13,5.182475976979537e17,1.5540598863618812e14,4.601025381346554e11
8.289922069628575e13,5.18172237434374e17,1.5535024160489525e14,4.599418367761962e11
8.30617820018105e13,5.1833077552730304e17,1.553736463922042e14,4.598489621828986e11
8.301203011666005e13,5.1842794159302355e17,1.5543876761125297e14,4.598015054499024e11
8.301621193269781e13,5.19084395789789e17,1.5579067266723047e14,4.597759251832635e11
8.31026012944276e13,5.190074180538287e17,1.5581248877691516e14,4.5965816460112244e11
8.315226967975005e13,5.189807243098754e17,1.5468112980415747e14,4.596180694826966e11
8.317599500449208e13,5.380350981217581e17,1.547033737089264e14,4.596062897439604e11
8.321486710610447e13,5.379563057167545e17,1.5471291727429397e14,4.596953196313191e11
8.321619477559358e13,5.378215673779223e17,1.5517261006390144e14,4.596757785594869e11
8.326850559929638e13,5.385034908622714e17,1.552046314338444e14,4.673966598218961e11
8.347572364295216e13,5.382068215624267e17,1.55260835948283e14,4.673331136563626e11
8.378359192101845e13,5.3898524632239085e17,1.552383660823231e14,4.6742357614961456e11
8.379615715956197e13,5.392858855307077e17,1.6456345073643312e14,4.6744777188323987e11
8.394600258340531e13,5.398225078759796e17,1.6458543776725553e14,4.673619047673759e11
8.401570687457784e13,5.4192088642431456e17,1.6453819346311075e14,4.673686391056567e11
8.402444329439069e13,5.4182998373726086e17,1.6460023033909206e14,4.6738390533291187e11
8.408833644753083e13,5.4179805284268435e17,1.6465977343184684e14,4.6763558789232074e11
8.410000756447745e13,5.475878113369562e17,1.6466268960356766e14,4.6758684928922314e11
8.422969849900684e13,5.478822740064585e17,1.6461017497364312e14,4.675913611535477e11
8.421270601688464e13,5.496931813093379e17,1.6470620295061056e14,4.6783427201554645e11
8.429357635232408e13,5.496019092206686e17,1.6473400582065638e14,4.6814534413921924e11
8.429145918436652e13,5.496236788403416e17,1.6472281271896734e14,4.684216341731316e11
8.428708501113336e13,5.496332802618269e17,1.6604766286147175e14,4.689983643978713e11
8.42939998239954e13,5.4963214689172435e17,1.665007772379532e14,4.691558344471746e11
8.430638719073395e13,5.506856053679337e17,1.6653449649730766e14,4.6907437823447485e11
8.444980195238428e13,5.507394923148584e17,1.665271834990084e14,4.691324402351651e11
8.413065531606548e13,5.509403901712743e17,1.7332656061682434e14,4.692212798816777e11
8.412339959777583e13,5.508862433259275e17,1.943072920026848e14,4.6909240963875586e11
8.411464950453344e13,5.510207738956425e17,1.9434782149947953e14,4.6881661095610425e11
8.44015924255163e13,5.509307483759498e17,1.9414447079741856e14,4.687892980413547e11
8.439760080389078e13,5.5097740970410925e17,1.9416965947960228e14,4.6881686156865826e11
8.441316923731333e13,5.51070849774881e17,1.941965723202205e14,4.697263313442155e11
8.442374975258302e13,5.56361663472267e17,1.9455280116188306e14,4.6965220384390894e11
8.44540150834604e13,5.5635278846148954e17,1.9454560748995938e14,4.704755768861471e11
8.447603921686548e13,5.5635296787344256e17,2.867997588419069e14,4.7045913375903326e11
8.448191495250861e13,5.564355676779535e17,2.8679469534935875e14,4.7037104726140314e11
8.545517934146984e13,5.564553214303026e17,2.934283498891016e14,4.703814481783045e11
8.54715399734165e13,5.5631837766647264e17,2.930940668948347e14,4.7035223881919794e11
8.548256728902534e13,5.56438364900035e17,2.9305203568749556e14,4.707427151146767e11
8.547401029861753e13,5.5632358986328666e17,2.92983990002682e14,4.709311283339016e11
8.548759683687383e13,5.564770047463942e17,2.9269964982045856e14,4.7083528882807513e11
8.558596394915589e13,5.5659346805799085e17,2.9287421697232375e14,4.7091036458537286e11
8.563689634949105e13,5.565563083484533e17,2.9356183238653925e14,4.7100776042800916e11
8.562529470219283e13,5.567489566547884e17,2.936213063728584e14,4.710924498607094e11
8.559812897115006e13,5.571715558565152e17,2.97027688515509e14,4.7122642301686304e11
8.558759193164345e13,5.5713152096914566e17,2.97112742512763e14,4.950875325424686e11
8.559316758575677e13,5.5751081330538106e17,2.971165214625659e14,4.951019892682875e11
8.562023205531419e13,5.5640434122689626e17,2.9749285968923675e14,4.952576576232177e11
8.576712278010678e13,5.564946526004164e17,3.006979530063299e14,4.9544473241033704e11
8.571236661975339e13,5.5657676674372986e17,3.017548485439078e14,4.955171937663959e11
8.570485768152142e13,5.5651525776429024e17,3.016934317434028e14,4.9560022239875366e11
8.573460706407902e13,5.5645989948985197e17,3.01746045203147e14,4.9605488732132196e11
8.558643125572077e13,5.56376415782143e17,3.0187977368796706e14,4.962421790388938e11
8.591226492791772e13,5.5674637069233606e17,3.020122297093494e14,4.963050711298849e11
8.593675446695355e13,5.5667858279109114e17,3.0263691140418894e14,4.962706253160475e11
8.597028320342598e13,5.614363597381575e17,3.026459669977153e14,4.9645698737440936e11
8.595483192534497e13,5.626302233794973e17,3.028989843244401e14,4.964559045330748e11
8.596591251804236e13,5.625866787363445e17,3.0295013292253525e14,4.96399078525898e11
8.605372000897062e13,5.636274714400028e17,3.0295727666254594e14,4.9650434272328516e11
8.604173008373381e13,5.6344214560873594e17,3.02937068952e14,4.972680917485888e11
8.61576891828546e13,5.6366288490399725e17,3.0290173333651256e14,4.97322023398655e11
8.616028731301444e13,5.6358237256679315e17,3.0293696907567894e14,4.974086030867929e11
8.617476795049394e13,5.6449804370761837e17,3.0303851914015206e14,4.974072011029772e11
8.616329723475131e13,5.641881692979387e17,3.0372363038386125e14,4.9731637646254034e11
8.615156529996094e13,5.645969479152384e17,3.036928906576979e14,4.9738059103383563e11
8.61332369708342e13,5.6470727739960634e17,3.03629357385445e14,4.9737809794457495e11
8.615873830862436e13,5.6464124124208934e17,3.036709821295188e14,4.974562536646566e11
8.652322243911161e13,5.651566968292115e17,3.0374093490912956e14,4.982141320697839e11
8.66394170893449e13,5.650159150619452e17,3.03957290473769e14,4.981172299957921e11
8.663171499069034e13,5.6565018200559405e17,3.039390950085208e14,4.9817988414153455e11
8.664796815909569e13,5.65724319499329e17,3.040243090101384e14,4.98083273494714e11
8.67797515286275e13,5.658220224433684e17,3.041212733643406e14,4.980176085612101e11
8.676944092954211e13,5.6617496942620614e17,3.0414184254556644e14,4.982095903211234e11
8.678008162683631e13,5.6604566654946874e17,3.041226201320013e14,4.9885010321272125e11
8.677053180769844e13,5.6621884306147776e17,3.045108687997741e14,4.9878112658378046e11
8.675409220288553e13,5.662854168174202e17,3.0432435719967256e14,4.9881025517181104e11
8.679318693389233e13,5.669686113836213e17,3.042723538276102e14,4.9896140751987415e11
8.67821041186215e13,5.670891559361493e17,3.048090517373205e14,4.989078161745418e11
8.679606740899417e13,5.6677484318975456e17,3.048750028648545e14,4.9898569735511383e11
8.684732645592255e13,5.669042930908967e17,3.0492723097283044e14,4.990900579235611e11
8.687110284725847e13,5.6797533617208326e17,3.049735003408299e14,4.9925902082274994e11
8.688664107939012e13,5.6788667868466784e17,3.04011665963042e14,4.996139812837608e11
9.066994455891322e13,5.6785510750747776e17,3.0445034576287844e14,4.9968176106564636e11
9.075801241868455e13,5.6561567193376314e17,3.0449762515701256e14,4.9965437475932355e11
9.07776753155003e13,5.6563098129522925e17,3.0456462647432006e14,4.996138424763799e11
9.076847132495558e13,5.6639382746463014e17,3.046177501899625e14,4.998627374388058e11
9.095495784697397e13,5.6654707133822394e17,3.0465597091430156e14,5.000020802329324e11
9.097651391356319e13,5.7127340681831674e17,3.0481896164863475e14,5.000674927524538e11
9.059067361651323e13,5.7149602060936083e17,3.049601923751849e14,5.003688961668562e11
9.057329170685947e13,5.716987653050961e17,3.048848345273377e14,5.0092457172335565e11
9.058693064864392e13,5.718195991581062e17,3.0493253744080625e14,5.0103939474349695e11
9.037784861520248e13,5.722154633730919e17,3.04985701934158e14,5.0115276007158295e11
9.201169798663564e13,5.7537332497413984e17,3.0501633690981025e14,5.010937118518252e11
9.202689150508936e13,5.752932749568701e17,3.049880879499021e14,5.0111387651176996e11
9.203563800532839e13,5.757057395893875e17,3.0511254538952356e14,5.012305679363573e11
9.205933917296906e13,5.757489302365115e17,3.052024702039429e14,5.021301904027479e11
9.20783006743927e13,5.756706890190858e17,3.052485148244485e14,5.022209032917443e11
9.20730116634509e13,5.755754698839485e17,3.056352991033816e14,5.023464537401179e11
9.21649854138542e13,5.757377570171274e17,3.0564743647006294e14,5.022896149806028e11
9.215005206323052e13,5.757046137852141e17,3.057115786427929e14,5.026400205710144e11
9.227346104084464e13,5.7540760995873837e17,3.0572701334728156e14,5.0283917630971936e11
9.231523923962636e13,5.7440084912819514e17,3.0668194611953606e14,5.029318423815653e11
9.231263812676103e13,5.745295712213842e17,3.0680645155550956e14,5.04229209047708e11
9.229417270445069e13,5.7429459201114797e17,3.163367762077976e14,5.041302680380733e11
9.23093824259347e13,5.74407478214113e17,3.163959782958369e14,5.0655328221537195e11
9.229369469771252e13,5.7494286424519354e17,3.163964352416723e14,5.0668692317200714e11
9.230033078247948e13,5.7557455199794694e17,3.16344854113652e14,5.06769157092197e11
9.228573759349494e13,5.7550021750114874e17,3.1640973677675925e14,5.0664360004795905e11
9.229494129958261e13,5.755011327527031e17,3.164739931616254e14,5.0658821087487317e11
9.224018914332764e13,5.7543101542134035e17,3.161776121844569e14,5.054595323405999e11
9.223686501196764e13,5.7547109815365434e17,3.1616592148720675e14,5.061260187767915e11
1.1570762997964478e14,5.754104690613162e17,3.162373965744619e14,5.057206935930025e11
1.1573994201616905e14,5.755252268087786e17,3.163020522478297e14,5.059651961061979e11
1.157675001842832e14,5.7581339087374746e17,3.163151666265468e14,5.058890584149403e11
1.1578719042427675e14,5.7578369184676954e17,3.1639749313106944e14,5.060013689478724e11
1.1579868040955223e14,5.758820554535219e17,3.173487538190347e14,5.067553704280865e11
1.157964603679783e14,5.770588982065316e17,3.320073714081402e14,5.0677218937931903e11
1.1580759076159619e14,5.769550812210756e17,3.321010812632893e14,5.068775313040852e11
1.1578575404193834e14,5.706474162386077e17,3.3262497559700756e14,5.071522157820017e11
1.1578195544662831e14,5.710119560618625e17,3.326549377842188e14,5.0721065504199457e11
1.1576433750610177e14,5.735756450621906e17,3.327483005030669e14,5.073928281602881e11
1.1579150571573348e14,5.736808594879932e17,3.326669583710271e14,5.073810772008775e11
1.158406510712524e14,5.743766964963062e17,3.328905717330084e14,5.074105480294268e11
1.1589754307132344e14,5.74485043136659e17,3.3396732236824825e14,5.076094852652608e11
1.1589636670400478e14,5.812706170547368e17,3.3385050512064094e14,5.099158612938082e11
1.158702045766096e14,5.814352175554588e17,3.3395422218632925e14,5.1266745847013684e11
1.1590090923589025e14,5.814389627580114e17,3.339877958395139e14,5.128722033424125e11
1.158799424728736e14,5.815139661168238e17,3.342390592246915e14,5.129898582084175e11
1.1586858012802358e14,6.059929714187183e17,3.3475283595205044e14,5.1325051844145685e11
1.1588815530224284e14,6.059929949004617e17,3.462986526707564e14,5.139191180492899e11
1.1592468409198133e14,6.05941366315286e17,3.4635641261141375e14,5.139002111599933e11
1.1596709034547936e14,6.060202265064147e17,3.4657513224843875e14,5.824908242804968e11
1.1596460601742142e14,6.060407980776806e17,3.465452023994763e14,5.824165834830497e11
1.1596839211360539e14,6.065214243118856e17,3.464976654101981e14,5.832764249536874e11
1.1596526156178936e14,6.127914781428452e17,3.469283935080223e14,5.83374371626732e11
1.1598742601946573e14,6.127706759971026e17,3.469197827336451e14,5.844239577710885e11
1.1597476641246734e14,6.072108686761686e17,3.4732933429774944e14,5.843901539714735e11
1.2291566773071917e14,6.0689942259991e17,3.4733150150803425e14,5.844633652544249e11
1.2322190104187031e14,1.5707766024154568e18,3.475217166008663e14,5.872333945979637e11
1.2323508213382002e14,1.5703703968061504e18,3.475261089215393e14,5.87539502418397e11
1.2323767735304884e14,1.570803700432519e18,2.4766274530127762e14,5.875526336915962e11
1.2336013156706333e14,1.5711968275236275e18,2.4739389153913322e14,5.877707645576508e11
1.2358080997075314e14,1.5715129094780506e18,2.473704961752544e14,5.879338566954757e11
1.2377994455172977e14,1.571311198052238e18,2.4742374212480088e14,5.879913200395923e11
1.2380837795558158e14,1.573930934138411e18,2.469349015010763e14,5.880201102407797e11
1.2379212649356494e14,1.5771283995108554e18,2.4702570429433084e14,5.881827283029319e11
1.239037588055101e14,1.5772529818140022e18,2.4576237777152488e14,5.882653285568715e11
1.2395083537323558e14,1.5770913992365386e18,2.4579944564349606e14,5.88505239450904e11
1.2393001563851922e14,1.5772684760492183e18,2.4653676631396416e14,5.884935889380482e11
1.2394157650947058e14,1.5773180996426066e18,2.465285246067433e14,5.88433064002771e11
1.2552767055942505e14,1.626069513180276e18,2.4735449275240422e14,5.884102189009307e11
1.2550114337525108e14,1.6352014457854615e18,2.473175742676847e14,5.882464192448667e11
1.2555756749606988e14,1.6354581702543135e18,2.4858729463156594e14,5.887702886405123e11
1.2553874613715294e14,1.6332886436716316e18,2.487090480810676e14,5.887661889448185e11
1.2555229808832539e14,1.6692220519956854e18,2.4871952539428562e14,5.898243365930629e11
1.2557868414636253e14,2.518979082782901e18,2.4876156411893944e14,5.898816129515337e11
1.2559055386121667e14,2.531651662616794e18,2.4875633424179678e14,5.900155012737844e11
1.2564078423183366e14,2.5436476916834647e18,2.4880434792042312e14,5.898926758485735e11
1.2566067249884505e14,2.5449972634944445e18,2.489102357973936e14,5.898219955249451e11
1.2583984230713188e14,2.5446686686783114e18,2.4919605126880534e14,5.898630013451323e11
1.2580308696279273e14,2.544804937429391e18,2.4923379112165094e14,5.898094354262015e11
1.2580159335227678e14,2.7412079440987704e18,2.4986424888553947e14,5.900127730532695e11
1.2610434854198748e14,2.7410782412781727e18,2.496876843069578e14,5.905761845347867e11
1.2620630023464072e14,2.742143263212875e18,2.4987319489522503e14,5.905610116216274e11
1.2618474025659203e14,2.741792489187396e18,2.4985276399185697e14,5.907951300573033e11
1.2832250623511867e14,2.744211038800579e18,2.5073419395347162e14,5.909345194953153e11
1.287763736368585e14,2.7531507393236803e18,2.5084937787232556e14,5.909172129091787e11
1.288399890734691e14,2.760933463899985e18,2.5088274495489972e14,5.913158173870851e11
1.288195923724781e14,2.7605165602579814e18,2.5080466316013303e14,5.913914082214375e11
1.2878390540611739e14,2.7594796871195505e18,2.508424879714251e14,5.914066337007881e11
1.2875643199415539e14,2.7594707898043945e18,2.50796965513451e14,5.910962374734879e11
1.287471102495593e14,2.7593574164337884e18,2.5147849682290556e14,5.909745298706089e11
1.287521115944112e14,2.7581285079519555e18,2.5160651994809934e14,5.934428693360488e11
1.2987579014418344e14,2.7582482987694013e18,2.5156432452767534e14,5.936616231272544e11
1.3029880806992906e14,2.75873180584389e18,2.5158099021266672e14,5.936576932205138e11
1.3039894241450058e14,2.759493892365179e18,2.516522877009213e14,5.937412298385819e11
1.3036309139706633e14,2.7593683764895355e18,2.5190990027411425e14,5.938739398373171e11
1.3038616816844527e14,2.813102314565854e18,2.518745792018068e14,5.950438888170159e11
1.3036337018903466e14,2.8199982362281933e18,2.5189617571630638e14,5.950082360648245e11
1.307488622971402e14,2.8328372564239857e18,2.5187543339721203e14,5.951866738204572e11
1.3085409776881442e14,2.8322323829542753e18,1.8876660695681792e15,5.951276702022788e11
1.3085959626436744e14,3.2823905713725993e18,1.8868490195552642e15,5.952345154959137e11
1.3160032357047061e14,3.2830793564264125e18,1.888770709944248e15,5.953387678715209e11
1.3159116220240522e14,3.28563333450603e18,1.8884853003823988e15,5.986139647645127e11
1.3154958262248473e14,3.41214895812299e18,1.8887954025475945e15,5.987148127862552e11
1.3147300970212539e14,3.411694686278575e18,1.8891471126125238e15,5.988353050108612e11
1.3146901707167394e14,3.4118479286122747e18,1.8964553411084245e15,5.994593561170864e11
1.3147265017992258e14,3.4113176930193613e18,1.8967280583687775e15,5.988695080097117e11
1.3152663595001273e14,3.506268514692965e18,1.8975616827782012e15,5.989486724178842e11
1.3157891450145877e14,3.5102049185038884e18,1.897273943354729e15,5.989685538571608e11
1.3156528011923245e14,3.511421093135965e18,1.8977450389463422e15,5.989655911634883e11
1.3154858413072612e14,3.5132730348948444e18,1.897842495823903e15,6.021186409880376e11
1.3158470159362089e14,3.5126534215984046e18,1.8979216924512858e15,6.014003670393531e11
1.316036821537538e14,3.5130725281626783e18,1.8977608886438272e15,6.077158625135774e11
1.3158386465362534e14,3.513334692579997e18,1.898154579172515e15,6.07410471251971e11
1.3293939584635128e14,3.5133035417596426e18,1.8996599610344118e15,6.076592734841835e11
1.3476491290807428e14,3.5136589467707366e18,1.8996076042055002e15,6.075711208007946e11
1.3473500126387456e14,3.701226337142936e18,1.8999521603865925e15,6.084058729212552e11
1.3470715893642789e14,3.70149551942648e18,1.9005227107978782e15,6.084986593309628e11
1.3473972722027716e14,3.7092397673788544e18,1.903751667778473e15,6.084373173326807e11
1.3471791034190294e14,3.7084704783541494e18,1.9697405761778195e15,6.086138626308376e11
1.3473480551959306e14,3.712344016732357e18,1.970260219797096e15,6.086391065097694e11
1.3472933693258808e14,3.71035318006607e18,1.978058593609913e15,6.088502847668463e11
1.3474870057987883e14,3.71108277757134e18,1.9793119183236835e15,6.091275776733448e11
1.347666945750144e14,3.7111512770184986e18,1.979866483872255e15,6.092679466570286e11
1.3484746078846322e14,3.710155283093179e18,1.979824189079205e15,6.825856743018483e11
1.3533290265630531e14,3.7130884566407634e18,1.9799689119041848e15,6.826066380316321e11
1.3547724113344116e14,3.714636937374682e18,1.974946284521571e15,6.825543503988757e11
1.3546761767203577e14,3.715933793005477e18,1.9751373202707115e15,6.82524431215888e11
1.3545876795258811e14,3.716033333877739e18,1.9754861430745968e15,6.825243724686191e11
1.3543532977666342e14,3.7154522413379635e18,1.975991030055776e15,6.825251919176421e11
1.3682445519773916e14,5.2762008953515e18,1.975840248680763e15,6.826187319152865e11
1.3678950456460573e14,5.2765494744018e18,1.9756854248691635e15,6.837068914927577e11
1.3737514354899111e14,5.276551828315685e18,1.9736639735305298e15,6.837363807672153e11
1.3759588051335742e14,5.270842008486659e18,1.9743992513561848e15,6.839943925982867e11
1.392504609771331e14,5.269701134498865e18,1.97579595609931e15,6.844114952417662e11
1.3925433713236258e14,5.268681002635222e18,1.9759060289966362e15,6.843169975149927e11
1.3933912801202689e14,5.266679101333206e18,1.9764378472044702e15,6.507822289736105e11
1.3930177418421773e14,5.274120771181642e18,1.9763810349647545e15,6.511259526775219e11
1.3932544075967012e14,5.274115090649695e18,1.99394359346958e15,6.513780813857981e11
1.3948483661260064e14,5.281225797980254e18,2.0013636438182328e15,6.55642255174169e11
1.394612653277982e14,5.282600803819332e18,2.0011451306105318e15,6.595032910139353e11
1.3949033471537538e14,5.282277524279364e18,2.013466001180917e15,6.593750177376072e11
1.3997894479870253e14,5.281607847559186e18,2.134170170690139e15,6.596699394066573e11
1.4036338172916723e14,5.272550380323111e18,2.133339143853147e15,6.598181950942229e11
1.4038526476280886e14,5.285200103460111e18,2.1318760221416708e15,6.588661342961025e11
1.4045041163945064e14,5.284644935016755e18,2.1319732664158515e15,6.592806132928806e11
1.4055458160861798e14,5.284502411479783e18,2.1349616529523162e15,6.592584711471459e11
1.4060082471957058e14,5.296588917760572e18,2.1349238066343268e15,6.568823545612269e11
1.4062321497223927e14,5.297989055521441e18,2.1371091715420492e15,6.568574737184275e11
1.4069523595465467e14,5.298821868554582e18,2.1369766217215838e15,6.5701870203597e11
1.4073415843182708e14,5.300787425448389e18,2.1403823307306958e15,6.571351412331692e11
1.4083611490835162e14,5.304263633249848e18,2.8864164059600125e15,6.571476662043822e11
1.413797156879996e14,5.30502556387438e18,2.8873258275206875e15,6.57236618224775e11
1.4141054145372034e14,5.311632508369587e18,2.8872200101279285e15,6.573347206188369e11
1.4139643836067866e14,5.311608217708858e18,2.8813076205129105e15,6.56996286053974e11
1.414808107970115e14,5.311118990870288e18,2.884181209168742e15,6.587092575435908e11
1.4151635678174725e14,5.35154870662748e18,2.883584897047775e15,6.587990016577971e11
1.4152177310498294e14,5.352030922142663e18,2.882977111567843e15,6.587706392687147e11
1.4153370652683403e14,5.402389439146602e18,2.8834530211042585e15,6.587701176723821e11
1.4151110128761606e14,5.403184401895223e18,2.884276052566563e15,6.587494162623591e11
1.4149800180640297e14,5.396274629359106e18,2.8871938816999975e15,6.588471328300693e11
1.4246333308730422e14,5.42306748254726e18,2.8966065694469045e15,6.592608756952749e11
1.4559495382135394e14,5.459261966918953e18,2.897382271630638e15,6.593529497836211e11
1.456215350172405e14,5.629997293559636e18,2.8979376836939595e15,6.593284114284993e11
1.456425822682931e14,5.639130643296517e18,2.8983546655579555e15,6.595512560720264e11
1.4564234143286144e14,5.640507728403164e18,2.8985334022873135e15,6.573605531613766e11
1.456868556386601e14,5.639073293859505e18,2.8987587653043045e15,6.573340840370997e11
1.4566195208243572e14,5.634650737039646e18,2.899516647896626e15,6.57469400302825e11
1.4565230430061072e14,5.637813948439165e18,2.904135014415447e15,6.573097406024551e11
1.458072152803951e14,5.637347134799681e18,2.90372948937864e15,6.577639184983074e11
1.4593918430552375e14,5.638371200648028e18,2.9045717450729465e15,6.578733216303047e11
1.4597810288691022e14,5.642514644710142e18,2.90551467604249e15,6.590247220687808e11
1.561391871592444e14,5.643670712539121e18,2.9059284376590565e15,6.591866199015e11
1.564469146869022e14,5.648811921855897e18,2.9532825630630915e15,6.591234257645912e11
1.5647955124175647e14,5.649580919316e18,2.043834500922627e15,6.59542753448753e11
1.5657496728395034e14,5.647817202807939e18,2.043505658019578e15,6.593429269408629e11
1.565981375035084e14,5.647203945243037e18,2.0528852269139632e15,6.591105494314601e11
1.5653674757876903e14,5.648390141456826e18,2.3845506347422295e15,6.591956470479767e11
1.5651098856564825e14,5.673639017526597e18,2.383634001341144e15,6.591614971043083e11
1.565452523706487e14,5.673315838317555e18,2.3868572848119715e15,7.220714626524774e11
1.5670745631243588e14,5.715078833944557e18,2.389072528649337e15,7.220020234430697e11
1.5668787308715528e14,2.2844264945577539e18,2.389432404866329e15,7.219049895710779e11
1.5685353027846906e14,2.2852304868029304e18,2.3899845904850475e15,7.23299929894104e11
1.5701560440059425e14,2.2873761752506435e18,2.875781302272613e15,7.239955860494779e11
1.569270559383398e14,2.2878326464404902e18,2.875980386795881e15,7.28254803076751e11
1.57344538794942e14,2.288236674119895e18,2.8768672490349095e15,7.282527252253956e11
1.5745483546607684e14,2.3090264324223447e18,2.8770959464507085e15,7.282013710620487e11
1.5747809323008356e14,2.403377851755578e18,2.866147485652101e15,7.28768009766671e11
1.5751400352594828e14,2.4035917361566874e18,2.867725702182219e15,7.287336865456235e11
1.5753543435463375e14,2.402698778217982e18,2.9395961373185525e15,7.289487892990403e11
1.57581484408305e14,2.4050766384545864e18,2.9457167258175555e15,7.289286779712423e11
1.575405754626417e14,2.4253087087198065e18,2.9463635302426465e15,7.302404092574258e11
1.574949629805215e14,2.4319479197829105e18,2.9498250553984835e15,7.310866977023392e11
1.5770866718582897e14,2.432029808853714e18,8.933723965306648e14,7.310323641392584e11
1.5773237264874988e14,2.431649470007282e18,8.931334541302535e14,7.312442426142279e11
1.577069915206248e14,2.4311587285033897e18,8.933767774311796e14,7.384414047775422e11
1.577925274926258e14,2.433305072273365e18,8.947495845748552e14,7.389572439487859e11
1.5784387946151297e14,2.435765944650797e18,8.946332439038559e14,7.458119603168627e11
1.5789183393277888e14,2.43681896191185e18,8.946627284909946e14,7.460643436310635e11
1.5790981201026366e14,2.4374466996979046e18,8.950684536712738e14,7.462597404950623e11
1.5890084637431022e14,2.441895188644295e18,8.953057172146045e14,7.467591900016427e11
1.5891288745754384e14,2.452391116809276e18,8.95481896439188e14,8.524946300402208e11
1.786864946992169e14,2.4536534903108255e18,8.956379343565482e14,8.52688256852096e11
1.7915286990144356e14,2.4726301370389396e18,8.967246061528334e14,8.526227342116345e11
1.7921637693900472e14,2.472814996523613e18,8.981587849115805e14,8.527849587065631e11
1.7918965896262466e14,2.474414625220385e18,8.980212359875845e14,8.526602144768718e11
1.791966200010632e14,2.474999873912425e18,8.994160699704326e14,8.526123069397395e11
1.7922616423781222e14,2.474624101187529e18,8.999577423365204e14,8.527076652686349e11
1.793913170876871e14,2.474583699097564e18,9.001780226184615e14,8.528222605823357e11
1.7941071431993834e14,2.4750230694374374e18,9.014829635540855e14,8.525844476221686e11
1.7943625310525906e14,2.475272062182753e18,9.014464340621031e14,8.526559855853362e11
1.7948762474833434e14,2.504741746769993e18,9.01782590959848e14,8.5253550366817e11
1.794442949178838e14,2.588999297993262e18,9.016257945506799e14,8.525910575212589e11
1.7939060356790178e14,2.5898182001022464e18,9.018702549291572e14,8.51650185937943e11
1.7939865381098866e14,2.589556811076486e18,9.016876254558441e14,8.515181417809508e11
1.7946961767484922e14,2.589079265802e18,9.045556955329654e14,8.515777211157985e11
1.7948430360042712e14,2.5887514620818816e18,9.04696784886572e14,8.515669587184421e11
1.8193933437538612e14,2.5901265554107796e18,9.047040494073759e14,8.517961009695859e11
1.8193619052114528e14,2.5906238726546555e18,9.045924603787475e14,8.522064304656707e11
1.8191006671816856e14,2.591032086971384e18,9.052355589382849e14,8.525464952898895e11
1.8210486781052253e14,2.5922002628133535e18,9.050784040869328e14,8.522931550114365e11
1.8209742804373912e14,2.5921438328988467e18,9.053014360507092e14,8.525234189196194e11
1.8678856010894428e14,2.5927452059922545e18,9.053903084221079e14,8.523420747914286e11
1.87137234337598e14,2.5574985171682985e18,9.053753981386401e14,8.523916451761272e11
1.8716428119122728e14,2.5604432395779814e18,9.056093174628768e14,8.528553754976588e11
1.871752214443564e14,2.559908190371434e18,9.056274041388141e14,8.52754020407215e11
1.872783353211601e14,2.568229956014932e18,9.056362446916328e14,8.556372506467206e11
1.873598246440427e14,2.566065295261876e18,9.054424589950536e14,8.557442535926687e11
1.8829698998079794e14,2.5675656073680164e18,9.053275480733096e14,8.556994272828861e11
1.8818098247151494e14,2.567355866913342e18,9.052413821916131e14,8.55636800521247e11
1.8828568833339966e14,2.566257186873889e18,9.051774314252296e14,8.555584656701667e11
1.8831402103820997e14,2.566797490681387e18,9.055275279260182e14,8.55454225167528e11
1.8840138039744316e14,2.5663759826577715e18,9.190509705220591e14,8.554620315590675e11
1.1349105484178561e14,2.565972713656192e18,9.192798030042249e14,8.556040962717792e11
1.1351272155217873e14,2.566982884355446e18,9.195154154369295e14,8.554699899698297e11
1.1352770425946861e14,2.566554716968384e18,9.199674669038044e14,8.559637534964663e11
1.1354587726174528e14,2.5671058310465853e18,9.205560014584148e14,8.561798911647526e11
1.1355786284128236e14,2.567482286135162e18,9.207166265277652e14,8.560901177866337e11
1.1474399779993145e14,2.5689151638850417e18,9.218132579058229e14,8.559816137470063e11
1.1479236986328548e14,2.7781595637702636e18,9.228264987506666e14,8.558528525284088e11
1.1490747361246839e14,2.777473936240792e18,9.226671822355008e14,8.566758430439203e11
1.150882223023584e14,2.7779109961232865e18,9.232458248787038e14,8.688019612493201e11
1.151073213474239e14,2.777768820966063e18,9.356313277933416e14,8.689583832030946e11
1.1508129869212831e14,2.786971200771297e18,9.353350088520926e14,8.688603571500088e11
1.150579873114399e14,2.795251433057304e18,9.395348351770836e14,8.688755186278218e11
1.1503512206226552e14,2.8051045548150344e18,9.39713817100508e14,8.714745172626125e11
1.1503099074194148e14,2.8094961166390595e18,9.398784217514225e14,8.717045382898114e11
1.1504672367393558e14,2.810255685399541e18,9.40060582970636e14,8.717656160498292e11
1.1507475825789827e14,2.8115719576707256e18,9.404407333628848e14,8.719134032996757e11
1.5240176889556538e14,2.811675081962387e18,9.413555396717096e14,8.727187800706055e11
1.5242932252691953e14,2.813231789116811e18,9.415213632121728e14,8.728323022953889e11
1.5252667900632756e14,2.813712689640063e18,9.41784785218809e14,8.731505887742626e11
1.548511495072533e14,2.9346720888954076e18,9.423397083140296e14,8.733283401316969e11
1.5481778832340875e14,2.934143526035385e18,9.425903614112111e14,8.734411491533075e11
1.5479234238144203e14,2.9323261174113065e18,9.445515126477209e14,8.734030434172949e11
1.5486074930142322e14,2.932733095483774e18,9.40745410115847e14,8.733653190788683e11
1.5479788490277775e14,2.9355271611018476e18,9.411846717400075e14,8.735411582294065e11
1.5518514056426503e14,2.93558720445318e18,9.412874433843394e14,8.73427122283397e11
1.55453434082696e14,2.9361816326577126e18,9.413402806400481e14,8.732986594512721e11
1.5547946422991512e14,2.938249785496333e18,9.43679651575254e14,8.731185787472408e11
1.5552170502864847e14,2.938515147281008e18,9.433851739006488e14,8.729417343748793e11
1.5565047920967616e14,2.9395152978723395e18,9.436306124575692e14,8.728048913928378e11
1.556613142900355e14,2.941472739280641e18,9.437832419406945e14,8.728241619430071e11
1.556655662278379e14,2.945177598525448e18,9.439045675786894e14,8.732751642463447e11
1.5563604123088916e14,2.947548339550556e18,9.457831124692148e14,8.732450642545706e11
1.556592338176215e14,2.950069430012278e18,9.455767337010684e14,8.744699908946016e11
1.5571027154439394e14,2.9509796491533076e18,9.45422420231865e14,8.720333513573945e11
1.557822157574452e14,2.952243079325294e18,9.457157831451871e14,8.721515592480426e11
1.5921732502644056e14,3.0480977724201897e18,9.462262699549145e14,8.719247792348334e11
1.5936620047372606e14,3.049624481316976e18,9.460790333789502e14,8.71791023097087e11
1.5982763384514225e14,3.0501247466799293e18,9.475324290867879e14,8.698552532093336e11
1.5984004261354025e14,3.053416841782593e18,9.473832818735275e14,8.706763247833562e11
1.5973235981612688e14,3.0552977092425866e18,9.491396853642598e14,8.706581846248605e11
1.597008019875464e14,3.0557914090129843e18,9.490099249553655e14,8.70781436693199e11
1.5981925347691578e14,3.0550743310362383e18,9.516366109511338e14,8.709268790494042e11
1.5986561083668062e14,3.0553912605856067e18,9.518829086321232e14,8.710781777487394e11
4.8885965939665006e14,3.0602626512724987e18,9.532162438259662e14,8.709333600097789e11
4.8844366236697425e14,3.060966503655088e18,9.525341918382094e14,8.71556383823086e11
5.122076516261602e14,3.0633247768720067e18,9.52354013171845e14,8.71711866198478e11
5.207605144252342e14,3.0646455500143683e18,9.533200193412192e14,8.71858294688741e11
1.6875297575232497e14,3.096255999855774e18,9.530661129232141e14,8.7178986102288e11
1.687634828756021e14,3.1024363320500055e18,9.532780464145878e14,8.719156816490364e11
1.6875849403111312e14,3.105732314076264e18,9.549547263869846e14,8.71787166254793e11
1.6874894557164588e14,3.106199234741656e18,9.551966318615138e14,8.72000102245358e11
1.6877021039399125e14,3.1416394864693484e18,9.566620033610812e14,8.793449266919626e11
1.687453034101132e14,3.142435863286089e18,9.571515737289421e14,8.792244086105604e11
1.6875225762902384e14,3.1417891820868813e18,9.572429587790216e14,8.794279060452312e11
1.688200630369463e14,3.1422964754044636e18,9.609058613082756e14,8.795494082415382e11
1.6879201427043928e14,3.14146929415879e18,9.610928665931572e14,8.797051056366782e11
1.688822329610649e14,3.1402000172689823e18,9.611749328170488e14,8.764146720431445e11
1.688342219568761e14,3.7076671116341565e18,9.612966034616465e14,8.763177105826165e11
1.692921623832166e14,3.7092930835734886e18,9.617638637515025e14,8.762739234551388e11
1.6939980166839028e14,3.707234334263591e18,9.652179117149601e14,8.763707908771804e11
1.8098658379700434e14,3.706342335549554e18,9.956739169922138e14,8.762593300795972e11
1.8095706303874128e14,3.7177788759148303e18,9.951468442765429e14,8.767738714463346e11
1.8098511444639628e14,3.7184449378182323e18,9.983266667035031e14,8.768378219648087e11
1.8121949261410938e14,3.7185204173663304e18,9.978989785273849e14,8.767697827883676e11
1.813883828029199e14,3.719537857039554e18,9.980636419923674e14,8.769852974052261e11
1.8142533355982616e14,3.7209337675904676e18,9.996609953821686e14,8.774092427601985e11
1.667967722019237e14,3.815119829042464e18,1.000117516594959e15,8.773092260179114e11
1.6727329284671847e14,3.8157657078468787e18,9.992696433539198e14,8.81541455401475e11
1.676013511772591e14,3.867293398982724e18,9.99093699579874e14,8.801917793790292e11
1.6769183836811153e14,3.867881704633291e18,9.99259452384088e14,8.802171142233859e11
1.6775997691615075e14,3.865177014802825e18,9.99285529744543e14,8.806601791944564e11
1.677392054006089e14,3.8635263456368845e18,9.992563830518006e14,8.805658686049257e11
1.6771082691069322e14,3.864623462544618e18,9.976246456997171e14,8.804338688981295e11
1.677410113628565e14,3.8654543449804104e18,9.998823911971984e14,8.819334321433153e11
1.6771668277392847e14,2.7801007351885245e18,9.996995400315526e14,8.8214305838827e11
1.681456619765437e14,2.7809692178621225e18,9.99554734527333e14,8.821632413381903e11
1.681077134926365e14,2.781386274300179e18,9.994223175444176e14,9.186735336952614e11
1.685324736919611e14,2.781926590130886e18,9.99345719821302e14,9.188429727138956e11
1.68580625275535e14,2.7963289152736783e18,9.994809192150204e14,9.189322083759495e11
1.6856052130073922e14,2.796558193166379e18,9.996312537790518e14,9.193982651479432e11
1.6855711238680306e14,2.7961183411553843e18,1.0010853516383579e15,9.193208261120231e11
1.6853919025018553e14,2.838655221272622e18,1.0009790179969952e15,9.195473757271746e11
6.130829671158164e14,2.83818945861741e18,1.0014385301741952e15,9.193444165071293e11
6.149180374535022e14,2.8382206168931333e18,1.0023275179997705e15,9.453076945223478e11
6.150285845962132e14,2.8475294965612913e18,1.0020319671640611e15,9.453234915950657e11
6.259932079664641e14,2.8470349027143987e18,1.0021408167041974e15,1.0449460103155073e12
6.298541478183689e14,2.8508631294997407e18,1.002292694568548e15,1.0449698966546096e12
6.309716444234859e14,2.851076532706929e18,1.002493160710055e15,1.07262684369962e12
6.310133336464214e14,2.8520106272963415e18,1.0026986966715665e15,1.0728184278267528e12
6.310773893481932e14,2.852405543058352e18,1.0023071950879396e15,1.0757766026149072e12
6.316304181948536e14,2.8530990766047017e18,1.00218591803973e15,1.2224642532836072e12
6.313996626914638e14,2.852542242322831e18,1.0019723810270261e15,1.222336579607463e12
6.31497973849214e14,2.911152537316816e18,1.0018486824081184e15,1.2234095947671252e12
6.313716278377306e14,2.910208317222793e18,1.0057861124146278e15,1.2302060559800647e12
6.31463102904518e14,2.9098319919146737e18,1.006072378852264e15,1.2299782999666006e12
6.325291512801786e14,2.9108185096296945e18,1.0062887810056076e15,1.2304205242143403e12
6.378498477057366e14,2.9106521046286566e18,1.0064415145469619e15,1.2302005623994202e12
6.380546574124744e14,2.911786202487902e18,1.0058645764905069e15,1.230100641711626e12
6.379882729910351e14,2.9122532353801866e18,1.0078454132855326e15,1.231835024085007e12
1.7384064356466912e16,2.9141897938325745e18,1.0076630789743885e15,1.2320215465428574e12
1.7386238594427524e16,2.914752923891029e18,1.0075626255602214e15,1.2321766222268054e12
1.7394284329128164e16,2.915182257173517e18,1.0086730119898444e15,1.2329851865283157e12
1.7397530700433562e16,2.9156074377176714e18,1.0199845323717296e15,1.2326276777818044e12
1.739679816888176e16,2.9159850907133686e18,1.020409005743938e15,1.2330676719943616e12
1.7414237468722394e16,2.9162596232724767e18,1.0212620499912725e15,1.2540740925897297e12
1.7416660498035024e16,2.917157010285741e18,1.0214701451196812e15,1.254931409597607e12
1.7416566119120176e16,2.9175658275579935e18,1.0212685608206692e15,1.2549897794795315e12
1.7414408762461372e16,2.918024938496392e18,1.0213265598451815e15,1.257771578639255e12
1.7407673007770142e16,2.91872459794428e18,1.0211320539582302e15,1.2577445111058213e12
1.7470330640870694e16,2.919227936264323e18,1.0209387442264334e15,1.2573924575822148e12
1.7471160213555004e16,2.920725076545332e18,1.0214023160615465e15,1.257555302040536e12
1.7474831800393794e16,2.948072165267974e18,1.0220157725447635e15,1.2585799697523757e12
1.7472987127588034e16,2.9476540622973727e18,1.0226472843812852e15,1.2596302872545728e12
1.7477750046844126e16,2.9476191813040266e18,1.023783959308784e15,1.2598092817424402e12
1.748126088192568e16,2.947548001374062e18,1.0240635936937081e15,1.2734515439699836e12
1.7503424694932108e16,2.947966028785821e18,1.024395913046306e15,1.2732538239688677e12
1.7503617130038322e16,2.9514972558676255e18,1.0246029489886795e15,1.2732629193326572e12
1.7515637184077288e16,2.950118975874094e18,1.0243911427836285e15,1.2737237398823074e12
1.7516255183401462e16,2.971049564847432e18,1.0249609892759222e15,1.274040491816172e12
1.7519768794531224e16,2.971041209558778e18,1.0253089523337982e15,1.2738085198325103e12
1.7553262553011648e16,2.975047229237194e18,1.026023138971603e15,1.2773760665859963e12
1.755451484970108e16,2.9889696378330824e18,1.0268700458702988e15,1.2771761597589272e12
1.7557961443997072e16,2.9862389007018465e18,1.0321730653285295e15,1.2771812693150906e12
1.7554603033162944e16,2.995185083189865e18,1.0320324276139971e15,1.2770620498467405e12
1.755898725798977e16,2.995115354786574e18,1.0351621082173989e15,1.277283958852653e12
1.7561930316053452e16,2.993259317225412e18,1.0356602085839216e15,1.1916268735736096e12
1.7566630937248144e16,2.994710608256677e18,1.0358176709508618e15,1.191603824443443e12
1.7648373967597394e16,3.000364613693789e18,1.0359484111799169e15,1.1913910177649153e12
1.7664860811721894e16,3.000396766860571e18,1.0360805740147875e15,1.255227561696254e12
1.7662836466202122e16,3.001391821564635e18,1.0379946947773524e15,1.255340975017887e12
1.766039301374713e16,1.1022845347595324e18,1.0378295715883731e15,1.2649867468566118e12
1.765752511209391e16,1.1021267322734962e18,1.0380848290072409e15,1.2652187233830652e12
1.7687818575207934e16,1.1027533653806504e18,1.0382414592537601e15,1.2657780818959905e12
1.7683714783890504e16,1.1053050757102408e18,1.0377333633087935e15,1.26632939317141e12
1.7685933817860396e16,1.105472125004996e18,1.0392442871202785e15,1.2665113388250425e12
1.7702722613976002e16,1.1061173614624326e18,1.0394495835808381e15,1.2646466642045269e12
1.770529783887775e16,1.1059137671718898e18,1.0392900213410728e15,1.2648962447399106e12
1.7707636519843508e16,1.1096453915898551e18,1.0394703007364751e15,1.2651403918369084e12
1.7710635434423142e16,1.1107829186459052e18,1.0399142532596158e15,1.2648914049248716e12
1.7716339005258766e16,1.1101460742150868e18,1.0403846598481609e15,1.265135116437739e12
1.7707508928278148e16,1.1093763251012833e18,1.0391913760604376e15,1.2657927511922354e12
1.771191752704964e16,1.1081799890188657e18,1.0397992153653905e15,1.2662733124937737e12
1.879036090826959e16,1.1106466023195944e18,1.0393891603935146e15,1.2703370934345022e12
1.879287689312755e16,1.1135323770054308e18,1.0395574747253904e15,1.2704978202114304e12
1.8797250133078624e16,1.1137583262351561e18,1.0395077570990705e15,1.2705939955481116e12
1.8764593888468856e16,1.1142427060328618e18,1.0404055666705676e15,1.2728239886099065e12
1.876833018775068e16,1.1139880359319437e18,1.0409069187867026e15,1.2732983300123323e12
1.9117092317322104e16,1.1153649139067594e18,1.0402166345810442e15,1.2736306784029028e12
1.9126563341273804e16,1.1156430044956192e18,1.0415082419113199e15,1.274268582508429e12
1.9124502042957244e16,1.1166874469080731e18,1.0412961678392924e15,1.2745532726441223e12
1.912603744964689e16,1.1164452688641189e18,1.0410407062933151e15,1.2742730338749258e12
4.545737749269243e15,1.1118328610316785e18,1.0411708396798664e15,1.273985599843063e12
4.545691554096834e15,1.1120064338167183e18,1.0413238802242322e15,1.2737558239840083e12
4.547119471507869e15,1.1124371849283144e18,1.0415417780861501e15,1.273381367839529e12
4.546864919128788e15,1.1129129468813974e18,1.0415925444646922e15,1.2736124523009119e12
4.549092543481928e15,1.1132533972244791e18,1.0425429806694125e15,1.2763235361168955e12
4.54977091941081e15,1.1134768393720902e18,1.0426708240526402e15,1.2762716023855928e12
4.600910154183569e15,1.1132146756764739e18,1.0427850533574584e15,1.277116695473542e12
4.625512111189891e15,1.1382920724511964e18,1.0429160985633135e15,1.2775240192692512e12
4.626805792530403e15,1.124056058252087e18,1.0425953140817195e15,1.2778430113510417e12
4.625630393641456e15,1.1237387951679574e18,1.042938726107006e15,1.2779653752469546e12
4.644250871316378e15,1.1238882526309422e18,1.0430369893000454e15,1.2776935242416248e12
4.644812410838152e15,1.1240774228064516e18,1.0436244476322008e15,1.2776370009668726e12
4.655811813330335e15,1.1242310704215017e18,1.0432361000636664e15,1.2785310669929595e12
4.657026513903573e15,1.1244986107587201e18,1.0439616919991119e15,1.2791860898781511e12
4.766593196069879e15,1.1235171261706616e18,1.0443809897439535e15,1.279672247865594e12
4.765716041247454e15,1.1228216559489279e18,1.0457322697251072e15,1.2856477735957053e12
9.856923212607476e15,1.1231002680886157e18,1.0459599436312415e15,1.285850340491212e12
9.859508507742218e15,1.1233805707308072e18,1.0470332106411199e15,1.2860941855827192e12
9.884916393121216e15,1.7679267400973207e18,1.0469992074560339e15,1.2888058174141013e12
9.886818514352702e15,1.7714351748846733e18,1.0471975111004071e15,1.2879118600666145e12
9.883129345540876e15,1.7874590647450427e18,1.0574507602316031e15,1.2881272625338982e12
9.885590728798058e15,1.7896310894039526e18,1.0574309598392041e15,1.4881708109666877e12
9.89304026142721e15,1.7898650785510746e18,1.0618835453219201e15,1.4894325944742642e12
9.905781121236202e15,1.8007888535070067e18,1.0623250423878644e15,6.47190030717684e11
9.928196855516628e15,1.8007176973803308e18,1.062702167770953e15,6.566705458257539e11
9.927305873994988e15,1.808256886651187e18,1.0648559152526009e15,6.567611213235347e11
9.929169048907356e15,1.808663351363531e18,1.0697007673766678e15,6.574914530383828e11
9.927638993205032e15,1.8086166910357448e18,3.548805319111268e14,6.574729974816354e11
9.95822407072963e15,1.8083170637246244e18,3.5484240077002744e14,6.576250320532972e11
9.965449525521836e15,1.8085784888263427e18,3.547636232753034e14,6.59972199395087e11
9.97707100376732e15,1.808076301945704e18,3.547526555725168e14,6.602973447745103e11
9.95366307016913e15,1.8078449269334612e18,3.547368467942261e14,6.604018066501721e11
9.952715680266764e15,1.8088268516537231e18,3.556692638972482e14,6.626687477974523e11
9.958124141868744e15,1.8091051696091471e18,3.5563847075214425e14,6.649513150726515e11
9.960233074642364e15,1.8088060355002253e18,3.5568734295046556e14,6.648819237140989e11
9.95799340028152e15,1.8076576199203853e18,3.572090493984191e14,6.650676751296956e11
9.960704527503388e15,1.808249345643095e18,3.572348449774673e14,6.680197694906322e11
9.959751302948948e15,1.8078870062135552e18,3.5726027465948956e14,6.686738502992732e11
9.958404206225514e15,1.8081681693570235e18,3.573246380876695e14,9.654095814703402e11
9.960259850345294e15,1.8079060333277292e18,3.574607158042453e14,9.653002895245762e11
9.961577374556906e15,1.8082107552219315e18,3.574521125431637e14,9.658391220129677e11
9.96304768874626e15,1.807815492168261e18,3.5755199962934194e14,9.658903941331532e11
9.96361697507528e15,1.808330878672557e18,3.639266820894415e14,9.670755838989122e11
9.970713653626944e15,1.8086401910689644e18,3.639417488950845e14,9.67213595280736e11
9.969993501902162e15,1.8100562288632748e18,3.638219787995896e14,9.739934054045161e11
9.973057166492368e15,1.8177828621591416e18,3.638799549728395e14,9.823317452552014e11
9.973088349997556e15,1.818874710364686e18,3.6394311404159056e14,9.826768402694663e11
9.974444698886148e15,1.8173047901484116e18,3.640317858324653e14,9.850183318904327e11
1.1011379979617286e16,1.817647647509934e18,3.640897034854539e14,9.877728405768458e11
1.1009616746471852e16,1.818298402152031e18,3.641656190953803e14,1.0155163563592455e12
1.1012389704204834e16,1.8184934727169503e18,3.6435180535107e14,1.0154578973700883e12
1.1088170751817708e16,1.8197538199153472e18,3.63715833786472e14,1.0195002622011642e12
1.1086770613621518e16,1.8193900414877786e18,3.637737538491286e14,1.0193806711286421e12
1.108915369522675e16,1.8200553215365576e18,3.6503449363199925e14,1.0182202326854614e12
1.1098345981426412e16,1.8201975188311288e18,3.653554986387819e14,1.0202264229297709e12
1.1100787124661596e16,1.8315215681469734e18,3.6530435748744725e14,1.0204618701923958e12
1.1110237753794934e16,1.8316555593120666e18,3.8601937607057425e14,1.0213092365784344e12
1.11136091066156e16,1.8322684346232187e18,3.8600720390288256e14,1.0213902911017164e12
1.111625071502649e16,1.8325129363732188e18,3.8635154874168444e14,1.0212094669439752e12
1.111090604342415e16,1.832692543543802e18,3.863053010945224e14,1.0245143448483782e12
1.110669786263791e16,1.8333761420117233e18,3.8632834357301294e14,1.0243804137888724e12
1.1104950447072616e16,1.8405272570490652e18,3.862859719350712e14,1.0246097179599775e12
1.1109803643855416e16,1.8406342763011553e18,3.86305927732638e14,1.0248832676351718e12
1.1109887571563676e16,1.8409347543702126e18,3.861459880585281e14,1.0251088569850695e12
1.1102443455034254e16,1.8416372501592863e18,3.861543111011185e14,1.0252610045987333e12
1.1104258076150822e16,1.8424546111034726e18,3.861671361553556e14,1.0260428355765376e12
1.110175326905976e16,1.8434455608394396e18,3.8623167786304675e14,1.0262996299629799e12
1.1103518884234304e16,1.8435753644770555e18,3.8673157894309744e14,1.0267326006828331e12
1.110346505943925e16,1.8591858644595814e18,5.810126131691698e14,1.0267779889147644e12
1.1102340250781638e16,1.859442532532523e18,5.811755037124192e14,1.0272437815007739e12
1.1102687821145284e16,1.8602618450574953e18,5.813640846989369e14,1.027055987331566e12
1.11007329273637e16,1.861025695255566e18,5.814799478721165e14,1.0266173176661211e12
1.109918116066085e16,1.8613555614117716e18,5.813979060872946e14,1.0352804162957825e12
1.110258405484996e16,1.861745147088422e18,5.814061278351888e14,1.034859623632656e12
1.1100829394487832e16,1.8620795300894973e18,5.82080737900904e14,1.0353002372411301e12
1.1111253305238926e16,1.8625660317926246e18,5.818989845546296e14,1.0370991533908207e12
1.111376900208502e16,1.862814278910044e18,5.821614939918479e14,1.0532684331501195e12
1.1112691663006606e16,1.862367455290526e18,5.821129634904452e14,1.0530712994747369e12
1.1115211124074078e16,1.8627606441391892e18,5.821501802533028e14,1.052935478528339e12
1.114491321904474e16,1.8630304010838287e18,5.822295979977064e14,1.0530905031209264e12
1.1188361773574776e16,1.8638189594718244e18,5.824078232651484e14,1.0535617169219546e12
1.1196837370513366e16,1.8637133501569462e18,5.825788148346355e14,1.0537331326880017e12
1.1195197619015242e16,2.0341520353058455e18,5.825706034724798e14,1.0595800592344109e12
1.119751914106349e16,2.03450136311369e18,5.831812413989626e14,1.0600110170597853e12
1.1197735953345996e16,2.0349510037918625e18,5.828729169924405e14,1.059805154068381e12
1.1199853154277854e16,2.0454671777463503e18,5.825580726516761e14,1.0603515896649745e12
1.12015139174956e16,2.1641913720689997e18,5.827821801119294e14,1.0598703828152479e12
1.119708970736472e16,2.1663259831511555e18,5.828550786061811e14,1.0600146369586025e12
1.1320537200613342e16,2.1666927750322642e18,5.828245719778961e14,1.062270403989784e12
1.1320122491783252e16,2.166370425832928e18,5.828362161174851e14,1.0629798701004652e12
1.1327442820198932e16,2.1670291404666117e18,5.82787812623781e14,1.0631739858342656e12
1.1329423268548936e16,2.1704827949009718e18,5.827725730059852e14,1.0648589715609293e12
1.1328160355276714e16,2.1710010830677453e18,5.82581873217715e14,1.064713620351711e12
1.136643398513167e16,2.2183674864220595e18,5.825574824469164e14,1.0643039967726647e12
1.1374818852661132e16,2.218892591765807e18,5.819522648346434e14,1.0669912997753136e12
1.1375738989135068e16,2.2218233687402435e18,5.819597393222139e14,1.0664722991157911e12
1.1377209537756808e16,2.4233325574283617e18,5.818480639310281e14,1.0672111971089949e12
1.1375218938529964e16,2.4237832914351524e18,5.819912121731204e14,1.0672867501413591e12
1.137343493753166e16,2.4241518067654615e18,5.819657812426199e14,1.068314744807636e12
1.1374916179916126e16,2.4234436485229624e18,5.821037672609589e14,1.0681408139457848e12
1.138042338161932e16,2.427424208777956e18,5.821738623593398e14,1.0988626944406038e12
1.139315649666449e16,2.4270079599871457e18,5.916653628559042e14,1.0990167964000494e12
1.1395007197146928e16,2.443691828290101e18,5.917815618992484e14,1.0991328349775714e12
1.1394033932372558e16,2.443280472015363e18,5.918706583339542e14,1.0993075237030759e12
1.1392208719418184e16,2.442690037045824e18,5.92247188922303e14,1.1033161409463508e12
1.1392769389534922e16,2.4449952562144773e18,5.922238666898366e14,1.10351689048702e12
1.1398920938588922e16,2.4425334012036086e18,5.921506577630906e14,1.1142551727550603e12
1.1394797152836244e16,2.443523598864785e18,5.922284128388924e14,1.114468948629578e12
1.1399715200548716e16,2.443323397001636e18,5.92142147202638e14,1.1155338781997412e12
1.1398338286787324e16,2.4437503619380823e18,5.920579583501271e14,1.1157640654894143e12
1.1421341857126646e16,2.444233899601379e18,5.921860818263052e14,1.116088344938592e12
1.142633059668528e16,2.442855321229294e18,5.92052612342882e14,1.11674306609143e12
1.1432626240286516e16,2.4436101484879304e18,5.955616327545101e14,1.1172897867604905e12
1.1429436929281612e16,2.4523249031349893e18,6.08758238493388e14,1.1175479518399304e12
1.1461401512084016e16,2.4496503059939564e18,6.086929420773562e14,1.1172914948099072e12
1.1464870550586224e16,2.4501565536092257e18,6.09228203024107e14,1.1172249038164185e12
1.146297309026116e16,2.4515519416344494e18,6.131091998124732e14,1.1171345607291855e12
1.1467547279354996e16,2.452230683436735e18,6.164628942221742e14,1.1199082725486672e12
1.1471187844923686e16,2.4525130702213197e18,6.166835198969315e14,1.120167602703104e12
1.1472950351320492e16,2.4515610931930296e18,6.167632646956858e14,1.120050746957756e12
1.147452387316739e16,2.4537120549740436e18,6.16685709445709e14,1.1847546057058447e12
1.1477411780369066e16,2.454649755385547e18,6.167834009058811e14,1.1850324445816965e12
1.147937306667797e16,2.483448001439752e18,6.304328855014586e14,1.1854249520269592e12
1.1478188941152688e16,2.482902054172339e18,6.350210862070619e14,1.1856301676616697e12
2.893294446754476e15,2.483293253635566e18,6.351681540333874e14,1.1862642498863352e12
2.8926821213119565e15,2.4818529586150697e18,6.351111527282965e14,1.1870491821617803e12
2.892088795905579e15,2.4816686163067387e18,6.353037036387959e14,1.1873770133287197e12
2.892735402620902e15,2.279930542075878e18,6.351246605586402e14,1.187196713228723e12
2.8932582853443505e15,2.2796626921774077e18,6.352092131503405e14,1.1871492215538323e12
2.89700899751898e15,2.280081629398516e18,6.353597679285918e14,1.1866707539611848e12
2.899239897683376e15,2.2981755526569055e18,6.370821355888385e14,1.1897772823495276e12
2.8986281486174925e15,2.297597556451217e18,6.37547196399129e14,1.1924143251702866e12
2.899208350912932e15,2.300054796424172e18,6.376172307179235e14,1.1921511750568416e12
2.963278241779356e15,2.3014335795789197e18,6.375893836254181e14,1.1914214574012656e12
2.963739119163238e15,2.3015696598210225e18,6.374326812569706e14,1.1912861341343467e12
2.9656317270746125e15,2.2995551723416538e18,6.374067687552295e14,1.2006035271240022e12
2.966338141075868e15,2.2998859638465096e18,6.392904542534238e14,1.200670043316624e12
2.96590060494165e15,2.3003663792548001e18,6.396560984875992e14,1.200430251996406e12
2.973707499265965e15,2.3002212609270257e18,6.395632206165684e14,1.200638317862708e12
2.974612075707128e15,2.3002468766540206e18,6.395050342352011e14,1.201137410756689e12
2.9792160976473495e15,2.3006652831274435e18,6.396938642514242e14,1.2053302518417654e12
2.9805517827164705e15,2.3016516524096986e18,6.396443810446311e14,1.2317079815247363e12
2.9799936910758725e15,2.301221665548583e18,6.396068963981901e14,1.2321380795050366e12
2.9843402263126275e15,2.301430722874175e18,6.397166341867106e14,1.2317849529201838e12
2.988965325727699e15,2.302941184467838e18,6.399285110433404e14,1.2321672210115916e12
2.989187467991029e15,2.3028952868776876e18,6.403264006414821e14,1.2327432335404043e12
2.989570343210491e15,2.314071950658063e18,6.40201758385582e14,1.2325126476568066e12
2.99807291877902e15,2.314362657916015e18,6.456447230957256e14,1.2327451901908428e12
2.999071143539214e15,2.314835880970935e18,6.457726713577745e14,1.2325308181148123e12
2.999735042318725e15,2.315170970732921e18,6.71955203172539e14,1.2327719982007651e12
2.999084636599602e15,2.4173555688316626e18,6.721283484840445e14,1.2329533269609585e12
2.999681957801636e15,2.4177450803735255e18,6.720907361347165e14,1.2329349455681616e12
2.99903663477418e15,2.419586997011827e18,6.720104289535558e14,1.2327401670065935e12
2.998715186370064e15,2.420022183187471e18,6.719934744422832e14,1.2328644272737236e12
3.048406557561729e15,2.4195385831989786e18,6.7223709159167e14,1.2331689471973936e12
3.049114005385023e15,2.419289148883498e18,6.721702442781338e14,1.234138164541629e12
3.0610039870848185e15,2.4207115378927933e18,6.721991278430115e14,1.234330530453626e12
3.0623890753431725e15,2.4202851340254495e18,6.722762955332701e14,1.234420439549361e12
3.0627028451085285e15,2.4204781129816996e18,6.721910277197685e14,1.237691585907896e12
3.0696750806740955e15,2.4214397392413015e18,6.722965369533996e14,1.2379125759838171e12
3.0702397891856885e15,2.4276590414861297e18,6.722452489409926e14,1.2379069385744395e12
3.07140283622051e15,2.428903608930553e18,6.727336653962975e14,1.2376730776895781e12
3.071882299336187e15,2.4283729279409644e18,6.726920403063061e14,1.2379501263280725e12
3.073198480632622e15,2.4359156255763164e18,6.728344052429412e14,1.2377506287797415e12
3.073119613110499e15,2.4366252682269537e18,6.736530475197961e14,1.237872572922505e12
3.071649428047895e15,2.4385192136437555e18,6.738653802410911e14,1.2377786307644739e12
3.0716879599979465e15,2.438084515399116e18,6.737849952309756e14,1.2393193372762742e12
3.0722940756869115e15,2.4401924949758193e18,6.737180251721144e14,1.2391385926010337e12
3.071692198502635e15,2.4397596181492726e18,6.736296403088546e14,1.239341132914351e12
3.07107866533846e15,2.440230175764065e18,6.741120471790164e14,1.2395773316380017e12
3.070075997837985e15,2.4409004230646415e18,6.741981230582876e14,1.2393615362253657e12
3.07075264920133e15,2.441161612368918e18,6.740482310407646e14,1.2390405725681086e12
3.085522400786696e15,2.441524258476584e18,6.749594310073776e14,1.2397522599023416e12
3.0859807731692065e15,2.4412847903084216e18,6.749009066161802e14,1.2397737345976196e12
3.086835954582188e15,2.442568118003783e18,6.752638951331438e14,1.2402292150052651e12
3.0973530162956515e15,2.4440162138249027e18,6.755698216184379e14,1.2427769788088035e12
3.098219158890671e15,2.447039239724562e18,7.203744960310071e14,1.2432772915418137e12
3.1017826700024205e15,2.4751407493766257e18,7.203225214435372e14,1.2435664229066829e12
3.1022159402032335e15,2.461201537675485e18,7.204517366136322e14,1.2465368999409597e12
3.1032974182581085e15,2.4616324880237783e18,7.508138078427748e14,1.2471699483691748e12
3.103543650024388e15,2.4623059115832607e18,7.978084952626265e14,1.2473515401167769e12
3.106660891462339e15,2.4643242939843164e18,8.237274155183249e14,1.2654969530258198e12
3.1061103202327615e15,2.4797686011101496e18,8.238612985751372e14,1.7580164364853865e12
3.1116380334819785e15,2.479515849167955e18,8.239827394669111e14,1.763295558310806e12
3.1349173233622555e15,2.483049635065622e18,8.242209120235049e14,1.763126304377425e12
3.1338777557121025e15,2.483305403453374e18,8.241127928642722e14,1.7626633473222144e12
3.150155704773269e15,2.483354280439173e18,8.28957610790632e14,1.7619091809757761e12
3.154641966586517e15,2.4957168690141015e18,8.301079493563298e14,1.7624660737659695e12
3.1496248711129525e15,2.496065828929993e18,8.299910757877521e14,1.7585815374577808e12
3.1495763795714625e15,2.500611774757743e18,8.30904975703049e14,1.7582485637104e12
3.1502345263924155e15,2.5284236416628567e18,8.308773394431222e14,1.7576110977948142e12
3.150694929156294e15,2.5287413465333463e18,8.344772358167546e14,1.759105126329189e12
3.152417207222493e15,2.5622835248622403e18,8.348148287304321e14,1.7585047928496653e12
3.1521109216588905e15,2.563182676815815e18,8.348161471612841e14,1.7590735350077654e12
3.2746413702832335e15,2.563677844166985e18,8.34873114284045e14,1.759692325270703e12
3.27353861401359e15,2.901420716424288e18,8.351034802004145e14,1.7608972284115693e12
3.272815720740322e15,2.9033158161192284e18,8.357662324190704e14,1.9430487572107505e12
3.273995924214596e15,2.903750824016585e18,8.361625573671398e14,1.9431851134054734e12
3.2839931971867525e15,2.9046077000406e18,2.422945040046758e15,1.9434014894576917e12
3.28469039656493e15,2.903928297088768e18,2.422378542193903e15,1.9438213946740078e12
3.2867783827527415e15,2.903365567129567e18,2.5074298320886375e15,1.9431688445306892e12
3.285894659499793e15,2.907544212310985e18,2.506633725043102e15,1.9449821332470198e12
3.2852152540959535e15,2.9089503267890463e18,2.516404990827883e15,1.9457014143704106e12
3.2945995546608955e15,2.909666356961437e18,2.5169021297430875e15,1.9476028236461382e12
3.2954176708647605e15,2.9098276788265283e18,2.5176686416112745e15,1.9484684682140134e12
3.2958771973813545e15,2.910276163727095e18,2.5179764547188295e15,1.9487942217803997e12
3.2974389565618435e15,2.8998542626858916e18,2.5193460895256295e15,2.0200256512352827e12
3.297892760589289e15,2.907272620463433e18,2.548748991965386e15,2.0195832343173516e12
3.2990267218705625e15,2.909495225133102e18,2.549350883210892e15,2.0204408870248088e12
3.3008620838312655e15,2.9091682219365617e18,2.548942812734244e15,2.0166399411205813e12
3.3014061567496015e15,2.9097759991465016e18,2.550245843104405e15,2.0167810367187988e12
3.301829579426622e15,2.9097770081106555e18,2.549966343121662e15,2.0233765399002476e12
3.301985820874551e15,2.910237137951795e18,2.549656324217183e15,2.0236867080103948e12
3.302480404390893e15,2.910501464202916e18,2.5578082346444225e15,2.485694196808611e12
3.3015427061396155e15,2.9103224343344655e18,2.5610554792748305e15,2.486269307178285e12
3.303173353958932e15,2.9098196139292867e18,2.5609681980844285e15,2.4940203596955576e12
3.304826346486527e15,2.9100480340724393e18,2.56119613708709e15,2.4946524289024297e12
3.3040062265452025e15,2.9101239056754555e18,2.560844397816952e15,2.494868669658283e12
3.316714632476246e15,2.9107640035593103e18,2.55811381294055e15,2.499452550269833e12
3.3242356907541425e15,2.911181557437828e18,2.5584374961919535e15,2.4998185518955586e12
3.6959828546749365e15,2.91195475558386e18,2.5594445095539915e15,2.501256133642421e12
3.706067637123597e15,2.9111491236822784e18,2.559148252535285e15,2.501113325065928e12
3.7059527083440415e15,2.9122768298561004e18,2.5589880488292415e15,2.5012266034414097e12
3.710066539603775e15,2.912669896227259e18,2.5597229563167555e15,2.503148702323266e12
3.711467117686567e15,2.913051989673341e18,2.5593973830749015e15,2.5031142210169746e12
3.7131521925259145e15,2.912434732040085e18,2.560314041373673e15,2.5040332887746025e12
3.713589538040893e15,2.912880276617555e18,2.5599758392718985e15,2.5044244873398584e12
3.7146035441129665e15,2.914023167998065e18,2.5607047336649445e15,2.504832721133778e12
3.803211889730454e15,2.913521417609003e18,2.5607580088847645e15,2.5040468502864805e12
3.8029111995246345e15,2.9113457472118477e18,2.561393605142142e15,2.5046109156566533e12
3.801599062470105e15,2.91182914204684e18,2.561196854644769e15,2.5059163756919556e12
4.2384892638750295e15,2.9129043924074644e18,2.5606821159948975e15,2.5062841303044575e12
4.2378986725366045e15,2.912638010590734e18,2.561717279392228e15,2.508713413249335e12
4.25462534425725e15,2.9128943077245635e18,2.5631697041663415e15,2.508421197059675e12
5.548374868166195e15,3.221095147558285e18,2.5628675614098295e15,2.5118527250047764e12
5.554848766934958e15,3.2436791263800515e18,2.562622669644646e15,2.511875860139721e12
5.553679908916998e15,3.312222673892108e18,2.7983687360054415e15,2.5120388293548203e12
5.555572678698073e15,3.3128387938837033e18,2.7992960853237515e15,2.513085239002447e12
5.564229864393202e15,3.315832287946806e18,2.7996982371190455e15,2.522179887000562e12
5.568462028711335e15,3.315723077113076e18,2.799426784486498e15,2.521859382307571e12
5.592673293649716e15,3.3173919668311255e18,2.800101887752817e15,8.488359374800988e11
5.591593611674009e15,3.317924353257259e18,1.8483340787750362e15,8.48813117435775e11
5.590624022658159e15,3.318597065367447e18,1.8488023191385648e15,8.490539007536558e11
5.592269898729438e15,3.318132893867637e18,1.848792960500389e15,8.498292909503177e11
5.591310455833042e15,3.318821019428855e18,1.8659765078214695e15,8.496563870433579e11
5.672899593168573e15,3.3196100889629993e18,1.8664521019779495e15,8.512187097433616e11
5.671575387952453e15,3.321010112696085e18,1.8668118083645235e15,8.511995335871335e11
5.675035278928803e15,3.319947932004479e18,1.868436422764255e15,8.51335698568592e11
5.676930515657714e15,3.3203812739563474e18,1.8681422202101298e15,8.514609741013236e11
5.677882749213257e15,3.322845828467194e18,1.8696006481938572e15,8.514039152485397e11
5.678580384302126e15,3.3234969923356513e18,1.8896460868703725e15,8.522039197222369e11
5.684158848153554e15,3.324233619601634e18,1.8906618196803738e15,8.546865810918608e11
5.685706330445924e15,3.324711232858553e18,1.890962926061889e15,8.548031552225681e11
5.687133806665675e15,3.317710118967214e18,1.8912740928299048e15,8.549222711803539e11
5.684568688718927e15,3.4050739466865224e18,1.8928250455184992e15,8.550903897895538e11
5.686385084517805e15,3.405901037564411e18,1.8936375207974878e15,8.553117514452706e11
5.694104215587203e15,3.4063376859685243e18,1.8933102373549465e15,8.55301827236153e11
5.698018203321451e15,3.406873984631497e18,1.893136333852502e15,8.554401767322992e11
5.848069462591035e15,3.407798107370829e18,1.8928316822764472e15,8.552420711437284e11
5.847012954010011e15,3.378809674210395e18,1.8938142693980245e15,8.551094403621836e11
5.852860051786721e15,3.3794430713446195e18,1.9066302959906318e15,8.550054336704652e11
5.856237699807437e15,3.3790869754674196e18,1.924989646837458e15,8.551301669450413e11
5.857191679382234e15,3.3795255977698314e18,1.9242764584113322e15,8.557327478061267e11
5.858311447770363e15,3.3793303267926277e18,1.9239736499094648e15,8.560695760763391e11
5.860218463332986e15,3.380339967829979e18,1.9249047082350965e15,8.559372560284978e11
5.864597282539976e15,3.3811103980197033e18,1.9251788613639682e15,8.636928272115767e11
6.690818817586087e15,3.381546337940793e18,1.932973487199845e15,8.637719926079917e11
6.690610517702653e15,3.382243183133989e18,1.9331151652238678e15,8.640049819810211e11
6.694443085061579e15,3.3836626654080123e18,1.9333746401064328e15,8.63840798983187e11
6.699072000562464e15,3.384249681374002e18,1.9337663774898625e15,8.644636083145309e11
6.705627982613849e15,3.3829719706462546e18,1.9337882189567272e15,8.637924944588884e11
6.770922063030978e15,3.384202031941167e18,1.9334246782330278e15,8.640655611720889e11
6.769127787129143e15,3.3842964491308667e18,1.934871045926169e15,8.644651166238127e11
6.764342947047311e15,3.3847701664304195e18,1.9353835739467218e15,8.639792606014299e11
6.766688957862392e15,3.3852414620575e18,1.9356391114217632e15,8.650012117955421e11
6.760425913810912e15,3.3846831371829806e18,1.9340430953813985e15,8.666404669087737e11
6.759654236514797e15,3.385313151486016e18,1.932891198530806e15,8.666186416474021e11
6.775067011836499e15,3.3938071087640996e18,1.9364717331098112e15,8.663863829665217e11
6.761684242158508e15,3.4192318304827597e18,1.9367343146137882e15,8.668255819801709e11
6.763088377485403e15,3.419693646971785e18,1.9704495458722265e15,8.669419868748848e11
6.769209997676368e15,3.434402291695636e18,1.9714199055333778e15,8.673733600671931e11
6.768370390562855e15,3.4344754603327334e18,1.971869726435998e15,8.674954957767494e11
6.766995486668371e15,3.4751450565393695e18,1.2412758365506662e16,8.673457729949026e11
6.768554956863227e15,3.474434697986156e18,1.2734578986307656e16,8.672199111748604e11
6.769928884938476e15,3.4758010573451136e18,1.2733991315170388e16,8.672197746776995e11
6.772850926424865e15,3.4804551230619965e18,1.274658307543456e16,8.674449568765428e11
6.779278231834381e15,3.479501844163455e18,1.274829568701492e16,8.674726042252712e11
6.780213183316847e15,3.50885579065198e18,1.2749069900615448e16,8.677044901595753e11
6.782581329825228e15,3.510196087664283e18,1.2776825006013072e16,8.68494782211518e11
6.788566254420223e15,3.503949907108673e18,1.2778978517474734e16,8.6855623829185e11
6.78944197701885e15,3.5124330163563756e18,1.2781125006685924e16,8.688067748564827e11
6.788125233159011e15,3.5128733045441684e18,1.2780825793080896e16,8.691750494109054e11
6.791579988216595e15,3.5132181796366106e18,1.2787944312946156e16,8.693560407227488e11
7.043450367497221e15,3.5143117244386207e18,1.2807493632679566e16,8.694392604646455e11
7.044825083065143e15,3.51550424412343e18,1.2809213710931608e16,8.70920291189589e11
7.043726291317392e15,3.372461144946204e18,1.2841734768701142e16,8.710426754316388e11
7.04235564102926e15,3.372744884521092e18,1.2843801296212682e16,8.707975377872172e11
6.987566079561687e15,3.3735068271934915e18,1.285607012796608e16,8.762450834911456e11
6.992467634313727e15,3.377658323021913e18,1.2852758439348848e16,8.766753810504624e11
6.999647577617785e15,3.380065954219888e18,1.2854484072081834e16,8.766458611561798e11
7.407536446570584e15,3.3792000835435095e18,1.2857950456873122e16,8.766145753941063e11
7.407332001011182e15,3.380852283162657e18,1.2858165688744284e16,8.767585162281654e11
7.40491435974784e15,3.3831266642368814e18,1.2863348267213176e16,8.771084934722583e11
7.407631155228326e15,3.385124287145855e18,1.2866295191860804e16,8.771138299615906e11
7.410060390013905e15,3.3875577294355794e18,1.2868855279115116e16,8.780044743258849e11
7.409439523776077e15,3.387697045213123e18,1.2870528983490018e16,8.779265285196119e11
7.411555698017578e15,3.387541350252631e18,1.287482709991261e16,8.77628325197864e11
7.410174772645592e15,3.3867967597486377e18,1.29111466434639e16,8.794095659101438e11
7.425144883397359e15,3.3957628386148716e18,1.2915646127867904e16,8.794260328117297e11
7.426467387197135e15,3.3947682635625805e18,5.311020592751947e16,8.795499286776122e11
7.425440348680545e15,3.395216723591652e18,5.306088532733182e16,8.791619321360428e11
7.426602420985782e15,3.3957351418248003e18,5.305719502790237e16,8.790185596635747e11
7.425374236297313e15,8.862625294367514e18,5.306534226171189e16,8.64159274864282e11
7.416956214455404e15,8.860232911017805e18,7.961878029235763e16,8.640442067538309e11
7.413745041227917e15,8.860834587070426e18,7.961990114633518e16,8.643370869887966e11
7.418777194520754e15,8.863681180411569e18,7.960841165201434e16,8.643040731986539e11
7.43189713774277e15,9.952276116560486e18,7.961541182693208e16,8.658240436155822e11
7.424345228200378e15,9.951330605765196e18,7.960956364887835e16,8.663436072497646e11
7.426337221591346e15,9.954520529253886e18,7.96090384028081e16,8.666924597111913e11
7.429088339202483e15,9.957207784189061e18,7.963086047897024e16,8.673400767616562e11
8.914798443138295e15,9.964133757668657e18,7.964427095409874e16,8.67523673020661e11
8.900838623396105e15,1.04879833083307e19,7.96434087402295e16,8.673880701842284e11
8.90221722386906e15,1.0486044366444392e19,7.968114804475142e16,8.767342200804008e11
8.890707188285954e15,1.0486265814265825e19,7.965062397209419e16,8.776205883277743e11
8.887379483186996e15,1.049374167689736e19,7.978469957205578e16,8.779688479450239e11
8.889168416406657e15,1.049527205399118e19,7.999361191388043e16,8.777167632685138e11
9.080302186129642e15,1.1641273783528757e19,8.161966265591757e16,8.775910718892108e11
9.07846993627758e15,1.1639802026405048e19,8.1660679803989e16,8.77689914758374e11
9.074300994200568e15,1.1640674391286594e19,8.157020646703125e16,8.781486251827164e11
9.114313061859296e15,1.1653438501899715e19,8.162265570356707e16,8.95415496593821e11
9.117730002037366e15,1.1655143164939745e19,8.161863388650078e16,8.957684281315033e11
9.11550679873297e15,1.1650432714404993e19,8.164594504861733e16,9.217774217412866e11
9.11641582070571e15,1.1648464465833126e19,8.165268472815818e16,9.230402201281909e11
9.111409334162876e15,1.1649979723615902e19,8.167871366392856e16,9.233089385901808e11
9.108983146822506e15,1.1649974256956346e19,8.16920500711173e16,9.220171569013712e11
9.112216499044162e15,1.1656479639188105e19,8.186504561607123e16,9.219767169417896e11
9.111055767886452e15,1.1659950493371765e19,8.194501335478464e16,9.216768281902329e11
9.111986416662974e15,1.1661123872929286e19,8.196500709419763e16,9.223955341310992e11
9.120484103838264e15,1.1739774603927613e19,8.194243258913747e16,9.227136119586327e11
1.048092529414668e16,1.22164649381119e19,8.193141866848304e16,9.22678821741067e11
1.0479168365589888e16,1.2225080213060964e19,8.193604061508438e16,9.225386016541364e11
1.0482460533455906e16,1.2230855425435736e19,8.195758268844022e16,9.225960986557192e11
1.0479373375913654e16,1.2232527927791213e19,8.190653633744333e16,9.227284406758777e11
1.0476740905449972e16,1.2235849194261539e19,8.190860333624352e16,9.27310066217692e11
1.0479127732373532e16,1.2239018123472224e19,8.191948154864773e16,9.274138722718531e11
1.0491398367901282e16,1.2242262361962646e19,8.224393714172542e16,9.274837387292205e11
1.0489601952206954e16,1.2241372798021462e19,8.22394985357839e16,1.0121957855879272e12
1.0491900388081058e16,1.2246907221536911e19,8.225374520673136e16,1.0124396156244701e12
1.0493395087330334e16,1.2247035039836402e19,8.2284064009647e16,1.012638611258773e12
1.0514387282538102e16,1.22517806420614e19,8.226838926810243e16,1.0126989105547644e12
1.0512032764039232e16,1.2256475915124179e19,8.225508318648178e16,1.0128641800767538e12
1.0511412259484974e16,1.2263851171539716e19,8.224516809237834e16,1.0128134860334115e12
1.0514977206955994e16,1.2273013347043365e19,8.224781477046166e16,1.0126202209263235e12
1.0523674596209634e16,1.2274698387362742e19,8.223667491095816e16,1.013994208110415e12
1.0525658241956084e16,1.227280476127624e19,8.223569020625486e16,1.0141240478813639e12
1.0528485411044014e16,1.2275281381409034e19,8.222512257844877e16,1.014254246161163e12
1.0530362510504752e16,1.2277406205911986e19,8.239564876904597e16,1.0127294878944653e12
1.058835320959436e16,1.2281148302912467e19,8.240703471303477e16,1.0124904961399482e12
1.0589079237682362e16,1.231310443863469e19,8.246533736819165e16,1.011885118029006e12
1.058256552698259e16,1.231252181670154e19,8.249904069153966e16,1.0132842248144276e12
1.0585461880773058e16,1.2339207951102433e19,8.254045330210333e16,1.0132260678334581e12
1.0587218036053888e16,1.241787784906218e19,8.25329880715772e16,1.0138852923905308e12
1.0588635378198058e16,1.242780581439954e19,8.256590051140165e16,1.0141429061281641e12
1.0586762038166204e16,1.243052128131308e19,8.291623382034787e16,1.0166535703114375e12
1.0594054964016984e16,1.2471271707877149e19,8.291396342714275e16,1.0168015420790588e12
1.0613462050350006e16,1.2472579348632513e19,8.288456056883504e16,1.0169652484185013e12
1.0617577154799096e16,1.2519668000702024e19,8.286900150213389e16,1.114708018705404e12
1.0634445087711106e16,1.2509172991622801e19,8.28750588955459e16,1.1720057619117905e12
1.0639954101126474e16,1.3288951276156924e19,8.289308820097845e16,1.1731516682994856e12
1.0642661520158106e16,1.331534916717827e19,8.296817577511315e16,1.1735249861038616e12
2.4033427133144824e16,1.33159934114793e19,8.307501857672576e16,1.1733080145821484e12
2.404895193276419e16,1.3313428462327065e19,8.309716511478272e16,1.1763167954478538e12
2.4061516024509452e16,1.331512594455849e19,8.3188068867611e16,1.1763342175784287e12
2.40664087626682e16,1.3317815475562084e19,8.299682837524288e16,1.1760689783940386e12
2.408284858322174e16,1.3322563791543943e19,9.008115484556405e16,1.1758498908361577e12
2.4089280405778324e16,1.3340313258199607e19,9.006834773537178e16,1.1762567369896448e12
2.410187440761876e16,1.334432153941754e19,9.00907009839305e16,1.1761127652043987e12
2.410653415539017e16,1.335005487684016e19,9.011165629181896e16,1.1759820054348435e12
2.411061761086256e16,1.3417938607887505e19,9.014961700038422e16,1.1763431244175447e12
2.411484647025661e16,1.3422882276622051e19,9.015342863546517e16,1.176169136767321e12
2.413952823838475e16,1.343193248252822e19,9.014268762194264e16,1.1774215220319197e12
2.4136908448352984e16,1.3433941561694022e19,9.015473897959005e16,1.1795140960725767e12
2.4141536189540508e16,1.343311430687078e19,9.024458892782112e16,1.1922090411405347e12
2.4146418315868588e16,1.343504048299352e19,9.028295848825715e16,1.1923922333626968e12
2.416245604009849e16,1.3437455293479092e19,9.028480174302258e16,1.2261357446017024e12
2.4158205928145396e16,1.8084983948896682e19,9.209658278089203e16,1.2258870089782017e12
2.416163828767615e16,1.8084680643620411e19,9.225371719392818e16,1.2283875432863386e12
2.4161181817275424e16,1.8109223503709288e19,9.230327014663931e16,1.228930117486783e12
2.4171134208187188e16,1.810691122156856e19,9.2325611378157e16,1.229500083649272e12
2.4162953597842428e16,1.8102412049878565e19,9.229595875141328e16,1.2294419040686516e12
2.4167709646510012e16,1.810511843322988e19,9.24269546689313e16,1.2292689294748376e12
2.4161529334304416e16,1.8115587282129082e19,9.241827637198904e16,1.2336007034268638e12
2.416276674844614e16,1.8121689072057885e19,9.24310212236312e16,1.2335926081431406e12
2.4107721225148884e16,1.8121289940240237e19,9.244546382033571e16,1.2352753599691245e12
2.4114314437862604e16,1.8114339960817506e19,9.1715616688295e16,1.2350056624272808e12
3.095482569801057e16,1.8114006097660232e19,9.167930300093792e16,1.235395278203588e12
3.096474707510656e16,1.8641015421078487e19,9.165379171970786e16,1.235656458296434e12
3.095013792131606e16,1.864489068859537e19,9.165581447680408e16,1.2356813336388445e12
3.096717287556321e16,1.865030391911608e19,9.164462352236213e16,1.2358538790370774e12
3.097447643094429e16,1.8678305675346702e19,9.179124461010685e16,1.2362000943953525e12
3.1002484324573428e16,1.8678160804394467e19,9.179101030032166e16,1.2354674343357383e12
3.1006081524839188e16,1.8687970473383043e19,9.188285389213598e16,1.2526595057475178e12
3.1023605991370856e16,4.31764561502675e19,9.17635923780339e16,1.2525537111886855e12
3.111500576640074e16,4.317079827377891e19,9.177546516698315e16,1.2521745075398176e12
3.112269612125855e16,4.3180363566408245e19,9.178832726115798e16,1.2521218228323503e12
3.1218574654204536e16,4.323751704530891e19,9.180302610912008e16,1.2526903147869363e12
3.1236506650404916e16,4.319433353358294e19,9.182239876269427e16,1.2566022108742354e12
3.123712436121392e16,4.317400728614549e19,9.181585477147048e16,1.2568563542337537e12
3.123562678878562e16,4.318068901445254e19,9.18062073737195e16,1.2566145632828726e12
3.12361926974446e16,4.318681779278725e19,9.229133477703406e16,1.256761254433056e12
3.1226664080377572e16,4.319215600016165e19,9.230967186217298e16,1.2571131456294204e12
3.123296540962835e16,4.320707252859876e19,9.232263882824926e16,1.2572815986957126e12
3.1235404894835384e16,4.321567289250583e19,9.232053234051461e16,1.2575022622739968e12
3.1230325650484556e16,4.390617077371716e19,9.232488454871472e16,1.2576921404450571e12
3.12509829069255e16,4.393750670189288e19,9.23424304751876e16,1.2578543142961375e12
3.124491882842251e16,4.394121900906657e19,9.23382910494223e16,1.2588487093502903e12
2.233479366348745e17,4.3950600455022354e19,9.252379648648859e16,1.2581872627533396e12
2.2339485371106432e17,4.396111607989641e19,9.25070324128491e16,1.2529315188175593e12
2.2351953309300138e17,4.3971017654093636e19,9.613339750282027e16,1.2526703463377573e12
2.2357213181624557e17,4.3957041592270954e19,9.60930667613831e16,1.2515018576175532e12
2.2356017001823427e17,4.3963110480905175e19,9.608480237525003e16,1.2516175073822034e12
2.236058151372116e17,4.394629911860073e19,9.607461417915469e16,1.2616153641039163e12
2.235715481755412e17,4.413384181422145e19,9.60655687355434e16,1.262210877417986e12
2.236324324935064e17,4.42575345094727e19,9.623022126308565e16,1.269362518210646e12
2.2361436800857715e17,4.4255348940787925e19,9.622151261597523e16,1.2689294134018105e12
2.2369571862005315e17,4.425179592438568e19,9.620773573504434e16,1.2723600984565803e12
2.2373420012249952e17,4.4216928602326565e19,9.624539940907526e16,1.272691774177479e12
2.2258760633762992e17,4.421128223495559e19,9.624672898426139e16,1.2762195879983074e12
2.2257938287752118e17,4.5316329387836514e19,9.626222242631898e16,1.276219025195878e12
2.226698309361582e17,4.626432574238318e19,9.625438104182267e16,1.279499986497785e12
2.287268176080524e17,4.6294014134854705e19,9.629565092883885e16,1.279951973873991e12
2.2860395013475258e17,4.629172789823002e19,9.623857690045733e16,1.2801660840673894e12
2.304825973694432e17,4.630413121331796e19,9.634428185339258e16,1.2792628206986304e12
2.3064512073179475e17,4.63670166807226e19,9.633332532619061e16,1.283327663278967e12
2.3064463639686016e17,4.638335794825201e19,9.656279479244533e16,1.2854076330060564e12
2.3069480104054352e17,4.638736493816196e19,9.659413641951046e16,1.285577641488262e12
2.3066668435529584e17,4.691567382663706e19,9.6592463303886e16,1.2850624168049683e12
2.3074873419607904e17,4.754850117024021e19,9.65799627705501e16,1.2508092635367183e12
2.3081272526960966e17,4.756099112318088e19,9.657405099216283e16,3.3928533803088613e12
5.001933741261574e17,4.7549791128045765e19,9.663538833623368e16,3.3922721724718667e12
5.016383779265071e17,4.865425737336257e19,9.662243953871893e16,3.3934428478072734e12
5.0163282401372826e17,4.867515474447617e19,9.661208376155086e16,3.397923085237747e12
5.0226719019568026e17,4.866858534599699e19,9.751165567120685e16,3.384948788786302e12
5.0432174057816915e17,4.87094751911115e19,9.74944836566408e16,3.383971357813952e12
5.043414575748288e17,4.891048963149186e19,9.76996200575127e16,3.403288282071993e12
5.044050048131679e17,4.891890725242322e19,1.0378368438093331e17,3.4042765685034478e12
5.053103861817571e17,4.891144597158216e19,1.038032393383676e17,3.40487184829642e12
5.0607527199734515e17,5.006665398957382e19,1.0462403712151739e17,3.407371443815215e12
5.071584794463728e17,5.005602025243161e19,1.046006788771301e17,3.4142379092769453e12
5.071440880965229e17,5.009842689124773e19,1.0461832932096742e17,3.416283290261487e12
5.0789678389749203e17,1.7758365164511093e19,1.0460452300641194e17,3.4188930419717153e12
5.0789108945774016e17,1.7765550967037962e19,1.0476285771529042e17,3.4222108448408047e12
5.079560804227997e17,1.7761904800778371e19,1.0479089060700736e17,3.422794770273362e12
5.079945918824825e17,1.6702221747772664e19,1.0478978047755998e17,3.421845265916429e12
5.08023043407226e17,1.69300793911118e19,1.0482552492442437e17,3.4221910958631646e12
5.081549916634506e17,1.6941943722382313e19,1.0481378437619798e17,3.411770476829699e12
5.0922451328663526e17,1.694197439741533e19,1.049145573121654e17,3.4133364796435684e12
5.0950482708025165e17,1.6941626149174497e19,1.0490479773870597e17,3.41385168423669e12
5.103930005613163e17,1.6950580447702612e19,1.0492727716679626e17,3.424344415910767e12
5.1173453023712314e17,1.695100015064213e19,1.0514786702360534e17,3.423030437176361e12
5.116809097243842e17,1.6970790441819036e19,1.0521730463042435e17,3.5437535800113276e12
5.115428720125159e17,1.6971747399470197e19,1.0524510741734333e17,3.539352437202219e12
5.117960449101957e17,1.745511925049112e19,1.8975074240787885e17,3.539828808913567e12
5.117358672643151e17,1.7461088850695002e19,1.8974060122474182e17,3.548768537675216e12
5.117127098142281e17,1.7494660525333434e19,1.8973245343400326e17,3.562037350958947e12
5.1289277842853946e17,1.7490502762293676e19,1.8987036681114525e17,3.561240997196909e12
5.129855702297744e17,1.7540203675342612e19,1.8991309215592218e17,3.5622650484794556e12
5.13118144224176e17,1.7573557228267635e19,1.8993737065402954e17,3.563419662196193e12
5.4891011162038406e17,1.7569633271469343e19,1.899845731379369e17,3.5611578640656196e12
5.488980974830429e17,1.7558993842948006e19,1.9017188259821498e17,3.5629322379972573e12
5.4906566116479e17,1.7555947441128978e19,1.901669708949146e17,3.5622648663872354e12
5.4898089645620755e17,1.7731024541439216e19,1.9019237670846762e17,3.561000524499191e12
5.746244503796131e17,1.7619479950913937e19,1.9106312425242166e17,3.5616232693546094e12
5.7459303753448365e17,1.7681088888794431e19,1.9108870626193018e17,3.57997676641763e12
5.747254567047197e17,1.7681242038322338e19,1.911188663650849e17,3.5806641407409897e12
5.756334009301195e17,1.7797448249605458e19,1.920765459116919e17,3.5808154166604805e12
5.75591913555206e17,1.7793491622478162e19,1.9206444476638346e17,3.589175217536166e12
5.756044125066787e17,1.7792759014488852e19,1.9213510506679296e17,3.589258892199753e12
5.760204214530757e17,1.779518415605781e19,1.9220279756554822e17,3.6199599941414707e12
5.7601435636774074e17,1.7806916878735469e19,1.9219434964437994e17,3.620837224162014e12
5.833489054029582e17,1.7782052075924513e19,2.0162845960307686e17,3.625176384892099e12
5.839853205380083e17,1.7788855805400865e19,2.0177185941198234e17,3.626327508296911e12
5.839884540134785e17,1.7794281232303618e19,2.0283702354723184e17,3.6285730572527407e12
5.83968347302323e17,1.7842262015339543e19,2.02811099372795e17,3.660148205028745e12
5.84057855348955e17,1.7846882276346946e19,2.0308064350162003e17,3.660919550909241e12
5.839655061792182e17,1.787498297172674e19,2.0322018863714515e17,3.6838789082255527e12
5.84668779827814e17,1.7877951036743213e19,2.0317741407507827e17,3.687861889308683e12
5.85922691492714e17,1.8869842194709045e19,2.0518224586825814e17,3.6873130149510938e12
5.859529255262748e17,1.8866707702626865e19,2.051556433120025e17,3.6879991799347515e12
5.858644632829097e17,1.8873318948629803e19,2.051165629896527e17,3.689310892041635e12
5.859395816299434e17,1.888673388952875e19,2.050860135711563e17,3.689406504597754e12
5.858191879433435e17,1.887808303246038e19,2.0489652051961955e17,3.6914972693940415e12
5.9086108194238e17,1.888165020300441e19,2.0496424456850966e17,3.9102899754616963e12
5.910601548666252e17,1.8879372576799056e19,2.0510764779150253e17,3.9111860354359976e12
5.92210721624893e17,1.891935893825163e19,2.050856416054863e17,3.9099647060696035e12
5.91977500115748e17,1.892771748102969e19,2.051876768211562e17,3.911591108209348e12
5.920676091222474e17,1.8930870457837887e19,2.0600606827511725e17,3.9945805232284907e12
5.931683929377719e17,1.8928223198494732e19,2.061595414204724e17,3.9967423003082656e12
5.972324127216616e17,1.893518742389629e19,2.0622929636276384e17,3.99986641004551e12
6.468253075091098e17,1.8936430084210577e19,2.0625181090271133e17,4.000904616601793e12
6.472809939884544e17,1.893619683187695e19,2.062204079361787e17,4.001524319075139e12
6.474123614395117e17,1.8940736820480094e19,2.0615911251909216e17,4.0024717259036646e12
6.473322124649062e17,1.8948886245540168e19,2.0638038859291568e17,4.007052686180878e12
6.4748635341781e17,2.140896413427223e19,2.064328720824363e17,4.0063057183396973e12
6.47766363749224e17,2.1321225472979427e19,2.064211995378266e17,4.0084215154804385e12
6.47707310774234e17,2.1320350616841593e19,2.0644025279836723e17,4.0111547271214585e12
6.478344987034173e17,2.1311964650103706e19,2.0693049841575485e17,4.016924560587733e12
6.480213826021225e17,2.13131195821855e19,2.0718933587811875e17,4.016007279117264e12
6.548220874380242e17,2.139367827863921e19,2.0722736266351117e17,4.0188013753997603e12
6.547404504450817e17,2.1621193343024566e19,2.0869679458904467e17,4.020742309986266e12
6.548269922927427e17,2.1616071202326716e19,2.0869786501581728e17,4.1163822084622627e12
6.550315963990086e17,2.1620038248263025e19,2.0877880015943958e17,4.2148015291733267e12
6.553048559187241e17,2.162080904763594e19,2.088253203624978e17,4.2148524777850825e12
6.554014100156385e17,2.162784062353248e19,2.08857285028325e17,4.2132293610442275e12
6.729881430293928e17,2.174315524698878e19,2.089250199019246e17,4.250167802116681e12
6.730377387798422e17,2.1739587428007367e19,2.089631623997622e17,4.3462026024972183e12
6.730434934113847e17,2.1737156431925256e19,2.0942407103070992e17,4.3537507207326943e12
6.734212935404111e17,2.1684787223646585e19,2.094260097846335e17,4.356181896052099e12
6.735877176408662e17,2.16902509846971e19,2.0943690458056938e17,4.3597339605981743e12
6.737455221086048e17,2.1687045242690912e19,2.09275906625062e17,1.8137622979922095e12
6.736913642392884e17,2.1738019872071623e19,2.0928177101365488e17,1.8132221782832974e12
6.736873814512211e17,2.1734851120575218e19,2.092615071282829e17,1.8241606797948506e12
6.737832253814554e17,2.176291850445379e19,2.0933860903152237e17,1.8241801241866545e12
6.742434193930332e17,2.1773008588306403e19,2.3991843795004803e17,1.8247105407777395e12
6.745442070558548e17,2.178282529712252e19,2.3998957681725978e17,1.8257168210178276e12
6.746468867465523e17,2.1788377160429974e19,2.4004312476137984e17,1.8258785088120317e12
6.745626127464654e17,2.1781532613123777e19,2.40048425066018e17,1.8275315962092605e12
6.746019511275342e17,2.179193792063412e19,2.4018236560662304e17,1.8284912277197178e12
6.750084937804276e17,2.119293750055717e19,7.782476316657652e17,1.8253481977861362e12
6.749171332457363e17,2.1198053904680608e19,7.843436153239016e17,1.8251702715884045e12
6.749760584613947e17,2.119870929019025e19,7.844636748821069e17,1.8256999099570308e12
6.756967192001012e17,2.120550340330142e19,7.846127282841618e17,1.8291147943879573e12
6.757771599313332e17,2.1235895120389255e19,7.842060795174312e17,1.8276236846695771e12
6.750655328807644e17,2.1336883795025293e19,7.84577960125467e17,1.8279400533534417e12
6.751837832837466e17,2.1334874929353945e19,7.845693893399956e17,1.8277981229766257e12
6.753035851045709e17,2.1328595494528455e19,7.846741496913946e17,1.8265087989800798e12
6.774288999930086e17,2.1320388012975243e19,7.847851219568342e17,1.8293375267519333e12
6.775900547976454e17,2.132305511286165e19,7.845240693533201e17,1.8301720291631062e12
6.780778684981508e17,2.16465336872271e19,7.846751421027986e17,1.8292092881762756e12
6.782661012762304e17,2.164562513419904e19,7.84790195518526e17,1.8289216354131511e12
6.782895492993207e17,2.164964381250221e19,7.848448644935182e17,1.829098003687938e12
6.783045216257082e17,2.1646895905258058e19,7.852667358521352e17,1.828695233119819e12
6.862494285876643e17,2.1650033336052007e19,7.853270839633691e17,1.828972492406092e12
6.862130546563977e17,2.1691381063118352e19,7.856691727943978e17,1.8291638667618135e12
6.888504327511354e17,2.1705565507114127e19,7.863031883601019e17,3.427959168785104e11
6.888454634426775e17,2.170264240748829e19,7.863565314963215e17,3.426403315411112e11
6.929524350463334e17,2.1710915300949803e19,7.864883599267799e17,3.427191529366334e11
6.930479404948434e17,2.1716688491418767e19,7.87661206369452e17,3.462182182901427e11
6.92891651133084e17,2.1770448410139628e19,7.875638809234344e17,3.456582255540949e11
6.929794242649953e17,2.177368972495903e19,7.879976988968407e17,3.457455828766779e11
6.929857939861782e17,2.1774980152737157e19,7.890521821318534e17,3.456725999774177e11
6.92952711557599e17,2.177450926159809e19,7.89222264228752e17,3.4537046560809375e11
6.932364681134995e17,2.1815787855608537e19,7.887806181297836e17,3.454295340717599e11
6.935382021228033e17,2.191630072747469e19,7.897507494710948e17,3.452883097457666e11
9.434851407290422e17,2.191395098505102e19,7.898355705541513e17,3.4528544294781964e11
9.43356133424607e17,2.1919435843539812e19,7.904818968625673e17,3.4502292524160583e11
9.434816750630913e17,2.1918729353362174e19,7.911286055991572e17,3.451280765774154e11
9.436534758105138e17,2.205347293600617e19,7.917045274086728e17,3.736072586459639e11
9.448260459025193e17,2.2057415829587534e19,7.919455221374924e17,3.7365938615490607e11
9.446378093276479e17,2.2064420078813983e19,7.92004818330603e17,3.738118622779281e11
9.449421467356014e17,3.375167197636198e18,7.919663638444379e17,3.738843569094317e11
9.451001555218324e17,3.3751620309462057e18,7.918480801478995e17,3.737593745240587e11
9.463336158430861e17,3.375751087630818e18,7.918057677253755e17,3.7397772574177966e11
9.48991362908538e17,3.375245975889086e18,7.91467529065651e17,3.7457486340320514e11
9.491144324299384e17,3.3700238420763397e18,7.91454066581448e17,3.7476195985342065e11
9.493581411609797e17,3.369751894447389e18,7.913673826367372e17,3.748744644346807e11
1.0167507159804237e18,3.3730754924953405e18,7.912035185077416e17,3.7470040831250354e11
1.0166787397521448e18,3.37326026412764e18,7.914143453979167e17,3.748218935739077e11
1.0167292497297128e18,3.4115440652055813e18,7.915638908977923e17,3.7483421780357367e11
1.0165931412638056e18,3.41191142415866e18,7.91232374259379e17,3.749351933562642e11
1.0166504428253034e18,3.412985963581903e18,7.90932262314001e17,3.74833892197665e11
1.0184209071564841e18,3.4295943795020104e18,7.919429589855621e17,3.7527967609601227e11
1.0196623512876526e18,3.430129681882237e18,7.920542768955327e17,3.759683732457084e11
1.0199084170076079e18,3.4299834440903936e18,7.919487508329594e17,3.988196150987295e11
1.0201362928416874e18,3.43051577564073e18,7.920157712031332e17,4.0158346633225433e11
1.0206922593146632e18,3.4568256876341033e18,7.92853133083247e17,4.0173510145534045e11
1.0203482980435101e18,3.4572657362365583e18,7.930748370548698e17,4.018711897826728e11
1.0205559592171965e18,3.4568639137130317e18,7.929588902427345e17,4.0179893547183685e11
1.0203871085526976e18,3.457408537945416e18,7.928776065560778e17,4.0174678893258307e11
1.020347460857223e18,3.506729390474076e18,7.931525145527117e17,4.0196571787665533e11
1.0202883373927412e18,3.506081183270369e18,7.931726593107393e17,4.020297428165608e11
1.020315931856088e18,3.517160528085229e18,7.931035168190925e17,4.0215181930034625e11
1.0201886627434789e18,3.51795033217187e18,7.937191851236337e17,4.0210156654023663e11
1.0201354696985989e18,3.5167342789852145e18,7.935257382643288e17,4.099135486096218e11
1.0202860737938441e18,3.5183066061003387e18,7.934281096453143e17,4.101454004765938e11
1.0202915994093115e18,3.5187876186465987e18,7.936994310375695e17,4.101794440826336e11
1.0204225257266226e18,3.517910958949996e18,1.1046675787334102e18,4.1025390335222003e11
1.0437040161928421e18,3.517499060466417e18,1.104634736889955e18,4.10439798051385e11
1.0413469420051145e18,3.522165193503759e18,1.1031365926595308e18,4.251533326468882e11
1.0416021532308374e18,3.5215469283798595e18,1.1033858312533426e18,4.2530462297269366e11
1.0414895651378934e18,3.5231545785174605e18,1.1041126161723085e18,4.2517513237952734e11
1.0419071902264874e18,3.529225910140925e18,1.1042466821353114e18,4.254174487714182e11
1.0418396503077329e18,1.2762899630654256e17,1.1042837922144849e18,4.255333713223481e11
1.042007263321998e18,1.2764593049957162e17,1.1046926667630409e18,4.268943517797978e11
1.0432607742994964e18,1.2765822981762509e17,1.104703466435482e18,4.267794285857823e11
1.4447918017720374e18,1.276833364852783e17,1.1049736844100609e18,4.270145677350285e11
1.4634357757451986e18,1.2770731433770608e17,1.1049536705473009e18,4.2726429487548224e11
1.4633637210487767e18,1.2773796634617514e17,1.1049333254913501e18,4.273903217764499e11
1.4637871047945208e18,1.2809986988863054e17,1.1052925781168141e18,4.2752985664968536e11
1.4640141284787643e18,1.2819756931301078e17,1.1051657912978097e18,4.277306195906115e11
1.4642149431807286e18,1.2822583989767179e17,1.110455493195803e18,4.2761193353283356e11
1.4660898971020465e18,1.2827842554294059e17,1.1113232483493055e18,4.281277812669452e11
1.46619044506317e18,1.28333608169789e17,1.112762127915878e18,4.281986209486697e11
1.4734787193735741e18,1.2835322607282354e17,1.1129517575428284e18,4.282263670311063e11
1.4757786227226573e18,1.2847958110571786e17,1.112343668041355e18,4.28292819679327e11
1.4756053285232064e18,1.2852851835909792e17,1.1124881501004268e18,4.2840240627440125e11
1.4755369387800568e18,1.2855032380954787e17,1.112771749833307e18,4.405876650680706e11
1.4761162409576817e18,1.2857482969219226e17,1.5647791226306191e18,4.406516440690284e11
1.4923488292784763e18,1.2861535612749698e17,1.5648297386874627e18,4.408910363055861e11
1.4939656610516165e18,1.2876568439183315e17,1.5646775732752515e18,4.409772544830575e11
1.5033213539618744e18,1.2877254788017704e17,1.5643656908835346e18,4.409905347133657e11
1.5031229774606116e18,1.2878971224003795e17,1.6002414424595085e18,4.3972556508038293e11
1.5220267955611459e18,1.288214725672544e17,1.6010660641288415e18,3.011979135851949e11
1.5228569755646828e18,1.288946981797155e17,1.6009789097763095e18,3.0189699260043e11
1.5231076165633994e18,1.2887047962459738e17,1.6015019514074824e18,3.0225900077073413e11
1.5230516335604739e18,1.2885290684092478e17,1.6015824533557834e18,3.0236002365858484e11
1.5232961729161085e18,1.3207768416345192e17,1.6000372592605386e18,3.0242340889048627e11
1.5233897575244577e18,1.3209739958776398e17,1.600832757642784e18,3.3054386478413745e11
1.523521897676126e18,1.3210153965595035e17,1.6016540634219223e18,3.305989867888697e11
1.52321177765519e18,1.3207616876737946e17,1.6022764063134828e18,3.3065181341291144e11
1.5340623569555558e18,1.3214618230890373e17,1.6025762454953044e18,3.3074815395063837e11
1.5340296371226724e18,1.3215002078558909e17,1.6043248153123254e18,3.3070363802960724e11
1.5341421248738588e18,1.3215046695254453e17,1.6042484339707223e18,3.3081651491243396e11
1.5345369802682732e18,1.3224967791577238e17,1.6046780761484782e18,3.312674229896173e11
1.5363835906548948e18,1.3229837229692021e17,1.6019378545724662e18,3.4086460149898834e11
1.542531144730013e18,1.316867334065001e17,1.6017288335658683e18,3.40960795260448e11
1.542647981770201e18,1.3171143389834296e17,1.6020792639452923e18,3.410115827392163e11
1.5438980403714632e18,1.3211860483644309e17,1.602294851679216e18,3.4090847175544476e11
1.5569159043660554e18,1.3208506450363274e17,1.6017178292780503e18,3.4095640466452295e11
1.5572181328743788e18,1.320221728962396e17,1.6019182392401413e18,3.409882931825195e11
1.557167382145002e18,1.3207095586801534e17,1.6017799908010655e18,3.395055540503783e11
1.5582498306369367e18,1.3223571871647203e17,1.6038562068429658e18,3.396209463185847e11
1.5581919683513853e18,1.3226636670671408e17,1.6044814003458406e18,3.396755425426784e11
1.5580705808776384e18,1.3229452051992322e17,1.6048127821627837e18,3.397435524180974e11
1.5597338919789187e18,1.32312169048643e17,1.6051950931345085e18,3.396749287392339e11
1.56014719614058e18,1.3242547266723122e17,1.6055895496573384e18,3.397184064479527e11
1.55929484885533e18,1.3254384971882317e17,1.6058126128992415e18,3.398017063456038e11
1.5709437934893496e18,1.3288586141261053e17,1.6065967681127718e18,3.3856892315582086e11
1.5708345132006405e18,1.3291169704411056e17,1.607021614169174e18,3.3873970977967505e11
1.571248913891906e18,1.3297610207526133e17,1.6070559004904335e18,3.387874502436006e11
1.5715695243566454e18,1.3304043225511e17,1.607341327536142e18,3.387528331891509e11
1.5718298286456212e18,1.3317880143035467e17,1.607318101891934e18,3.387985284703921e11
1.571620789054128e18,1.3327000208960994e17,1.6077044203115318e18,3.386309362995475e11
1.6269466332544806e18,1.4454636203819635e17,1.6109031708961295e18,3.385948245538805e11
1.624564716953447e18,1.441907553389635e17,1.6107856972808504e18,3.387356447573904e11
1.624959820358208e18,1.443854661400227e17,1.610766780119614e18,3.384729576067337e11
1.6288839706612902e18,1.444177988353741e17,1.6180379616531092e18,3.386560843633705e11
1.6289246286438275e18,1.4446621714749475e17,1.618207381801283e18,3.387506551483959e11
1.6292497672586962e18,1.4442528834187734e17,1.6183094557637624e18,3.3869457184613904e11
1.6303815408911247e18,1.4440268307681533e17,1.618363067352825e18,3.440897907092949e11
1.6381605615305638e18,1.444551332022093e17,1.6186967748176276e18,3.4410109186123206e11
1.6386736235165916e18,1.444264056554828e17,1.6190212819523136e18,3.440594953843289e11
1.639204885492737e18,1.441563251137268e17,1.6228078060156849e18,3.4402117011214557e11
1.6393719030772442e18,1.441829165032048e17,1.6232471329200233e18,3.4356465111703125e11
1.6388737615512333e18,1.4480207856774122e17,1.626620990725549e18,3.437529472469724e11
1.6368704356940293e18,1.449401967980023e17,1.62709692101072e18,3.4418352343540936e11
1.6368188444284867e18,1.4518949891526982e17,1.6270955209182523e18,3.4427050092729333e11
1.636616322267646e18,1.45221275784393e17,1.6259085778627402e18,3.443664603502141e11
1.6326658659490227e18,1.453283253483566e17,1.6257391287210816e18,3.444070223198709e11
1.6326635470659768e18,1.4511044252301856e17,1.6218323176163564e18,3.443121292681204e11
1.632588068495286e18,1.4512103023537872e17,1.622108353573035e18,3.4439791862917596e11
1.6328108778589274e18,1.4527820713901974e17,1.6228782228869489e18,3.444475832530781e11
1.6331490624436613e18,1.4526463678431693e17,1.6227613298122258e18,3.444972275199233e11
1.6346081307939187e18,1.4552504195058662e17,1.62260570841263e18,3.4584575091829095e11
1.6378764143845752e18,1.453312563658353e17,1.62269701349612e18,3.501347467050786e11
1.637636217547079e18,1.4539780068879014e17,1.6229190798393244e18,3.50054650482523e11
1.6371937069808146e18,1.453889516477552e17,1.6231597371644242e18,3.499878457940928e11
1.6373259106044116e18,1.4536017656961706e17,1.6231915019269957e18,3.500905312782023e11
1.6372877851367946e18,1.45386757933659e17,1.6229900730870093e18,3.5016718986510706e11
1.6374996967098348e18,1.4536497445824128e17,1.622886683082039e18,3.5010674708100073e11
1.6375604510191163e18,1.453324874411414e17,1.6334725633054382e18,3.4985587788620166e11
1.6378150346664353e18,5.0939924814877254e17,1.6331682409312817e18,3.497349908105783e11
1.6377806881830833e18,5.093364517335383e17,1.6331163986407398e18,3.497960942948244e11
7.158361111944706e16,5.093015635810135e17,1.6332977062962862e18,3.511472793254333e11
7.157286914926062e16,5.0923729832334566e17,1.6357743175622477e18,3.4918009093003845e11
7.158173406362803e16,5.0975654873724077e17,5.642477511456339e18,3.5393610055075287e11
7.161402873607824e16,5.1001552878685626e17,5.642123968403078e18,3.543929482738206e11
7.163276093525864e16,5.101547602632742e17,5.642012366385868e18,3.543303273441392e11
7.1643905982246344e16,5.0764739270299405e17,5.642523107442753e18,3.5434066743577185e11
7.1665508152505416e16,5.077724392669959e17,5.64196088415091e18,3.5440454763627094e11
7.16605418077982e16,5.0771669133520294e17,5.654917563552134e18,3.550997439508129e11
7.182681344097112e16,5.1235199389961005e17,5.657216401007329e18,3.550801621177704e11
7.181141448216264e16,5.122731365219184e17,5.658797922696102e18,3.5511573690123254e11
7.182198490009419e16,5.128641685556796e17,5.659533377542508e18,3.5531291576086237e11
7.307633699781203e16,5.138889808321236e17,5.661303189454293e18,3.553762468219788e11
7.307971940508184e16,5.1869296039884826e17,5.664390449553987e18,3.553958514851631e11
7.309576743895098e16,5.188998159572852e17,5.663735459858643e18,3.5544704738424976e11
7.305233654378406e16,5.190359085821855e17,5.663090181150946e18,3.5512793704378253e11
7.307782554670955e16,5.184777859151707e17,5.663142804207937e18,3.5514171508212054e11
7.313184102019142e16,5.184497777715558e17,5.669727491068836e18,3.551969451043697e11
7.310131313554096e16,5.186243298869876e17,5.682400736039938e18,3.552478940040958e11
7.311192332430558e16,5.187601413152656e17,5.682902223661929e18,3.55210586631353e11
7.463499999069616e16,5.188934805822917e17,5.842709463354158e18,1.328287685645465e12
7.464838547458539e16,5.201215975626725e17,5.842441979970253e18,1.3493263486774453e12
7.476442953158611e16,5.2003477433648205e17,5.841815108182101e18,1.3496701327450195e12
7.491230528860586e16,5.1996033251272845e17,5.842126337824268e18,1.3495068901753728e12
7.492240104758787e16,5.201159207686632e17,5.843531994979417e18,1.351908373025349e12
7.494450803876437e16,5.202134783789695e17,5.843120346127539e18,1.3521316454638938e12
7.495997129380306e16,5.203405742143433e17,5.844344077013635e18,1.5664234215220242e12
7.503123982155523e16,5.202485882032365e17,5.843283644381639e18,1.5665770656924019e12
7.512196017242122e16,5.203453472849226e17,5.84333496278873e18,1.5677139308993e12
7.503589149176803e16,5.2105884995437376e17,5.842999173088162e18,1.5705889271278474e12
7.513780808139899e16,5.210544607587415e17,5.843346405617548e18,1.571129648558194e12
7.514991972158602e16,5.209790792252853e17,5.842760456007388e18,1.570652232016861e12
7.513450365286069e16,5.209086617799498e17,5.84507432565228e18,7.599839789468946e12
7.512295210302877e16,5.2404385579265517e17,5.845660171125405e18,7.596635352203889e12
7.511702510508346e16,5.247905425268768e17,5.849204792678021e18,7.664213886311774e12
7.51280290775796e16,5.254159012590083e17,5.848443819984504e18,7.67606582569455e12
7.514866217744349e16,5.254536106638589e17,5.870673548369642e18,7.677765128241851e12
7.609335282858029e16,5.253811611333891e17,5.867497589107292e18,7.678556092977912e12
7.610410710681866e16,5.256062525608793e17,5.868327630951018e18,9.292330050774424e12
7.592075364759242e16,5.2590722277967386e17,5.868268602594192e18,9.30190958678031e12
7.598452003805834e16,5.26084616886634e17,6.839374052321931e18,9.314262250111992e12
7.591023494670134e16,5.2673693389313504e17,7.038387416041468e18,9.332418550872973e12
7.594156721456987e16,5.267146307130715e17,7.036863011165698e18,9.336517889984412e12
7.602819855607546e16,5.2678354021338157e17,7.036110324395239e18,9.334550018668135e12
7.373603696134984e16,5.2736787910582694e17,7.038255831606004e18,9.337240070101246e12
7.372550959361054e16,5.273568827106784e17,7.380655672195233e18,9.340804718392656e12
7.371952918855358e16,5.277577417620837e17,7.381452879057861e18,9.337547481114088e12
7.371556661352458e16,5.6393471725052006e17,7.379022547815295e18,9.338897298198885e12
7.372964703564181e16,5.643280010218934e17,7.378409019658434e18,9.339528420348844e12
7.376643565793752e16,5.643444311446559e17,7.364415413274637e18,9.34555901604463e12
7.378018927909045e16,5.6451418864245075e17,7.366396521554857e18,9.347620503379477e12
7.388816852078416e16,5.6443215877841517e17,7.361370265956325e18,9.348883891326582e12
7.385463328848018e16,5.637836991148585e17,7.3624867142847e18,9.351107127288885e12
7.383552028058595e16,5.6384628765348474e17,7.363561899099978e18,9.350753548836748e12
7.383802085534952e16,5.639527719346813e17,7.362079911175305e18,9.354554724552055e12
7.384080262036976e16,5.783135246172489e17,7.361833010708012e18,9.356240165424297e12
7.385230046857824e16,5.784014038377765e17,7.364310929972046e18,9.35852055974764e12
7.385395072532643e16,5.789434154074825e17,7.361808978488037e18,9.354051603195375e12
7.383906388380989e16,5.83040392259736e17,7.371211435254306e18,9.355726470339656e12
7.38496342048355e16,5.830025750396897e17,7.370238637377016e18,9.35752471375016e12
7.38868850953146e16,5.853865181396268e17,7.374955163947441e18,9.35584278965668e12
7.389669385632024e16,5.852970877641568e17,7.375866141678367e18,9.368407926175695e12
7.38924104408741e16,5.854168330044961e17,7.37647670447925e18,9.387542453597193e12
7.389662397159086e16,5.854402578783612e17,7.371803220097738e18,9.534405360418102e12
7.390117453158778e16,5.851563637409015e17,7.373005773109759e18,9.536087439031102e12
7.475162729495061e16,5.849311853610053e17,7.371819618954874e18,9.537528333736889e12
7.464740733667419e16,5.855117909689837e17,7.371766849346467e18,9.550912798503225e12
7.497177804936662e16,6.934314787376197e17,7.370944911725778e18,9.543392246744568e12
7.53083705319599e16,7.024047534111905e17,7.374100182134281e18,9.542098844676242e12
7.53204264744264e16,7.030622088683054e17,7.362385448981323e18,9.545288570656783e12
7.535561541599667e16,7.032120339633293e17,7.362273773846318e18,9.542658704789805e12
7.54039411783688e16,1.0437728635404255e18,7.373272955448538e18,9.544498702795484e12
7.541833970996606e16,1.0441236860598664e18,7.384931737327005e18,9.550909293654953e12
7.543680652718421e16,1.0442900335980175e18,7.389057097096419e18,9.5566485018081e12
7.544075201670893e16,1.0451248431365203e18,7.389154294090597e18,9.554354780104834e12
7.551247685860195e16,1.0450133509723145e18,7.389906969741778e18,9.556357439701465e12
1.1069952248074818e17,1.0445959990941583e18,7.389740474234019e18,9.555166664801469e12
1.1605898053822234e17,1.0444528222005449e18,7.469787710897004e18,9.551526195055271e12
1.1604416308197254e17,1.0446278162546163e18,7.46090265686969e18,9.553116803796473e12
1.1601713845383256e17,1.0445575410945846e18,7.465503574963237e18,9.554950769552959e12
1.1601085368856008e17,1.0457043858609674e18,7.4657040221641e18,9.556608485511902e12
1.1600923357758422e17,1.047323039442676e18,7.47160113719291e18,9.55376369751148e12
1.1601780405251032e17,1.0477201293875713e18,7.472246769980432e18,7.278195685488512e12
1.1602377060241794e17,1.047653251828657e18,7.471092334453878e18,7.279910931312592e12
1.1601552779085662e17,1.2068861967634506e18,7.459670560472784e18,7.282269328017265e12
1.1612344736806403e17,1.276439278764414e18,7.459402193404776e18,7.283814550992331e12
1.1611148661162709e17,1.2766982004605435e18,7.459719865023556e18,7.289102052917751e12
1.1608065415306821e17,1.2766284105261238e18,7.459335796198092e18,7.288870386718595e12
1.1606473915367722e17,1.2868607545713193e18,7.466035959256144e18,7.716446013247678e12
1.1617178404882606e17,1.2873478314685504e18,7.490939792375377e18,7.723348791863193e12
1.1614282305687066e17,1.287224565007469e18,7.492188989267206e18,7.723631468248324e12
1.1622234493523762e17,1.2869351875151862e18,7.493222664278141e18,7.725554463069989e12
1.1621404693996958e17,1.287089672484342e18,7.492930752952279e18,7.75660332993425e12
1.1629580579803214e17,1.287368338952905e18,7.497167162547621e18,7.755460547879722e12
1.1627983026900526e17,1.2872413481658575e18,7.500800484033433e18,7.758829106957709e12
1.162697900696142e17,1.2878507813551288e18,7.502620152498721e18,7.76271863729105e12
1.1624595274884568e17,1.2885683903601723e18,7.518090836011488e18,7.763735371142871e12
1.1684871152650035e17,1.2887920715710333e18,7.521349180277154e18,7.763283739826448e12
1.1699905647104971e17,2.0543026442506204e18,7.523122213848697e18,7.741395603484767e12
1.1700361498595462e17,2.054582664689641e18,7.523650728653114e18,7.745970124630328e12
1.1694251871884834e17,2.0549906699837448e18,7.522949185105686e18,7.745633675043297e12
1.1704757028977928e17,2.054451314864972e18,7.5213146986585e18,7.743462684131817e12
1.1954319270823134e17,2.054078013625883e18,7.521848098592206e18,7.745447267641896e12
1.195604286452597e17,2.0533911097981896e18,7.621358861646848e18,7.74689438042604e12
1.2080319230328526e17,2.0527786152705206e18,7.634262291350003e18,7.74627058686456e12
1.2085254210081133e17,2.0538774432948255e18,7.632913823054248e18,7.74754932522131e12
1.8718590776971325e17,2.055578409589974e18,7.631209389390839e18,7.749361908414377e12
1.876304298804347e17,2.053990639200678e18,7.630310647177495e18,7.754076247535843e12
1.876563386370053e17,2.053714706007969e18,7.631581508452103e18,7.747561163106039e12
1.876793308036401e17,2.0539749468781555e18,7.633500085858962e18,7.747570056834935e12
1.876509316044811e17,2.0536590846946135e18,7.642253662232756e18,7.837924828210737e12
1.8761302201330614e17,2.0566473883207107e18,7.644189084220645e18,7.837265265972644e12
1.8753394788161987e17,2.0610557013736778e18,7.657405917671501e18,7.840835718396011e12
1.8759857035759376e17,2.0875787615561075e18,7.657162265037674e18,7.853769353260248e12
1.877664034111892e17,2.087338191121418e18,7.666428122547422e18,7.857934733377258e12
1.877464790699982e17,2.0882053276089976e18,7.665566523067359e18,7.857584770795334e12
1.8780005816078707e17,2.0886224991701286e18,7.669261508516856e18,7.858669659246305e12
1.8776677697710112e17,2.0884181286539968e18,7.672359713086391e18,7.856084675023528e12
1.8768512980842784e17,2.08926918083644e18,7.674174767477267e18,7.853864266665366e12
1.8767832269373738e17,2.0895391682590943e18,7.675448701045643e18,7.854637624683812e12
1.8779288417867757e17,2.0905176486501053e18,7.67646101952947e18,7.854570288194985e12
1.8783316968303475e17,2.091165610046109e18,7.716826367707476e18,7.856061754536776e12
1.8724737729974595e17,2.0928719574192358e18,7.72073333837926e18,7.858711101267144e12
1.8731353983820742e17,2.1143414518112256e18,7.728187480223976e18,7.864799802331209e12
1.8742205819562397e17,2.115479555282485e18,7.729444245354391e18,7.874191937294232e12
1.874669856481716e17,2.1157927790649073e18,7.728453221801508e18,7.975994989935307e12
1.875325175943062e17,2.1410984572825687e18,7.730009110400225e18,7.975358925297421e12
1.8795083547801206e17,2.141812219853252e18,7.730505451563658e18,7.976442426129812e12
1.8798799525781062e17,2.149319821542758e18,5.021097716770822e18,7.978440946686368e12
1.880376241874732e17,2.1500228774450245e18,5.021258310665271e18,7.98044631872664e12
1.8811821660885325e17,2.1510367443132733e18,5.018698288031007e18,7.989733261094977e12
1.8812068511822163e17,2.154193950932008e18,5.026479685959972e18,7.989159629468398e12
1.8811097567092467e17,2.1595454361203548e18,5.037629480660707e18,7.990192974230848e12
1.8980212374176634e17,2.1600328363873784e18,5.048881809137323e18,7.991334693529914e12
1.898047535419842e17,2.161313986525139e18,5.049680865718221e18,3.294618826492563e13
1.9010141422907677e17,2.1618752681926664e18,5.09995097736036e18,3.2940524346661855e13
1.9019206375842294e17,2.163469788776209e18,5.100915161992535e18,3.3181642821377016e13
1.90199537676437e17,2.1616888756563154e18,5.102181797267196e18,3.3188952271759355e13
2.4375156382359226e17,2.1613495729569728e18,5.106649078586817e18,3.3205021564262e13
2.4378934342887683e17,2.1622379956385037e18,5.105774683769807e18,3.3204835330750184e13
2.4400219844533005e17,2.1615667401994683e18,5.104965054188998e18,3.3208402136581883e13
2.443147571489442e17,2.1619722419433175e18,5.10564918475974e18,3.3222540259836465e13
2.4434469587481162e17,2.163276256472584e18,5.153115616352919e18,3.3227628650968043e13
2.4439209105354563e17,2.1635952531618575e18,5.153779543763322e18,3.3367301337246496e13
2.453418813223502e17,2.1669467272460252e18,5.1547769406222e18,3.3364926294169906e13
2.4550829530814627e17,2.190886982909448e18,5.15554091252954e18,3.340393380117737e13
2.4554264787918323e17,2.1913198334912978e18,5.154803063391784e18,3.3402812973486203e13
2.4551873036846307e17,2.1916181893380257e18,5.16915092158093e18,3.341284272215552e13
2.4538149012280378e17,2.1957210803912294e18,5.170587554906343e18,3.340874607461075e13
2.4541367674526154e17,2.2022154564893742e18,5.172038016126448e18,3.3384944742770086e13
2.4532235676806912e17,2.2050942398560061e18,5.176775457983256e18,3.3501590237766355e13
2.4576775114700688e17,2.204772341813002e18,5.183102878144398e18,3.353287088223976e13
2.4636951605683107e17,2.197320382048289e18,5.184300987824977e18,3.3535708172993234e13
2.4640218051970762e17,2.1983037262629921e18,5.185284120601363e18,3.3549018168657293e13
2.4641432674059178e17,2.1989707254656678e18,5.18632222764195e18,3.3934439853046742e13
2.4642990274625197e17,2.1993935215024607e18,5.186643307476195e18,3.391763317387732e13
2.4614439673477187e17,2.1997221460629555e18,5.190418326112631e18,3.3916644329134316e13
2.4621386308062e17,2.2028324860006336e18,5.189151174729654e18,3.3905457215057484e13
2.4628795348743024e17,2.2036292340085883e18,5.189357163414539e18,3.3958594368240164e13
2.462991214147195e17,2.2037806674998838e18,5.193163724214171e18,3.4168160060802e13
3.140679086387685e17,2.210711688574462e18,5.19661812475619e18,3.4172973970142934e13
3.1399489166918714e17,2.20173953079421e18,5.22196579645589e18,3.418110305594734e13
3.1417805841624454e17,2.2025489590692122e18,5.223120310457504e18,3.4176055401307223e13
3.142253665041415e17,2.2033835180746127e18,5.224650071968982e18,3.417133259570693e13
3.145064909597125e17,2.2027720291298634e18,5.233333559043186e18,3.416247212647598e13
3.145301169183187e17,2.2035483151786301e18,5.254449418445032e18,3.4213096342694992e13
3.145761029339837e17,2.2033360651807176e18,5.260498816345354e18,3.4221404431075816e13
3.151747750552999e17,2.205778054944063e18,5.274489672793445e18,3.4216235369984258e13
3.151802344626273e17,2.2607522240283543e18,5.277518170777955e18,3.421539916411485e13
3.149475884387555e17,2.261018900874102e18,5.287028404062746e18,3.4219963309130043e13
3.149719835868397e17,2.2609567062154353e18,5.285955701734077e18,3.421718933676596e13
3.150482510080953e17,2.2605055902123116e18,5.288279563229984e18,3.4213294414304957e13
3.150966632135996e17,2.2597497180073595e18,5.291525605416173e18,3.4217722560571816e13
3.1528508993805325e17,2.2632531622133612e18,5.28960312356278e18,3.423477199595833e13
3.187659783180109e17,2.2628335441003584e18,5.296481599836665e18,3.4222679972706066e13
3.191889304682971e17,2.264606288908155e18,5.29733607315934e18,3.4231032816401188e13
3.191479641336575e17,2.265068207077394e18,5.298854478900417e18,3.42098479898113e13
3.1920615131235866e17,2.2653504063199199e18,5.323413680178319e18,3.4766109559580375e13
3.198121393329252e17,2.2658169850350515e18,5.345802424582304e18,3.476731547415619e13
3.2000084859644115e17,2.2654511642044867e18,5.346728025386839e18,3.47726084768806e13
3.200417218947317e17,4.976950509974649e18,5.308146503600056e18,3.478459586994559e13
3.213407677766775e17,4.976074105867734e18,5.31708237432259e18,3.4796749459725516e13
3.213414022102871e17,4.98021249779504e18,5.318357494342172e18,3.4817036296201574e13
3.215504885799226e17,4.979969847709681e18,5.322197557306608e18,3.4812480321277207e13
3.2153467223811616e17,4.981185629094463e18,5.345304299866409e18,3.4817840757371125e13
3.2162778886328794e17,4.98198445949162e18,5.344061809296302e18,3.4828618909440527e13
3.2975001034215584e17,5.026457384745575e18,5.346471400602245e18,3.482243724709956e13
3.2972647517578125e17,5.025232770909991e18,5.346277298384915e18,3.482272354737513e13
3.310087164514518e17,5.02699462358766e18,5.347229321263882e18,3.4827914972384062e13
3.309221910437193e17,5.026095135467518e18,5.345923050934784e18,3.5105666278738207e13
3.3077374921543974e17,5.02680391763293e18,5.346791568512551e18,3.511030430605989e13
3.307299408042244e17,5.027535438591833e18,5.375055530668793e18,3.5093502113226684e13
3.30714297180651e17,5.031582798976792e18,5.378892864568235e18,3.509432439128681e13
3.307271240662258e17,5.058653771131245e18,5.375828096667754e18,3.510600832825546e13
3.3092027178558304e17,5.064771125956305e18,5.447004793700973e18,3.5098962684098074e13
3.309566790025973e17,5.06433388608585e18,5.449838272501896e18,3.511983455280048e13
3.308397106598758e17,5.068579633072588e18,5.450886790564134e18,3.512457341780791e13
3.3079698818717523e17,5.726400066061071e18,5.451102136597089e18,3.512501786744324e13
3.3644247117701126e17,5.745705520942515e18,5.45045536126031e18,3.5126559184028645e13
3.367787981153515e17,5.745231398248507e18,5.450966458973e18,3.5137104929082848e13
3.371110527671631e17,5.745154591721063e18,5.456881727724143e18,3.5161815332880996e13
3.3731939622074906e17,5.745851301392636e18,5.457736865507394e18,3.5158717403775453e13
3.383031894615039e17,5.745689218351124e18,5.480370435916376e18,3.5160582654589523e13
3.382925506579298e17,5.74578708537769e18,5.484869103983359e18,3.5169972247792176e13
3.3831399659104384e17,5.747606025404681e18,5.500572975206026e18,3.5164858086626336e13
3.383013244124332e17,5.745370089428754e18,9.422669305774572e18,3.5173796636557516e13
3.383563647904125e17,5.745760392176604e18,9.421446581585183e18,3.535299443809e13
3.384704867168473e17,5.773479876535395e18,9.421639271118295e18,3.550993439527717e13
3.386068853224364e17,5.766008886901802e18,9.445222620078436e18,3.551841505452284e13
3.3864221973330816e17,5.765807548773605e18,9.43452217829467e18,3.551465150515355e13
3.3861570022879136e17,5.765507277108054e18,9.436755514631811e18,3.552483705962141e13
3.39622860990308e17,5.766245998156247e18,9.434536304036162e18,3.551367650631231e13
3.3959522800402266e17,5.766622082917646e18,9.433766736494076e18,3.55114988057444e13
3.4068103339267725e17,5.767447243483578e18,9.48025374364543e18,3.567504701485162e13
3.4070963422533344e17,5.766907330946215e18,9.483465919212425e18,3.567201153915016e13
3.4062729286763904e17,5.768600125740294e18,9.481962784372238e18,3.536400149912036e13
3.4075386008920614e17,5.856702777476817e18,9.486959623690914e18,3.537378104039462e13
3.407623385452107e17,6.183820124476308e18,9.489447065909486e18,3.539866071651883e13
3.409590617243105e17,6.185043948136612e18,9.49169039696576e18,3.5400182432261016e13
3.410807863100289e17,6.185510679981877e18,9.490176308520468e18,3.543384900634352e13
3.4114086391686464e17,6.188561897085554e18,9.550759213926713e18,3.5638449795590375e13
3.4126144705456634e17,6.331996189012254e18,9.555024031888656e18,3.569722801166007e13
3.4147194084443354e17,6.333356278228708e18,9.567398625158476e18,3.571160694900606e13
3.414269821987972e17,6.333763531149382e18,9.570190358532766e18,3.575279531190798e13
3.4146611849770944e17,6.343513733776569e18,9.542218748603208e18,3.57591916135822e13
3.420205974391029e17,6.3463575828538e18,9.543979591648246e18,3.576376389798913e13
3.4532772218678464e17,6.345973217189846e18,9.548358549560343e18,3.5762169093748484e13
3.500246386983496e17,6.345667039010867e18,9.551430744182673e18,3.5767332495072484e13
3.501263085267335e17,6.347894507439906e18,9.550108744290454e18,3.581444716771914e13
3.50112072694507e17,6.347756767675955e18,9.556368691148999e18,3.580928795904663e13
3.5007544654493126e17,6.347096839814632e18,9.554762749672204e18,3.5933182486925305e13
3.501696802238619e17,6.347181397547319e18,9.564496819466797e18,3.595535188718189e13
3.503667874164329e17,6.367244602093094e18,9.562986105954288e18,3.5958950602229516e13
3.5043254143782125e17,6.369423470260644e18,9.564260628519539e18,3.594470078528844e13
3.5053057249779155e17,6.368829021930758e18,9.565658666093298e18,3.593808788256651e13
3.505390758880123e17,6.366997609844918e18,9.564874545103655e18,3.594104245369925e13
3.506086349922556e17,6.371408977596801e18,9.543635192891677e18,3.609957515189713e13
3.512447637013609e17,6.372424876888315e18,9.546818660830417e18,3.609940207846049e13
3.51264110811233e17,6.374160342396463e18,9.55090318928782e18,3.610585551629613e13
3.513976547259923e17,6.377417636534415e18,9.554661171757748e18,3.6246687945317664e13
3.6420076252417024e17,6.385724931827252e18,9.559574855780708e18,3.624114520225285e13
3.6458903664153626e17,7.14706493762946e18,9.562415141367845e18,3.629790840751249e13
3.645577238505258e17,7.153663820762454e18,9.56425781002369e18,3.63055227214177e13
3.64590940041268e17,7.152877853451978e18,9.580172532045701e18,3.6310769267630805e13
3.6456917907064275e17,7.153856766340718e18,9.5813774374236e18,3.626451145579825e13
3.6458404891875206e17,7.15554643915114e18,9.580258361160798e18,3.628991431026606e13
3.6572630472814496e17,7.157119868595026e18,9.579543156083292e18,3.714152747616264e13
3.6784007596462406e17,7.160461761070242e18,9.58215066439681e18,3.7158485294673445e13
3.678257006798242e17,7.160654537177361e18,9.586898140609608e18,3.715393451953307e13
4.030475972706695e17,7.158494790801596e18,9.598523150081554e18,3.716176549559215e13
4.0337401712905414e17,7.158688785638344e18,9.599952332845212e18,3.716476968501378e13
4.035703875954252e17,7.158623342749119e18,9.602879529947353e18,3.717894284267566e13
4.042023814761234e17,7.159106559094842e18,9.604393595523615e18,3.719286805232267e13
4.04266883267963e17,7.159031116720344e18,9.618125267516609e18,3.720329629895109e13
4.043421653418353e17,7.157943620936744e18,9.65154727120096e18,3.9739285740758664e13
4.1018798783492275e17,7.158067740198862e18,9.6459969081448e18,3.9736882875638516e13
4.10249676224196e17,7.158141506790312e18,9.643650270002713e18,3.974029459468243e13
4.1017598621368026e17,7.26799840200191e18,9.651186743762248e18,3.9743085648157266e13
4.102403647454452e17,7.269686256684836e18,9.652671036189708e18,3.9752325589532305e13
4.1034437342860314e17,7.270626597484641e18,9.656133803751487e18,3.986211327569635e13
4.103338724428188e17,7.270115559422646e18,9.65781612862627e18,3.986831052136429e13
4.7664607695242874e17,7.270011439555353e18,9.948426035325086e18,3.9835295092151195e13
4.924065487111939e17,7.270924264638279e18,9.946072398469024e18,3.9860955595213336e13
4.9252930758474496e17,7.267954875883139e18,9.953613639824787e18,3.9882383246104445e13
4.93793663413812e17,7.267880583426446e18,9.956815939701512e18,3.987731724782726e13
4.956845797009147e17,7.26705521821517e18,9.95890692579252e18,3.987009635535402e13
4.9576682179128845e17,7.265482690149728e18,9.96278644131875e18,3.986361498140298e13
4.9557516066732864e17,7.264409782874323e18,9.962526104013412e18,3.9868876597782984e13
4.9545656411897926e17,7.264106146054498e18,9.963936371180739e18,3.986495632974438e13
4.953383327863391e17,7.261753445891906e18,1.0224149807271526e19,3.99011309346286e13
6.113368223761004e17,7.26073021929868e18,1.0230322577000976e19,3.9908330361314305e13
6.11434560818919e17,7.260443428140414e18,1.0229307732248637e19,3.99575604063539e13
6.148094771342569e17,7.259987049941814e18,1.024162516895787e19,3.9954065693367836e13
6.149583310217199e17,7.259180466534687e18,1.0249858692394312e19,3.998015710432069e13
6.149508666487008e17,7.257720065768744e18,1.0251363931199676e19,3.997694028471261e13
6.152276141178694e17,7.275180338319942e18,1.025339097124017e19,1.7152618948759747e14
6.171390366748104e17,7.275126242702051e18,1.0253393259236653e19,1.715523148000982e14
6.17351616814919e17,7.282046090400598e18,1.0257525282550774e19,1.7152058376089225e14
6.174338067122292e17,7.282160600518722e18,1.0254601897521007e19,1.7149389281843403e14
6.167855845952873e17,7.28335160208181e18,1.0260351475661881e19,1.7391823362030612e14
6.164702952357792e17,7.287001795998532e18,1.0244765285071147e19,1.739461466245429e14
6.164172224499354e17,7.288304254114658e18,1.0369645144455504e19,1.7395933601351197e14
6.165830679843342e17,7.287395197638098e18,1.0370092802341896e19,1.7342044889348984e14
6.16711152954671e17,7.303969939390987e18,1.0385844876551135e19,1.7373620950189756e14
6.166730143332545e17,7.303662972644059e18,1.0384451007376861e19,1.736961482829902e14
6.166774389001481e17,7.302536183558525e18,1.0385778738693368e19,1.7371143740997772e14
6.165824176504534e17,7.30355840719262e18,1.0384279016503628e19,1.737521091198524e14
6.194303909440769e17,7.301226517071405e18,1.0385809847511085e19,1.738372668755887e14
6.194272673409638e17,7.302130695810532e18,1.0388159326220812e19,1.7399294431079584e14
6.194835771097948e17,7.300609819678753e18,1.0387343221977983e19,1.73977710230999e14
6.195799370491585e17,7.303278901319694e18,1.038812830819679e19,1.7395231296979944e14
6.194638669083565e17,7.304999223701906e18,1.0388238657991756e19,1.7394378941803812e14
6.194385852555685e17,7.305483747986499e18,1.038801613015743e19,1.7397613604432006e14
6.199314512837367e17,7.306981433363957e18,1.0389363738127684e19,1.7397354070646822e14
6.199269436851498e17,7.30700762008007e18,1.0388888347795018e19,1.7397499060207438e14
6.198519273182871e17,7.310164225230901e18,1.0387907506220892e19,1.7399798887465706e14
6.906449731772654e17,7.309028968051389e18,1.0387062724973887e19,1.7426454034518025e14
6.90756141981181e17,7.315788456500033e18,1.054792341818263e19,1.742681661925145e14
6.905073417422115e17,7.316594276026486e18,1.0548232717900548e19,1.742604640838411e14
6.90696990758075e17,7.316271992704942e18,1.056004256217108e19,1.7423677633132516e14
6.943159996808956e17,7.316261185513188e18,1.0782690735012151e19,1.7428185284169575e14
6.942542078347098e17,7.324616607520695e18,1.078412886832557e19,1.7430928921436688e14
6.945804957086403e17,7.32646725843043e18,1.0784297621000587e19,1.7438331194852412e14
6.945581620700726e17,7.326213628600252e18,1.0788628292524257e19,1.7440429227748938e14
6.970019948361279e17,7.326335810043068e18,1.0831848555687766e19,1.7570201602305738e14
6.972648952135176e17,7.334170357414414e18,1.0841872041876208e19,1.7583227338603403e14
6.994938494543535e17,7.33513396865477e18,1.0860564210446436e19,1.7583715095322353e14
7.449812152154186e17,7.336535918579498e18,1.0861167319143176e19,1.757907391526726e14
7.45528882987576e17,7.365736687980485e18,1.0859442915080675e19,1.757803315785851e14
7.457185936436861e17,7.367330377081952e18,1.0859722703312873e19,1.7572737642171884e14
1.0946757859862591e18,7.370827796956869e18,1.0859004569791347e19,1.757376531539917e14
1.0946269556766737e18,7.38531191756423e18,1.086038043005396e19,1.7575847034268072e14
1.0950711053505364e18,7.390558553023887e18,1.0861582980856164e19,1.7576070825128844e14
1.0949553830823839e18,7.389514163202927e18,1.0871830289639287e19,1.7576433786429397e14
1.0945733533513971e18,7.388743661580707e18,1.0870308256932684e19,1.7582906202507272e14
1.0946715404331876e18,7.387726769506546e18,1.0872934768192166e19,1.7563060609953406e14
1.0983525300361134e18,7.389241027869337e18,1.0877344726286119e19,1.756973956470534e14
1.0985568247880128e18,7.247253277918893e18,1.0874938529101998e19,1.758381467913629e14
1.0979324146710378e18,7.244962226585178e18,1.0929068312677976e19,1.758322358528089e14
1.0951073018809522e18,7.246834943019379e18,1.0926126662504827e19,1.7579180206675088e14
1.0953362816985917e18,7.257492019237726e18,1.093769657700072e19,1.7589770873345878e14
1.0950181851413427e18,7.25627690543167e18,1.0939445644246815e19,1.7594850277220834e14
1.0902550488400717e18,7.255197252800401e18,1.0943390588754475e19,1.7591723803988912e14
1.0903993016473759e18,7.377857943877821e18,1.1063480937436844e19,1.7594887755159525e14
1.0912904383158863e18,7.376894379998376e18,1.1073244546035094e19,1.7591621371118447e14
1.0911965808659302e18,7.374746625948163e18,1.1132193879669066e19,1.759147728513241e14
1.1208188193844529e18,7.375244616007545e18,1.1399447200681906e19,1.7664551231448766e14
1.1210725453467744e18,7.375260501422373e18,1.140188705055015e19,1.766364207605014e14
1.1212871880924015e18,7.433224056206183e18,1.141882572325917e19,1.7679747468716078e14
1.1217822543054072e18,7.433713236283013e18,1.1422164948862966e19,1.768848593379644e14
1.1219897206264198e18,7.642707476382131e18,1.1424927542670189e19,1.768931263007372e14
1.1228665910672257e18,7.64259824540707e18,1.1423454133361803e19,1.7679188403149288e14
1.1231348968295685e18,7.641074598000698e18,1.3930667322283338e19,1.7735397827460494e14
1.1226318733083986e18,7.642560446556947e18,1.3927747116805853e19,1.773304177168995e14
1.1232687351839828e18,7.655578578123401e18,1.4115571558577715e19,1.7837381256047e14
1.1252801210845188e18,7.740909147659783e18,1.411440989663666e19,1.7844874675767222e14
1.125444511307901e18,7.740177731170223e18,1.463172962560196e19,1.784734391581246e14
1.1257874876041618e18,7.74279633122042e18,1.4679600222777498e19,1.7849912335743066e14
1.1244055707422755e18,7.741838778723831e18,1.4682442197740165e19,1.7855819707002753e14
1.1245266772679242e18,7.74086127267128e18,1.4684673693001701e19,1.792184860897066e14
1.1250727030117862e18,7.741851752533649e18,1.4765910254610778e19,1.8035909737133016e14
1.1250841680485788e18,7.740714944861238e18,1.4765776582069658e19,1.803465361027535e14
1.1259765208285737e18,7.742248256476583e18,1.476961374771838e19,1.8061113779501766e14
1.1261213697350345e18,7.742841371257655e18,1.4770883212077214e19,1.8057676042409728e14
1.1268466891858994e18,7.739996223610505e18,1.477054526024805e19,1.806258166158259e14
1.127062074708919e18,7.74431847633531e18,1.4781385650179324e19,1.806526230362944e14
1.1265583495373274e18,7.74536683078155e18,1.4796547006043343e19,1.8074784432808784e14
1.1267281163547213e18,7.746511638272177e18,1.4798903239589532e19,1.8102367668301453e14
1.1270804665648723e18,7.746662124983794e18,1.4826586572438135e19,1.8363749220623947e14
1.127934244507898e18,9.54130754130325e18,1.4824491362745723e19,1.8366357748710447e14
1.1285266354129142e18,9.54407122520386e18,1.4823103763701303e19,2.026583475241635e14
1.1285012863024028e18,9.546353753492478e18,1.4861640895507608e19,2.0268629433365338e14
1.1286216203906636e18,9.548710220107848e18,1.4857876571201507e19,2.0270304242556566e14
1.1277267976996212e18,9.553280947531719e18,1.4862635204842932e19,2.027055718440929e14
1.126624127675088e18,9.602470916478835e18,1.486453414883915e19,2.026815459071863e14
1.1270412362640835e18,9.606027264769905e18,1.4862400715248767e19,2.0265149585345894e14
1.1272100533175286e18,9.619017377282961e18,1.4864788024473061e19,2.0287919529582244e14
1.1266381200627464e18,6.614793959966694e19,1.4901643992206168e19,2.0286877329363775e14
1.1268165234396498e18,6.614702756519992e19,1.5919780621449888e19,2.0325454570522816e14
1.1267536420442668e18,6.609767364146132e19,1.5922978146896605e19,2.032431452303289e14
1.1265536423737492e18,6.628282741880777e19,1.5928686539898442e19,2.0338367832387797e14
1.1267223429295973e18,6.632779027723397e19,1.5945521123892294e19,2.0648948493280303e14
1.1271386003768216e18,6.6729043786672005e19,1.5950807483409936e19,2.0653893991685012e14
1.1271407323105692e18,6.67474180684734e19,1.5964890662375483e19,2.0719303717829978e14
1.1292789184682358e18,6.675579533354232e19,1.5967166538006077e19,2.0724565202494475e14
1.1291558688098541e18,6.678182311767554e19,1.7331712791881509e19,2.072243504233115e14
1.1289611448854838e18,6.691544725824002e19,1.7325546425652132e19,2.0711592618128166e14
1.1289040753273395e18,6.691010607465168e19,1.7361640992889424e19,2.0718161195574978e14
1.1286499837007227e18,6.693670126559324e19,1.7366247554933508e19,2.071882995829579e14
1.129026125854486e18,6.694940760111858e19,1.7361855074065322e19,2.0721167563307647e14
1.1292678526889132e18,6.740385038786635e19,1.7367984834380454e19,2.070892228074072e14
1.130636720873238e18,6.784656426471199e19,1.7365056373932302e19,2.071088942872998e14
1.1304210509476293e18,6.787918280088731e19,1.7399256178384925e19,2.243290769712108e14
1.1304114162841655e18,6.788852779341637e19,1.7397367087665801e19,2.2428027351557522e14
1.1314956629483977e18,6.7920426676585366e19,1.7395934797595302e19,2.2626069562235897e14
1.1309439032604422e18,6.793450660377601e19,1.7402022884968382e19,2.2637537097373738e14
1.1311178895015784e18,6.8407520343289225e19,1.7735005290750175e19,2.2635696559218462e14
1.1312904003646161e18,6.8350290080087654e19,1.7761447806490999e19,2.274982996911283e14
1.1313981921322949e18,6.833938951418366e19,1.7765134448841687e19,2.2766362380885578e14
1.1317608466181896e18,6.833012456768556e19,1.7780394597484685e19,2.2766047481325434e14
1.1428869002869356e18,6.83752429745288e19,1.7778823448369015e19,2.2784289462741222e14
1.142804531709952e18,6.838412241337594e19,1.7782444010267625e19,2.278901410676762e14
1.1432057651230412e18,6.896972321757699e19,1.7828648858985384e19,2.277800489554656e14
1.1435569646353524e18,6.900543109040655e19,1.783172682601406e19,2.28088786344023e14
3.353765024967099e18,6.9016056960683835e19,1.7843707448821635e19,2.2818417652556903e14
3.3568905622006845e18,6.907766834335458e19,1.7847332011251616e19,2.2869590070574575e14
3.357362966887191e18,6.9087685768970674e19,1.7841484179817007e19,2.2865142613436794e14
3.357516278086577e18,6.908216635626477e19,1.7887214372516372e19,2.2857826951512422e14
3.356793622424146e18,6.90952775076619e19,1.7886625952862032e19,2.2849795678581984e14
3.3548783715337677e18,6.910073603466361e19,1.7889703877700415e19,2.285425653042066e14
3.354009396615787e18,6.910634821745537e19,1.7888982881143075e19,2.2852617956379366e14
3.39332857259724e18,6.9099771039087346e19,1.792282596709876e19,2.3123516878533462e14
3.392888685774369e18,6.913273232569945e19,1.7919105945201203e19,2.3141385418215647e14
3.396742490226371e18,6.91497794992594e19,5.056157181197841e19,2.313811546223738e14
3.40100400366838e18,6.916489151297498e19,5.058216317793941e19,2.924758423061306e14
3.4016293022597094e18,7.203564060488658e19,5.0575960650388816e19,2.924489206499498e14
3.4009324147732444e18,1.624586028352871e20,5.059021292169543e19,2.9289064936272244e14
3.4033789898603914e18,1.6249924223600984e20,5.05870261405123e19,2.934394132689258e14
3.4030066843962573e18,1.7120880165130496e20,5.057709075217518e19,2.936100955881195e14
3.4049053087661133e18,1.7126059951449175e20,5.0713488203677426e19,2.933691634889825e14
3.4051985999613865e18,1.730406169332826e20,5.072335235656105e19,3.017733102511089e14
3.510713966544872e18,1.7301331655894208e20,5.0724773263391056e19,3.018374500502949e14
3.514147572946012e18,1.7304646643073673e20,5.073288848513226e19,3.0181555899774975e14
3.5142167347617674e18,1.734379360993039e20,5.079574870467513e19,3.0207637559346994e14
3.5135366607951585e18,1.7351456573560075e20,5.07981961165485e19,3.0203472633721275e14
3.513554315732519e18,1.7599458186724108e20,5.074475453044847e19,3.0205248354717125e14
3.5130139533801334e18,1.7602717708917313e20,5.08690284175568e19,3.0202875639724744e14
3.5157707849307023e18,1.7602063378259365e20,5.0889161772680495e19,3.0215743307840444e14
3.506901801544152e18,1.7599490977558073e20,5.12355225636762e19,3.021161185539613e14
3.515137757172629e18,1.759833635681492e20,5.123534469250642e19,3.019140743834045e14
3.514550398211993e18,1.7604421686718126e20,5.128022058144383e19,3.02635553794682e14
3.5151905722722033e18,1.759928256644275e20,5.128248280042035e19,3.030716581292011e14
3.5151353669233935e18,1.760211542551297e20,5.128916241340638e19,3.031999777393591e14
3.5161529493431475e18,1.7603822197674204e20,5.129383563261407e19,3.0294698847826725e14
3.6530326732493947e18,1.7643986457696184e20,5.1309389897105514e19,3.029408243852249e14
3.6526489195644273e18,1.7608898398953538e20,5.131840803248728e19,3.0355949763557856e14
3.654751561065685e18,1.7610914439193864e20,5.1325217167546204e19,3.0348103260190906e14
3.6554476810349133e18,1.7698105040213934e20,5.133527248350114e19,3.0334620479946256e14
3.659399772850692e18,1.769635889691307e20,5.134959310818075e19,3.032851197024272e14
3.660058175946641e18,1.7694128376899312e20,5.16527282391251e19,3.032448011581821e14
3.6654199934982113e18,1.76935076380436e20,5.1970683381101806e19,3.0446418859339194e14
3.6645606226582927e18,1.7696425598225436e20,5.196551557946319e19,3.2142027288738325e14
3.665593852801202e18,1.7700442474957164e20,5.195316755291766e19,3.2306199399238275e14
3.6661392353811246e18,1.774554963472999e20,5.194950813171172e19,3.230253704790187e14
3.757960434210501e18,1.7748860566878156e20,5.194558951498325e19,3.229997590475534e14
3.7568419197710367e18,1.7752473809395758e20,5.194289026925102e19,3.227335860372062e14
3.7579911005129093e18,1.7759566609122836e20,5.193798337549903e19,3.32562656904634e14
3.7572537829803873e18,1.7757403162913882e20,5.192479243463734e19,3.331360798668328e14
3.7538550418787405e18,1.7755526659244127e20,5.192106567053734e19,3.331123211088134e14
3.763460502219844e18,1.7774102342215644e20,5.205956112776081e19,3.3446694037716006e14
3.7673161389457577e18,1.7774399025140004e20,5.217392484824075e19,3.3453449233551375e14
3.770304948061357e18,1.7776774499416906e20,5.22008153207165e19,3.345747478666868e14
3.7707904652290703e18,1.778526304406897e20,5.227613341524074e19,3.347306293995221e14
3.771742969884338e18,1.778784080915265e20,5.226906019500106e19,3.3478529682841244e14
3.7720215147244657e18,1.7822871136206448e20,5.226273654282705e19,3.3475870761415394e14
3.773604009723747e18,1.7825285364488684e20,5.227197084938255e19,3.348634437122198e14
3.772702461951636e18,1.783478885828626e20,5.227140475091251e19,3.373062958541208e14
3.771982171355471e18,1.7838874685659804e20,5.2283086323024675e19,3.372789560012084e14
3.772355557054178e18,1.7860206183602962e20,5.231252176989895e19,3.3729800676421306e14
3.772385231841251e18,1.7862996318099908e20,5.232600303422866e19,3.372316749181805e14
3.772382709646122e18,1.7908408936545334e20,5.2332329023088665e19,3.3712218021808356e14
3.828643305501566e18,1.791831087735484e20,5.2455861372504736e19,3.3850006426654106e14
3.828102326722043e18,1.7919838968882892e20,5.244096489679376e19,3.3850367699762156e14
3.8254759519736156e18,1.791574104711966e20,5.250934110141381e19,3.386299951054767e14
3.854087708235895e18,1.79181415886069e20,5.250188393513523e19,3.3869299112908906e14
3.8544462103108726e18,1.7920952915101984e20,5.249835439505734e19,3.3855102699053194e14
3.856150846684787e18,1.8428835687837912e20,5.252288089529045e19,3.3851585982999756e14
3.8572633498714276e18,1.8461560506541995e20,5.2535996718696006e19,3.385430933079658e14
3.858503230316805e18,1.8476967990995075e20,5.252683873482999e19,2.885401974437021e12
3.8581866870050627e18,1.847929789738546e20,5.253502736186157e19,2.8858875374376914e12
3.857361110084725e18,1.8481869916668373e20,5.254246982496873e19,2.8863595243282783e12
3.858499993411715e18,1.8524637029614794e20,5.2553796893887185e19,2.886651196441051e12
3.85804062354941e18,1.8529803034216117e20,5.2565753152358244e19,2.887688251630918e12
3.862657646668966e18,1.8530321705932046e20,5.256190986247928e19,2.8837127995895747e12
5.020708406299832e18,1.853735242496077e20,5.257436612749919e19,2.9153432089268955e12
5.01784968390972e18,1.8535148493844106e20,5.256973713055104e19,2.9152878892075537e12
5.032590647885779e18,1.8545477672969237e20,5.258130451973594e19,2.9149954232153867e12
5.032103949680759e18,1.8545530335082103e20,5.258949432454232e19,2.93899160643562e12
5.031725157378057e18,1.854658328100749e20,5.262628278618787e19,2.9404558746592075e12
5.033746725969459e18,1.8542391925502925e20,5.262783396355416e19,2.950607237872261e12
5.034923829519789e18,1.8563533162900632e20,5.263607488962876e19,2.9509186771185635e12
5.035651640961097e18,1.8633565925493247e20,5.262885294212221e19,2.9513554242929443e12
5.036566801352498e18,1.863947942513282e20,5.257396982248234e19,2.9521398071711772e12
5.04938217989809e18,1.8644739748341763e20,5.257228095002284e19,2.95135057169975e12
5.050340493251656e18,1.9068248667148822e20,5.258615463598684e19,2.9518217051608105e12
5.058682254562598e18,1.9063783644778142e20,5.258761025976195e19,2.9569634141120474e12
5.072869032023993e18,1.9151523032048357e20,5.260730109790165e19,2.957744077409184e12
5.077897587222791e18,1.915033985456181e20,5.26044950715459e19,2.959436844672426e12
5.077355642328279e18,1.91531156063068e20,5.260760496934238e19,2.9606915332578257e12
5.077429967712861e18,1.9197948495203785e20,5.26172330872181e19,2.961866350110343e12
5.076203209907663e18,1.920076736249914e20,5.2612594185061474e19,2.96163555405704e12
5.076912775527717e18,1.924033770600721e20,5.260285919813978e19,2.9626032317434116e12
5.077789710141629e18,1.927710427109875e20,5.2595811643357454e19,2.962390706291609e12
5.082413722103968e18,1.9279715442463808e20,5.263062827343942e19,2.964856218655183e12
5.267497539524556e18,1.92830080979752e20,5.2643200827370865e19,2.9620653088987144e12
5.267058740318219e18,1.9287741458394064e20,5.265290020888174e19,2.9619551795190605e12
5.2682940175363e18,1.944920853544166e20,5.2696920423296795e19,2.9619806435043066e12
5.266415189703383e18,1.9471816512581563e20,5.276824620400826e19,2.9616851692123325e12
5.26539151194796e18,1.9474557040505307e20,5.276478292143654e19,2.9617283755275503e12
5.282054068642508e18,1.948889946178727e20,5.278705706710529e19,3.009510840601544e12
5.28428665784786e18,1.949686377998531e20,5.279000814242887e19,3.009337943349382e12
5.284111993912126e18,1.9492491282774045e20,5.280541901703655e19,3.0099106806362876e12
5.284794094682777e18,1.9496629454144733e20,5.536234585798262e19,3.0096519078244e12
5.285667075784008e18,1.9494917683659027e20,5.539393526380482e19,3.010588279598736e12
5.28817602814332e18,1.949639632562973e20,5.541062339170426e19,3.011219123431331e12
5.289038389584163e18,1.9491649914302166e20,5.541744836842183e19,3.067080450634827e12
5.282830983428935e18,1.9478999625714955e20,5.542487236262818e19,3.067386992960404e12
5.282467719468731e18,1.9481535068522198e20,5.542515041730545e19,3.0678888140229414e12
5.285452069106013e18,1.94785388283049e20,5.544517071446505e19,3.06966312960578e12
5.287755173469975e18,1.9478987242883616e20,5.5432793239510745e19,3.1627642735088726e12
5.28878907358844e18,1.947709985197202e20,5.544091092145593e19,3.1713445610958467e12
5.28883512230574e18,9.386756361096627e20,5.551325002510778e19,3.2298676323110703e12
5.290030604099881e18,9.381148561006428e20,5.57695961751456e19,3.230714825326443e12
5.289175461119973e18,9.383953987548705e20,5.5777171083887935e19,3.2310876221780215e12
5.28189877090524e18,9.385537051087519e20,5.575159502345481e19,3.2289071804690513e12
5.316308901915118e18,1.0111055853476636e21,5.576623920141246e19,3.231153032087717e12
5.325567918683365e18,1.0115674709047939e21,5.821121211483411e19,3.231007092181766e12
5.32663366470917e18,1.0119725768509344e21,5.821234714405793e19,3.231921240275051e12
5.33525491228725e18,1.0121265902648247e21,5.820160420192562e19,3.2330498000227075e12
5.334934876097329e18,1.0121091690829477e21,5.822028677451656e19,3.329771204966312e12
5.334041013029417e18,1.0123653722495016e21,5.822767068443903e19,3.3296051577690737e12
5.334946587960382e18,1.0122309866107257e21,5.8264430039347724e19,3.353721144824983e12
5.334668128727946e18,1.0144731401049111e21,5.826212462225026e19,3.3536266088229517e12
5.335379437082135e18,1.0144616027616915e21,6.293812690536187e19,3.353839267145028e12
5.334392071065599e18,1.0146383060556158e21,6.295761239625688e19,3.3522687272121978e12
5.334254094916993e18,1.0147029725736419e21,1.7666929247960678e19,3.352857546175607e12
5.333803832488483e18,1.0150442520598691e21,1.7666799948534176e19,3.355273901187191e12
5.334347107498194e18,1.0556015851598604e21,1.7665914532744022e19,3.355317719945752e12
5.334174581091715e18,1.0555739582406685e21,1.7668778968778187e19,3.363678214288213e12
5.336485510887708e18,1.0560028132521677e21,1.780409302021851e19,3.378267405666012e12
5.342695615963438e18,1.0562998035847191e21,1.7808066476430223e19,3.378262719831205e12
5.342715204677129e18,1.0564412782279796e21,1.781647935371446e19,3.3789894100541274e12
5.343538808807857e18,1.0562847604764255e21,1.7814781649117637e19,3.378968525120092e12
5.342038724515891e18,1.0565577526250769e21,1.7818777017251506e19,3.379221281924349e12
5.362575892537419e18,1.056704647601844e21,1.7819160338234112e19,3.3804350637452334e12
5.386486448784058e18,1.0607526012837414e21,1.782128623169233e19,3.3766001659462476e12
5.387172621017645e18,1.0609416469889129e21,1.7831572422220999e19,3.3781971100319985e12
5.391901206430424e18,1.061332095982455e21,1.7830056388483668e19,3.3777618849423237e12
5.408531145197745e18,1.0613211370687769e21,1.78326079494696e19,3.377372651761298e12
5.416426577936718e18,1.0616764747678252e21,2.039693475652426e19,3.397664914504414e12
5.41705089416477e18,1.0652799375423981e21,2.0397536430877495e19,3.3971959038758706e12
5.417508009884577e18,1.065429008479294e21,2.0403694889744392e19,3.4179897649309097e12
5.416472654615827e18,1.0654271265462682e21,2.053000626932892e19,3.429196470158101e12
5.415583254003631e18,1.0653003241988949e21,2.346895905535445e19,3.429924942752654e12
5.4165935214659e18,1.0656137801805547e21,2.342575484243732e19,3.4273099170026416e12
5.474465012211944e18,1.067101150953181e21,2.3459462863372075e19,3.428202302148115e12
5.47532026596148e18,1.0672597436578212e21,2.3467823874403394e19,3.429176325830444e12
5.474609094279927e18,1.068012590668134e21,2.3468169394778382e19,3.429222743140953e12
5.487570752032214e18,1.0694517435411812e21,2.346556431805619e19,3.4320783941397505e12
5.487609056039921e18,1.0696515108088898e21,2.5205857522154217e19,3.4327850045067246e12
5.491549748448303e18,1.0994769931034857e21,2.5202533431392776e19,3.4334075172323457e12
5.492346270411506e18,1.0995447708332955e21,3.251586496748436e19,3.434111945620593e12
5.492644024924071e18,1.0998213838667187e21,3.2517899796320813e19,3.4346490486664326e12
5.493868489799605e18,1.1000153465727042e21,3.2515231528203485e19,3.4354140000868545e12
5.492906971214009e18,1.1001165249806932e21,3.2530035117465215e19,3.331515298566982e12
5.508870668299684e18,1.1004614069532577e21,3.254799427066317e19,3.332103852023565e12
5.557904038611698e18,1.1010512257254932e21,3.2553520586592293e19,3.3312514744326455e12
5.555932302625374e18,1.1034106002747531e21,3.2577138755642343e19,3.331863201137234e12
5.554814487832741e18,1.103382338664532e21,3.258665807600675e19,3.2180127181666987e12
5.553428557419295e18,1.1053658296123266e21,3.2603124705584677e19,3.2170955190250674e12
5.554037239956874e18,1.1055019096504091e21,5.766332954830714e18,3.218243415930249e12
5.554165349345044e18,1.1049807079884548e21,5.763001198915814e18,3.220009052675092e12
5.554919540829551e18,1.1048000895640823e21,5.760958175714216e18,5.174613684489377e12
5.554960905367522e18,1.1059060968186407e21,5.760624428164504e18,5.174528611125686e12
5.621616981709301e18,1.1060599750112625e21,6.073285740564602e18,5.175180352986102e12
5.622300648520604e18,1.1067485125894971e21,6.074153116236915e18,5.176103827512479e12
5.623724221760544e18,1.1075733981707616e21,6.076160907485582e18,5.177313938165307e12
1.2547345204232735e18,1.1075759987822512e21,6.078378797063966e18,5.192062318600852e12
1.2547663690405847e18,1.1113033907928848e21,6.079656817409184e18,5.192765335066962e12
1.2546673198911296e18,1.1115760819894648e21,6.089374952911448e18,5.191964329970449e12
1.2547059398333673e18,1.1133750881497781e21,6.089013543328162e18,5.191376282928638e12
1.2551163837790963e18,1.1135362633923271e21,6.090204855449757e18,5.190478917941813e12
1.2557273187793344e18,1.1137850971653729e21,6.089005048668469e18,5.251098516721987e12
1.255981705537323e18,1.1144358403142382e21,2.3382213467010224e19,5.250855216190325e12
1.256331118219711e18,1.1146023612471293e21,2.33790854839409e19,5.251025838633931e12
1.2550003573357906e18,1.1148569931615247e21,2.338347240934988e19,5.262694377024877e12
1.2551933970419412e18,1.1155293914577273e21,2.3394909553055793e19,5.263741798950775e12
1.255561849836951e18,1.2011424331474946e21,2.3393801732349755e19,5.264439911509043e12
1.255585069548278e18,1.2013527646592384e21,2.351045767483966e19,5.339821577103774e12
1.2557082013537633e18,1.2019161590931215e21,2.3512411910237757e19,5.341508814334001e12
1.2557721155871373e18,1.2019983809046472e21,4.802411579701495e19,5.342363351647726e12
1.2555967989164175e18,1.2019889581717882e21,4.803024886550199e19,5.3407610669782705e12
1.5523168952710456e18,1.39227629843619e21,6.215477579392042e19,5.341193898310994e12
1.5521847879037565e18,1.392519654294003e21,6.216050479110217e19,5.340617196964821e12
1.5523294489799939e18,1.392718603497325e21,6.321595762416672e19,5.340587365307472e12
1.5522359341665615e18,1.393225129369695e21,6.322043774787618e19,5.509651807612439e12
1.552358966109787e18,1.3958229798631747e21,6.328697176879453e19,5.51076397630928e12
1.553377119340423e18,1.395818686345872e21,6.3305829711933325e19,5.51148825907018e12
1.5536142206700762e18,1.396034862164116e21,6.342832388639015e19,5.510668268401137e12
1.5607122632287567e18,1.397191604557379e21,6.344989346115535e19,5.511953921049979e12
1.5610036780834478e18,1.3973015633699747e21,6.3472265060856594e19,5.511780526302341e12
1.5611266646331397e18,1.3978854456441315e21,6.350116152699158e19,5.515112345533747e12
1.5616467998005238e18,1.3980847109591626e21,6.350442329083623e19,5.516796119932864e12
1.5624384522707581e18,1.3980618609443846e21,6.349655453160373e19,5.517842129345314e12
1.5628793324521047e18,1.3977618511076076e21,6.35097315567029e19,5.523655474386085e12
1.563119679525124e18,1.4173770315752727e21,6.351485909887649e19,5.537696865019432e12
1.594784932901673e18,1.4177513365991774e21,6.483479317917902e19,5.537678391510377e12
1.5950192331040876e18,1.4191870992947287e21,6.489979597808154e19,5.538782228801734e12
1.5950728797172762e18,1.4190483319369286e21,6.49091092346914e19,5.539408981662602e12
1.5983601706341407e18,1.4192776897783718e21,6.493611298253256e19,5.631366340016168e12
1.5980739482555446e18,1.4201053413521692e21,6.511187339739897e19,5.659001041675866e12
1.6399746759306104e18,1.419851112940314e21,6.513478315617697e19,5.659510496997588e12
1.6405452447763384e18,1.4196684432389036e21,6.535162123630292e19,5.65903041133082e12
1.64147223808214e18,1.4200271603078267e21,6.5371011742946165e19,5.659862297717936e12
1.6722468228158292e18,1.4190958962163327e21,6.537426114038865e19,5.659135497874582e12
1.668969053470617e18,1.4199814554488335e21,6.538028080655554e19,5.659335868149967e12
1.6693275364270228e18,1.4199237391049928e21,6.5355390109707305e19,5.661409848496232e12
1.6691414443362698e18,1.4227299947454068e21,6.5424247783073645e19,7.180396810640507e12
1.669440755977356e18,1.422835761692345e21,6.543967530475927e19,7.187508565109606e12
1.7939687287072264e18,1.697863831713755e21,6.544116651658583e19,7.186858039186413e12
1.7946181418485176e18,1.6981281991653308e21,6.544488928680059e19,7.185083893185509e12
1.7944518253529457e18,1.697785296388742e21,6.545669690305114e19,7.186506312149416e12
1.794148272349395e18,1.697730360305479e21,6.545404046210286e19,7.185052160014381e12
1.7946115284396518e18,1.6975050872997224e21,6.553426725821046e19,7.330549606667897e12
1.7956700082168494e18,1.6970506762212831e21,6.553078566065567e19,7.330210702833524e12
1.7952315847522926e18,1.697525065886134e21,6.558187276978967e19,7.332846414713761e12
1.7956169007500485e18,1.697829165049085e21,6.563298489323611e19,1.3620591151763826e13
1.7959911770065009e18,1.7095677854208866e21,6.5628330578796265e19,1.3629836163623475e13
1.7963866398528479e18,1.7094172315924947e21,6.5696422365523485e19,1.3627879852997668e13
1.796324124992839e18,1.7093159216915006e21,6.571384265424205e19,1.3623130573427055e13
1.7965217214520635e18,1.7090978198504328e21,6.666278677739609e19,1.3645075711389846e13
1.7968093836183608e18,1.7114703850087467e21,6.6686757305031614e19,1.3642316411085516e13
1.79670604547815e18,1.7113750998311528e21,6.672820871089314e19,1.364612449832901e13
1.796059282590047e18,1.7111080892813615e21,6.684010601972064e19,1.3652210293526355e13
1.8231746293115062e18,1.7229175222448153e21,6.6847382799439766e19,1.3752148070082938e13
1.8235220036090606e18,1.7244167393324187e21,6.6873814074179985e19,1.3754636872794125e13
1.8230478468464108e18,1.7243703593549583e21,6.687157456511498e19,1.3812855143659408e13
1.823735565380653e18,1.7330077439081322e21,6.6874939648625295e19,1.381563406955282e13
1.824587458953578e18,1.7328216606769509e21,6.687346749151565e19,1.3812409867875969e13
1.8249049276480077e18,1.733652473427246e21,6.688502571682389e19,1.38134126658821e13
1.8245815233665472e18,1.734087152075956e21,7.734095866849629e19,1.385597057844097e13
1.824927830560515e18,1.7500046888087045e21,7.737890093699549e19,1.385777806080851e13
1.8264603901008018e18,1.7503788688739703e21,7.738632462784333e19,1.3859795800744275e13
1.8263185153918456e18,1.7501804760300855e21,7.73834181768425e19,1.3860444895568844e13
1.826755538434947e18,1.7504626669127708e21,7.741150363346107e19,1.3860811691300988e13
1.8264331413762547e18,1.7501851553922186e21,7.740848222601354e19,1.3865588249944943e13
1.825082523520403e18,1.7501763513562652e21,7.74190732730989e19,1.3861688953575336e13
1.8255395446611866e18,1.9475125839944229e21,7.750271495495308e19,1.3864628714272793e13
2.1773077446206275e18,1.9471268533842228e21,7.751335605806198e19,1.4019347200364338e13
2.1776113547709312e18,1.9470512783980765e21,7.752121959761127e19,1.4019467131978404e13
2.1768698944136307e18,1.9471563500518763e21,7.752487002464916e19,1.4058253404389479e13
2.1783055845655693e18,1.9469452096771169e21,7.755227035912883e19,1.4058183418531068e13
2.1406858031618957e18,1.9471933608791035e21,7.754524076043367e19,1.4661233280453979e13
2.1405903806392963e18,1.948738283983026e21,7.753805769668074e19,1.465882017806234e13
2.1568209338593592e18,1.9485722940899055e21,7.748724601519725e19,1.4690115014155084e13
2.1559148339092183e18,1.9533250327928266e21,7.748652544903524e19,1.4688618566142184e13
2.156574966660542e18,1.9534184260726085e21,7.744710276426718e19,1.4692274976817848e13
2.159300315483528e18,1.953197090226286e21,7.74058985390296e19,1.4696015770174768e13
2.1674388437304886e18,1.953357729746505e21,7.73985965913611e19,1.4694375557209965e13
2.1680681357132388e18,1.9538251264177768e21,7.737943334981516e19,1.4697532576517781e13
2.1678287639243364e18,1.9541300112046298e21,7.740371047951874e19,1.4720342135122064e13
2.1676572221886438e18,1.954363199872108e21,7.742865593194206e19,4.505086884919396e13
2.1690728651585618e18,1.9550703683270528e21,7.74145285220621e19,4.504759031891882e13
2.194562807578484e18,1.955167227822618e21,7.741155833795027e19,4.504598835056813e13
2.1975512623393093e18,1.9552174828454297e21,7.740775109304123e19,4.5206261529056195e13
2.1974681270351803e18,1.9571300389436085e21,7.741405583257405e19,4.5358636264756336e13
2.2655121021686945e18,1.9647424648752925e21,7.742846326727721e19,4.542914234602971e13
2.2682529676409288e18,1.96589441073013e21,7.744640766951319e19,4.573633220194553e13
2.2711060100898732e18,1.9656367811876044e21,7.745967317968832e19,4.587918327771029e13
2.2724467773297385e18,1.9702126432176667e21,7.749567868565507e19,4.586668425853361e13
2.277976649010955e18,1.9719534752915826e21,7.7505367300213e19,4.5855576741694336e13
2.278995280951313e18,1.972431525090423e21,7.749470628032163e19,4.595607015263544e13
2.2793213945552714e18,1.9736097184648869e21,7.749251904711349e19,4.595421842078609e13
2.279129266745778e18,1.9729628612984059e21,7.748590127288854e19,4.596779473638998e13
2.2796364816153797e18,1.9727764257019e21,7.750028352528287e19,4.597654347901191e13
2.281588323372691e18,1.9740304184752708e21,7.751797740661236e19,4.598462432786002e13
2.2810874856228708e18,1.9748978775114538e21,7.751317048674612e19,4.598070138925649e13
2.2817896399952497e18,1.974958496410802e21,7.752368107465682e19,4.9377823048738945e13
2.2823501878991588e18,2.013019956331079e21,7.746572139431508e19,4.938533842850663e13
2.2816903824446948e18,2.0129362029518885e21,7.74817027019426e19,4.940174303096361e13
2.28138999422527e18,2.0132692210925474e21,7.74933959443583e19,4.939470753085887e13
5.428980824847873e18,2.013379361646833e21,7.756413737162937e19,4.938809360970668e13
5.810520065568977e18,2.0284750208936022e21,7.757470116978888e19,4.938713710942053e13
5.811039574244905e18,2.0282697453969586e21,7.757193597486298e19,4.938787313842384e13
7.988001949711796e18,2.028464238283469e21,7.758170592862942e19,4.939152165875032e13
7.989517992586865e18,2.028277350224993e21,7.759267433025747e19,4.944876868053569e13
8.000589326059934e18,2.0286432041342562e21,9.820852582470233e19,4.944922454900589e13
8.015389189115742e18,2.0284310149516847e21,9.822492110085592e19,4.941171433112066e13
8.014271332470339e18,2.0279362925667578e21,9.671811364290542e19,4.9405713052062516e13
8.018085575479004e18,2.02861972442919e21,9.673725123521584e19,4.9399728910131305e13
2.2649498162615267e19,2.02834760762861e21,9.67282727193133e19,4.9393992872693375e13
2.2701795514508902e19,2.0322596443883255e21,9.66902619259704e19,4.94009427808095e13
2.2708490442767176e19,2.0340404685583336e21,9.671155615177304e19,4.940922460037132e13
2.271000374309072e19,2.0337754345351325e21,9.674020093238328e19,4.941087142684332e13
2.273080767828205e19,2.0341675843285887e21,9.774144756726104e19,4.942604169927721e13
2.273518829603093e19,2.035272121523781e21,9.7840874379782e19,4.9455388887760414e13
2.275351107343467e19,2.035288622126646e21,9.78794867595695e19,4.94430073611099e13
2.2750455698224718e19,2.0381297554628217e21,9.808224950502456e19,4.944942632002987e13
2.2806221002940563e19,2.0382149355363393e21,9.809032111942803e19,4.949562051102178e13
2.2815713460896023e19,2.0379793768383193e21,9.809257663964814e19,4.949929482887172e13
2.281695305887339e19,2.0375110722810392e21,9.82350169300519e19,4.9527211484222375e13
2.2814690432164745e19,2.0378409752729134e21,9.824232469252904e19,4.95824491439268e13
2.2819015543506276e19,2.972487059486907e20,9.824981732777053e19,4.959519950890305e13
2.2820290890728104e19,3.000771098931582e20,9.82755305369729e19,4.9592864956412086e13
2.2820029603068383e19,3.001126169985834e20,9.832564122613614e19,4.958375957490171e13
2.2820218592364794e19,3.0137290123522094e20,9.84091670336009e19,4.95911882012485e13
2.282822229457394e19,3.0189824631180486e20,9.839908186086243e19,4.959886712504663e13
2.2863426584326824e19,3.0216725273163524e20,9.838741708344404e19,4.972314599885048e13
2.2870094282525786e19,3.020279244279459e20,9.846155341443008e19,4.972077461978375e13
2.287099076902554e19,3.0167370480245336e20,9.845517995610199e19,4.971657428046271e13
2.2870501710122656e19,3.0333193092531736e20,9.850355865435413e19,5.0006309255190336e13
2.286764135402833e19,3.0351381986134956e20,9.969614027659562e19,4.999916919366053e13
2.286309188263618e19,3.034465430781947e20,9.973953465891332e19,5.0010955484142664e13
2.285946387752771e19,3.052133627774153e20,9.975707827274293e19,5.000882269382407e13
2.286703245739723e19,3.0515445341079477e20,9.97808031251273e19,5.001525489354196e13
2.287603188378995e19,3.0523475734802484e20,1.0006152349308038e20,5.003481474476752e13
2.290340410702651e19,3.0537143388872304e20,1.0005941935502395e20,5.015988131783282e13
2.2912256621434212e19,3.054498630166599e20,1.003684095383014e20,2.63370315527912e14
2.2932326845038584e19,3.125703898859165e20,1.0040369405372581e20,2.6341703527492044e14
2.3349188165208814e19,3.128331333793168e20,1.004351027981882e20,2.6346637039183512e14
2.334589938217312e19,3.130966159380048e20,1.00505564705822e20,2.6366963407394006e14
2.3349046639535858e19,3.1389490750079513e20,1.0053539813471397e20,2.637124633257691e14
2.335383983015342e19,3.139381997469802e20,1.00543855860779e20,2.6375241491822775e14
2.334355597628136e19,3.140053145817961e20,1.0055168357753088e20,2.7438546373261794e14
4.386501012771993e19,3.144057348820609e20,1.005508590944884e20,2.744995079247508e14
4.3866502475452604e19,3.373921099097486e20,1.0057836785299677e20,2.744204275106171e14
4.385682270210598e19,3.3745999809624074e20,1.0057810624598553e20,2.744833612213249e14
4.393607214063421e19,3.374583530538091e20,1.0059811820064247e20,5.53342252395938e13
4.4411344011510284e19,3.375522782937511e20,1.0061639683363386e20,5.538597751651562e13
4.442575530545694e19,3.380532121566533e20,1.0064006116919461e20,5.538456614893086e13
5.1072216179371926e19,3.382283645504652e20,1.0065870686826116e20,5.5405062776998805e13
5.113879671648294e19,3.4191610550286497e20,1.0066471468837452e20,5.5415071262635664e13
5.114747834768221e19,3.419619290429218e20,1.00678175409262e20,5.541401178280851e13
5.114096578000396e19,3.4201266890794356e20,1.0084634215862164e20,5.54275125122814e13
5.11530145741186e19,3.4221645121964986e20,1.0065921171537537e20,6.107244510257725e13
5.114486320094193e19,3.4207351938278385e20,1.006624464392038e20,6.108135055093297e13
5.114503269707422e19,3.420566603267779e20,1.0066843579374836e20,6.107770370457567e13
5.12011560789056e19,3.426391799427322e20,1.0070701259973888e20,6.131711917629649e13
5.1173932927617384e19,3.436837847402861e20,1.0130351382486326e20,6.13118129355968e13
5.117224623238036e19,3.438060254944846e20,1.0204660102648434e20,6.168294886255564e13
5.182509982224578e19,3.441757517816302e20,1.0206780687798567e20,6.1703010425295164e13
5.180500652557947e19,3.4392230333779667e20,1.0201400588955471e20,6.1696511188759086e13
5.18455526016247e19,3.437627330779523e20,1.0203728230027213e20,6.169863637254446e13
5.186259993889971e19,3.436976972001862e20,1.0206148277299126e20,6.171403525524625e13
5.185528655206472e19,3.4366578044303645e20,1.0209708179841914e20,6.279438217244613e13
5.183148368399584e19,3.434556633684636e20,1.0207413815842547e20,6.278840602204384e13
5.182494723061875e19,3.433887149642568e20,1.0212333863476568e20,6.277244306979386e13
5.182196426494521e19,3.4336878600503335e20,1.021801377744449e20,6.276877214321823e13
5.182146602133686e19,3.4342700737201255e20,1.0219377527489923e20,6.277921432305153e13
5.181665452100501e19,3.4338668806928584e20,1.0221283301697366e20,6.2765104477616836e13
5.188376877903578e19,3.4412300683737176e20,1.0225103602447254e20,6.284409456081337e13
5.186869841575308e19,3.443774805168827e20,1.0222559294791757e20,6.290625169666718e13
5.190412184094575e19,3.443111031332172e20,1.0221907532000811e20,6.289961868464044e13
5.1899269890665546e19,3.442939162179128e20,1.0230417024987981e20,6.293526375527358e13
5.1905543251744055e19,3.4423210476274804e20,1.02295997042055e20,6.295124431462515e13
5.1902506885080785e19,3.4439196479319946e20,1.023157580655334e20,6.319551193966677e13
5.6982769398756925e19,3.4454251702131216e20,1.0230135803667785e20,6.320785225520092e13
6.057380115066384e19,3.463114693822802e20,1.0232916301017253e20,6.339104935999496e13
6.058352302734703e19,3.4621829236209254e20,1.024097435893509e20,6.34744885920441e13
6.065315526392325e19,3.651709799496573e20,1.0241524457498798e20,6.35112835033452e13
7.718216091072596e19,3.65052957790006e20,1.0240943921716045e20,6.360127652943146e13
7.72166888343433e19,3.6512427459150525e20,1.0244687052637866e20,6.359303936070452e13
7.726035186049144e19,3.6519070647554474e20,1.0248251550407665e20,6.359070705021782e13
7.725667963454185e19,3.65617840010417e20,1.0249810688648544e20,6.2905197766094266e13
7.731634794406552e19,3.657286032427524e20,1.0250268954796889e20,6.290644308644671e13
7.747590124497894e19,3.664795658706451e20,1.0252497010981839e20,6.2901653481124914e13
7.741927416376128e19,3.6661642868853126e20,1.0237851211040881e20,6.2916835032996016e13
7.741437788837492e19,3.6660899293675e20,1.0237128163611142e20,6.634675816333575e13
7.74284211466461e19,3.6665580854792906e20,1.0236713472208878e20,6.633813089633272e13
7.751285726483644e19,3.672008172107088e20,1.0235468915205523e20,6.633545482928168e13
7.751959517410584e19,3.672494465252794e20,1.023185992432886e20,6.633107290436576e13
7.75105668282463e19,3.6735405718381815e20,1.0230815057289752e20,6.636376334560505e13
7.762297820441307e19,3.701845179757536e20,1.0228256256081084e20,7.332859951610789e13
7.767996273940537e19,3.700124047333826e20,1.0228410326183327e20,7.337671041673898e13
7.76484726506609e19,3.700704836621747e20,1.0236517831237114e20,7.337339826831662e13
7.763545158752168e19,3.710255581070866e20,1.0246166326064801e20,7.338813086196108e13
7.863763137486943e19,3.694996245640176e20,1.0253434702047692e20,7.340165954079714e13
7.86568156542261e19,3.6957762873960556e20,1.0252730616842804e20,7.34185959286642e13
7.869645099046443e19,3.8339914928962444e20,1.0254772984689441e20,7.34283183692798e13
8.036525104899754e19,3.835979219533196e20,1.0276201979951666e20,7.34403157248721e13
8.037575749532659e19,3.8379692529462e20,1.0275552508291133e20,7.344151387398827e13
8.071694724580694e19,3.839235387550237e20,1.0311534738192166e20,7.348202542203961e13
8.099317925514199e19,3.840780523878611e20,1.0313178707118168e20,7.346806384840783e13
8.100753793757821e19,3.8414912034729565e20,1.0311826151808598e20,7.360129858574366e13
8.099192909645955e19,3.8420678631429105e20,1.06524041290394e20,7.35954614808228e13
8.097758745260048e19,3.844989319367783e20,1.06544205570041e20,7.366550555714775e13
8.098773371169715e19,3.846048730896819e20,1.0653847998897208e20,7.376170003374642e13
8.141374311164124e19,1.8274606109665185e20,1.0675256155194696e20,7.375498619321306e13
8.143459228804946e19,1.8335703475535793e20,1.0676793713647324e20,7.375894624207355e13
8.143711036488093e19,1.833692029775127e20,1.0683233839330506e20,7.374805870578112e13
8.17474580108602e19,1.8348121754922566e20,1.0682741802655058e20,7.379131084564139e13
8.176934373886989e19,1.8363415358096186e20,1.068545498463498e20,7.440280685546692e13
8.172602558634254e19,1.8367687888678866e20,1.0690388381268315e20,7.440595438475444e13
8.148551188937282e19,1.8384567272287175e20,1.0691432808714741e20,7.442802691124195e13
8.15048022622846e19,1.8389354642137848e20,1.072319665369034e20,7.465058172707619e13
8.188840594415939e19,1.8630237970856572e20,1.0723448708695007e20,7.466594255204084e13
8.189299260589015e19,1.871534868152385e20,1.0721271907039547e20,7.465455596206247e13
8.21348674591464e19,1.8679968319160913e20,1.0736004602070571e20,7.472383712952622e13
8.216052095653246e19,1.8684616178740747e20,1.0741656016342978e20,7.473609367286422e13
8.220649098563522e19,1.8711947250980313e20,1.0742320356151706e20,7.464099893631908e13
8.243385734814523e19,1.9061683133420097e20,1.0758055400425708e20,7.463393097934369e13
8.246771026484642e19,1.905580264481407e20,1.0759619198889507e20,7.460705402122588e13
8.246272816307115e19,1.9050111226264456e20,1.0780485667364597e20,7.459774223464988e13
8.247758272066535e19,1.9153621881008813e20,1.0779730742622575e20,7.468813879610277e13
8.246462159333566e19,1.9149416448393685e20,1.0780112187469501e20,7.470367103334055e13
8.245228183811621e19,1.9428292407385385e20,1.0782170579510649e20,7.469896632066039e13
8.244434231029981e19,1.9431032853848215e20,1.0782455481704161e20,7.476050175778455e13
8.235051074559182e19,1.949462222441335e20,1.0781778455770754e20,7.47723355152239e13
8.235017960156771e19,1.9496133496929554e20,1.0791594984206713e20,7.47824137061712e13
8.232790185521265e19,1.949363699586771e20,1.0795885496975796e20,7.540981398635369e13
8.234666825420654e19,1.953020047351065e20,1.077827537089462e20,7.540068516701673e13
8.234074112125442e19,1.9525667096534208e20,1.077774422507873e20,7.53992940674283e13
8.229619195926659e19,1.9538765145463646e20,1.0776954041340646e20,7.54028526635051e13
8.30233243702141e19,1.956150741017173e20,1.0795836152955607e20,7.53772373864352e13
8.311124138080353e19,1.9574077057456695e20,1.0802627916932515e20,7.538727940828534e13
8.352919285878278e19,1.961515958842337e20,1.0805478683123522e20,7.539260667107992e13
8.35625671218422e19,1.96194588819536e20,1.0805324575594036e20,7.542473510802892e13
8.357355442731177e19,1.9620799709353253e20,1.0807247252917867e20,7.548989634119395e13
8.360682384528831e19,1.9623937932446122e20,1.080615643701905e20,7.548551407945153e13
8.363899263202737e19,1.9592215342310028e20,1.0803881686079073e20,7.548286371739752e13
8.45721414147117e19,1.9612797333441115e20,1.0803718691103108e20,7.547295236376114e13
8.456122758474082e19,1.9607445091641318e20,1.0807077934373926e20,7.551500273265555e13
8.457089089952426e19,1.961948112539406e20,1.080586890541395e20,1.679041476202038e14
8.456473155623189e19,1.9660279824921094e20,1.0809256994227087e20,1.6805201757340572e14
8.728507172033718e19,1.9661082600666386e20,1.0802665258617014e20,1.6808307095823906e14
8.743949881829597e19,1.9676163221334327e20,1.0804434091312765e20,1.6822125776248584e14
8.743328428266578e19,1.9682174354709702e20,1.081258889924503e20,1.682362366314867e14
8.751768563403665e19,1.9683054206950677e20,1.0811568439465855e20,1.682533962962376e14
8.756864226980844e19,1.9680393714768662e20,1.081050692085058e20,1.6825257656276988e14
8.762344515458848e19,1.9675978813544212e20,1.0817890913312835e20,1.6823682264157056e14
8.783942094554538e19,1.9681680881304984e20,1.0816910116799321e20,1.6826143062105738e14
8.781588561581235e19,1.9696391178310215e20,1.0819976224805647e20,1.683100517208961e14
8.782085673870634e19,1.9693900808572377e20,1.0821638575504245e20,1.6820047434889903e14
8.78482477245197e19,1.968798945264199e20,1.0823106412666028e20,1.68179606190601e14
8.788861964358099e19,1.9681244731411802e20,1.0824546545210648e20,1.6803749967765238e14
8.788442092314293e19,1.9687420654583526e20,1.0826781664361046e20,1.6801967927154125e14
8.787847813254932e19,1.969158118503727e20,1.0833512897611704e20,1.6804251069509722e14
8.894214771790504e19,1.9736250776683997e20,1.0840148235914618e20,1.6803322121206278e14
8.89556155939374e19,1.9747359097672512e20,1.0823877272432006e20,1.6806749315086916e14
8.90725485110772e19,1.9754306938812993e20,1.0826880458379526e20,1.6844584512597953e14
8.908575093420129e19,1.976420341117122e20,1.0824678970587637e20,1.6842251863335822e14
8.917340973157084e19,1.9769042492260132e20,1.0824589406341264e20,1.7232646022405375e14
8.918841237279089e19,2.1155899327842645e20,1.0823226928673087e20,1.7241025545677153e14
8.920114479770247e19,2.116497529795082e20,1.0822953712922806e20,1.724097640233223e14
8.974644558209314e19,2.1256372492422087e20,1.0822687151984309e20,1.7548317046294897e14
8.97594084598827e19,2.1254316839394928e20,1.0824527586735741e20,1.7553074165542803e14
9.055765160306257e19,2.1257355994453656e20,1.0828863629277305e20,1.755671322318034e14
9.108298254720182e19,2.1280754683046825e20,1.0830488700656558e20,1.7558436272670594e14
9.10943978302808e19,2.129284085594015e20,1.0839487163903394e20,1.7556143733370156e14
9.111581140793123e19,2.1343147736907874e20,1.0838073678358374e20,1.7552823394267822e14
9.11288391640482e19,2.1347754936440694e20,1.0838807768598415e20,1.7555951817456266e14
9.115656625087562e19,2.1405282122891664e20,3.880288298300342e20,1.756119357515371e14
9.113741783739636e19,7.226387266132732e21,3.879875337174276e20,1.7559179200815653e14
9.124628970085922e19,7.228553389642841e21,3.8809822077702616e20,1.7558411520127534e14
9.122793252348571e19,7.228718921612707e21,3.880329813177631e20,1.755632510317364e14
9.124519574111425e19,7.227909128241776e21,3.888702982735579e20,1.761714436194072e14
9.12271122589476e19,7.228217310139136e21,3.8886514276705396e20,1.7648881713550478e14
9.120802139050892e19,7.230439519474085e21,3.8891476774307686e20,1.7650578908657112e14
9.123532498043268e19,7.234107176706272e21,3.8888806720151034e20,1.7660396710480644e14
9.128538173560375e19,7.233151677262014e21,3.8882493916839916e20,1.7659623971164316e14
9.134027479633381e19,7.262549617235592e21,3.891102324819794e20,1.765899227544128e14
9.224889570889594e19,7.264699289974294e21,3.895438608914295e20,1.7665871500311603e14
9.227699338110262e19,7.27128726720379e21,3.895501783420814e20,1.7665207383208312e14
9.232088413167537e19,7.270965948429102e21,3.8961583912084963e20,1.7665295743660872e14
9.232110526616864e19,7.271550245275047e21,3.896905624715451e20,1.7701121064476797e14
9.287908594835753e19,7.277774101742987e21,3.8976900695902224e20,1.7698985757106862e14
9.28934703040988e19,7.283215761867123e21,3.889157226499945e20,1.7745778447188172e14
9.288505873410099e19,7.28238595258896e21,3.8907594674697516e20,1.7747596563554572e14
9.295240344617093e19,7.28515052878095e21,3.904687276998184e20,1.787346888495237e14
9.293297467381747e19,7.307221179732636e21,3.907517876204324e20,1.787382485752002e14
9.294086992140973e19,7.303939791836203e21,3.9527429196761386e20,1.7956350132939188e14
9.309617769570109e19,7.345640005944476e21,3.952607215248773e20,1.796442463692227e14
9.332847690755736e19,7.345905094012871e21,3.959630431413481e20,1.8007892884359366e14
9.335319232817819e19,7.346632017069234e21,1.5761775500456338e21,1.8219677426657275e14
9.338560145239358e19,7.349328345318319e21,1.5824002006301947e21,1.822935530493516e14
9.338353114548137e19,7.349873659588202e21,1.5822256407423932e21,1.8265793025098525e14
9.34067739571339e19,7.350129443276155e21,1.582504209741491e21,1.8271051272135394e14
9.338730289229182e19,7.350113777771549e21,1.5826662838515574e21,1.8269194078666494e14
9.342035122675417e19,7.349018170402343e21,1.5828846498835907e21,1.8306997599998312e14
9.343322199689159e19,7.375467949715581e21,1.5829858476095426e21,1.831604355247381e14
9.374694767628306e19,7.374424714798546e21,1.5837026505406604e21,1.8342425035651103e14
9.377371176670883e19,7.392989886669513e21,1.8869264463841458e21,1.8377221512487056e14
9.37878286596406e19,7.393996620586279e21,1.8871596327127684e21,1.8390549373612056e14
9.381074063458712e19,7.390922430127165e21,1.888620873953746e21,1.838712797667117e14
9.380157687030309e19,7.392454642126532e21,1.8889197271595276e21,1.839170704626387e14
9.399953997315283e19,7.392226942492664e21,2.8026678808220752e20,1.839148120206339e14
9.39928818414275e19,7.395253514265501e21,2.8045248752341418e20,1.8387900606346984e14
9.396760750016699e19,7.396075078928602e21,2.8043353688637814e20,1.8391518998173797e14
9.39888652725576e19,7.39869465142527e21,2.8044951737765983e20,1.8478590759961112e14
9.400972829738926e19,7.399588245288263e21,2.8140766935988745e20,1.8468015080913984e14
9.398711334888831e19,7.404232533639985e21,2.812776054358956e20,1.8478518569284512e14
9.48359260516667e19,7.404903650406097e21,2.8133327252819516e20,1.8476225783693197e14
9.484802730959356e19,7.40665132183211e21,2.813177093335629e20,1.8482563554811775e14
9.485943481695584e19,7.40767660668569e21,2.8134028358302807e20,1.848488428346245e14
9.487848774244785e19,7.406686665182349e21,2.813399034657935e20,1.8636821359828303e14
9.504381035248543e19,7.407923478684005e21,2.930585656745738e20,1.8651708298499812e14
9.502403028644641e19,7.405363156838691e21,2.930263899669744e20,1.8655016244439938e14
9.500759234702924e19,7.39529873732008e21,2.9298835697697908e20,1.8814037979587772e14
9.502052887563095e19,7.396183840771004e21,2.9302996635195605e20,1.8820108839816728e14
9.500337273066932e19,7.397170535604012e21,2.9307472228725116e20,1.9332397442775775e14
9.53613070762821e19,7.425328556565411e21,2.9303715523209075e20,1.9448661051726472e14
9.55134633387037e19,7.428893618260792e21,2.9317532850965902e20,1.9472318787928234e14
9.553351931174937e19,7.428914309312384e21,2.932543333956221e20,1.9464707065777144e14
9.550324403401197e19,7.428362661255754e21,2.9371747900723613e20,1.9421277737828316e14
9.553454204751263e19,7.429362177270765e21,2.9381608319022383e20,1.9426175614635666e14
9.554837417204838e19,7.356794447121937e21,2.938043450417153e20,1.943520255794451e14
9.554687433732481e19,7.360936414924671e21,2.9393111264831468e20,1.9432463260013575e14
9.557715332749045e19,7.361998589948253e21,2.93697355393998e20,1.9493756051526172e14
9.728779589759782e19,7.366853703243183e21,2.9379141772362754e20,1.949571757824332e14
9.740135004652759e19,7.366803736110927e21,2.9396393227071907e20,1.9495093007588306e14
9.738032272065456e19,7.369478470050642e21,2.9404000009525703e20,1.949907511896231e14
1.2074047549142396e20,7.372103916267733e21,2.9411977759214607e20,1.9515580320023622e14
1.2079065593956549e20,7.372015050575158e21,2.9405655148229794e20,1.9515151731533053e14
1.2087628408811494e20,7.374943906114451e21,2.945704044808367e20,1.9514912555510116e14
1.3759572699751858e20,7.376079221394801e21,2.9460593070723242e20,1.951515742447179e14
1.3767744156636697e20,7.375318157269678e21,3.3324652517624066e19,1.9526507418297462e14
1.3773765839399325e20,7.374813556647739e21,3.3330548376049865e19,1.9533877951065794e14
1.3823503037821162e20,7.37710989815951e21,3.3367552806396166e19,1.9533969138080047e14
1.3894046797212366e20,7.375418999118788e21,3.337489258672318e19,1.952928328111062e14
1.3895271912004693e20,7.376409934014947e21,3.3388785158625333e19,1.9530705823068566e14
1.3907586650378889e20,7.374088028260512e21,3.339016680703059e19,1.9528817221816497e14
1.3858397860551991e20,7.373397348029401e21,3.3385264935772103e19,1.9531592567013447e14
1.3881390497728555e20,7.372411924130533e21,3.339408598387357e19,1.9534059159015506e14
1.3883364197815055e20,7.414746199942068e21,3.3431980516034454e19,1.9537087678095438e14
1.3888911263263356e20,7.415719300301404e21,3.3129512260185436e19,1.954248604359977e14
1.3886676423119315e20,7.414900243623174e21,3.32420396597205e19,1.9516990052227994e14
1.3883904171447555e20,7.414396721269774e21,3.323477992712393e19,1.9488971764704375e14
1.3896885251507675e20,7.415297340154365e21,3.323975174218777e19,1.9489935354676053e14
1.3895334637259049e20,7.423683004545288e21,3.3379252850315444e19,1.9487419923431438e14
1.3899403637682995e20,7.423261795883197e21,3.33738355558914e19,1.9599833491453912e14
1.3897935929493094e20,7.422330427877725e21,3.3386018333560037e19,1.9597112861430753e14
1.3909432513089477e20,7.421385517156717e21,3.3379758884322677e19,1.3909151129810172e13
1.3906090497231885e20,7.420279440095321e21,3.3384367401448698e19,1.3912319413060518e13
1.3908642790913447e20,7.418781706887217e21,5.962911609595623e19,1.392133322127912e13
1.4427562692338826e20,7.420238974564672e21,5.964173003070499e19,1.3924081963235547e13
1.4445558577506555e20,7.42837140760453e21,5.9754691385578775e19,1.3932575678592994e13
1.4459279285758371e20,7.496506186112319e21,5.974002274188182e19,1.3931936271387715e13
1.4443711687548009e20,7.523151982497599e21,5.975287401994498e19,1.3975169481375342e13
1.4444375366353923e20,7.526155968728747e21,5.9791057080835285e19,1.3977154100029785e13
1.444643373778028e20,7.527753950501667e21,5.978327280665259e19,1.283234701016535e13
1.4465508251497225e20,7.528038910885654e21,5.9782214225292706e19,1.2838148452192607e13
1.4514153192671178e20,7.527044054327517e21,5.977737464439623e19,1.2902592329398855e13
7.128189372538357e20,7.527337704152309e21,5.976851312098762e19,1.290640832128414e13
7.131050208330803e20,7.527417332279899e21,5.977417077292434e19,1.2903547382350133e13
7.130850511658845e20,7.537858710969846e21,5.9779815482330096e19,1.2903497089915914e13
7.146579758618128e20,7.536925805001873e21,5.979678299780393e19,1.2913736646040002e13
7.148131194485384e20,7.57491046695304e21,5.9789239074994766e19,1.29112005604466e13
7.147578400666291e20,7.574985264195914e21,5.979681266960934e19,1.2915472796429977e13
7.14757306367259e20,7.576621605678817e21,5.978667967403507e19,1.2917935262738582e13
7.16428833537967e20,7.568606600820144e21,5.976924727885214e19,1.2930455276400562e13
7.163415268647275e20,7.573855442363574e21,5.9775236981368226e19,1.294363925275074e13
8.282206802984558e20,7.575712812574869e21,5.980187176392034e19,1.3216496507105182e13
8.288861635419965e20,7.576631591255327e21,5.974035296330768e19,1.3214499373317273e13
8.289934772486149e20,7.57832181505135e21,6.04275053198542e19,1.3215909555334729e13
8.285713671520065e20,7.574006187846994e21,6.044035797946227e19,1.343197685117587e13
8.285201369999535e20,8.182277764303182e21,6.045480513461093e19,1.343407564825122e13
8.751007804479622e20,8.186242865362512e21,6.031205746033248e19,1.3437613230705549e13
1.4320204473009664e21,8.525752450612878e21,6.0326618126706295e19,1.3435241517904271e13
1.4357994856171975e21,8.527879926826368e21,6.054499514913436e19,1.3437375374262102e13
1.436372689794378e21,8.535262849752237e21,6.055318112765353e19,1.3440321522393717e13
1.4375731945448588e21,8.536397521699521e21,6.060203982181881e19,1.350063966972635e13
1.4372402049289636e21,8.53756866286878e21,6.0603541520826204e19,1.3503065702047195e13
1.437107502297572e21,8.542371110418097e21,6.0632102844503106e19,1.3506872623876807e13
1.4379020659172057e21,8.546586537961625e21,6.062329523715538e19,1.3510413582044922e13
1.4370873570370406e21,8.554045228723189e21,6.0637863658000196e19,1.3510158075723904e13
1.4369176818908371e21,8.632802237363227e21,4.420180437579192e20,1.3512468527314656e13
1.437329375044935e21,8.631339698851129e21,4.4221281804499196e20,1.3519095529046291e13
1.4371654113422837e21,8.664856182739662e21,4.422147220835652e20,1.3533625002941799e13
1.4370664521204082e21,8.666338476318368e21,4.422776133192255e20,1.353658385274272e13
1.4373096582961748e21,8.666656102330633e21,4.422484065149195e20,1.353292612745019e13
1.4376198686532716e21,8.66261195969602e21,4.425025432248731e20,1.3564672900826258e13
1.4491489611239037e21,8.669452494268828e21,4.424485246958968e20,1.3568621805856557e13
1.4489363670822022e21,8.672076194422689e21,4.4254746028936036e20,1.3572938659928215e13
1.4505698999746114e21,8.671898164285122e21,4.439187431845403e20,1.3575435420022143e13
1.4505713414885388e21,8.676776816480208e21,4.441758319042375e20,1.3577266012893436e13
1.5595180235746184e21,8.67877218817353e21,4.453800107050962e20,1.3589846356131426e13
1.5592206260971608e21,8.679699437339118e21,4.45452062804339e20,1.3588567687167453e13
1.5590420827765342e21,8.678513144591188e21,4.454497574247795e20,1.3591420880171062e13
1.5724653639657644e21,8.676894808533709e21,4.45388628093672e20,1.3845193355901027e13
1.5754296691929805e21,8.677830355242957e21,4.4548770521316957e20,1.3852544084523768e13
1.5750097649016777e21,8.674288385390222e21,4.4563689942906536e20,1.3891006582800469e13
1.5759244971615917e21,8.675512064391848e21,4.456716377836883e20,1.3974485094703918e13
1.5761601865759903e21,8.674782596174026e21,4.4523192037022433e20,1.3976412125893582e13
1.5758810505420527e21,8.68034475177298e21,4.451365737524707e20,1.4001954808696188e13
1.5766620618778927e21,8.702806963449806e21,4.4533441854565764e20,1.4004008093648193e13
1.5767322118457894e21,8.740199945086967e21,4.453532498953207e20,1.400957686624087e13
1.6457884266961798e21,8.781428802008761e21,4.593371829414091e20,1.4009472819563193e13
1.6460306570058908e21,8.786590519066483e21,4.593494456597391e20,1.4012807809187201e13
1.6459517621595003e21,8.787517815722642e21,4.594182176036211e20,1.4012631525770334e13
1.6461220879705288e21,8.788722354871235e21,4.5994487249094404e20,1.401143501308483e13
1.6476828544350822e21,8.794478302211428e21,5.139155470208011e20,1.4011929480023031e13
1.6473647348047044e21,8.823147691139017e21,5.140690276363918e20,1.4011641532411396e13
1.65213185364993e21,8.822060563539208e21,5.14029324629672e20,1.406121006860084e13
1.6524441450478227e21,8.822274484925809e21,5.1405328205519946e20,1.405946655179334e13
1.6530845632823508e21,8.820979431209722e21,5.1402450604164606e20,1.4056821792934717e13
1.6533128127357444e21,8.930140728103136e21,5.1424915567330486e20,1.405645998002547e13
1.6531456939083222e21,8.931721860352514e21,5.143355840836603e20,1.4061023887247209e13
1.653977460024925e21,8.944143299778375e21,5.1420855530312696e20,1.408128119652147e13
1.654088709502379e21,8.945829179546352e21,5.147582738575929e20,1.4076920074207736e13
1.6541952229654712e21,8.986735982662423e21,5.4507992447285566e20,1.4089363206685934e13
1.6543869956535587e21,8.984012439272426e21,5.451130397302725e20,1.4086334930986852e13
1.6544448222349862e21,8.982665401778971e21,5.449776011543936e20,1.408526970483721e13
1.655811751765614e21,9.385714358277404e21,5.490832598409733e20,1.4081195475481791e13
1.6563312778169444e21,9.395594881015562e21,5.494528260807905e20,1.4077513839121648e13
1.6740061334989735e21,9.508620137649687e21,5.4958946331781136e20,1.4076443264053607e13
1.677122177363341e21,9.507404364515558e21,5.494684236837447e20,1.4078565303690154e13
1.6803998949737968e21,9.51085528501228e21,5.495484284157067e20,1.4081252358844398e13
1.697609725182353e21,9.513429542421691e21,5.49633061452865e20,1.4079835704987686e13
1.6980961051941816e21,9.52062077536842e21,5.492796503714759e20,1.4753755462218408e13
1.6987554039962403e21,9.52387082827235e21,5.4960169948119414e20,1.4750788784095398e13
1.698700588661649e21,9.525743379172781e21,8.911181773694418e20,1.4753005652482254e13
1.702668907936357e21,9.526891165989101e21,8.915951520606695e20,1.475564232946957e13
1.7029312849671574e21,9.544416014784371e21,8.918072717691743e20,1.4766118335613635e13
1.7038018657446582e21,9.544021253782088e21,8.902781310295807e20,1.4763523918343068e13
1.7042309698008373e21,9.547693198054292e21,8.905702786116511e20,1.475611007896691e13
1.7043970137815332e21,9.54666428678878e21,8.90762232545359e20,1.4834103845137568e13
1.7039597283074732e21,9.548268525709402e21,8.98899275514444e20,1.4835559235752463e13
1.705627985422992e21,9.550857980902684e21,8.996151167817198e20,1.4806618935996512e13
1.706056723932261e21,9.553487143485835e21,8.997250653860111e20,1.4804853535878162e13
1.706784822435082e21,1.0923915577731146e22,8.99160522317317e20,1.4801656622860176e13
1.7093719175775655e21,1.092333749047881e22,8.989897497775897e20,1.4695895984282637e13
1.7150323096203698e21,1.0922448131757496e22,8.997006236162937e20,1.4468419849482244e13
1.9599431523283412e21,1.092485236693624e22,8.99519139897356e20,1.4471071546072105e13
1.9600419619304036e21,1.0923391807521536e22,8.991267795003107e20,1.4468335077076074e13
1.9610372790855048e21,1.0929079403130586e22,8.992062653964662e20,1.4473139782375674e13
1.9593759330427008e21,9.305102643792511e22,8.992266358834743e20,1.4488810250785234e13
1.9597001320690268e21,9.306635985987419e22,8.993493527767819e20,1.4486872401429154e13
1.9602499977129385e21,9.302663068802367e22,9.183524698923327e20,1.450249243862098e13
1.9609844424037446e21,9.3038261171158e22,9.190115158957813e20,1.4511572974953389e13
1.960724466257384e21,9.302641839477666e22,9.18830201848133e20,1.4513347457310062e13
1.9600203342286933e21,9.307330465966504e22,9.189619157035557e20,1.4508635651305375e13
1.9609768979922147e21,9.308590488539863e22,9.191654170136289e20,1.456931419677904e13
1.958129870791806e21,9.310056460662158e22,9.186979955227258e20,1.4578288136500479e13
1.9601950087636344e21,9.306249554091861e22,9.187255982538913e20,1.4585669604133488e13
1.9604799460028693e21,9.30622198865887e22,9.189817884731703e20,1.4583775588890586e13
2.0260095917230575e21,9.305756690290812e22,9.192660113426869e20,1.458562572981359e13
2.0259896246766052e21,9.249730948266414e22,9.233807845531804e20,1.4592911964692385e13
2.0262942900891597e21,9.254105860250102e22,9.227819054666564e20,1.45939821693654e13
2.0261106019698784e21,9.253314696778941e22,9.226095071618544e20,1.4583213724185898e13
2.0271928563651555e21,9.259756361006999e22,9.228893938574077e20,1.4602471748244977e13
2.0293239269082989e21,9.258813134857973e22,9.227031585627519e20,1.460346584013331e13
2.0296095530165257e21,9.2606207667584e22,9.228076493703437e20,1.4602976823486486e13
2.0296521603497237e21,9.259977265844472e22,9.42871389712952e20,1.462006280205378e13
2.0327925919006607e21,9.26334293388573e22,9.42588714968305e20,1.0809984003102057e12
2.0329046331673126e21,9.2620098347827e22,8.823137910462421e20,1.0811179609179841e12
2.0314725590179132e21,9.776428914847039e22,8.826457667287322e20,1.0811337795404535e12
2.0327047513163013e21,9.770508224832778e22,8.828183442221679e20,1.0810885080560026e12
2.0332354530418803e21,9.798616796641468e22,8.829332539848986e20,1.0813637855125573e12
2.0329142649003408e21,9.796953773814864e22,8.828263429322124e20,1.081416634645135e12
2.0326572170479123e21,9.804066607270488e22,8.82894193513391e20,1.0812717875134484e12
2.0323903669957123e21,9.812084589712226e22,9.462486355744577e20,1.0802249958191654e12
2.0330693730360883e21,9.81371464356147e22,9.46316769513402e20,1.0825006968112245e12
2.0334600344481982e21,9.815778451433472e22,9.465228892616102e20,1.082741613661496e12
2.0345321292261645e21,9.908074069369165e22,9.469223757945447e20,1.0830281776408765e12
2.03535243703217e21,9.91631348731243e22,9.47277593715447e20,1.083028056795117e12
2.0350669918531355e21,9.916792933001246e22,9.36149585279113e20,1.0826003258461061e12
2.0353560461895255e21,9.916953775078182e22,9.361084622569882e20,1.0827408745852606e12
2.0364254929740636e21,9.911091794221828e22,9.362646382322857e20,1.0831532320137308e12
2.0361413733405748e21,9.911788142192791e22,9.361204293888728e20,1.0830062880121254e12
2.0358812700517967e21,9.912683155191733e22,9.359830499607541e20,1.082736842039522e12
2.0408523568276992e21,9.914084971820034e22,9.355497932803355e20,1.0833150360989991e12
2.0504896515524107e21,9.924577065816994e22,9.357488625320608e20,1.0861228150640901e12
2.050847331807852e21,9.932881166055708e22,9.359499135494184e20,1.0861026183603292e12
2.0514790354804398e21,1.0102102597767636e23,9.361337753160179e20,1.0860640940148555e12
2.05134918616668e21,1.010150373070731e23,9.407966616905571e20,1.086161991339269e12
2.0507200506141658e21,1.0143724347372502e23,9.409227178926481e20,1.0861280867415948e12
2.0508599360402956e21,1.01450000184093e23,9.402372281244796e20,1.0862639524578307e12
2.0505294801924858e21,1.0204285860089883e23,9.400928302853162e20,1.086633699501004e12
2.050165841036197e21,1.0208391134403633e23,9.401961204340948e20,1.92404106338372e12
2.0506751290226893e21,1.0210907188914597e23,9.400972518832749e20,1.9230340048276924e12
2.0510420236094493e21,1.0216976978247021e23,9.439026032545395e20,1.923597911830409e12
2.0516531488704108e21,1.0215616165580395e23,9.440827307353946e20,1.9243911035173416e12
2.0514061809336522e21,1.0217015433282439e23,9.441591317905902e20,1.924697367612224e12
2.05141869901189e21,1.0220060105210317e23,9.443107603608273e20,1.9252477588608267e12
2.0517359985357656e21,1.022100420176514e23,9.441554319586042e20,1.9740857980975168e12
2.052056310479858e21,1.023825805145491e23,9.439696495229664e20,1.974217100659953e12
2.0546239792623688e21,1.0414149477219217e23,9.440900754179213e20,1.9743437787434636e12
2.061991542009619e21,1.0413379840613349e23,9.445615992946903e20,1.9745893583966655e12
2.0627670614746582e21,1.0413739136202349e23,9.453860476869609e20,1.9877304494329424e12
2.0658949131391394e21,1.0432622102777888e23,1.1358811618561629e21,1.9882390874846472e12
2.065974778526367e21,1.043134676367384e23,1.1363368083612392e21,1.9874621832652607e12
2.0659948855377464e21,1.0433284361986204e23,1.136194158648358e21,1.9878862017428638e12
2.0662751019816976e21,1.0444403550553584e23,1.1363461657310703e21,1.9893945313437205e12
2.0787568889320303e21,1.0442928291067575e23,1.1374559268830418e21,2.0049936967555098e12
2.0790275058981533e21,1.0444411724984053e23,1.1409739747892901e21,3.9219187041866875e12
2.078987521720079e21,1.0447864365113224e23,1.1436689788270289e21,3.9218974790983955e12
2.0787038148957648e21,1.0633759582002671e23,1.1436539669889938e21,3.921907674654381e12
2.0847710909835085e21,1.0632376317678938e23,1.1435055742135417e21,3.921486934727235e12
2.247257132845135e21,1.0639428849640612e23,1.143929143209968e21,3.9229889036703213e12
5.33231202604367e21,1.063992249133337e23,1.1443970087922998e21,3.923650001228979e12
5.330818495864747e21,1.0636477686952638e23,9.542433141381144e20,3.924374817818927e12
5.332607135769918e21,1.0631097772782427e23,9.546086543311733e20,3.923757754894165e12
5.333088604173267e21,1.0630139895864505e23,9.546701161037626e20,3.924142580529814e12
5.333730947396723e21,1.0613774318863872e23,9.543367825411067e20,4.529259922139784e12
5.33319028560305e21,1.0615363537136971e23,9.545486966070434e20,4.531280806191008e12
5.333272874392965e21,1.0617951094408873e23,9.563072962022354e20,4.53166610197858e12
5.333568444405286e21,1.0627333535107731e23,9.561810549219743e20,4.534026664333997e12
5.34000469142262e21,1.0627238853926446e23,9.587165433045114e20,4.538409878321969e12
5.339941351046024e21,1.0627221654811611e23,9.595644990044233e20,4.538391364747977e12
5.338962899267551e21,1.062767784597262e23,9.598155991526906e20,4.540242126514147e12
5.338820058174075e21,1.0628145679310254e23,1.260006277361258e21,4.541630424410221e12
5.339612759944502e21,1.0630547163518651e23,1.260020419592806e21,4.539735278461896e12
5.340157274358488e21,1.0631247145743275e23,1.260302757832957e21,4.540545147419992e12
5.339374381776434e21,1.0649407456955154e23,1.2600562899226167e21,6.079913406485852e12
5.334334951172084e21,1.0658667902422184e23,1.2604486197311308e21,6.091313229409503e12
5.335198911616996e21,1.0657405101535276e23,1.2596017817390335e21,6.091373151481665e12
5.336407135330475e21,1.0658861675388426e23,1.2598121610473528e21,6.091488438281023e12
5.336519396031296e21,1.0660842215135982e23,1.2601628981477187e21,6.092301240534253e12
5.336146611480344e21,1.0659306305166576e23,1.2604675853504563e21,6.093135657185706e12
5.336852054093435e21,1.0670733271504233e23,1.6134103691060175e21,6.092017056259658e12
5.337558590064679e21,1.0668917605030877e23,1.6141282997510325e21,6.092477477483439e12
5.338560727278599e21,1.0668428490165715e23,1.6144057317976179e21,6.187736772272552e12
5.337102877482827e21,1.5961758332301273e22,1.6350677550471357e21,9.001743005508123e12
5.336985536356046e21,1.5965692607561436e22,1.6352073718004777e21,9.026795081865053e12
5.346730651174363e21,1.5965197493844216e22,1.6357317804220018e21,9.026926462727723e12
5.346496676201094e21,1.5968271050152574e22,1.6359607296087915e21,9.028420629375398e12
5.34726879529013e21,1.6065267061932547e22,1.6359575874319326e21,9.029591613077916e12
5.347328504063029e21,1.6069723979693412e22,1.6371733065041505e21,9.019898467635615e12
5.34852164101204e21,1.6100630260722004e22,1.6409693515010754e21,9.02169013182845e12
5.351635990397557e21,1.6098195239476497e22,1.641194353867925e21,9.022974334640285e12
5.361514477183123e21,1.6127423527071397e22,1.641051269401128e21,9.020688008603354e12
5.361967002656678e21,1.6138310545331112e22,1.64864760025341e21,9.024172535744176e12
5.363109686386473e21,1.6139377276104141e22,1.6500568169771248e21,9.026151589451346e12
5.362582259555166e21,1.6139942253686287e22,1.649801929367993e21,9.02591328953754e12
5.364468369411185e21,1.6139993810665527e22,1.6506747414134404e21,9.023866164464525e12
5.368408645684045e21,1.6140050906172333e22,1.6507853784993424e21,9.028398201869914e12
5.371240419913714e21,1.6139380593001786e22,1.6516515121791673e21,9.030052404289605e12
5.361202444087063e21,1.6139713710250789e22,1.651836638032864e21,9.031898207794695e12
5.360987459387701e21,1.6138729230352372e22,1.6528034497645804e21,9.025041435353068e12
5.370469776677456e21,1.6137232944869704e22,1.6534285310419542e21,9.025641390807215e12
5.372633281278753e21,1.615780907142049e22,1.6527765854364579e21,8.993234656589865e12
5.363150816086731e21,1.6361236979246984e22,1.6552751891586975e21,1.0819083604554402e13
5.362914999755515e21,1.6358894888890988e22,1.6552844153864273e21,1.0817286033195754e13
5.370514990573778e21,1.639559987213258e22,1.656323562729422e21,1.093007366439787e13
5.371829553266054e21,1.6393775062261342e22,1.6688298958847866e21,1.0931527463335732e13
5.372019437103382e21,1.6388349647826444e22,1.6140715725574114e21,1.0942868477645037e13
5.371147114425635e21,1.6388245474016246e22,1.6134702041734701e21,1.0955294633395006e13
5.386794410804062e21,1.557709976720062e22,1.6134232192176208e21,1.0958507165964104e13
5.3882570616965e21,1.5591849595189644e22,1.678723061553328e21,1.096189581825049e13
5.398167606959036e21,1.5647250259100276e22,1.6789358479136037e21,1.0963402131027545e13
5.405248174080828e21,1.5649569128360312e22,1.6789520414551426e21,1.0963599003641494e13
5.407322311670245e21,1.564794189529094e22,1.6789696566335358e21,1.096278019630263e13
5.410645839909437e21,1.564830293656266e22,1.6791936612078877e21,1.0963673069500656e13
5.409077931311932e21,1.5653826356530301e22,1.6794982137753845e21,1.0966266332951482e13
5.435839341709249e21,1.565171732062826e22,1.6799337115870243e21,1.0966819176582383e13
5.435746132575977e21,1.565357931225164e22,1.680338827122676e21,1.0969189616078188e13
5.447809529766089e21,1.5658761394187523e22,1.6800020976932448e21,1.0985248153458154e13
5.450864014671117e21,1.5653977645184037e22,1.6913631242965657e21,1.1006305092311777e13
5.454465764571696e21,1.5651365348499633e22,1.69395849579479e21,1.1006721345076967e13
5.455907188445377e21,1.5644529735895754e22,1.6941667116690946e21,1.1007820920167385e13
5.456627927462689e21,1.5643225624978003e22,1.6945856345843622e21,1.1008064566080645e13
5.457548273301414e21,1.564942996597616e22,1.69511961901179e21,1.100946028731512e13
5.464578408638222e21,1.5647112330370221e22,1.695018499235404e21,1.1053705825181373e13
5.466066846331983e21,1.5658292384691089e22,1.6952850649788556e21,1.1058288414324604e13
5.466717953590723e21,1.5658480431660167e22,1.6978429029584944e21,1.1057122732919914e13
5.468635338542761e21,1.565553775173696e22,1.7020040588749963e21,1.1400608253986496e13
5.47815765657209e21,1.5657691744911298e22,1.7033358904171537e21,1.3164947499235181e14
5.479391454782765e21,1.5675004824223006e22,1.7469404114262567e21,1.344244753227096e14
5.481223793988099e21,1.5671937529889795e22,1.7467578044139632e21,1.3444641511784973e14
5.480655636727276e21,1.5714944609382052e22,1.7470359657014477e21,1.3446705920492077e14
1.475337560344402e22,1.571307470480857e22,1.7714611564527545e21,1.3453168945534367e14
1.4754889453893172e22,1.5811197353534698e22,1.771442864892776e21,1.3452210080293162e14
1.475723741384086e22,1.5928622426160603e22,1.771111327199014e21,1.3451897942852402e14
1.4751221211295105e22,1.5967728817152499e22,1.7723794222891928e21,1.3450805523879383e14
1.4751054090832791e22,1.595920673363875e22,1.7722763706528139e21,1.3444435469000277e14
1.4842863292921684e22,1.596648676038412e22,1.772658840302464e21,1.3444098974954833e14
1.483564129140401e22,1.59740505885007e22,1.7725650184504143e21,1.3444312833924383e14
1.4853859604879848e22,1.5974882840815073e22,1.772598437065686e21,1.3448079833519895e14
1.485624420809806e22,1.6078113938320292e22,1.773339346900825e21,1.347628271479549e14
1.485688174524236e22,1.6074082969485117e22,1.7734926293359306e21,1.3479429875908102e14
1.4856715314239969e22,1.6087707619033891e22,1.7772172886840708e21,1.3478356838228858e14
1.888334484943677e22,1.609082796576345e22,1.7774720442219794e21,1.3907672220301047e14
1.9355565417294234e22,1.6096152146754042e22,1.7777135892865598e21,1.389244492446562e14
1.9364707745338684e22,1.6097467640640874e22,1.7775843615851854e21,1.4569861863953497e14
1.936113784334032e22,2.677211100753727e21,1.7770590801971828e21,1.4568163636124062e14
1.936897694699262e22,2.67741454031592e21,1.7772876130215068e21,1.4567746018433884e14
1.9369739370048417e22,2.679219870161546e21,1.7780030769334714e21,1.457333451587983e14
1.93763816398912e22,2.6790644941794684e21,1.7777767525601402e21,1.4572669672891534e14
1.9382183987867464e22,2.6804490222852123e21,1.7776687126874683e21,1.4567441713292894e14
1.936970566315579e22,2.681450338027938e21,1.7783957291303646e21,1.4697090577724544e14
1.9384834852000065e22,2.699034314487919e21,1.798868781159022e21,1.4694088316383188e14
1.941208587115798e22,2.6994242721141815e21,1.7986537760558854e21,1.4693970596852022e14
1.941141712800807e22,2.6989828426758724e21,1.7985065507272393e21,1.4696418695098166e14
1.9416155250616605e22,2.6993492120802574e21,1.798772583520399e21,1.4703040909108153e14
1.9408658469388986e22,2.702420073444443e21,1.7990844696601098e21,1.4700959124626722e14
1.941124337803083e22,2.7027287641219604e21,1.7995148837678e21,1.4736335289186928e14
1.9440364205044197e22,2.7020540848944143e21,1.8003099615824076e21,1.4737529149623434e14
1.9445038223213495e22,2.701365831135118e21,1.8005715655688389e21,1.4745236223068984e14
1.9442506554141607e22,2.7023602721133376e21,1.800378074767761e21,1.474223034843045e14
1.944408594917054e22,2.703563986946414e21,1.802165880822357e21,1.4745273466585094e14
1.944989019458139e22,2.706910431684235e21,1.802382134818176e21,1.4747853679014466e14
1.9454380540135035e22,2.706444593462484e21,1.802748404188068e21,1.477508395758269e14
1.945138890657949e22,2.707251545631113e21,1.8028952564649574e21,1.4783323294356578e14
1.945891623629236e22,2.7078045247296635e21,1.8033121842641099e21,1.4792897632077253e14
1.9461421304130566e22,2.7073980378822135e21,1.803500409055755e21,1.480019734671826e14
1.9502136460115083e22,2.7084115683987864e21,1.8032372114393418e21,1.4850500073722722e14
1.950055791663431e22,2.7095605310945456e21,1.8117166288318717e21,1.484772564533164e14
1.9516618501620712e22,2.7113577639596513e21,1.8122196747442313e21,1.485034067798565e14
1.951276197197609e22,2.7157584021266943e21,1.8125947071666095e21,1.484954509468474e14
1.9510729793928037e22,2.7185325999380753e21,1.8131750051538707e21,1.4851095623254472e14
1.9509338525487793e22,2.719085328403772e21,1.81590703145247e21,1.484391143373368e14
1.950799057381789e22,2.7188438292718897e21,1.8269040483237214e21,1.4851967901627047e14
1.9506062754347494e22,2.7195774050805267e21,1.8309744846756313e21,1.4853874555551394e14
1.9501745010669877e22,2.722334515754585e21,1.8313718915848374e21,1.485402659558765e14
1.950256024586626e22,2.725033813090801e21,1.8310258007768477e21,1.4856320341866644e14
1.950015572047145e22,2.727637180647724e21,1.8310493202648316e21,1.4871544876040572e14
1.9500090673041785e22,2.72816888016428e21,1.8313582301983366e21,1.4856728742234478e14
1.950102000545723e22,2.7289659772477663e21,1.8318911829938977e21,1.495021794863676e14
1.9506768880838208e22,2.7289367586699907e21,1.8319445896794805e21,1.4949237350777778e14
1.950714154362502e22,2.728590106425954e21,1.8321788168294317e21,1.4958588692687578e14
1.9509028137276577e22,2.729306456182547e21,1.8323309235917462e21,1.4957557421584703e14
1.951862724844521e22,2.729018856675181e21,6.625495230132288e21,1.489501940514411e14
1.9263461399126956e22,2.7321447060115806e21,6.628558850642888e21,1.489567957323236e14
1.9255670109147756e22,2.7438574622411226e21,6.629231299326698e21,1.4868212302464603e14
1.925877258215629e22,2.7465043015466484e21,6.628614417187932e21,1.486694125403322e14
1.926759769931349e22,2.7462016227693146e21,6.629577525592677e21,1.4871120330285603e14
1.9263334144139197e22,2.7464740737102156e21,6.630625046980842e21,1.4880409908112406e14
1.926193810147276e22,2.7466939190677047e21,7.900744271224506e21,1.4877461141939838e14
1.926050383531938e22,2.7464906143029574e21,7.902998785724574e21,1.488985813711256e14
1.926702135199747e22,2.746184879048503e21,7.90563866102135e21,1.4889104064532572e14
1.9271858047504917e22,2.745798641610114e21,7.905892061475269e21,1.4886101612073747e14
1.9269555787062374e22,2.747715987409748e21,7.908403840948749e21,1.4888829278032034e14
1.9287783134294847e22,2.758937966338738e21,7.907122664726755e21,1.4892617968991288e14
1.927939943026934e22,2.7582244362553765e21,7.906529448029207e21,1.4884072653840847e14
1.930418314112937e22,2.7581305845264506e21,7.907663428809047e21,1.488894669120778e14
1.930174482956419e22,2.758330678504631e21,7.906452244847826e21,1.4892435918039234e14
1.930242125884151e22,2.763544655695167e21,7.905746137954686e21,1.511106922873892e14
1.9300559882653503e22,2.763896331640203e21,7.906584904337239e21,1.5115069444013728e14
1.9299542352550575e22,2.862992393026343e21,7.908356154612922e21,1.5113079658503078e14
1.9294671250652085e22,2.8650874681626266e21,7.909164404316107e21,1.5102929712274747e14
1.930000457051534e22,2.8631723972459737e21,7.906921679510658e21,1.5127214426581206e14
1.9303408973999013e22,2.862681982453944e21,7.910708379234982e21,1.5135183479718247e14
1.9306589259848615e22,2.8727181802696097e21,7.916906128350451e21,1.5139797447193572e14
1.931095377571291e22,2.874292904236279e21,7.917964967924846e21,1.513616907844596e14
1.931287395326933e22,2.8744261844943577e21,7.921168051814534e21,1.5133968364031666e14
1.930999311135294e22,2.875608050050211e21,7.922924027249003e21,1.513913047822616e14
1.930984437457878e22,2.8754447770820836e21,7.921953514771213e21,1.5143399938021462e14
1.9329839392353237e22,2.8792629942659847e21,7.922943894966479e21,1.5144335558198647e14
1.934431143226256e22,2.880234007016218e21,7.922134708371869e21,1.520554712582757e14
1.944404962339488e22,2.880494368737449e21,7.92139643921092e21,1.522214082093907e14
1.945011261015248e22,2.914203216896889e21,7.947883567313588e21,1.522088477290641e14
1.9450860866399522e22,2.914318024042664e21,7.948514477470871e21,1.5227335197511256e14
1.9450468873476407e22,2.913877195439846e21,7.950373601624401e21,1.5231137927758e14
1.9457579049220844e22,2.913365323328818e21,7.949873710509165e21,1.522901802828939e14
1.9465753117341365e22,2.9458928184565647e21,7.948927346002871e21,1.5231926375371778e14
1.946956125801973e22,2.9460046304461083e21,7.951047673889557e21,1.5230332624961812e14
1.9471424421073206e22,2.9465287982624287e21,7.949566583008093e21,1.52493851095053e14
1.9470545214802974e22,2.9486379942503755e21,7.951119893492268e21,1.5347297880044788e14
1.946939594797259e22,2.949374376883085e21,7.944197782216365e21,1.5345568929981866e14
1.946834563546524e22,2.9648525863435475e21,7.942923807178617e21,1.5346864985065462e14
1.9470158683628292e22,2.967739091671159e21,7.947563682277683e21,1.695489672920739e14
1.947461003756594e22,2.968722030604032e21,7.949438868004775e21,1.6967950696513622e14
1.9473982688432765e22,2.96829396152027e21,7.951044595955296e21,1.6978172744037553e14
1.946129420905925e22,2.9683619436817636e21,7.949924141424946e21,1.6978902057117438e14
1.94603243285873e22,2.967754943762917e21,7.955605854781262e21,1.6976747819320372e14
1.946336490584352e22,2.9702003488191855e21,7.957191608844865e21,1.697048329837022e14
1.946758566200933e22,3.1225239806235136e21,7.956936670861054e21,1.6968282445572012e14
1.94669911306277e22,3.1244318754314094e21,7.957603230118155e21,1.7016788156059216e14
1.948441186957688e22,3.124117739984591e21,7.956156822405902e21,1.701429124416112e14
1.950704076730152e22,3.124450190015658e21,9.519823333112477e21,5.20514263248399e13
1.9492970861570965e22,3.11760627234951e21,9.517687456694119e21,5.2038785687358945e13
1.9495976888435086e22,3.1189755065323886e21,9.517280662407657e21,5.203251778946627e13
1.9493087993163265e22,3.122227229222215e21,9.554456019463486e21,5.204901802240172e13
1.949656019769397e22,3.1229397160452833e21,9.557347664620832e21,5.220345494294377e13
1.9499522165548465e22,3.122573079413377e21,9.556112295631698e21,5.229975704146816e13
1.9580539998714993e22,3.1230298792845634e21,9.892927904995512e21,5.242501993892524e13
1.957431552760619e22,3.125168733159768e21,9.889697905784736e21,5.293111069292728e13
1.9578693705097563e22,3.1263712100168746e21,9.893383663081421e21,5.292843258539811e13
1.959521506734304e22,3.132529407224199e21,9.896431922100455e21,5.296824988670761e13
1.959602475937833e22,3.133317821278844e21,9.89948346459563e21,5.303729642680588e13
1.960033546442941e22,3.1336710779676147e21,9.905922377307004e21,5.3058145842415984e13
1.9611654896164075e22,3.1308136208471105e21,9.907918824180298e21,5.301611499520602e13
1.961258207966487e22,3.13364415047923e21,9.90725285142203e21,5.34548270636537e13
1.961608564324372e22,3.13329554945347e21,9.906112104574688e21,5.3367290238008164e13
1.961981692626351e22,3.1338385785837233e21,9.910690196484157e21,5.3384778673319586e13
1.9638300581365075e22,3.134639141508137e21,9.907517260758765e21,5.339295575382646e13
1.962941414265093e22,3.134287056095325e21,9.92065139474675e21,5.339160399694937e13
1.9665031062103358e22,3.134327175216182e21,9.915877582365664e21,5.340067666139346e13
1.9658740581781146e22,3.1339136902283395e21,9.916489433330225e21,5.353550138610816e13
1.9659961972402575e22,3.158375589705408e21,9.918191403921603e21,5.359045480945333e13
1.9656773097095684e22,3.157829350709062e21,9.916831781632992e21,5.359871315135981e13
1.966070586756207e22,3.1574400541906195e21,9.91928690768822e21,5.366044845167865e13
1.966697372200724e22,3.1572323706921775e21,9.92132601817291e21,5.3667900502496016e13
1.9699151249635675e22,3.162013429858105e21,9.91986495235939e21,5.3681358085101234e13
1.9680342049137954e22,3.1618623018043583e21,9.92297075886311e21,5.3689338053863555e13
1.9685686043320707e22,3.1623271414574403e21,9.85992898192993e21,5.368750564177964e13
1.9728182670880454e22,3.1629782128141533e21,9.873480446666428e21,5.369931866500392e13
1.9725845034091386e22,1.8583435562094329e21,9.873175631363804e21,1.2775785024699936e13
1.973070060716759e22,1.8585397416586096e21,9.872279183800247e21,1.280596802379447e13
1.9765430518464308e22,1.8598552649615792e21,9.871110546366052e21,1.280976623666474e13
1.994162187738069e22,1.8587384310924926e21,9.87354397263817e21,1.2808811048269146e13
1.9939504554908584e22,1.863286304890979e21,9.745841214095064e21,1.280716682619852e13
1.993817063611166e22,1.8635502912268321e21,9.744919240823636e21,1.280723556148897e13
1.9940743913061503e22,1.8647467084161354e21,9.745435066624608e21,1.2808788643727178e13
1.9943707617923653e22,1.8650990062273684e21,9.746920628525128e21,1.2807434164979154e13
1.9947261678768395e22,1.8652881632763975e21,9.748020221445128e21,1.2755973076627564e13
1.9949841131465876e22,1.8674474755592248e21,9.749393140700062e21,1.275608954570769e13
1.994963397081271e22,1.8672336979358413e21,9.750628493740921e21,1.2759709453576266e13
1.9953272381949818e22,1.8676601309757783e21,9.748341758443787e21,1.2757948780734188e13
1.9958554380337265e22,1.8678809228158252e21,9.85034645259501e21,1.2805414540789072e13
1.995576358583537e22,1.8683208489371972e21,9.85196946039399e21,1.28039750358846e13
1.9976396170348496e22,1.8688724806732892e21,9.852984589173804e21,1.2825354730917385e13
7.385476803849134e22,1.869349212880204e21,9.853109243223757e21,1.2825008730736479e13
7.385036011847379e22,1.869333604999175e21,9.852607994785662e21,1.282615068978535e13
7.390429693104348e22,1.8691587373286173e21,9.96631048279676e21,1.282490817868626e13
7.392399802062001e22,1.8694243738248605e21,9.9685513792549e21,1.2832776659665625e13
7.388689654126639e22,1.8695280765491657e21,9.967185833336408e21,1.2839993910066559e13
7.388916073338073e22,1.8703999822464966e21,9.966431007041833e21,1.2845043277703123e13
7.388429667776066e22,1.8830357351950857e21,9.973275238515662e21,1.2846461355336834e13
7.388493438550597e22,1.8836562054643948e21,9.97495422815676e21,1.2847167283315982e13
7.390035327001651e22,1.8835521473155886e21,9.97349502578983e21,1.284480364091788e13
7.451585870372683e22,1.882744693725536e21,9.968930778964545e21,1.2848510348166152e13
7.451177296458368e22,1.8995379998195573e21,1.0774287279281804e22,1.2909825858586184e13
7.507383200975167e22,1.9009086066731752e21,1.0794220825784032e22,1.291203069589143e13
7.5071655783932354e22,1.9013959905046702e21,1.078769324933044e22,1.2910787321107674e13
7.510872182625897e22,1.9012543369420803e21,1.0787769928570213e22,1.319746947939097e13
7.511455100823488e22,1.9073883824848733e21,1.0786385344759832e22,1.3194295074958176e13
7.512425097857482e22,1.9077275929189498e21,1.0787953940435204e22,1.3196372091559438e13
7.525626414647246e22,2.1814496897076358e21,1.0803104802313737e22,1.3195158320563428e13
7.526972903284907e22,4.021638064536292e20,1.123956491250871e22,1.3233835668532555e13
7.528840347437476e22,6.731062937007697e20,1.1284983548821822e22,1.3231950768510734e13
7.527659753558026e22,6.730585683170216e20,1.1287065281332448e22,1.3234985143258855e13
7.54108141986512e22,6.733160252317747e20,1.1292671930502845e22,1.3667893160791615e13
7.5400762039163945e22,6.734156757373978e20,1.1302893909993306e22,1.3670012862959777e13
7.539592931884447e22,6.736560720771078e20,1.1303753273874349e22,1.367825072230922e13
7.544779131062008e22,6.735541334209928e20,1.1299756639652067e22,1.3678976370601678e13
7.546232261583269e22,6.741868114899138e20,1.129977514948749e22,1.3675496307961273e13
7.5479048752393525e22,8.020355861287917e20,1.129903004278747e22,1.3674950281327846e13
7.547363993134298e22,8.021418750390896e20,1.1301206291997094e22,1.3672546197706957e13
7.549500364185181e22,8.02362078063166e20,1.1304399581290718e22,1.369047114577144e13
7.548467817176907e22,8.026368857320337e20,1.130414317635e22,1.3689571655544746e13
7.550342847925911e22,8.027996569330723e20,1.1306032953232196e22,1.3690547729187451e13
7.566695818992737e22,8.028728994762013e20,1.1310312833233147e22,1.3687240573729557e13
7.570346156197324e22,8.032919999364383e20,1.1309828788817505e22,1.3686589094409955e13
7.569896752656704e22,8.03417163029158e20,1.1311916802446924e22,1.3693460106313436e13
3.0465563373808155e21,7.954489472849607e20,1.1311670551544842e22,1.3697038841920318e13
3.0461840379900157e21,7.949453344873434e20,1.1374791036411333e22,1.3699774688367436e13
4.3989754249350365e21,8.331390682431109e20,1.1374018444207233e22,1.3699386252909848e13
4.4009088126624224e21,7.372743509415254e20,1.1375793049468391e22,1.3697379150698604e13
4.4017624597046656e21,7.373455538943573e20,1.1376799241569244e22,1.3699309366560738e13
4.4000765870689915e21,7.374402936456861e20,1.137535740761873e22,1.3758662325780967e13
4.402373506614936e21,7.379710981634518e20,1.138383860379389e22,1.3905477868912133e13
4.4054737964110043e21,7.38124892414262e20,1.1381358766362531e22,1.3902779185046129e13
4.407493946618437e21,7.379408118326695e20,1.1385592375204567e22,1.3907570574062607e13
4.407794691957632e21,7.384933086080974e20,1.139085474950693e22,1.3906100341622826e13
4.4064617189940003e21,7.385429673555498e20,1.1390819457875944e22,1.3911203652869818e13
4.407829877921679e21,7.388175449328294e20,1.1377571551797188e22,1.3913989807358281e13
4.4325851352761327e21,7.391033038287754e20,1.1392524100625085e22,1.3918780081188607e13
4.4468345715253324e21,7.390880907746513e20,1.1394043548835837e22,1.3917406418524762e13
4.447298092925306e21,7.390481732167187e20,1.1393103546379588e22,1.3915577164496195e13
4.4486635721308556e21,7.390050488603214e20,1.139385679016138e22,1.3914905901697096e13
4.4496800220994895e21,7.392030866472463e20,1.1391463290811537e22,1.3912711319036354e13
4.4504188859102884e21,7.395913628155786e20,1.1394370899775343e22,1.389573322353562e13
4.4634101262141154e21,7.40783589342873e20,1.1412321886970298e22,1.3896129739436938e13
4.5619415495209014e21,7.410058842775226e20,1.1414872428715373e22,1.3904053339766033e13
4.5627260354402745e21,7.418251073385477e20,1.1417311450340866e22,1.3901109311834342e13
4.56169082778313e21,7.42415446053211e20,1.1420104849361e22,1.3908840371684488e13
4.57135668291552e21,7.424232653068746e20,1.1423635971591771e22,1.3907207951748457e13
4.5733088675812595e21,7.423105850280688e20,1.1422087162302722e22,1.390998958060097e13
4.574323386922835e21,7.422394445838169e20,1.1422254827762142e22,1.391321008890828e13
4.575236016234776e21,7.428874492001683e20,1.1580987195671712e22,1.3916024504434295e13
4.57625539664606e21,7.428220597750624e20,1.1581006866764832e22,1.3915860986829963e13
4.5756359513758074e21,7.430199824512233e20,1.1584625466419119e22,1.3925930981572947e13
4.5758366647974693e21,7.43150405352832e20,1.1584740070234792e22,1.391038574908005e13
4.5816356306528344e21,7.437712584983335e20,1.1587187260856453e22,1.39123188751143e13
4.582407298722649e21,7.447975303138565e20,1.1586790914535492e22,1.391086560387056e13
4.581738378557561e21,7.451692413087592e20,1.1795076389004252e22,1.3909578556899236e13
4.5827868737648895e21,7.461112639838131e20,1.169441125674191e22,1.392695513912608e13
4.584821146977805e21,7.460032763478287e20,1.1693031752084889e22,1.3924766057414227e13
4.855077116206814e21,7.40032478748305e20,1.169142023635364e22,1.39223862141448e13
4.858315549366519e21,7.40155159860448e20,1.1690126079777787e22,1.394363331631666e13
4.857893280753672e21,7.401575509260405e20,1.1692163080915616e22,1.3971887634457344e13
4.856813067868785e21,7.400682762972159e20,1.1688228104819383e22,1.4381848741797885e13
4.856942872539343e21,7.399464501284483e20,1.1688746673225842e22,1.4393311235889504e13
4.858188600518992e21,7.403283151309596e20,1.1697077455731714e22,1.4402820738597867e13
4.913054273609477e21,7.412532475183888e20,1.1978913337330933e22,1.4406906743287342e13
4.916247482220655e21,8.208126058591725e20,1.1983395523925213e22,1.5107339029942238e13
4.921167939953789e21,8.208216860976935e20,1.1976976518414944e22,1.5107671975275902e13
4.91765915906125e21,8.209641532908064e20,1.1975497780038942e22,1.5110727304407957e13
4.918861433345287e21,8.211797141880963e20,1.1977269048310537e22,1.511449020442881e13
4.919857178222697e21,8.212942172085695e20,1.197893593073047e22,1.5117002475681695e13
4.918165060198818e21,8.214245081391217e20,1.1998350267019336e22,1.5115716740129988e13
4.925988623659351e21,8.215891496448645e20,1.1999544851208025e22,1.5124590787722906e13
4.926706115140241e21,8.215573848362629e20,1.2453182976765664e22,1.5123133357422744e13
4.931709223918685e21,8.216842592005987e20,1.2452288448095748e22,1.5171449380945725e13
4.930069425063962e21,8.252219326418614e20,1.276310776305159e22,1.5264266156102207e13
4.982103112202668e21,8.405041390551597e20,1.2764992579345083e22,1.5266599198124861e13
4.983093415818562e21,8.403498301811315e20,1.2775899934375142e22,1.5257808404036225e13
6.506194333229037e21,8.403724881504805e20,1.2772345026667436e22,1.5535397219925473e13
6.505000386602553e21,8.403122316715806e20,1.2772385985893778e22,1.5533453286892879e13
6.534725246218622e21,9.739046856942172e20,1.2768264131934975e22,5.649963391923577e13
6.533337799130709e21,9.732226504373195e20,1.279638760021919e22,5.651174142009156e13
6.532549056857735e21,9.733880418460201e20,1.2799856369337226e22,5.652115070463534e13
6.535291147748318e21,9.735361123950576e20,1.2808679182835586e22,5.652970774724652e13
6.534870649364608e21,9.737609535433386e20,1.280882589054623e22,5.653596670383138e13
6.537453671297607e21,9.767939204202778e20,1.2812970774295824e22,5.6574822063618445e13
4.7077764038954687e21,9.769440391762018e20,1.2826783734753778e22,5.66551833202702e13
4.7068260421267515e21,9.770211700319082e20,1.2833031716074556e22,5.684681771962736e13
4.7076090841464297e21,9.771362942120015e20,1.2838034775229073e22,5.6855719967071e13
4.710113702162573e21,9.773989871487384e20,1.2901290026210521e22,5.76396719989774e13
4.7090483695528654e21,9.773701621407928e20,1.2900957181147586e22,5.766252179859307e13
4.710010606448581e21,9.772612769841062e20,1.2896989766964409e22,5.76737635872377e13
4.710692930268369e21,9.770230731160301e20,1.2897989093888948e22,5.767117955195752e13
4.7117380886246887e21,9.772952676475499e20,1.2898517022006804e22,5.8890951671267336e13
4.710790124562537e21,9.774589172417057e20,1.290199141888763e22,5.891370965020077e13
4.715026875321469e21,9.773477802601095e20,1.290316811838441e22,5.892116609406597e13
4.7153578246799973e21,9.77513850844508e20,1.2910754321119322e22,5.900313111428963e13
4.7162993090963765e21,9.777010977691763e20,1.2911300920732008e22,5.901330378958882e13
4.722901325821055e21,9.776533035508224e20,1.2910332233767354e22,5.8943357234716055e13
4.722266146763647e21,1.843409036012411e21,1.2930636401484975e22,5.897781557120988e13
4.731668891396244e21,1.8433398543921942e21,1.2932629627877429e22,5.903097513288648e13
4.743842572455431e21,1.8431828438045706e21,1.2932056826529783e22,5.902009301410544e13
4.742915744139528e21,1.8443587099743465e21,1.2926077971942336e22,5.942108669733724e13
4.763752843538856e21,1.844867974007275e21,1.293320796084172e22,5.942980655942894e13
4.757295589544425e21,1.8449973743253895e21,1.2936433001576509e22,5.9430173330584195e13
4.759531141937006e21,2.0276872631909781e21,1.293488819284564e22,5.9431812937390234e13
4.758493189575143e21,2.0282261604311465e21,1.2934179720167414e22,5.941082215238385e13
4.75941903378152e21,2.0286729916634114e21,1.2929866394374962e22,5.9408700956962695e13
4.757572863324047e21,2.02941315603101e21,1.2927541441738723e22,5.96081969756015e13
4.758908611962629e21,2.030605295565884e21,1.2999537508256674e22,5.963715458374183e13
4.758239101242456e21,2.0314244288514907e21,1.300493615800409e22,5.964523549464506e13
4.757101600015832e21,2.0321572276664363e21,1.3037169139929292e22,5.986378751811459e13
4.758566462944701e21,2.0334073326563468e21,1.3094748175908855e22,5.985529479378591e13
4.762801588542961e21,2.0331462290833012e21,1.3094383496251413e22,5.986457948598965e13
4.763426725475045e21,2.0329402323141767e21,1.3094443613635566e22,6.040673423023154e13
4.764179168481336e21,2.0333032227689878e21,1.30972829815377e22,6.354378532012924e13
4.805729728899815e21,2.0330096915720868e21,1.309308550086838e22,6.354086294603366e13
4.831207780041878e21,2.0338602272431536e21,1.3094336498568715e22,6.355460248842045e13
4.827133857795002e21,2.0329342894642713e21,1.3131446862261713e22,6.3551534335969875e13
4.86338048716868e21,2.0318861530898602e21,1.3165443554010202e22,6.3520129883538914e13
4.865480312321367e21,2.0292559298515947e21,1.3167562150521808e22,6.35539432055184e13
4.86723325410407e21,2.0295167868055978e21,1.318765202160605e22,6.367703711615162e13
4.872210841462542e21,2.029922018930433e21,1.3187938363618426e22,6.374936793128886e13
4.871126190060395e21,2.030266842366051e21,1.3264955097058971e22,6.377710106465797e13
4.879875170566526e21,2.051158358429513e21,1.326491958522926e22,6.378566255219736e13
4.893302691282906e21,2.0586732246310196e21,1.3263476293156897e22,6.380971004767152e13
4.894727745102914e21,2.0583219308467616e21,1.3274160057889285e22,6.3813085633008766e13
4.896178981069017e21,2.0591833911952519e21,1.3275091765246195e22,6.382764146537959e13
4.895462548308627e21,2.0594687552968886e21,1.3548157752281942e22,6.390602465543363e13
4.89738210991854e21,2.0597783089308995e21,1.3549471953087403e22,6.392062049833115e13
4.898297644367229e21,2.057781628944901e21,1.3548708697369324e22,6.393797260336423e13
4.897308453806978e21,2.0590320096430614e21,1.3550553683132525e22,6.395371884760888e13
4.898121509472985e21,2.066288287599908e21,1.3618733596087935e22,6.401095471669634e13
4.898293881869631e21,2.0661886545744867e21,1.3622817532696393e22,6.401918118991218e13
4.900709243405925e21,2.073313263003275e21,1.3624043293710423e22,6.4037214464328086e13
4.901562075300149e21,2.0736095134109467e21,1.3626156273034831e22,6.405960350599038e13
4.930902032312044e21,2.075451150525182e21,1.3624753833987761e22,6.406681631033934e13
4.938194961118042e21,2.0741544694721563e21,1.3627178557688018e22,6.405773054189885e13
4.934580864768769e21,2.0742660535189837e21,1.3625404153776386e22,6.4059050577892375e13
4.937250089845689e21,2.0748221889390594e21,1.3624375761363997e22,6.408969937397669e13
4.936304128842513e21,2.074088320670183e21,1.3626127917006172e22,6.410737391265054e13
4.936871446234942e21,2.0743575307359035e21,1.3622709872894855e22,6.412513105114615e13
4.96504050948907e21,2.0744111167054597e21,1.3842439846989132e22,6.4118266850634e13
4.965679879079305e21,2.0745335682794523e21,1.3851987560979931e22,6.75105063270689e13
4.966567024326896e21,2.075015643132955e21,1.3884399646636887e22,6.752944857600184e13
4.964471734030167e21,2.0756459117703193e21,1.388872133831591e22,6.753968716092486e13
4.962990675634834e21,2.0760203431117804e21,1.389712585972486e22,6.792890084499239e13
4.965000350837182e21,2.0775971422393268e21,1.3991509086157706e22,6.788608745546915e13
4.969845234320746e21,2.0775349196587045e21,1.3993870657994619e22,6.789743670085817e13
4.97387510075711e21,2.1957178704441133e21,1.3997333650566038e22,6.789881760202451e13
4.973770371623728e21,2.1964498248614813e21,1.4001335869780515e22,6.791347221773934e13
5.473581527998602e21,2.1963062808197173e21,1.400436393427993e22,6.792842406971789e13
5.476583439055601e21,2.1987159663612262e21,1.4006452745094669e22,6.7930447033971414e13
5.479173804013265e21,2.199245665061148e21,1.4005873135965323e22,6.788921765334378e13
5.518145557740639e21,2.1989805896336728e21,1.4010386147068726e22,6.7897049790343484e13
5.51871671670391e21,2.2039436362776065e21,1.4012185593631887e22,6.797538706268161e13
5.519565803290034e21,2.2039311689444981e21,1.4014141708847467e22,6.7984009438157164e13
5.527569920630678e21,2.2044244715038334e21,1.401416424404387e22,6.802176760310827e13
5.530450322150365e21,2.2102504638640968e21,1.4003728955894093e22,6.8018543948491484e13
5.539290091872307e21,2.2098996431019864e21,1.4043902634734268e22,6.807158363119966e13
5.543269159618791e21,2.210209360305489e21,1.4046270608180574e22,6.808432769729476e13
5.794469253769711e21,2.2101186473484243e21,1.4045003054617492e22,6.810403899494948e13
2.9252897650779955e21,2.209941925514602e21,1.404864090164165e22,6.8094341426718734e13
2.9257255450539154e21,2.2102693654177587e21,1.4045904852258654e22,6.809049210883184e13
2.954665557767329e21,2.2100048728023687e21,1.4044966182872177e22,8.332237713229072e13
2.954627168802282e21,2.2103759933615275e21,1.4048059046707461e22,8.335020155568031e13
2.955111921539794e21,2.2112146028623013e21,1.4049589874531978e22,8.33655952207334e13
2.9562482320497023e21,2.211426431816257e21,1.4049946909513227e22,8.347592183815e13
2.9563546431366533e21,2.2125170372696044e21,1.4063552266426185e22,8.346676348390577e13
2.957206751500407e21,2.214132122735815e21,1.4063458924598963e22,8.345867197262306e13
2.957681089838445e21,2.2188591760712836e21,1.406896477755418e22,8.350232004124934e13
2.9580962761637007e21,2.2185223283329595e21,1.407331423634475e22,8.349870360862498e13
2.9814809444723836e21,2.2169461230923452e21,1.4072861352414188e22,8.35376800962474e13
2.981345170738646e21,2.2169834829317131e21,1.4084816234303218e22,8.352235488412583e13
2.979163822327479e21,2.2168896685946978e21,1.4087958640811385e22,8.451285714119933e13
2.9799080615613526e21,2.2166632806958293e21,1.4085593435334026e22,4.066922967767922e12
2.982966107989904e21,2.2167114052004765e21,1.4083480889797164e22,4.0675253444743916e12
2.983377712270005e21,2.2123347179922302e21,1.409061480032527e22,4.0680888546486104e12
2.9842294821432554e21,2.2125090353235527e21,1.40929318084227e22,4.0667091498039907e12
2.985218933071419e21,2.211867354792064e21,1.4094036768140263e22,4.0677600926442334e12
2.9856046762234725e21,2.2119703544251999e21,1.4092414414643976e22,4.0722793669326963e12
2.986855755819017e21,2.211953059972231e21,1.4093927617224765e22,4.055367049885728e12
2.9870910639719664e21,2.2176849696535447e21,1.4096940419156143e22,4.046294669850569e12
3.1040311888839804e21,2.2172582915354334e21,1.409127517231046e22,4.046006967074625e12
3.1045884103301246e21,2.2181062308636834e21,1.4089535627914966e22,4.068666055614508e12
3.105057552628022e21,2.2181788119846303e21,1.4094986717764107e22,4.0681377501679404e12
3.1609533224185265e21,2.2186437559003167e21,1.4124334350277104e22,4.068240377993533e12
3.173328208111466e21,2.218693558988834e21,1.4140171049699537e22,4.0718510222703335e12
3.2817487287090115e21,2.2185249378451005e21,1.414046346568917e22,4.071026568393417e12
3.3191858135489063e21,2.2177759600248863e21,1.4353603564228858e22,4.0711067755565845e12
3.3187714498624037e21,2.2211924434915466e21,1.4353660917003978e22,4.0762611058353115e12
3.3190607382493774e21,2.2217956108474154e21,1.4355194658850563e22,4.075395216832712e12
3.32052911240523e21,2.508743370083595e21,1.4356533634908304e22,4.0762714016884165e12
3.321067068452509e21,2.5085756470850313e21,1.4358159575170712e22,4.0804716646655693e12
3.3124315706841566e21,2.509136359106344e21,1.4360021668000472e22,4.080930588687654e12
3.312395985576778e21,2.6733040111688687e21,1.4363886508322895e22,4.0817463222268965e12
3.3128677257504327e21,2.681920114056698e21,1.4363723557189091e22,4.0827020167288906e12
3.3151812916312817e21,2.6928051874132724e21,1.4365638259409024e22,4.083762817039497e12
3.3160137828543674e21,2.6925158878154903e21,1.4374907473790983e22,4.0844264021755728e12
3.315552595026673e21,2.695328728735881e21,1.4380434858169992e22,4.085260150071728e12
3.3151403446045067e21,2.69550625151717e21,1.4379192532937036e22,4.0845904189891006e12
3.321661298454922e21,2.6958466537823823e21,1.4378459691501041e22,4.083821981142461e12
3.321448413573191e21,2.696441355860625e21,1.1956814867500213e22,4.108258973261723e12
3.320886450157049e21,2.6979323592805733e21,1.1958680853342795e22,4.105577781603474e12
3.324268634905991e21,2.699058575840506e21,1.195849487789725e22,4.106989325619883e12
3.323680625309807e21,2.699760580464468e21,1.1961024555914214e22,4.106020511336938e12
3.3232119096088477e21,2.7005749780001865e21,1.1963848092648238e22,4.1160997850172905e12
3.3246971038268077e21,2.7481392934434804e21,1.1976729629384927e22,4.1188554527127666e12
3.3249671715550103e21,2.747677320066718e21,1.198235601327416e22,4.1188581605186313e12
3.3252028051607105e21,2.7481900933365503e21,7.5242152004247475e22,4.123493500127365e12
3.3256783577764625e21,2.74857752437723e21,7.524858973882315e22,4.1245467831191787e12
3.3556403534753536e21,2.748376681260361e21,7.5274521466338575e22,4.124787569557253e12
3.3558404698744176e21,2.7487714695759544e21,8.2229615534102e22,4.131389031452828e12
3.3560407266525703e21,2.7381441739859396e21,8.222378350865156e22,4.131900552098402e12
3.355485545897894e21,2.737714080399471e21,8.221898741994203e22,4.1362650650842173e12
3.3590827296333475e21,2.738864625086326e21,8.223132219040561e22,4.1371029645865415e12
3.360234578110906e21,2.7393554218657833e21,8.224386016356625e22,4.140066630602688e12
3.3601952728665324e21,2.751094132955062e21,8.230784346837488e22,4.1271824125618853e12
3.360949271051963e21,2.750404117531856e21,8.240591853069443e22,4.1268766797651855e12
3.3705014858759856e21,3.196795452510004e21,8.242802138608446e22,4.1256407542341343e12
3.370706789928568e21,3.197438768960785e21,8.244424296158886e22,4.124148297712829e12
3.369221959359544e21,3.197286783611474e21,8.242550410592205e22,4.1291057434322466e12
3.3887716928145656e21,3.2187086932307644e21,8.24461073875106e22,4.1320510655799995e12
3.3898214205267205e21,3.218348396641168e21,8.244369878352081e22,4.132062171271883e12
3.390280649708027e21,3.22832875995974e21,8.243318524103152e22,4.1329504612450444e12
3.391570962281261e21,3.2289473328883124e21,8.242671441090631e22,4.153824143705423e12
3.39331813417329e21,3.229516555769454e21,8.24403195782123e22,4.1549349517413037e12
3.3929207855148774e21,7.866284351335284e21,8.247419237668764e22,4.155661927601307e12
3.431032329568214e21,7.865460645294039e21,8.249978500052142e22,4.1543788235934785e12
3.4321246246101744e21,7.866690106213468e21,8.225894617063077e22,4.160076812429723e12
3.433422096345063e21,7.872414210443893e21,8.288211755250985e22,4.1652267458861543e12
3.43603152806259e21,7.87201300296807e21,8.289511826760855e22,4.1652910440896143e12
3.4365443795280163e21,7.869640500772093e21,8.290593574543973e22,4.163300911382576e12
3.4386243757102706e21,8.005635334950353e21,8.296414249394782e22,4.1682616483678296e12
3.4397870810588717e21,8.005493592767828e21,8.295789859333003e22,4.172426371626069e12
3.8072979603665684e21,8.005680233230282e21,8.298895870250497e22,4.1720299597452373e12
3.808097390967103e21,8.019393507131067e21,8.354245113618421e22,4.1671513767326885e12
3.808005532270349e21,8.0193989489238e21,8.352465135922594e22,4.16418065114729e12
3.8113826786811026e21,8.020988173212522e21,8.35516194701145e22,4.1664272297893154e12
3.842193076373141e21,8.020590647143852e21,8.364421427089028e22,4.816978124845068e12
3.8419298643301163e21,8.022911746804235e21,8.4355854960965e22,4.818097050507932e12
3.841395987486684e21,8.024163146434145e21,8.474722675320956e22,4.819224047952083e12
3.841356196470605e21,8.024208440613937e21,8.475411590371915e22,4.817351953147461e12
3.84389492964021e21,8.027569110543303e21,8.709981035122758e22,4.816626076304151e12
3.844704283423002e21,8.031795048619254e21,9.568933591755332e22,4.818475199165646e12
3.846463848754141e21,8.032945514492428e21,9.568130915239078e22,4.926907068712557e12
3.8476180953545546e21,8.035023252987066e21,9.612204034924322e22,6.394503892782781e12
3.852183653823407e21,8.036314840742335e21,9.61085661868797e22,6.395693321770852e12
3.8552788656612683e21,8.03809054920459e21,9.614407522640787e22,6.396773445061862e12
3.8547677407929927e21,8.03943716663598e21,9.61414685322191e22,6.396679250137067e12
3.900949052079183e21,8.042486273150661e21,9.615372433028288e22,6.395600798628746e12
3.901254169216698e21,8.099582835741502e21,9.617174638777491e22,6.400476514735069e12
3.9004785355092415e21,8.106284210427834e21,9.618245743755732e22,6.407706225163541e12
3.9024326970475324e21,8.086800258859892e21,9.621628816564975e22,6.984502459509246e12
3.90631035142863e21,8.08865187442369e21,9.625774080696947e22,6.983796690431424e12
3.90588591256411e21,8.088175098387969e21,9.614871184302656e22,6.983423319272519e12
3.9049172275438955e21,8.088829208169967e21,9.622152747021294e22,6.985716781115735e12
3.9075054294894327e21,8.096319775658458e21,9.655498982544033e22,6.984400457057193e12
3.9074089797467924e21,8.095273472748138e21,9.674829992431055e22,6.987227653259689e12
3.9079550203442087e21,8.093441795889467e21,9.677749808382695e22,6.985561774805733e12
3.907670197197201e21,8.091145164734414e21,9.693905390479128e22,6.988441727438744e12
3.921322321346228e21,8.089871419575298e21,9.73435032529134e22,6.990771075118617e12
3.923843249319659e21,8.091964610762943e21,9.735851396228606e22,6.988015769008947e12
3.924521926020236e21,8.090643050672252e21,9.73208462187065e22,6.988767523136228e12
3.927472243468185e21,8.094913624784534e21,9.743670625149583e22,6.986444129129745e12
3.9306409200105323e21,8.097001935536065e21,9.747497707195922e22,6.989573217626e12
3.931362029843817e21,8.105337893567901e21,9.75317128032585e22,6.989768331225178e12
3.9307725445786333e21,8.106449459307018e21,9.756644531027116e22,7.100831414866936e12
3.934082834999832e21,8.111795221746097e21,9.758782157358519e22,7.102305806398023e12
3.936039034711638e21,8.113279681871862e21,9.757533249430318e22,7.111656766912041e12
3.936541940272814e21,8.153226562411911e21,9.757359490289739e22,7.109410426737656e12
3.9372001940243994e21,8.155476241986667e21,9.754955816586819e22,7.415164132748664e12
3.9422403156501757e21,8.167532103582627e21,9.753840862380627e22,7.416747621601372e12
3.942784617870154e21,8.170655750906843e21,9.758988065603193e22,7.414929521746073e12
3.942373401386587e21,8.173105139080529e21,9.797532039631004e22,7.416121057467512e12
3.942408680877322e21,8.175668062661612e21,9.803787556502959e22,7.414908010182384e12
3.9421270564451275e21,8.181073618248919e21,9.803165323346725e22,7.417318580063954e12
3.9472376044264007e21,8.180275913569491e21,9.977522479870293e22,7.417267497881415e12
3.947882802568294e21,8.186131242820952e21,9.977285395134004e22,7.419507400366161e12
3.3000771288182175e20,9.257867998049135e21,9.975055504001616e22,7.421509308923726e12
3.300586863362014e20,9.268147519670602e21,9.981569224201774e22,7.429111730712616e12
3.301486600718672e20,9.268962472545486e21,1.0034923311490298e23,7.430072185249728e12
3.3024700564419196e20,9.267400053897947e21,1.0037621486666846e23,7.42888063474582e12
3.3012564003476387e20,9.273618346959995e21,1.0040663826011349e23,7.430370968869988e12
3.301799413071606e20,9.383774291312155e21,1.255876835702691e23,7.428821028447434e12
3.308961078788379e20,9.38916320415537e21,1.2560864358803612e23,7.502758316803831e12
3.310613042254005e20,9.394898341015802e21,1.2558652209170418e23,9.883994205642303e12
3.3100149717982714e20,9.394079783871359e21,1.255701245326629e23,9.882733144428787e12
3.3403335359856286e20,1.2649696248433385e22,1.255931958395024e23,9.890381735106402e12
3.3612987436006756e20,1.2647848758406426e22,1.3393958935197635e23,9.904856611034398e12
3.361698164082697e20,1.2651678902822816e22,1.3398994119259254e23,9.921401473989543e12
3.361305509857592e20,1.2653461076181044e22,1.340215106416526e23,9.921996663535803e12
3.361968690543214e20,1.2646891339979774e22,1.3403876910651715e23,9.923826468298393e12
3.3837574174214724e20,1.264893531712921e22,1.3409548292028245e23,9.92561962285149e12
3.3836900697634924e20,1.264986026114915e22,4.8924553203995623e23,9.928665678437795e12
3.3863369386782904e20,1.2837174519997565e22,4.891345501531196e23,9.930941556285877e12
3.3903325046054545e20,1.2846924260315257e22,4.907038822601742e23,9.932249904171545e12
3.391168921938014e20,1.284821401053209e22,4.911955295889001e23,9.934629160435031e12
3.585913829487165e20,1.3216562454024363e22,4.913207661826551e23,9.937120916989502e12
3.585018050859849e20,1.3216021175072492e22,4.912583474884276e23,9.93837334460325e12
3.584380658010427e20,1.321637433136984e22,4.913389873464543e23,9.939799724077154e12
3.586898946063604e20,1.3219054810372281e22,4.913486289100062e23,9.939404035947172e12
3.58674103157915e20,1.3223383743588718e22,4.9136040802427137e23,8.494494956501684e12
3.586340119268943e20,1.3220736312749423e22,4.9139750821827794e23,8.49249700411495e12
3.585792987661327e20,1.321938968651846e22,4.933452255164429e23,8.491129090515079e12
3.589597954567806e20,1.3245233910143492e22,4.933397639061046e23,8.49108274527438e12
3.589097874644018e20,1.3247172036807642e22,5.195439908571208e23,8.49015595365248e12
3.589646542558922e20,1.3264294412459692e22,7.47414652101592e23,8.498371987655873e12
3.647012183614683e20,1.3267975547401835e22,7.473302667199777e23,8.50177892350504e12
3.64922613656822e20,1.327246981578375e22,7.474897541335855e23,8.500894446924534e12
3.648108652623498e20,1.327042334254481e22,7.47817189216465e23,8.499795079861437e12
3.6486771187889884e20,1.3275898451235009e22,7.489467215508613e23,8.50092647336875e12
3.648022618009842e20,1.3287142039053413e22,7.4909191221555e23,8.603045528675109e12
3.6576341743021176e20,1.3287376971576178e22,7.490470560140884e23,8.617086739345139e12
3.65700760066515e20,1.3292385979241293e22,7.490777917092001e23,8.62187986571632e12
3.659580625153122e20,1.3324139180531049e22,7.498598595837121e23,8.623041094684405e12
3.6609252411103445e20,1.3326306294640423e22,7.497826547993219e23,8.624339738218482e12
3.6640159545375234e20,1.3295250383211745e22,7.499171751805454e23,8.626531916065267e12
3.663365275020411e20,1.3298374695529682e22,7.507839812291864e23,8.6279811020871045e12
3.664832874639072e20,1.3303287014710934e22,7.513370900634545e23,8.630295763153528e12
3.6645294946955716e20,1.3302437651906134e22,7.512130349235149e23,8.63221417445032e12
3.662184797275079e20,1.3305870495338839e22,7.512629769987045e23,8.631027913217158e12
3.663236320153723e20,1.3308230144545767e22,7.514834424060796e23,8.630879400130663e12
3.670752012165442e20,1.3310632664550468e22,7.50591802357902e23,8.629755306293542e12
3.6703907645463e20,1.331417169546604e22,7.508642401625865e23,8.632128151290938e12
3.669853499305519e20,1.3312792998586341e22,7.652971181980091e23,8.623848660131801e12
3.6747633796925725e20,1.3325589995487062e22,7.652648456248678e23,8.626482728600588e12
3.704670085929876e20,1.3329843354430836e22,7.653527432373117e23,8.628076880297461e12
3.714396954087735e20,1.3328670265854631e22,7.657073267236095e23,8.622224192817527e12
3.7149203111902373e20,1.333316365012175e22,7.675215208660643e23,8.632737260543175e12
3.7163800385724606e20,1.3359641635116376e22,7.673999390957702e23,8.991563108952188e12
3.717201068118867e20,1.3363223066437411e22,7.673022884651295e23,8.993082653694055e12
3.7155467161065285e20,1.426087893616412e22,7.676733113783024e23,9.045749906904516e12
3.715316871628086e20,1.4304619453150457e22,7.676306941152754e23,9.0450540331496e12
3.714859082389232e20,1.4448382221867626e22,7.676562800169184e23,9.048302651805432e12
3.715473349516426e20,1.444715724070732e22,7.677763248255035e23,9.049677580114963e12
3.716863519047997e20,1.4449802098648222e22,7.679483203059988e23,9.049968761214795e12
3.7185509010790475e20,1.4451635267924434e22,7.683511457633203e23,9.049567454354902e12
3.719254254307574e20,1.446671654879402e22,7.690314148791238e23,9.0508723469385e12
3.7198222463381085e20,1.4471298621878368e22,7.694927643065165e23,9.05072582016435e12
3.724890473925123e20,1.456906975753522e22,7.742744961732127e23,9.067615278651404e12
3.7259270207050895e20,1.4571091757798586e22,7.742999687176096e23,9.075687553092412e12
6.368398297231133e20,1.456811023215266e22,7.778287140747529e23,9.090752414900186e12
6.369361255071386e20,2.5039632953199357e22,7.778008241497786e23,9.09076307849337e12
6.378239128645847e20,2.5037129328463607e22,7.790713243835101e23,9.087492221631012e12
6.38497560120995e20,2.5045785911652675e22,7.79207673863821e23,9.08872653321082e12
6.38949306904159e20,2.5048759971487592e22,7.794488142326316e23,9.090102240097047e12
6.385710340458067e20,2.5047714286467975e22,7.795979061324591e23,9.089256896297105e12
6.383446273589293e20,2.504483920309004e22,7.797222956233358e23,9.085670871259934e12
6.38294931524409e20,2.50490013910874e22,7.799444134301016e23,9.086188797632375e12
6.383573486132902e20,2.504834448178642e22,7.92978414982458e23,9.085108171405729e12
6.38397282986888e20,2.5051464325525385e22,7.933474521711303e23,9.085525841683193e12
6.38564390507493e20,2.505878838817474e22,7.932503314222562e23,9.101508366896576e12
6.389561839767915e20,2.5056641737792363e22,7.932975281063427e23,9.102002747170377e12
6.391511090517053e20,2.5057972132038685e22,7.932760636748331e23,9.101409422565123e12
6.390436850835351e20,2.505900001373966e22,7.933883365592711e23,9.099975386827506e12
6.392559828682371e20,2.5055383874940885e22,7.934324574698151e23,9.101229567413129e12
6.38902068878384e20,2.5682869424337604e22,7.809060852699585e23,9.102811506266209e12
6.391705145814043e20,2.5705979645745055e22,7.811427629968199e23,9.101507809726283e12
6.390881703892172e20,2.5717372729831216e22,7.81064065051349e23,9.106503845494352e12
6.393540189701401e20,2.5725680976850414e22,7.809377467705119e23,9.104181226881236e12
6.284714913981486e20,2.6167085867243544e22,7.808103468505104e23,9.108857178217988e12
6.390388286589195e20,2.616621935153952e22,7.81465341686791e23,9.167231553533322e12
6.390054174647133e20,2.6167556594007447e22,7.81337397774078e23,9.183693827878566e12
6.391453948019759e20,2.616290685469005e22,7.816050973607525e23,9.185883216917184e12
6.392487732500495e20,2.616908163381179e22,7.814626919248366e23,9.191696662118531e12
6.39183897940328e20,2.617330788565514e22,7.814412570881014e23,9.19364016310358e12
6.391317922120874e20,2.6184553288644747e22,7.874952680941353e23,9.199342590198324e12
6.392372525446571e20,2.6184204122953064e22,8.126394163438898e23,9.197117742322662e12
8.31576126892289e21,2.61848370028829e22,8.130385553521033e23,9.201759557800477e12
8.319627604824611e21,2.61762298800523e22,8.130189962682161e23,9.20023401626993e12
8.31975446860728e21,2.6182640567413882e22,8.135451144318865e23,9.207614354536719e12
8.318564833141111e21,2.6320986750922367e22,8.136535754198841e23,9.207254385302396e12
8.318905590651576e21,2.6319538291565935e22,8.137291940249169e23,9.20911332625217e12
8.324704273603879e21,2.635184709499044e22,8.160891997101572e23,9.212856867289521e12
8.324300911894758e21,2.6357074395087677e22,8.161433322856336e23,9.214137362295896e12
8.326347133258377e21,2.636083723197204e22,8.160349464636702e23,9.213025661739775e12
8.32776041286684e21,2.6360999411170322e22,8.162688042424987e23,9.21704667869741e12
8.330118695953304e21,2.636283841873932e22,8.189389346393574e23,9.224690317269582e12
8.330647563126288e21,2.6359930616661445e22,8.191423755336905e23,9.224377591148963e12
8.329653913388472e21,2.635656815113821e22,8.190877667225723e23,9.22500559573571e12
8.325461247939689e21,2.6365989716789706e22,8.28833711887279e23,9.225162182065504e12
8.32578820711568e21,2.636486044960917e22,8.285275197823635e23,9.22986291825855e12
8.326153130251965e21,2.637820622386683e22,8.286466874679173e23,9.375133270345215e12
8.328870293824792e21,2.638264995076122e22,8.287665234307552e23,9.374338342317023e12
8.331725312748136e21,2.6383852010553544e22,8.288532091279129e23,9.37670568055017e12
8.330988829874103e21,2.6394936232466327e22,8.293161552871199e23,9.375803161353799e12
8.32871253795995e21,2.640112327929765e22,8.278546665748766e23,9.374170129763564e12
8.330332024550424e21,3.796717703071384e22,8.280366899328831e23,9.37726073850293e12
8.332297146897637e21,3.796868494381846e22,8.27937052143444e23,9.378873663047809e12
8.330851872774981e21,3.797406685260378e22,8.281506434797309e23,9.383273857634842e12
8.330172027717793e21,3.7979123324761294e22,8.298670644426806e23,9.381624371078963e12
8.335953104559291e21,3.7973875516535145e22,8.298828963080346e23,1.1322673172731412e13
8.387697932048526e21,3.796605889127853e22,8.300090053322704e23,1.1323373637417434e13
8.401730418739824e21,3.8030630592166855e22,8.301024425632969e23,1.1325425283240867e13
8.408271534971636e21,3.8031766119897195e22,8.299981630003639e23,1.1326113356471402e13
8.407744669302714e21,3.806073053347491e22,8.300743820159498e23,1.1329760388552139e13
8.44666536288213e21,3.807092494015134e22,8.300688319763409e23,1.133367797558354e13
8.447885691131787e21,3.917096251630053e22,8.301784644142163e23,1.133288872386017e13
8.448312489220976e21,3.918909721219896e22,8.338167690929203e23,1.13327609222917e13
8.449714720314342e21,3.9194588469133035e22,8.354148041274918e23,1.1332236209187896e13
8.484356335465947e21,3.919339689690321e22,8.354746259414569e23,1.1326078799075758e13
8.483283097806799e21,3.920152833672591e22,8.335454844023732e23,1.1327882618643008e13
9.238760134363165e21,3.920157086061453e22,8.335602410351126e23,1.1328172699916404e13
9.24020988224416e21,3.919560321357663e22,8.337495960648004e23,1.1329734785638016e13
9.240799938836178e21,3.9208928116235225e22,8.335795534668251e23,1.1329046057968863e13
9.242259623721876e21,3.920920020506003e22,8.338802870012761e23,1.1330781455861059e13
9.298252716354365e21,3.967464092231488e22,8.338160390939646e23,1.1332898955593088e13
9.307215832067466e21,3.970273291773917e22,8.3458340448311e23,1.1331817844842213e13
9.305645793649996e21,3.977060444711279e22,8.345865354516748e23,1.1335656286031496e13
9.30612547398031e21,3.977358181803436e22,8.347809379659622e23,1.1325945042164807e13
9.312266590227951e21,3.976734036904919e22,8.596957085720276e23,1.1325726655057773e13
9.374291053528166e21,3.976245183720579e22,8.595552540259078e23,1.1333907514581766e13
9.376358758073224e21,3.975571439520233e22,8.598227765716546e23,1.133225593890072e13
9.37689145854226e21,3.9756130001823986e22,8.598140135070579e23,1.1343872863512793e13
9.317250425583935e21,3.986180655138454e22,8.600095798047656e23,1.1411993531178992e13
9.320205662136842e21,3.9868903924818915e22,8.597971925659481e23,1.1422225849961264e13
9.31796325605806e21,4.537727640378688e22,8.602634262697295e23,1.1498319209944281e13
9.317409304475561e21,4.5383988868544345e22,8.845795904975154e23,1.1497236958348004e13
9.58007430520529e21,4.537722471218582e22,8.847772723160437e23,1.148827246986584e13
9.582014314353315e21,4.5401860915048745e22,8.917278059720948e23,1.1509568206476639e13
9.58040951043213e21,5.246595131227869e22,8.919063798424696e23,1.1511113602732816e13
9.581649126492322e21,5.246232847613467e22,8.918506920060957e23,1.1510777579479084e13
9.582656062552407e21,5.254374485671418e22,8.926293938170191e23,1.1510344296597838e13
9.594449646110061e21,5.252969399506446e22,8.92511122800575e23,1.1510324597158492e13
9.595675877597535e21,5.254415687449869e22,8.928095375746233e23,1.1511123611570436e13
9.650422023184336e21,5.255386105612621e22,8.930876421604268e23,1.1517900258262303e13
9.648155693230617e21,5.255961341283072e22,8.926772089353241e23,1.1516083400969395e13
9.6684355356742e21,5.256143427833902e22,1.6436177224173854e24,1.1517991684030062e13
9.664870333810142e21,5.257688331958649e22,1.6450436103647835e24,1.1526621252747438e13
9.674047608913e21,5.258391668589031e22,1.646314969933029e24,1.3318714246462725e13
9.669398081237078e21,5.268976507188292e22,1.6460727392325828e24,1.3317684803393842e13
9.671353944275077e21,5.26787944312721e22,1.6469088150488428e24,1.3320635493808506e13
9.678334157208867e21,6.397839081177398e22,1.6465680967450164e24,1.3405168424843924e13
9.681211767708434e21,6.434021376282148e22,1.6463496072593022e24,1.340524368825538e13
9.692570977749745e21,6.441326178687781e22,1.6583679261030665e24,1.3405719746541982e13
9.694078293659743e21,6.4401760883309376e22,1.6604134712090308e24,1.35058725401398e13
9.695374391327597e21,6.441097306546697e22,1.665085926570361e24,1.3616081455766945e13
9.70376581085581e21,6.44023439862079e22,1.967279955817405e24,1.3613716389675926e13
9.715638937882246e21,6.960974415365457e22,1.967578245239727e24,1.361433009363142e13
9.73227339657011e21,6.9683883140581534e22,1.9704691146525182e24,1.3619676822076115e13
9.738418705318493e21,6.974021641085817e22,1.9702690821901222e24,1.3630541061359879e13
9.73604517032043e21,6.9753111117617355e22,1.9711239664898666e24,1.3631788514506404e13
9.737502879209375e21,7.020152960959094e22,1.9744194768446467e24,1.3630757832232666e13
9.78605981280355e21,7.012863868867652e22,9.314231611172149e23,1.3634341663055451e13
9.790102007215192e21,7.011290949657524e22,9.322906931419909e23,1.3648384192901998e13
9.78145551848251e21,7.01241702470622e22,9.321831007965336e23,1.3650795806080701e13
9.778893129547262e21,7.012220407025358e22,9.321111453484361e23,1.367302780587142e13
9.780125914435057e21,7.085485353386271e22,9.329316452824985e23,1.367280465266344e13
9.782840422640275e21,7.08431968653362e22,8.307380602839823e23,1.3680536722265092e13
9.794205588629603e21,7.0824696925120314e22,8.307101949899309e23,1.367980791465798e13
9.797068618317615e21,7.0942383211828614e22,8.309003920201285e23,1.3705727740875373e13
9.79821637429988e21,7.09319700120707e22,8.311372418411658e23,1.370374019300662e13
9.9048924452617e21,7.0919304077069615e22,8.312437832644892e23,1.37049608813711e13
9.905219023590706e21,7.094470376113472e22,8.320882478637453e23,1.3704032554990205e13
9.909610440616336e21,7.094310635323891e22,8.313981978532921e23,1.3705994878477234e13
9.905921874987284e21,7.094177256693499e22,8.320347734512713e23,1.3704191494848236e13
9.904457987670864e21,7.105587419483973e22,8.31590798912145e23,1.370612829589785e13
9.905725342483288e21,7.100875847572594e22,8.320446842163246e23,1.43928815847549e13
9.906086679286477e21,7.103235827550323e22,8.321581110325514e23,1.442469432293323e13
9.909154659689503e21,7.104185616418699e22,8.321000206079155e23,1.443056794327736e13
9.907852140245493e21,7.105105981835134e22,8.318545988274028e23,1.4428639718215732e13
3.9894825531038127e21,7.107310185432153e22,8.318322316027286e23,1.4432388479592693e13
3.993890080557532e21,7.10989368036458e22,8.318433982486046e23,1.4433236238637623e13
5.496077947564027e21,7.152338675733902e22,8.319951235084978e23,1.444322979884004e13
5.49596851175836e21,7.191259630219718e22,8.320125379915412e23,1.4440502737810883e13
5.503324256197627e21,7.211781521355265e22,8.72650753644099e23,1.444318916330527e13
5.505126417435915e21,7.2217791559286135e22,8.849421113342707e23,1.4445570914242416e13
5.505298844706879e21,7.224878041351777e22,8.854146648401919e23,1.4434189326613418e13
5.509384829570295e21,7.255689719857111e22,8.85753881655123e23,1.443951149470767e13
5.510382173849566e21,7.25745773923599e22,8.857477456304265e23,1.443763230185396e13
5.514755421837423e21,7.259967398861e22,8.85732719547628e23,1.443938426884902e13
5.513617251035841e21,7.2643834102144785e22,8.856570383609279e23,1.4438306186287338e13
5.513694393780478e21,7.266561850372864e22,8.864668812294237e23,1.487698648389292e13
5.518929772083255e21,7.265552980818884e22,8.872058168224197e23,1.488902608737547e13
5.518908251416407e21,7.2915271918551896e22,8.873354223133714e23,1.4886223714408463e13
5.514003611186616e21,7.342230553703506e22,8.872299216083978e23,1.487432741528169e13
5.510169074154256e21,7.343133599145841e22,8.882159140543381e23,1.4876717826369137e13
5.510888328036928e21,7.347376083160083e22,8.885379822209346e23,1.4878413520803738e13
5.522533759853907e21,7.345949386848827e22,8.88320773054501e23,1.4877077090141385e13
6.257835422574673e21,7.347106194464186e22,8.885104496870636e23,1.487969610068928e13
6.259081782817401e21,7.347801940777907e22,8.916996955162514e23,1.488623952936754e13
6.257979083386597e21,7.351942009283313e22,8.932144497646461e23,1.4915880994343596e13
6.263954292688203e21,7.35012278376948e22,8.932097301286684e23,1.4929040466006936e13
6.262099526695987e21,7.353278437305525e22,8.933683760918825e23,1.493897319020352e13
6.261756178389197e21,7.354519845600529e22,8.93717268086108e23,1.9219779301924613e13
6.262562890317507e21,7.3529374512951866e22,8.82147968043295e23,1.9218599663245164e13
6.261570598815571e21,7.1534713722264546e22,8.829023266784029e23,1.9462778772119375e13
6.261517917487772e21,7.12012855092807e22,8.830241359618458e23,1.946339710588431e13
6.260403828116862e21,7.166989074245203e22,8.831224215923565e23,1.946053028672385e13
6.260554963937954e21,7.175335716058117e22,8.834875004489661e23,1.9477929984178562e13
6.261512048698137e21,7.1786501245941146e22,8.836066171540534e23,1.9477616138488715e13
6.261547992026404e21,7.197923609610403e22,8.83782463277526e23,1.9470986546045625e13
6.284368177744051e21,7.198919133232679e22,8.864174091762063e23,1.946436088204628e13
6.284174721140443e21,7.2047888199070436e22,1.0713116729410846e24,1.9482230256449082e13
6.284071423109543e21,7.209058109205407e22,1.0716033378461738e24,1.9500695408922816e13
6.285016778985134e21,7.26420691799948e22,1.0718689216077152e24,1.9504680947561375e13
6.286002525247349e21,7.262011806961726e22,1.0723695218922802e24,1.95042250314041e13
6.284595924141193e21,7.264153512149522e22,1.0814173639286394e24,1.9502192385405652e13
6.283006772073817e21,7.272241066423449e22,1.0815356454506266e24,1.9499193039351027e13
6.282046500545518e21,7.273750547267979e22,1.0813684321354641e24,1.950411379836436e13
6.281693922938402e21,7.2745703958105674e22,1.0816397066310059e24,1.9483649755543668e13
6.297564976133814e21,7.273318793020119e22,1.082268980911024e24,1.9486203291174023e13
6.302872831437622e21,7.273742617413234e22,1.082524451456884e24,1.977737280961739e13
6.321865170714428e21,7.274231885479749e22,1.0829961025838678e24,1.9776290212997418e13
6.322912333260248e21,7.2738991489014496e22,1.0886925568435577e24,3.730920033717188e13
6.323995260774715e21,9.149753153115601e22,1.0890384187248704e24,3.7284005275687555e13
6.328701605504405e21,9.14740032605498e22,1.095345372121694e24,3.72375554026971e13
6.331397773420722e21,9.14458671500217e22,1.0955910707766763e24,3.7251545509981945e13
6.359831674205712e21,9.146163538755897e22,1.0961805717005931e24,3.724810041615484e13
6.358252272802909e21,9.144237359339864e22,1.0962233878402064e24,3.727224342104071e13
6.360271056097625e21,9.143111165839008e22,1.0961157599402865e24,3.7280743378756586e13
6.360440975026911e21,9.139101374300828e22,1.0965308297912362e24,3.729315683103593e13
6.360702407896423e21,9.137428203874628e22,1.096668598814077e24,3.726148287890528e13
6.373673816533296e21,9.150090546485436e22,1.096417870014054e24,3.724013322902494e13
6.377512305988026e21,9.140902016373333e22,1.0971698732392398e24,3.723966691819147e13
6.378912004997887e21,9.07981571737285e22,1.0971567167761576e24,3.724466974781858e13
6.380286970618102e21,9.08441519801706e22,1.097810800155431e24,3.724291872970809e13
6.381820906363662e21,9.086811505250023e22,1.0976393045865698e24,3.727351920980831e13
6.382962244356986e21,9.08955315540012e22,1.097779721322024e24,3.729253365837444e13
6.382963631786388e21,9.400483801400372e22,1.0982064907780845e24,3.7256942007278336e13
6.382508276910606e21,9.403481523721905e22,1.0977795007623472e24,3.72625733911781e13
8.667315933334366e21,9.406013698926848e22,1.0981168051734319e24,3.72929125912097e13
8.667290079366949e21,9.411441277254523e22,1.0982995757863185e24,3.729978681435159e13
8.687368830285279e21,9.406595659443964e22,1.0981485009037099e24,4.6893572326209266e13
8.690254173195226e21,9.45620492484634e22,1.0981489035751544e24,4.712598975872992e13
8.690810490571955e21,1.2001896154541642e23,1.0988641253290063e24,4.709976709192273e13
8.691385516328186e21,1.2023896856490674e23,1.1007024695957806e24,4.710059873765006e13
8.692530073462417e21,1.2022779683707842e23,1.100618549353901e24,4.71036365338518e13
8.692693540220359e21,1.202065884091751e23,1.1008451679168399e24,4.7096324681954305e13
8.700174285697259e21,1.2023230938493662e23,1.1008197585097988e24,4.710481766020559e13
8.698605278065227e21,1.2026387548506097e23,1.1016228494163053e24,4.722399579487997e13
8.695459445218133e21,1.4675093714307684e23,1.1165174337416426e24,4.7206509613221805e13
8.712263375836652e21,1.4680481003212818e23,1.1280231849784426e24,4.722910944712094e13
8.713843206474134e21,1.4676487927855604e23,1.1279916257433602e24,4.721297183036423e13
8.712801930984011e21,1.4819015014628828e23,1.1286008806393525e24,4.722858691739363e13
8.713684020627479e21,1.4821584953638622e23,1.1291262204384173e24,4.730165776002443e13
8.726414466717489e21,1.4832111607599279e23,1.1295752692097113e24,4.729900703593771e13
8.729475514928739e21,1.4832631939903828e23,1.1295620741985023e24,4.73499007182662e13
8.729211236028392e21,1.4829402656926175e23,1.1301075765556122e24,4.741528774011052e13
8.734735209800964e21,1.4831498476650382e23,1.1301103614444953e24,4.74268165619773e13
8.73460125181056e21,1.4828492036426573e23,1.1299472553596396e24,4.744591261310805e13
8.741180294370369e21,1.4840164664001864e23,1.1301468768457297e24,4.746316454243468e13
8.744670582877735e21,1.4846274153231312e23,1.1302170368769235e24,4.747631468183731e13
8.743353052204957e21,1.4853302901974064e23,1.130172807355873e24,4.747125447975963e13
8.740971176588671e21,1.4855834308478716e23,1.13068888875647e24,4.7464358150624805e13
8.742257352880936e21,1.4853081852014814e23,1.1305344796858507e24,4.746731587430865e13
8.750392706806533e21,1.4857127356161019e23,1.1302827631911443e24,4.7473447610771414e13
8.752150860729389e21,1.4859832959891651e23,1.1298370247241264e24,4.744792288073168e13
8.757126108421192e21,1.485779071078091e23,1.2508772810880684e24,4.744412808628328e13
8.757312049514979e21,1.4807964894267639e23,1.251060678321528e24,4.7768955417997664e13
8.757038183841179e21,1.5232365989075912e23,1.2512429238604452e24,4.791075282227318e13
8.774409482786486e21,1.524060370217555e23,1.2513126184385615e24,4.7903252348780164e13
8.77553274625042e21,1.5247523077745502e23,1.2516739302449109e24,4.791086783995454e13
8.775800558610106e21,1.5249696316678882e23,1.2522380238149064e24,4.790986698165958e13
8.805454772088477e21,1.525781510263352e23,1.2522043399296245e24,4.791633771617551e13
8.806643692226127e21,1.5262011441686967e23,1.2530491171570673e24,4.795666262079888e13
8.805381698356156e21,1.5264451872279186e23,1.2532100513852396e24,4.796343662347245e13
8.805627798006201e21,1.5290784633923503e23,1.2533445985596604e24,4.796177587674752e13
8.804545376426493e21,1.528617097774942e23,1.2544698301964098e24,4.796381557445176e13
8.768072936039494e21,1.5266404657880123e23,1.2720859034423313e24,4.8054692240045805e13
8.774721384037151e21,1.5311223564962914e23,1.2730257541376255e24,4.827478761518298e13
8.784301540408494e21,1.531235224041538e23,1.2735558191976465e24,4.826464118505489e13
8.783127785102244e21,1.532343945605227e23,1.2741532393890469e24,4.826107055597069e13
8.786336061076165e21,1.5340435904318942e23,1.274064239691738e24,4.826734676883615e13
8.793860109475324e21,1.534665282522296e23,1.27372254003277e24,4.8277528672158914e13
8.842737223259047e21,1.5355444259251287e23,1.273934459430607e24,4.850363501844209e13
8.841996715816654e21,1.5472436780746e23,1.2741067478029456e24,4.8514222642186836e13
8.840668994657453e21,1.5496539055963356e23,1.2748931331717097e24,4.852176513727304e13
8.840318157242001e21,1.5498522229382837e23,1.2772334878588903e24,4.881072181916585e13
8.84149122242021e21,1.550183317289406e23,1.277228888473108e24,4.883222786154998e13
8.846656582324372e21,1.5488474024704126e23,1.2771088120421603e24,4.883039236975054e13
8.85450595981707e21,1.5491132709395203e23,1.2769638837797173e24,4.881952639969551e13
8.854469439266806e21,1.5496730971443824e23,1.277156377011356e24,4.882628441585296e13
8.860605485851619e21,1.5498806365781184e23,1.277017925587485e24,4.883871648904933e13
8.859700451987817e21,1.549350215575314e23,1.2880924141318208e24,4.893777040262305e13
8.890134530112852e21,1.550099293086306e23,1.2907863513153064e24,4.893562980119256e13
8.906663191261085e21,1.5509651779681288e23,1.291526902836452e24,4.894192626118635e13
8.907086094433317e21,1.551200052752555e23,1.2915152999662468e24,4.919289227723091e13
8.907195802491926e21,1.551507983689297e23,1.315505839005978e24,4.919424455876999e13
8.927535093885453e21,1.5511713071711263e23,1.3155218372788794e24,4.920310898301954e13
9.201301395726578e21,2.0627294171548077e23,1.3181800591858093e24,4.919553026751499e13
9.20407706649388e21,2.062340767863428e23,1.317587292606395e24,4.920253490739865e13
9.22732542894621e21,2.0612918727086414e23,1.317404815756051e24,4.923417642215188e13
9.223522228227045e21,2.0626842179334475e23,1.332438551528021e24,4.923870990560488e13
9.22658091817171e21,2.063050176019965e23,1.3337443858823017e24,4.923649818438574e13
9.228759618826038e21,2.069557004518557e23,1.3337635366714347e24,4.924555373896327e13
9.231637836282385e21,2.0701223576870187e23,1.3336074686373131e24,4.925291110087995e13
9.231068863565943e21,2.071356525620674e23,1.3338105278046001e24,4.925999416948939e13
9.236626781992175e21,2.0699959143348443e23,1.348772224783943e24,4.925705482867282e13
9.234724293511998e21,1.1680945077855361e23,1.3487080519502952e24,4.926780913673888e13
9.235911773018587e21,1.1687164121355229e23,1.3497036774007591e24,4.927561980866858e13
9.236671868974703e21,1.1688947567755634e23,1.3522372038622193e24,5.145622420971093e13
9.2383194849924e21,1.1692641160197116e23,1.3522300116469887e24,5.141647702289157e13
9.236738435546835e21,1.1694245882373526e23,1.3520416003381393e24,5.145790152402211e13
9.236609615060595e21,1.1718187195780822e23,1.3549534543568258e24,5.149310926264195e13
9.23678387379326e21,1.1725578803908419e23,1.3604054840459587e24,5.148664131069746e13
9.236952942128475e21,1.1733361662266565e23,1.3602642477611507e24,5.148058186818189e13
9.238720183850407e21,1.1735057147630138e23,1.3604987395590314e24,5.149406256551176e13
9.240313764345608e21,1.5192178244976647e23,1.361499232114128e24,5.153351620301651e13
9.242317000671679e21,1.518668652627553e23,1.3616893184200716e24,5.1548175536303375e13
9.243308100002502e21,1.6196726040077197e23,1.4513242624183957e23,5.1517515375885e13
9.245324161148121e21,1.6193652948083984e23,1.4510734758918862e23,5.151229330685807e13
9.248630829616393e21,1.6194957984048438e23,1.4529384916171271e23,5.151609510464727e13
9.251492431864292e21,1.622622654431135e23,2.1569282765930536e23,5.151224934242894e13
9.253147680992268e21,1.6291593778170156e23,2.1571677539051905e23,5.152508342811105e13
9.254915733936149e21,1.6289484693735724e23,2.15807039658322e23,5.1532434269820125e13
9.257835249167974e21,1.629916026508445e23,2.158093117117132e23,5.218525107944394e13
9.264760392324504e21,1.627865303733049e23,2.1585745413223355e23,5.22643297216633e13
9.276479919381917e21,1.6273558120717882e23,2.159534092001651e23,5.229475731898698e13
9.288312867604153e21,1.7742190579902122e23,2.159201637611541e23,5.228542054330638e13
9.287396099497351e21,1.7740293198652464e23,2.1610023860351997e23,5.229024491694593e13
9.764900275170797e21,1.774288467705492e23,2.163847861006321e23,5.23562703305456e13
9.767533059514317e21,1.7874912559321854e23,2.1636733372019838e23,5.2336541853684414e13
9.833988234613633e21,1.7874169778407956e23,2.1634672669773017e23,5.232498186830152e13
9.835322618449983e21,1.7884817402034282e23,2.1643016385236228e23,5.232471517007693e13
9.83615680848693e21,1.7889751284482286e23,2.164761299560726e23,5.856368557816842e13
9.83433268051969e21,1.7897206220577536e23,2.164831819952952e23,5.854901803907379e13
9.837058246589913e21,1.7904916806052535e23,2.165721814262432e23,5.85444289552206e13
9.837768387591137e21,1.7916410374366507e23,2.1651375864813375e23,5.855580429314941e13
9.841500669255243e21,1.7914673597050002e23,2.1385037846618937e23,5.8564084904746516e13
9.841202206279584e21,1.7953605892833832e23,2.1381449535855093e23,5.8602660806354875e13
9.842664894178118e21,1.7959828833609014e23,2.139359003727684e23,5.861992707981055e13
9.856919678724096e21,1.798373708694654e23,2.146186639810751e23,5.8626346076671125e13
9.856006587578562e21,1.798603999128905e23,2.1469510024525582e23,5.86585279057728e13
9.852885732597403e21,1.7982093413150813e23,2.1475398539435184e23,5.897045146385324e13
9.868985749187412e21,1.7978248443514178e23,2.148927343548181e23,5.896060653708386e13
9.871069768508135e21,1.7981077683106003e23,2.1493058717818386e23,5.895564651888342e13
9.871256218328057e21,1.8037034470092373e23,2.1500171707405695e23,5.8973171928927625e13
9.872857541199188e21,1.803455093087638e23,2.1504542988106822e23,8.475154272523305e13
9.874174401283113e21,1.8026590792121297e23,2.1502074500055033e23,1.5637871217660796e12
9.872364384636295e21,1.8025480745333213e23,2.1501546857744922e23,1.5635444616325225e12
9.870752369205156e21,1.8020084723571167e23,2.1512029014154128e23,1.5690579183102961e12
9.87569027280609e21,1.8026434753027803e23,2.1464421182010124e23,1.5702944812376008e12
9.877388615205492e21,1.8545934662768393e23,2.400004370574813e23,1.5704312502321233e12
9.8808909741939e21,1.8541615066213232e23,2.399621065527166e23,1.569434302497587e12
9.975077813805839e21,1.855230084619334e23,2.402506080792764e23,1.5696410550870386e12
9.979859360570187e21,1.8573450821120095e23,2.4035384704832718e23,1.5694079407694502e12
9.97769533520221e21,1.8576061415773723e23,2.4029131145731906e23,1.569379465807211e12
9.975070217973529e21,1.8569805069245045e23,2.404108988067923e23,1.5699608596628704e12
9.864897503934884e21,1.8583982283687052e23,2.403721418971315e23,1.5713956020094802e12
9.865520494920168e21,1.8591958353991722e23,2.404091836711342e23,1.6530810665821387e12
9.865211281380685e21,1.8601513839122817e23,2.4029970083533244e23,1.663122189722989e12
9.874225456095255e21,1.8575484748745663e23,2.4039033395046253e23,1.6628164004646846e12
9.870723082105804e21,1.8584332283980976e23,2.4044273222615818e23,1.6677326950920203e12
9.870307823003883e21,1.8586869814832408e23,2.4115437659243027e23,1.667399020121836e12
9.90071322036585e21,1.859233229364487e23,2.4114464694097657e23,1.6673666291177969e12
9.902110936910862e21,1.8627049108031447e23,2.4119148276322398e23,1.6673958324770906e12
9.92242203210952e21,1.8631352883366163e23,2.416827415360285e23,1.667194205747724e12
9.924419202950564e21,1.8627321587941327e23,2.4162576415241067e23,1.66757690967679e12
9.9249682033057e21,1.862604920458036e23,2.4158698186636234e23,1.6681278545547637e12
2.2621818950860525e20,1.8623689970288983e23,2.4163243404412582e23,1.6706271156320295e12
2.262656781940738e20,1.864648877064285e23,2.4167314925433793e23,1.6714467612203315e12
2.263011177419223e20,1.8666228608242266e23,2.4479996957381657e23,1.6718910637991514e12
2.2625398228144413e20,3.050445682023799e23,2.447779363606464e23,1.6718185895089614e12
2.262030410696713e20,3.051893062904139e23,2.4547461844661916e23,1.672177640862914e12
2.2635682371928945e20,3.052319675503286e23,2.45475991614657e23,1.6733294353737908e12
2.2640274238752457e20,3.0522934884952106e23,2.4555761126585976e23,1.672773064854878e12
2.2607875001787603e20,3.053666489702351e23,2.455423351641368e23,1.6871311232831729e12
2.2644511689570284e20,3.053566961273543e23,2.4559381279355756e23,1.687674083687857e12
2.2711861986973427e20,3.0533373986844905e23,2.4553437124676326e23,1.6890863769671663e12
2.2727664783867534e20,3.05228583499759e23,2.4557216307875888e23,1.9252444271100828e12
2.2735683968446012e20,3.0489003437404176e23,2.4569102639377173e23,1.9257777496407844e12
2.2732516624451728e20,3.038964182294622e23,2.454135386682383e23,1.9254315154100417e12
2.2720215102221166e20,3.040534649146759e23,2.454509403857478e23,1.926043356106849e12
2.2724405988695736e20,3.0604873946947095e23,2.4557228969453996e23,1.9251685390799355e12
2.2728927323534226e20,3.0612019079939076e23,2.4561581344527398e23,1.959735013861674e12
2.271135627373133e20,3.061590881834151e23,2.458066972542473e23,1.9697038880869421e12
2.2712424472819656e20,3.060587427394932e23,2.4585069189963997e23,1.9689949417542444e12
2.2704184799933992e20,3.0618466144690316e23,6.013171124853848e23,1.9694857176517751e12
2.2846623909300122e20,3.064829502531053e23,6.176752961732067e23,1.9770555798472305e12
2.2848467881016803e20,3.066237913390916e23,6.177549166633493e23,1.9776816885280193e12
2.285149296134497e20,3.066740458665011e23,6.178524651041346e23,1.9780342718704888e12
2.346128231117436e20,3.067378642925707e23,6.180119282430078e23,1.977602570322703e12
2.3466328179643236e20,3.068257071076739e23,6.17518587378426e23,1.9791241808420923e12
2.3549892191368983e20,3.069616815726577e23,6.17420620219593e23,1.9800822847320825e12
2.3596772058547536e20,3.07077115863605e23,6.191489917969238e23,1.9809806058615664e12
2.3599313439278046e20,3.0716104361263304e23,6.192401578560207e23,1.9812346958235051e12
2.3604540851494932e20,3.0712232806517576e23,6.194710844660362e23,1.9816583691446995e12
2.360877094347591e20,3.071187192798267e23,6.193006420555782e23,1.9816950737453845e12
2.3628958529323427e20,3.0706231855314846e23,6.198362036861601e23,1.9813373554880508e12
2.3633024232317344e20,3.074231397281006e23,6.199256596839912e23,1.9802645667661272e12
2.3627855967274435e20,3.0766582877364114e23,6.193860243197416e23,1.9810177169104185e12
2.3651685854988832e20,3.0857809667689626e23,6.194771597514994e23,1.9825302634058562e12
2.5062876138569125e20,3.085559888460276e23,6.193368444179791e23,2.0056026565748904e12
2.5049586262936584e20,3.08864763607812e23,6.192292670106285e23,2.0041444640004204e12
2.505825373672685e20,3.090017785727746e23,6.192084732458953e23,2.0054011336434478e12
2.5134658399370222e20,3.091362476521526e23,6.217652129535388e23,2.0046316614368955e12
2.5142023898031882e20,3.089786658269823e23,6.219740293883297e23,2.0073791635201604e12
2.516542326097204e20,3.319099573921796e23,6.222078082271823e23,2.0096782107732993e12
2.856453799106503e20,3.326504617208891e23,6.225641496902602e23,2.0090180945360115e12
2.859012030844354e20,3.327159970918093e23,6.229246275819533e23,2.0094135945309937e12
2.8594560331536885e20,3.356799376544566e23,6.227871039551025e23,2.0114331649675627e12
2.904608989351343e20,3.3681087795833356e23,6.30856120849457e23,2.0145718669082544e12
2.908059293776543e20,3.370350866784117e23,6.309272383711599e23,2.340746833897979e12
2.906669072160637e20,3.371520140145955e23,6.310493192735723e23,2.3416560156867144e12
2.9075452027347573e20,3.370846210952872e23,6.315946468598562e23,2.3410775093172607e12
2.9079323949783974e20,3.378968772130049e23,6.317094499466557e23,2.3423240167298726e12
2.9012158901844273e20,3.379284548614538e23,6.315674466236868e23,2.343745042321957e12
2.9124019614179154e20,3.378098478198201e23,7.879816476075381e23,2.346946413484987e12
2.911824794214498e20,3.3814295144914604e23,7.88978438366142e23,2.3471899737574224e12
2.9128676749821343e20,3.382418019462805e23,7.894389030166314e23,2.3497037984110044e12
2.9122830868393702e20,3.385087921770396e23,7.893234076491454e23,2.3492609401152354e12
2.9123680727889963e20,3.386600235648499e23,7.896377352627135e23,2.3505932095941577e12
2.9110134887601147e20,3.3859750959562985e23,7.894024001127067e23,2.3511281483905024e12
2.9115836980634603e20,3.387624214605787e23,7.90138599874095e23,2.351940730285937e12
2.9108730200161773e20,3.532352396421814e23,8.088591783137973e23,2.3544724308476274e12
2.9085489089210715e20,3.531581582413556e23,8.09004508783168e23,2.3549442258791606e12
2.9077586037845036e20,3.5306447374895884e23,8.091235127339928e23,2.356742084711859e12
2.90640567720148e20,3.534855730100908e23,8.092471999622774e23,2.35713016698046e12
2.906794857844088e20,3.535467693478063e23,8.09568430633818e23,2.3565056841476387e12
2.9073819256975963e20,3.540618333628847e23,8.099393373259567e23,2.363753994209137e12
2.9087869923775454e20,3.541419927226133e23,8.115907567371863e23,2.3663144226504727e12
2.9095362211825356e20,3.542019425768848e23,8.113803734323935e23,2.375871087817744e12
2.91099400087769e20,3.5418755514803334e23,8.115018717020266e23,2.3763144961535645e12
2.9348519365018265e20,3.545076536150173e23,8.11278925121544e23,2.3777859755947773e12
2.9357022115425308e20,3.544316584322034e23,8.116966799390662e23,2.3816434972407983e12
2.9405412400165293e20,3.63166187498947e23,8.118686769149162e23,2.386594340988552e12
2.940989573606394e20,3.6326432034867484e23,8.132610585119555e23,2.387619274148207e12
2.9408648884562064e20,3.63386382335463e23,8.132684319747321e23,2.387023508553397e12
2.9465057826644266e20,3.633199455475777e23,8.136105224054588e23,2.391783508180181e12
2.946308697975153e20,3.6358197015737735e23,8.130821367767797e23,2.3910082250656e12
2.9485385177224338e20,3.641104147131288e23,8.13877816744538e23,2.391645797140954e12
2.948610912991298e20,3.641775422371995e23,8.13348295229421e23,2.3938388512339414e12
2.9490698639052816e20,3.6481717537922485e23,8.139794202965567e23,2.396033500878356e12
2.9482521427440658e20,3.647611121136039e23,8.140211092904098e23,2.3962868965749453e12
2.949570610865784e20,3.648641411003618e23,8.138762111927171e23,2.3993333777553135e12
2.9516620545153014e20,3.648027083058586e23,8.14038087719242e23,2.3998777965148125e12
2.951440809634544e20,3.648642822673831e23,8.14201566051856e23,2.4016332400223403e12
2.9522526708952865e20,3.647866917667567e23,8.15404129515989e23,2.403279778550031e12
2.952854100103963e20,3.64919808421949e23,8.152373778941986e23,2.406500514427642e12
2.953365172019461e20,3.6484157383868915e23,8.155351820362544e23,2.4060637335472085e12
2.9550760449927827e20,3.648626237469745e23,8.158712638157149e23,2.4265189790142305e12
2.9555716645345834e20,3.648763132315926e23,8.235233115179137e23,2.794178923964408e12
2.956248241276217e20,3.6479357381833044e23,8.233149557163135e23,2.7943148207768394e12
2.9567301731832385e20,3.647518079374368e23,8.22937533152487e23,2.795263556803157e12
2.9549215717598816e20,3.6467940719833734e23,8.226862622060226e23,2.7973657648455e12
3.350153638348937e20,3.654217534554124e23,8.229147817705533e23,2.796863540803185e12
3.348266090461414e20,3.653746523756011e23,8.310519729839675e23,2.797224797120726e12
3.349176326779823e20,3.6547313488983015e23,8.311691669277e23,2.793264154996174e12
3.349779698309078e20,3.65570181103186e23,8.31570273430051e23,2.7928425613203545e12
3.3519519950559255e20,3.656942866374292e23,8.317841690094957e23,2.7932843318499316e12
3.360262844066437e20,3.6586849288390134e23,8.321514152528475e23,2.792772071622145e12
3.413726487387526e20,3.659225061115674e23,8.329614532087252e23,2.793535165658757e12
3.416758903539179e20,3.658455196549771e23,8.330216315237515e23,2.7918641450132983e12
3.417280396491187e20,3.665660412515783e23,8.335334488438305e23,2.8125375854513257e12
3.4124382911067075e20,3.666411887064041e23,8.364058473199471e23,2.813112006962547e12
3.4116231690531956e20,3.664569654262367e23,8.362981987560943e23,2.894785207997325e12
3.41226425894478e20,3.665274618302854e23,8.364213691822135e23,2.8953743567799766e12
3.420583568330571e20,3.672120372287205e23,8.365337170470964e23,2.894983722967255e12
3.3850389408391954e20,3.6835147697944875e23,8.367799653803016e23,2.899722297184574e12
3.3844456895327876e20,4.1984763231453834e23,8.395081615903015e23,2.9699923650163994e12
3.386942317286484e20,4.201566116133647e23,8.397479342597784e23,2.9714688173759727e12
3.4174850628169925e20,4.202209029528104e23,8.424318369371653e23,2.971290583772284e12
3.4198352282764857e20,4.2015944045670497e23,8.428417136682506e23,2.971938563644039e12
3.417313804078836e20,4.2012951362178453e23,8.426781715776466e23,2.97251162438844e12
3.418270531804093e20,4.2017810000556085e23,8.448156670747134e23,2.972921195508482e12
3.418607434249528e20,4.202682128252506e23,8.446518204863614e23,2.973295964149403e12
3.419803289311893e20,4.2117424927819194e23,8.445223449863667e23,2.974556415909917e12
3.4207531797622345e20,4.214990708552852e23,8.448236001253636e23,2.975785268377657e12
3.421389751308191e20,4.214988064592684e23,8.449399207546133e23,2.976554472168374e12
3.425471198853252e20,1.1129550840247577e23,8.450581828014618e23,2.975544068218456e12
3.426208981672108e20,1.1129028414604154e23,8.464315586192138e23,2.976070212842385e12
3.442307755663107e20,1.1195935723824615e23,1.4582068160154674e24,2.9782415719459277e12
3.441541702025709e20,1.1206838800815971e23,1.4578307093129373e24,2.979026044524479e12
3.438072388724193e20,1.120950832283122e23,1.4556937381001985e24,2.9795055699176323e12
3.439420875619287e20,1.1236570807662434e23,1.4560503071479325e24,2.9811510133091035e12
3.441397213923687e20,1.1241895995737195e23,1.5161458202949143e24,3.3798059934869175e12
3.4398213193031464e20,1.1243873522863752e23,1.5200554769699534e24,3.3789563154353286e12
3.4405474307774113e20,1.1260566529540233e23,1.5240078671742546e24,3.3772626388165317e12
3.4397862112004447e20,1.1283014883513388e23,1.523941678258824e24,3.4514250658795884e12
3.452599228403908e20,1.1290158348968336e23,1.527034115837152e24,3.4512184111856987e12
3.462624084265024e20,1.128906309009708e23,1.5322103590459246e24,3.4512746359944336e12
3.463419128497521e20,1.1301059238692044e23,1.533138880851378e24,3.4518250260106406e12
3.467970636479578e20,1.1300321894843963e23,1.533482785213184e24,3.4412870561471074e12
3.468853360845221e20,1.1301267122157661e23,1.5337072820460638e24,3.4419912859963037e12
3.4773270628708994e20,1.1303872473460507e23,1.5337359655956567e24,3.4425953626481685e12
3.4780786116539515e20,1.1302271467007023e23,1.5341532357846825e24,3.453200869066588e12
3.4760615166620336e20,1.1305387528662508e23,1.5349256492975915e24,3.456361182707396e12
3.493218769088142e20,1.1334145422812727e23,1.5352220144807808e24,3.4690343248733276e12
3.4923965066582557e20,1.133354380854431e23,3.0172212573506633e24,3.4707797342300796e12
3.491073275988659e20,1.1335885425826604e23,3.0196069986753336e24,3.5278751029214937e12
3.4931379041747966e20,1.1354042761233583e23,3.019523627019488e24,3.531313215668273e12
3.4936807721614914e20,1.1375015242572546e23,3.0193443540638465e24,3.5317660156427144e12
3.4926789802849855e20,1.1440378227937933e23,3.020618711823169e24,3.534771391863742e12
3.479410885773363e20,1.1466705562686473e23,3.0182762463692417e24,3.535469528510388e12
3.4798835592147744e20,1.1478410984680682e23,2.77793784811417e24,3.5359880634769204e12
3.4812146796984684e20,1.1476193089957874e23,2.792267633336711e24,3.5435353521242524e12
3.4817203104406195e20,1.148656057178042e23,2.7931217226879503e24,3.544651391588536e12
3.553126443408444e20,1.1490676931478935e23,2.7945587090900533e24,3.5453632984785005e12
3.590265514436823e20,1.1499802006649419e23,2.7963638363492944e24,3.5447110539291797e12
3.589492656065247e20,1.1496110208247297e23,2.7964320534654416e24,3.5459443323105737e12
7.281518239599596e22,1.1490957930728774e23,2.7983806231515326e24,3.553969800379389e12
7.285082662588844e22,1.1501610011416072e23,2.857010983723421e24,3.5503718320520894e12
7.28680325554974e22,1.1501063648474719e23,2.857294293527771e24,3.549042838449049e12
7.284178444170935e22,1.1517870508564138e23,2.862176813203938e24,3.5495596859969736e12
7.284684698710831e22,1.1519544503734756e23,2.86163359798797e24,3.5516401342809067e12
7.288717580122735e22,1.1516731020326702e23,2.864004233136829e24,3.555495875078357e12
7.287425915768595e22,1.1539274586442611e23,2.8662624396168e24,3.5581393357932197e12
7.2887401464112565e22,1.1541293208516423e23,2.865909654775685e24,3.559209472057452e12
7.288548651193148e22,1.1545946714662993e23,2.8662998868957197e24,3.5598880054818345e12
7.290559023525948e22,1.1548079141410317e23,2.867016118353528e24,3.5619420794376504e12
7.29038540964413e22,1.1557030374612533e23,2.867113968874284e24,3.561065488192441e12
7.29041581181468e22,1.1559356435040023e23,2.873919667500174e24,3.561880128006965e12
7.289392641598319e22,1.1565362181217888e23,2.8752096139792406e24,3.5713809459366226e12
7.291350958937507e22,2.1305393490869668e23,2.8776719452368737e24,3.5723274347900513e12
7.296486350416992e22,2.1309126088479968e23,2.877491414116073e24,3.587994409628818e12
7.298032342807363e22,2.130260302130993e23,2.8771294250468245e24,3.5921422322537607e12
7.299868442158587e22,2.1309320661745292e23,2.877605999726366e24,3.604265971968276e12
7.30295504909832e22,2.1319026881809935e23,2.877775185961194e24,3.6122535176814756e12
7.3042523211656314e22,2.132600510268556e23,2.8774910462551846e24,3.612760427723201e12
7.301720442168486e22,2.1341536849915986e23,2.884596896967407e24,3.613529900908809e12
7.327320886453739e22,2.1337892684506742e23,2.8844638982400393e24,3.615014851109092e12
7.327292416606352e22,2.1342565216687643e23,2.8857369003061956e24,3.6146744838887515e12
7.328513261009493e22,2.18788291265316e23,2.886181897506861e24,3.614345250102672e12
7.329780237918175e22,2.1877163688864095e23,2.888485154369219e24,2.7584343322389663e12
7.329214256992338e22,2.18739172040787e23,2.889289725860577e24,2.758806875768526e12
7.3333106723148804e22,2.1872014737410978e23,2.8904731346370564e24,2.756404535506074e12
7.333506231315651e22,2.1866442289197326e23,2.890037444538548e24,2.7578508124876353e12
7.334824154272951e22,2.18665722053588e23,2.9399356216274854e24,2.7574872372734277e12
7.33647368564917e22,2.1886134412265164e23,2.940353595425345e24,2.7580469203948413e12
7.335100273103358e22,1.0259556141042103e23,2.940695707989691e24,2.7606344346877046e12
7.334547568624954e22,1.026190599855688e23,2.9405994086693997e24,2.76088174129307e12
7.389153177112036e22,1.0259401043409317e23,2.9409086084182363e24,2.7614160315036177e12
7.400424050483954e22,1.0261112255944892e23,2.9429601953575284e24,2.7622897843367485e12
7.400469242880485e22,1.0258426266856338e23,2.942972536792826e24,2.7625466034408335e12
7.4053471981144784e22,1.0260444165688489e23,2.9621095808622633e24,2.761794441567232e12
7.40568411850789e22,1.0281348052678801e23,2.9619544431093036e24,2.7621426797161226e12
7.41741924488599e22,1.0281005968102626e23,2.9623799417825765e24,2.76300662714223e12
7.4163370665984595e22,1.0291557094218801e23,2.9636855797766663e24,2.762563640869433e12
7.4620145768035575e22,1.0314654814816643e23,2.963645753154694e24,2.762325158104077e12
7.461354350685013e22,1.0315474788144988e23,2.96367543673518e24,2.7618848629297153e12
7.465877247363114e22,1.031875869880822e23,2.963815773790191e24,2.762527033835202e12
7.467994084172023e22,1.032124582593302e23,2.965108488387619e24,2.762605003775186e12
7.47356677879762e22,1.0327611978697871e23,2.965688975831824e24,2.752502699206867e12
7.472944755936348e22,1.038550496190698e23,2.9911418139494077e24,2.7523783200112036e12
7.468025042430696e22,1.0383861238069056e23,2.9917652497472613e24,2.752488019106471e12
7.4671945454379965e22,1.039963546134285e23,2.9915461243088607e24,2.752884360541314e12
7.462214176063459e22,1.1733279484631939e23,2.9920584923175493e24,2.7526238860852705e12
7.463370509274403e22,1.1735480972615476e23,2.992301560241528e24,2.7514869016130684e12
7.470545665041269e22,1.1729572222153889e23,2.997443107870355e24,2.75249616717996e12
7.707105036091245e22,1.1748112244244376e23,2.9969838386244805e24,2.7525035056963696e12
7.707194046314267e22,1.174805913058256e23,2.9966394355844475e24,2.759956433629239e12
7.710250305373783e22,1.176124556288248e23,2.9969550120311183e24,2.7596106523893096e12
7.707709018804375e22,1.1754714703521828e23,2.9990051797216173e24,2.7603234964971733e12
7.710835706020378e22,1.1761425881918815e23,2.999865245457883e24,2.760144364652105e12
7.712827627058138e22,1.1793624400662729e23,3.150342367182197e24,2.7601490527690825e12
7.714476946279282e22,1.1763785110828885e23,3.148809235318801e24,2.759483586685817e12
7.713694603177083e22,1.1774957187888952e23,3.148369001131622e24,2.7600878287183e12
7.712828033188984e22,1.1777089264733149e23,3.1470351604704564e24,2.765254541509675e12
7.717450076996396e22,1.1779077423284085e23,3.147533872453879e24,2.765601874531416e12
7.718838503952965e22,1.1794963760704474e23,3.147454235589169e24,2.7659817896054146e12
7.736381948489652e22,1.179285261615207e23,3.1477684415392144e24,2.7826093563137124e12
7.737516710543343e22,1.1850950184838783e23,3.1477661974210356e24,2.7823344169132314e12
7.743806205984015e22,1.1848206896928366e23,3.148503859002986e24,3.5045678478195747e12
7.75052112894068e22,1.1854067013326823e23,3.161496692524511e24,3.505789032937956e12
7.737384845131631e21,1.1846457080930705e23,3.157631468373548e24,3.506364891297263e12
7.738997969489772e21,1.1883806139578662e23,3.442593118383622e24,3.552628409971172e12
7.74185239663262e21,1.1881841475826984e23,3.480530097685526e24,3.5534036710992764e12
7.953110043030366e21,1.1883462628926977e23,3.482404445371306e24,3.5538365364781475e12
7.954831324618415e21,1.1890627664989812e23,3.4833632108021563e24,3.5548121349743794e12
7.959650848719798e21,1.1974073186187853e23,3.484029976779164e24,3.5578698722169683e12
7.958563164085618e21,1.1995795080766825e23,3.484498618073932e24,3.5585583630040093e12
7.97794147203792e21,1.1997514302511697e23,3.4848331966265246e24,3.561483997189351e12
7.98103702615284e21,1.2001965855351038e23,3.4851274459258774e24,3.5631485809616665e12
7.992680440260015e21,1.3910139259582958e23,3.4863989323432166e24,3.5638802282302686e12
7.994769839278659e21,1.3904269990620093e23,3.4878001308531435e24,3.564283651875282e12
