Oviedo,Queue,RD,Newton
72.17656376891999,72.1765638569898,0.03857331766943664,1.092638146147772e6
31.07627263076808,31.076275361483454,0.04277967876287026,2.393787054589255e-9
17.46618361877593,17.46615508197705,0.20552203156722793,
10.584601970995763,10.58460829753323,0.026151297460171342,
10.495691113692741,0.7762454703182666,0.043976654601959896,
0.7762422816976088,0.02520134456321488,0.010364753587215118,
0.025204512059572186,0.0006422693383636483,0.0012637489589435644,
0.02520270430083445,0.0006348771704033043,0.0010256609327129844,
0.025202704273316338,0.0006345785836678172,0.0010035828022725208,
0.025200896492708947,0.0006350019083438202,0.0009957056451189443,
0.01873275736500758,0.0006350046165370326,0.0009518872401368252,
0.018519999314470976,0.0006350060076813779,0.0009373648150594019,
0.017899481306778646,0.0006350060448269852,0.0009194352194069082,
0.016629229869331366,0.0006350059799394381,0.0008724443269863444,
0.016612234494418572,0.0006350060225902731,0.0007990160240974986,
0.016605693465269526,0.0006350057339342974,0.0007987269498589269,
0.011259648629968168,0.0006350051716975527,0.0007953148115345608,
0.011242900174898622,0.0006350040681092162,0.0008009715642601796,
0.011105205708935882,0.0006351427368233251,0.0007966043278055184,
0.010551247960345487,0.0006351109473154264,0.000781695564746283,
0.010243322125846816,0.000635114283745735,0.0007641496821974695,
0.010222646104682027,0.0006351305822206017,0.0007434650942436986,
0.010219944807189324,0.0006351242344234217,0.0007230493013351176,
0.009848843973595303,0.000635135785696542,0.0007031672972888207,
0.009764609580175094,0.0006352024879054368,0.0007265699772710033,
0.009755530530424623,0.0006351971183642367,0.0010526948033435528,
0.009349233793790702,0.0006351925377171953,0.0006910492358666881,
0.007835841957642219,0.0006352309001536442,0.0007109012593045092,
0.007820927941181397,0.0006353580375729825,0.0007097063308675921,
0.007688408794450927,0.0006353503627085667,0.0007042405269963571,
0.007549168122474968,0.0006353503994708932,0.0007071746552295712,
0.007548862404173623,0.0006353429962230374,0.0007011821017341084,
0.007541341708705459,0.0006353429636971128,0.0006814225730413632,
0.007434644840519958,0.0006353407335861165,0.0006820279276820441,
0.007434567619391243,0.0006371071976170529,0.0012307436495920152,
0.007431416321706425,0.0006370629688263239,0.0008247258203552979,
0.007409336609537408,0.0006360143785804017,0.0007937779379105744,
0.007409335805951408,0.0006360334596698778,0.0007564605434977345,
0.007393118747620634,0.0006357310429190666,0.0006843698334522933,
0.007327411169885517,0.0006356781815119118,0.0006840154842802148,
0.0073273887950497385,0.0006356505231062611,0.00067633597302746,
0.007288323941970884,0.0006356484665177662,0.0006706519152627924,
0.007284557050293483,0.0006356509855305465,0.0007029043997129171,
0.007270142572749721,0.0006356613176160217,0.000704707366474747,
0.0063643315562294436,0.000635233241880417,0.0007045249707860752,
0.006318501218550836,0.000635179362840269,0.0006764679530621256,
0.006141462195950641,0.0006349554850659304,0.000667373714356877,
0.006073681596486437,0.0006349567127466207,0.0006637616540005578,
0.005785983754687359,0.0006349566184467415,0.0006630459922078814,
0.005709224403269777,0.0006349401190748471,0.0006758910283726869,
0.005705858183446189,0.0006349477124085821,0.0006679002417209166,
0.005650966884743939,0.000634969339131579,0.0006715092002369077,
0.00564584937551651,0.0006349847936508358,0.0006797495056133219,
0.0056456714802137434,0.0006349904851977758,0.0006853102098193865,
0.005473961849936542,0.0006349890375921738,0.0007346869552005316,
0.005419250687066944,0.0006350131860413097,0.0006791587250155235,
0.005418105772839534,0.0006350382686675394,0.0007065584779357471,
0.0053325569280742915,0.0006350637392516833,0.0007334767439929387,
0.005066037553609233,0.0006350877686496154,0.0007080673321149655,
0.00506413573914931,0.0006351112018580011,0.0006813309734164419,
0.0049884276789646,0.0006351167342856076,0.0005105694758034242,
0.004923792617871602,0.0006351484407192839,0.0008380391172211419,
0.004923779578000006,0.0006351827799908209,0.00046635046636370886,
0.004923255941482585,0.0006352010902038609,0.0004656551531900493,
0.004920638772089582,0.0006352101572712974,0.0004649092211331935,
0.004920636014901793,0.0006352164318275151,0.0006861709911500552,
0.004919923448439624,0.0006352130431980035,0.0006789746369913043,
0.004919694420144391,0.0006352024202894186,0.0006709743524777942,
0.004919693226288536,0.0006351971636695187,0.0007572763409514941,
0.00491952642540057,0.0006351648960758698,0.0007483322300717996,
0.004917301067798133,0.0006351325236053722,0.0007477586930408286,
0.004917299616310212,0.0006351137181911087,0.0007485911803511028,
0.004916611977745313,0.0006351181206416045,0.0007465251334099599,
0.004916232624572759,0.0006351069690197559,0.0006718643439607593,
0.004916232190671779,0.0006348056316004092,0.0006714083699699253,
0.004916011337477989,0.0006347870738237736,0.0006690545463027693,
0.004914428512021205,0.0006347774048481925,0.0006689791803738297,
0.004914427477096465,0.0006347641150565492,0.0006601675917570729,
0.004913771567482414,0.0006347260738056101,0.0006605728199381164,
0.0049130291016833685,0.0006347042809730834,0.0006490851209168285,
0.004913028859538591,0.0006347062646053407,0.0006495175093487504,
0.004912617692327731,0.000634710910580394,0.0006478778549434413,
0.0049118651269968745,0.0006347093750638241,0.0006494549584792928,
0.004911864501554883,0.0006347054593533027,0.0006176095800149419,
0.004911318550661719,0.0006346769103361144,0.0006762215025600309,
0.0049104096262702545,0.0006346705318537167,0.0006441382388191283,
0.0049104094860244855,0.0006346514774314395,0.0006398105561227143,
0.004909839542416162,0.0006346725449063067,0.000626657694331151,
0.004909280431910628,0.0006346225413695547,0.0006325713206342176,
0.0049092800262036645,0.0006346512080259278,0.0005790915198439085,
0.004908812880934958,0.0006347541063948064,0.000567181518909122,
0.004907220329859784,0.0006348553385577317,0.0005632400997404405,
0.004907220116724287,0.0006343069856320141,0.0005623088537167718,
0.004906343271617133,0.0006343938662378436,0.0005618793495615653,
0.0049057264132397384,0.0006344841334840519,0.0005694079608878537,
0.004905724745918222,0.0006344839298027564,0.0005699782281059413,
0.004905088073343296,0.0006344687163492417,0.0005745311829485288,
0.0048757013314634345,0.000634469083805628,0.0005657606523422513,
0.004875668614224647,0.0006344715987760314,0.0005476606104792756,
0.00486569080084087,0.0006344649471907515,0.000536524376432001,
0.00481518384621725,0.000634455115589013,0.0005262706856161397,
0.004815157351135545,0.0006344711598659681,0.000517262839753478,
0.0048080477697479175,0.0006345229961180449,0.0005094118029083267,
0.00479168677722484,0.0006345352866945442,0.0005004262347059495,
0.004791672747660135,0.0006345312192079907,0.00048786964164981904,
0.0047880888904036824,0.0006345320442356228,0.00047653424235581876,
0.0047806530941236994,0.000634451274079688,0.00045497073771407057,
0.0047806084787709235,0.0006344580938466318,0.00044729910764476367,
0.0047713668103644274,0.000634417798577495,0.0004439271801991065,
0.004759176705295422,0.0006344503686736268,0.0004422229462723226,
0.00475898759803249,0.0006344284200216288,0.00044521942072006925,
0.004730471397956349,0.000634445035530517,0.0004446356369774905,
0.004708132246755462,0.000634463126641405,0.00044435947227889234,
0.004707228596152709,0.0006344953188879735,0.0004478711655412684,
0.004599273060379104,0.0006344306723417286,0.000447778936326943,
0.004537547575335312,0.0006344185234127142,0.0004609344312850261,
0.004533389337968406,0.0006344560251557333,0.0004617490404690307,
0.004262584599766025,0.0006344981582927812,0.0004681503708631588,
0.004193584960902356,0.0006345058309032971,0.00046972529351545667,
0.0041895703505843655,0.0006345101882074073,0.00046814173168125534,
0.004060845796410782,0.0006345982758839439,0.00046830290435988134,
0.004046079044001969,0.0006346022700172546,0.0004682848228251429,
0.004045086799918394,0.0006346211953621857,0.00047239043164018437,
0.004018360789493525,0.0006345373843755402,0.0004713956545263567,
0.004015489147337683,0.0006344384434728967,0.0004627427384869092,
0.00401495150308526,0.0006341532242121002,0.0004557250886604325,
0.004003135858042412,0.000633917558589977,0.00045185461481480905,
0.004002027345257954,0.0006338640761704926,0.0004534242471412969,
0.004001292204516567,0.0006331496274421823,0.0004527561163696701,
0.003991182409313657,0.000633088874260908,0.0004441910568989047,
0.003990458866312863,0.0006331669013571708,0.0004526690822891215,
0.003989094284532859,0.0006331671979432136,0.00044867967254728187,
0.003973952606071109,0.0006331681969714774,0.00044975612101696484,
0.003972876227459433,0.000633170512925072,0.00044395809393535564,
0.003968415014219453,0.0006331706008055712,0.00044659149046483875,
0.003940530201476239,0.0006343077096570688,0.0004408524821537053,
0.003939257335774728,0.0006360252394338082,0.0004272518407220509,
0.003932957642080419,0.0006341181447155997,0.0025085526170800974,
0.0039176727216782775,0.0006339646781580948,0.0007916529386509325,
0.0039173265468553445,0.0006339473735868474,0.0007980974283074969,
0.003915504541457948,0.0006339447680323029,0.0007356208083536402,
0.003913185837724959,0.000633938577477571,0.0006768997716093888,
0.00391309634077649,0.0006339202618184166,0.0006249972125924172,
0.003912110535478845,0.0006339190158170061,0.0006240367011912988,
0.0039105753506698485,0.0006339049875386143,0.0006141103361791386,
0.003910205735813027,0.0006338996442702082,0.0006055282762251498,
0.003902648488185315,0.0006338993863833511,0.0005985631284676506,
0.003893885175625075,0.0006338994610264821,0.0005987415756269856,
0.0038906364466011045,0.000633900116723744,0.00072212260181872,
0.003854796771218175,0.0006339018678161985,0.001523828250772952,
0.003839285379149227,0.000633904369745715,0.0023014448628997835,
0.0038349707290285394,0.0006339024579826019,0.0019628049492811488,
0.003815873402917334,0.0006338982017693643,0.0006937717449085977,
0.0038132159138418256,0.0006338941909836338,0.0006853617569355202,
0.0038117217544901463,0.0006338898856949006,0.0007278595226210276,
0.0038074320957969037,0.0006341588314186408,0.0005916551563467766,
0.003807056492325727,0.0006339718337716399,0.0005950042475642538,
0.0038059453917638746,0.0006339910845559053,0.0005865487186385764,
0.00380420700536885,0.0006338498648390023,0.0005758588678997358,
0.0038041188692669575,0.000709658559289572,0.0005744205097957986,
0.003802804492929139,0.0006356754470490722,0.0005662986480458687,
0.0038018418116779803,0.0006352870492063508,0.0005647635666670214,
0.003801809487546382,0.0006352826246028461,0.0005640254770074449,
0.003798017179993052,0.0006352636651756163,0.0005684675609012962,
0.003796178659546677,0.0006352704059934721,0.0005655042357940155,
0.003796128788707541,0.0006352329161002013,0.0005588641638835126,
0.0037871367373348026,0.0006354646665611302,0.0005513445111162828,
0.0037858172835100873,0.0006350824695458972,0.0005471875923830744,
0.003785789464535226,0.0006346732068480147,0.0005480111224406099,
0.0037828085736010485,0.0006345727307102173,0.0005435388385178003,
0.0037826473877203125,0.0006344984261759794,0.0005430442839247689,
0.003782644156596749,0.0006345699271144925,0.0005398408924626273,
0.0037803308059792236,0.0006353300816255628,0.0005444928814003508,
0.003780258848489209,0.0006353290565734908,0.0004974125660011945,
0.0037802576549317833,0.0006353746586897063,0.0004851534031986135,
0.0037801734352852705,0.0006353920936280582,0.0004743558727861505,
0.003780066726040815,0.000635396628308987,0.0004636321120294798,
0.0037800664193168884,0.0006354228209599409,0.0004502116510074557,
0.0037796644366952094,0.0006353766992047571,0.0004371516617240922,
0.0037795704904625546,0.000635355935851184,0.00043288115307968085,
0.0037795696275650555,0.0006353480170020966,0.0004271722839550923,
0.0037794184646575144,0.0006353440344407717,0.0004076028522290303,
0.003779356930483206,0.0006353465750747131,0.00041941865179896036,
0.003779356692345246,0.0006353081155583101,0.0003901760055514019,
0.0037792269458395153,0.000635334766958804,0.00038254737239309093,
0.003779117028086465,0.0006354119239931984,0.0003747884911487852,
0.0037791163623355556,0.0006354557837879601,0.0003678966913690473,
0.003778876175676703,0.0006355399232078885,0.0003636790383937657,
0.0037788428706403182,0.000635540223909357,0.00036332055524974493,
0.0037788427102807775,0.0006354413038153035,0.00035776551360000277,
0.0037787868960401337,0.000635486890964177,0.00035316867847228644,
0.0037786888351148645,0.0006354480034100757,0.0003540565229703361,
0.0037786884747882847,0.0006352677964780595,0.00038370024041699073,
0.003778490370792063,0.0006352479246948986,0.0003534159732887806,
0.0037784655499431114,0.0006351980882569234,0.00035164503242053196,
0.0037784654361923504,0.0006351795372110536,0.00036796338517496404,
0.0037784345793865923,0.000635240668071313,0.0003647481940640986,
0.003778332725964161,0.0006352823597438414,0.0003363094176021224,
0.0037783325340783884,0.0006353528154422226,0.0003090359047139309,
0.003778166071433445,0.0006353533894203487,0.00031043324017303157,
0.003778143880686562,0.0006349542242387272,0.0003119446469680197,
0.0037781438071840764,0.0006349692918088767,0.00031299152372727594,
0.003778109563835748,0.0006348214513521255,0.0003012957688110962,
0.003778049108647936,0.0006348062671583894,0.0003492199474322144,
0.0037780489882717444,0.0006347957288279352,0.0003298331193164771,
0.0037779639137875084,0.0006348448201034361,0.0003302051268145631,
0.0037779372055472002,0.0006348232937789009,0.0003722444644289988,
0.0037779371446710025,0.0006348165181157216,0.000324632468617852,
0.003777905883404083,0.0006348155385039471,0.00032284906155090353,
0.00377783413719519,0.000634810113326581,0.0003172130862458708,
0.0037778340379523035,0.0006348590349371273,0.00031822809691514425,
0.003777560301608574,0.0006348355661478109,0.0003119142607709662,
0.0037770416784091545,0.0006348787579301348,0.0003039337721422302,
0.0037770400723568767,0.0006359050290183242,0.00030719665609355533,
0.003776588908212323,0.0006357586367627858,0.0003049469567121765,
0.0037760542069022393,0.0006357096658797939,0.0003043887318867166,
0.0037760541136727596,0.0006356304513727948,0.0003029004671912604,
0.0037757788242546394,0.0006355777760799727,0.0003031059698509703,
0.0037727026706203906,0.0006355411487530809,0.0003047650158478917,
0.0037726953199166175,0.0006368925284088459,0.0003044753549201015,
0.0037706554296186327,0.0006377884778289422,0.000302193238108962,
0.0037704758692641647,0.0006375445358522837,0.00030166923562318856,
0.003770475769745676,0.0006374674716589673,0.0003027081601192814,
0.0037703390514699153,0.0006397858258616516,0.00030204503059634173,
0.003767617108016076,0.0006398107124575839,0.00030259841351701165,
0.0037676121453734004,0.0006400036996354795,0.0007841416375774575,
0.0037659369561247914,0.010125498790021724,0.0004956487332885962,
0.0037657296968975212,0.0014729562875876526,0.0004943979014852883,
0.00376572938794274,0.0004079382270431987,0.0004944944910789281,
0.003765567279501214,0.0003955466292255269,0.0004944294397334635,
0.003762037579542456,0.000395390959634037,0.0005001174687982594,
0.003762032545938195,0.0003954603954895219,0.0004905794348338923,
0.003758626409579905,0.0003956363449559445,0.00042136986019997093,
0.0037563760855451236,0.00039567182985667936,0.00042063436081725707,
0.0037563749549193322,0.0003956151736984359,0.0009591549884635004,
0.003755764156797587,0.00039561441625106115,0.0010408436752843812,
0.0037553323128444566,0.0003955849196647143,0.003539419721424644,
0.0037553317893917228,0.000395623927879997,0.001504386447806929,
0.0037548210044418325,0.0003956939829575382,0.0010825071780295559,
0.003754512344817189,0.0003957045106802975,0.0008344893453637571,
0.003754511601870609,0.0003964241309603467,0.0006385597086861974,
0.00375411686911412,0.00039629993174978233,0.000633524113831942,
0.003753876284206692,0.00039628609754426014,0.00033086357178145094,
0.00375387589849289,0.00039630393459647424,0.00034240963357388797,
0.003753418025484128,0.0003962926581540676,0.00040871412553742856,
0.0037531067251842993,0.0003962284620181565,0.00039547764013506863,
0.0037531058841414077,0.00039623918650236563,0.0010152185009872925,
0.003752549787539662,0.0003962363287301444,0.0009669941211526855,
0.0037523407735032084,0.0003961969185918929,0.0003102340094209219,
0.0037523403297744853,0.00039620059002742555,0.0003102065905036363,
0.0037519151876539364,0.00039620046807344473,0.00030696399313757505,
0.00375146462808503,0.00039620420509067284,0.0003056764627974253,
0.0037514634257974923,0.000396221818046683,0.00030460643270487515,
0.0037390018787687787,0.00039622949246289794,0.0003040354914080833,
0.003733670009660565,0.00039622854581755396,0.00030368944434552646,
0.003733665261697764,0.0003962279073915694,0.00030192820465707555,
0.0037324867611830464,0.00039623515567581245,0.0003036174363282166,
0.003714366852018516,0.000396213988152898,0.000303520160198982,
0.0037143582007639875,0.00039620105543724464,0.0003033914475072483,
0.003689719210869255,0.0003961968935570068,0.00029439546885138857,
0.003687671325712823,0.0003961672167746114,0.0002904007444439688,
0.003687658154439194,0.0003961783666969339,0.004960317337466388,
0.003682439069616351,0.00039618114684096984,0.003457760690776004,
0.003680159573674331,0.00039609485339031945,0.001982604340335583,
0.003680137908743509,0.00039614706893528615,0.0009228187933536262,
0.0036655616407366724,0.000396099619244562,0.0005420936123454914,
0.003660787170885131,0.00039607832018867983,0.0005354420205794627,
0.0036606735991099397,0.00039609244061860883,0.0005270240919044866,
0.0036319135741900176,0.00039609971619498886,0.0005046374311931048,
0.0036183538221842763,0.0003961043547584657,0.0004934937263747094,
0.0036180555152274833,0.0003961247063907523,0.0004813449680843374,
0.0035633544132577153,0.0003961489593279491,0.0006883570154643875,
0.003555212176780335,0.0003961582825899179,0.000642743457820834,
0.0035550497905326916,0.00039616113318671677,0.0006140202019551538,
0.003539325724882839,0.0003961633380248621,0.0006069931899554587,
0.0035373113552327087,0.00039616750452153664,0.0005802633930086916,
0.0035372737190666665,0.0003961667625290795,0.0005766160196355254,
0.00353103547169395,0.00039616699560678147,0.0005726121651143137,
0.0035306937004861904,0.00039616735126439133,0.0005777901200843874,
0.003530670107722118,0.0003961689349496946,0.0005756458019005445,
0.0035302458334485884,0.00039616694188318043,0.0005677640988460749,
0.0035290277682703077,0.0003961634819578068,0.0005636760480066835,
0.0035289966051370307,0.0003961614135623151,0.0005620324027193557,
0.0035269182347212324,0.00039628615249905096,0.0005545266548726628,
0.0035261104400114377,0.0003962623348035847,0.0005469816065294982,
0.003526055307289357,0.00039619115192288703,0.0005395457459905531,
0.003524986632350916,0.00039619722582959075,0.000539148796027285,
0.003523954281311464,0.0003961924472152852,0.0005383537373430222,
0.003523916340144254,0.0003961910979566359,0.0005368124304264009,
0.0035223361109893102,0.00039618885345579736,0.007857425203412606,
0.003521835770602463,0.0003961791781017748,0.002803163659923553,
0.003521773210410558,0.00039618587368646916,0.0027595685939514523,
0.003520916145479648,0.0003961897935731669,0.0027181409003162182,
0.0035183798256590063,0.00039614352902998096,0.002928349248691743,
0.003518152616620358,0.00039615231729329964,0.0029636384385842,
0.0035114041834642374,0.0003963204423277255,0.0027557833451812386,
0.003504474910702825,0.0003963173265311767,0.0027450248854132063,
0.0035036658557586857,0.0003962800121007148,0.0027489196616203317,
0.00349325704331373,0.0003962131218336491,0.003677120328717885,
0.0034844699222502406,0.0003962486108249896,0.004167147323571773,
0.003483946080622936,0.00039618948087773235,0.005476456980454338,
0.003478634274194217,0.0003964873364001857,0.005696139684528476,
0.0034769555593147745,0.0003964672364158189,0.004860957586630483,
0.0034768452024258353,0.0003964368280379475,0.0020223772840606545,
0.0034761496020056784,0.00039642869256512905,0.0033167288207468317,
0.0034753586371725625,0.0003964285902636418,0.002206107170058728,
0.003475333873881615,0.00039641970523858456,0.0035463460096027423,
0.0034745775870876788,0.0003964251509446094,0.0019470046642019213,
0.0034740358388154024,0.0003964473002751807,0.001798213729329013,
0.0034738921356004255,0.00039644710032677734,0.0030779459281716146,
0.0034729338745279285,0.0003964467923350819,0.0021767883582278205,
0.0034660538797270986,0.000396449110829838,0.0019471193169384067,
0.0034653481761784963,0.0003964488513774237,0.0016427691476893645,
0.003460929484960002,0.0003964447620673896,0.0016217403883104422,
0.003451757759968933,0.00039643873633937987,0.001634521516479501,
0.0034511305450697022,0.0003964210712712598,0.0016059628128479687,
0.0034485584641559333,0.0003963978531352023,0.00158263327031213,
0.003441840018079679,0.00039637948754078013,0.0015520772144186176,
0.003441447886545134,0.00039637248922232696,0.001546106363514845,
0.0034398756680420464,0.0003963695451069835,0.0016977941452059324,
0.0034280639079384105,0.00039640864536158595,0.005438458952147109,
0.003427079867951114,0.00039639863259553586,0.003856546348729952,
0.0034236423517796867,0.000396395862479495,0.0014301250732758387,
0.003396445421767205,0.00039639334125183694,0.0014858945299236928,
0.0033955189688038012,0.0003963859017333438,0.0014500037435101576,
0.003392735048900262,0.00039637974669993743,0.001449775992389088,
0.0033839296480736554,0.00039628425377092507,0.0014330418456226341,
0.003383715340560981,0.00039626611380226285,0.0014330601936580693,
0.003383156815561084,0.000396226504072501,0.0014352523065278833,
0.0033802228038729574,0.00039617570251511907,0.001422300996518999,
0.003380139195584569,0.00039608920593494306,0.001345524548637841,
0.0033799104155670797,0.00039611926462208375,0.0013369960599425425,
0.0033773136582616954,0.00039605243481796086,0.0013285793115272258,
0.003376877509234654,0.00039605436244461817,0.0013317552330540932,
0.0033758109806256583,0.0003961013775673756,0.0014606243728635488,
0.003348113123316845,0.00039602152893144826,0.0014948335981675002,
0.003343467943037247,0.00039604307509540895,0.001583311537333036,
0.0033326013852961788,0.0003960486458062554,0.001523920277570446,
0.003218156560804337,0.0003959511843975452,0.0014790769679277173,
0.003207771632621838,0.0003959464779877203,0.00145046080619476,
0.0031892766314243304,0.00039594372192752037,0.0014300635075297882,
0.0031250787505861734,0.0003959202519623334,0.0014271914341380087,
0.0031206526970403744,0.0003959081925080799,0.001441447491811834,
0.003113847791599753,0.00039589140348197943,0.0014224412081096575,
0.0030927844794383717,0.00039651177375705767,0.0014020777371029501,
0.0030838019496088557,0.00039644785383116286,0.001383259047603989,
0.003072546297377955,0.0003964682377284525,0.0013645920415127732,
0.0030466789879659588,0.00039647011661666116,0.0013606587659048916,
0.0030303225778888507,0.00039651105691947895,0.001357384474263586,
0.003020638488503766,0.0003965369332080753,0.0014047936381793304,
0.003010065990397994,0.00039652676005179593,0.0013862285222370125,
0.0030058131075901082,0.00039652628936418736,0.0013772928841456805,
0.003004108964729322,0.00039650275548615786,0.0013704442568320697,
0.003002492435111308,0.00039648992832583594,0.0013366700858343937,
0.0029988842449711456,0.0003962542634361041,0.001295583293159798,
0.0029976414837395693,0.00039620837064888447,0.0012668790384226072,
0.0029959649681379147,0.0003961826559538489,0.0012466528545230964,
0.0029570250683460995,0.0003962177483904829,0.0012139341502729842,
0.0029485600828021686,0.00039620961899334704,0.0011802447290044302,
0.0029352641533550725,0.0003962796143038707,0.0011454818239994135,
0.0028152332822787758,0.00039620209846447736,0.001148065333520583,
0.0028067630033574978,0.0003961053673853966,0.0011287963957091723,
0.002796876875098875,0.0003962594900052673,0.0011251691357798135,
0.002764869223553192,0.0003960429229912107,0.001105011616078109,
0.002764179027457309,0.0003959830629637048,0.0010867833724755446,
0.0027631646180810883,0.00039596325916291724,0.0010685756841054361,
0.002758890522833657,0.0003959619310872641,0.0010507887240709525,
0.0027587986712262254,0.0003959672036715609,0.0010288999572098697,
0.0027582552817129813,0.0003959782581035075,0.0010072024839791129,
0.0027526825932855732,0.0003959819527329974,0.0010041387142013197,
0.002752627900414936,0.00039599524008886633,0.0009986375402607612,
0.0027515372961135092,0.000395865400667914,0.0010000558325299247,
0.0027485390788410447,0.00039575904447774335,0.0009948909274630007,
0.002748526522132401,0.0003958636917500243,0.0009743307087688054,
0.002748113046754338,0.0003958582816042565,0.0009717952593259305,
0.0027475375251440073,0.0003958533048512201,0.0009617877004273089,
0.0027475350111344048,0.00039587824854780105,0.0009621153029908054,
0.002747180482834861,0.00039589851155640823,0.0009515327057225005,
0.002745649057412943,0.00039589079317225024,0.0009374510265909643,
0.002745645661549093,0.00039604404803149005,0.0009239189804395317,
0.0027421824627318547,0.00039594031431387864,0.000911060170294348,
0.00273311489354871,0.00039594543607497916,0.000899588280933347,
0.0027331015626949635,0.00039597641257260957,0.0008868990729169158,
0.0027252708319717178,0.0003960065916967902,0.0008744156340478126,
0.002718523491497274,0.00039601618613081845,0.0008622459965913036,
0.0027185209193553808,0.0003960144136196598,0.000850256747739634,
0.0027172497697125217,0.00039601447981706513,0.0008460300085194861,
0.002716765276444018,0.0003960137512388435,0.0008674455086400296,
0.0027167650928292975,0.00039601388728651126,0.0008587673148650521,
0.002716005848986098,0.000396013732411096,0.0008767654710043499,
0.0027159333634273488,0.0003960143170536993,0.0008613851195706207,
0.002715933201341949,0.00039600781597963545,0.0008995020520280474,
0.0027157415682427474,0.00039600712060923677,0.0009055654496048435,
0.0027155282168770554,0.00039600489146306346,0.000902737804997798,
0.002715527935276963,0.00039600638280558255,0.000900398148455566,
0.0027150421382756166,0.0003960022768599139,0.0008858009288565964,
0.0027150146518553206,0.00039599781857466203,0.0008691067024096734,
0.0027150145815773015,0.00039597691249642,0.0008526898552365124,
0.0027149903889464354,0.000395974997603762,0.000836641665065578,
0.002714187822159237,0.000395972176991387,0.0008224480500858338,
0.0027141876677230494,0.00039596975616075703,0.0008069999708413664,
0.002713960302637951,0.00039597920554365303,0.0008134502110384919,
0.002713935566540446,0.00039596586379032884,0.0008306917731179385,
0.0027139355147111047,0.00039598305183517003,0.0008340534995724446,
0.002713914139183806,0.00039597469254231397,0.000813465645616418,
0.0027134065319824327,0.0003959875682750088,0.0007773402197784328,
0.002713406316363404,0.00039584179472128815,0.0007573726997196888,
0.0027132189710082993,0.00039583666769873115,0.0007541408958698436,
0.0027131696967646894,0.0003958078986012273,0.00074384753276706,
0.0027131696271859547,0.000395818915905894,0.0007354049107698472,
0.00271313436956528,0.00039582367932835367,0.0007407834133914684,
0.0027126710661553853,0.00039582403724668157,0.000728048101172944,
0.0027126707800733062,0.00039582224846274326,0.0007195086603215872,
0.002712535895168038,0.0003958189408199733,0.000799426373420652,
0.002712348564324888,0.00039581864699852863,0.0007641368912100623,
0.0027123484846480303,0.0003958224260031915,0.0005556632471418559,
0.0027122421155162386,0.00039582241138624695,0.0004038851678188158,
0.0027121144621770924,0.00039582301838572736,0.000403739129884391,
0.002712114207877368,0.00039582756498028127,0.0003786200633449986,
0.002712013393596027,0.0003958274087543645,0.00037115498856893787,
0.0027118145152067044,0.00039582806091535385,0.00036388336378387207,
0.0027118144444992992,0.0003958270530278291,0.0003611948311342112,
0.002711703251529575,0.000395835150091542,0.0003672195514930153,
0.0027116147985499816,0.0003958286313586929,0.0003664085680540583,
0.0027116145448055503,0.0003958228368944105,0.0003617842430454514,
0.00271153901435483,0.0003958179981150228,0.0003617672609222408,
0.0027113299627344214,0.00039581732008362277,0.00039826264334417847,
0.002711329883921872,0.0003958136042993499,0.0003949619913656593,
0.0027112408112533143,0.0003958139380124623,0.00039235695847069025,
0.0027111815532814857,0.00039581383685939256,0.0003878804398446259,
0.0027111812794571796,0.00039581499169733756,0.0003827999637780753,
0.002711131723418566,0.00039581579451531713,0.00047929078375873256,
0.00271085855751065,0.0003958176622716148,0.00047015001667095765,
0.0027108582628420095,0.0003958162788489018,0.00038917980275826207,
0.0027107754124387046,0.0003958162987430804,0.0003886224509571999,
0.002710723979279557,0.00039581423092903455,0.0003829541660989065,
0.0027107228016003894,0.000395813514299048,0.00038273727763659207,
0.0027106735811716367,0.0003958196199771485,0.00037354508526599357,
0.0027095297265133786,0.00039581591349318733,0.0003733383638729867,
0.002709520561127275,0.0003958124617432584,0.00037579329365818097,
0.0027093105677414636,0.0003958045095855146,0.0003759376035506856,
0.0027090898361279876,0.00039582078608484643,0.0003861035673198895,
0.002708952264779911,0.0003958181774737445,0.00038436574146505934,
0.00270732884766371,0.00039581587614768824,0.00038390783267656085,
0.0027059436619024766,0.0003958081810991751,0.00038013258607572494,
0.0027041338066499557,0.0003958113382777445,0.0003799812498455063,
0.0027020201042365645,0.0003960113943296168,0.00040501275985602874,
0.002701855080960354,0.0003961341789755346,0.000406801499372056,
0.0027015304990816447,0.0003961336374547415,0.0003957933641482909,
0.0027014135001640783,0.00039606894315489697,0.00039644065204420554,
0.0027013697971738204,0.000396313700500855,0.0003959079549359882,
0.002699854907680034,0.00039595732167937303,0.0004156503808957435,
0.002699605030863456,0.00039594850789540566,0.0004156293667494639,
0.002699331938054092,0.00039594874035134986,0.0004216184332828644,
0.002697549181012463,0.00039594657942041935,0.0004280705906149485,
0.002697505552649328,0.0003959569664132124,0.00042953631287984806,
0.0026970967120035164,0.0003959841479995277,0.00043191877256719115,
0.0026942863061164865,0.0003959624197305984,0.00041773093313998965,
0.0026942582370542414,0.0003959488606739615,0.0004180498952520949,
0.0026713632396305033,0.0003959608467129763,0.0004167581878607876,
0.0026487559975253683,0.00039595922361090527,0.00041173652082782147,
0.00264863410222429,0.00039595887999286343,0.0004030742699822612,
0.0026212086925467503,0.0003959583607839225,0.000394779004476874,
0.0026187950589599868,0.0003959582260664214,0.0003868970036022802,
0.0026187883996907435,0.0003959583429105273,0.0003828668691349567,
0.002609305216546994,0.0003959585694998199,0.0003821282985946293,
0.002608390965824584,0.0003959624475592602,0.0003770659898862543,
0.0026083873827424213,0.00039596104825830996,0.00037472761496757344,
0.002599093959929265,0.0003959594818195849,0.00037169314640771075,
0.002599005919379691,0.00039595909473008,0.0003637642363143702,
0.002599005589770318,0.0003959588116966473,0.0003569675761350467,
0.002598899384957835,0.0003959586424901365,0.0003506584762469166,
0.002598812683749378,0.00039595765681557784,0.00034991353077105095,
0.0025988125352534803,0.000395956988515246,0.0003384171687793026,
0.0025987478775889414,0.00039595811701093975,0.00032832124981493834,
0.002598677306609473,0.0003959591642480457,0.0003186573108955694,
0.002598677132829083,0.00039596644079315624,0.00035723507944089474,
0.0025986216040767996,0.000395968844153033,0.0003482944597976941,
0.0025985529514117507,0.00039596807384733825,0.00031276215313169256,
0.0025985528669372512,0.0003959464871566872,0.00031046649546574115,
0.002598502753380407,0.0003959341041569934,0.0002951884505888342,
0.0025984569953733097,0.0003960186973079498,0.00029547517905208947,
0.0025984568645735003,0.00039604757076838943,0.00029263508211217456,
0.002598417547425616,0.00039622145859474355,0.00028346029625260825,
0.002598364603634505,0.0003961964235773131,0.0002652787731599001,
0.002598364504948088,0.00039621323994692227,0.0002667985855110158,
0.00259831997667493,0.000396193009814856,0.00026671329059029967,
0.002598282861634473,0.00039622087888100625,0.0002723030656380165,
0.002598282724335962,0.0003962611227821901,0.00026687994566995226,
0.0025982502314868977,0.0003963097090585927,0.0002615386005203126,
0.0025982032852206265,0.0003964505760965714,0.00025640097316246484,
0.0025982031957948685,0.00039649130695798996,0.0002514968448476018,
0.0025981633134383214,0.0003964802284212947,0.0002462915617798708,
0.0025981313208029507,0.00039646412639974713,0.00024110471170894917,
0.0025981311965516617,0.0003964042995720585,0.0002475770335709161,
0.0025981031020674353,0.0003963883107127634,0.00024494813716446386,
0.0025980605729517435,0.00039634421989823685,0.00024752077785867053,
0.002598060485211466,0.0003963113377598931,0.000247199530975549,
0.002598024307399086,0.000396267765082683,0.0002464896998699603,
0.0025979961199502745,0.0003962386034125564,0.00024274434423957462,
0.0025979960148748366,0.00039623909467467305,0.00024179691872343962,
0.0025979712814143325,0.0003962373646613896,0.00024189352117857347,
0.0025979317809668293,0.0003962370250596273,0.00031546139192224065,
0.002597931703435032,0.0003962342220571649,0.000761728473910114,
0.002597898466648409,0.0003962368739896172,0.0007038076246858185,
0.002597872984675252,0.0003962411698480641,0.00022354622973185114,
0.0025978728555432263,0.0003962266485187295,0.00021232751220586616,
0.0025978507494013284,0.0003962268866971832,0.00024127783618181896,
0.0025978146043778632,0.0003962563302497741,0.00023725729740775497,
0.0025978144972203126,0.0003962526001308205,0.0002209124768305474,
0.0025977843703967425,0.00039624967642138016,0.00021382511601170595,
0.002597761088177137,0.0003962477951229773,0.00021292011089850505,
0.002597760890265668,0.0003962480999753078,0.00020712109212404906,
0.002597741236096523,0.00039622907372364156,0.00021465356769134527,
0.002597708135354144,0.0003962117401889705,0.00021155357648318198,
0.00259770800125178,0.00039615009108381183,0.00029973331412321507,
0.002597680996365981,0.0003961507667342326,0.0002694128538772972,
0.0025976594453082694,0.00039615261066971216,0.000268909901431258,
0.002597659275667388,0.0003961521196060978,0.00026855639865631226,
0.002597641248065819,0.0003961582601276444,0.0002643442321485632,
0.0025976097034823447,0.0003961576063731785,0.0002604518132523682,
0.0025976095812093314,0.0003961559177789728,0.0002564344570489046,
0.002597584802574143,0.0003961571847860337,0.00025198942483451467,
0.0025975643739928815,0.00039609406473944687,0.0002487058355400331,
0.002597564253334992,0.0003960926912765303,0.00024893070757937277,
0.002597548051055602,0.00039609533571298737,0.0002489624625996066,
0.00259751417790921,0.0003960857158009959,0.00025179801954431833,
0.0025975140239163654,0.0003960900312309897,0.0002514449496825064,
0.0025974891173941427,0.0003960976110087675,0.00028093578929631316,
0.0025974710858992552,0.0003960982967795411,0.0002803444645612526,
0.0025974708124749516,0.00039611822005682795,0.0002791116093493093,
0.0025974566841379704,0.0003961491087803256,0.0002771414919162177,
0.002597425827509685,0.0003962120715061149,0.0002780865566912199,
0.002597425521615238,0.0003962018549071955,0.0002778266137340476,
0.002597403533165294,0.00039618527335952313,0.0002713704399695671,
0.002597386428360897,0.0003961776055367798,0.0002653664646611921,
0.002597385998817975,0.00039642882388514917,0.000263946115846524,
0.002597373394321419,0.00039641494200152994,0.00043150459799749184,
0.002597342983647758,0.00039642412682835385,4.751813622047707e-5,
0.002597342486531336,0.0003964450128700642,4.749990924236397e-5,
0.0025973225426395978,0.0003964643412845108,4.722312762839543e-5,
0.002597305680177121,0.00039651291427091214,4.582600206512352e-5,
0.0025973046658368864,0.0003965338845571799,5.39083633419965e-5,
0.0025972940414601894,0.00039652481889463893,0.0004622024669744102,
0.002597265136119388,0.00039642241640355135,0.00040143676586034343,
0.0025972639541683253,0.0003964432159818504,0.0037184663308884665,
0.0025972479129908435,0.00039650920574892736,0.0004603816550230579,
0.0025972306017022356,0.00039657461143820407,0.0011170079927944273,
0.002597228507328822,0.0003966000095076003,0.00033307069031446497,
0.0025972197133392206,0.0003965989664840727,0.00022619819095085804,
0.002597190756306011,0.00039660960313644283,3.4966450115318116e-5,
0.0025971883872792077,0.00039660275833913657,3.030155392742247e-5,
0.0025971754083424932,0.0003966073416927114,3.283478925337974e-5,
0.0025971558448455996,0.00039656952052333227,2.818417949696515e-5,
0.002597152349599787,0.0003965594929831236,1.5703128861692586e-5,
0.0025971443986387136,0.00039652781997460984,1.565844591598902e-5,
0.0025971133451460544,0.00039651963131070756,1.5430986669522784e-5,
0.0025971084018073997,0.0003965026490536288,1.5210637752168373e-5,
0.002597097725380558,0.0003964937747581604,1.5001133951610672e-5,
0.0025970718334119656,0.0003964938086148837,1.4797230133580702e-5,
0.0025970658701196126,0.000396501766248569,1.466111293060998e-5,
0.0025970579250053157,0.0003964928572593457,1.4608339457229935e-5,
0.0025970212249394704,0.00039650222183619115,1.441422897750259e-5,
0.002597010412745519,0.0003965104738808769,1.4230981762206014e-5,
0.0025970000189168225,0.0003965097089164003,1.4025608994467968e-5,
0.002596957782349188,0.00039647265501188846,1.3811554760377681e-5,
0.002596942235666138,0.0003964897996653169,1.3537152238454322e-5,
0.002596934586338771,0.0003966634475450207,1.3267915201734894e-5,
0.0025968748237674344,0.0003961652598445873,1.3219170905725405e-5,
0.0025968176181918896,0.0003962017753912827,1.3199400055976904e-5,
0.0025968053978126134,0.0003962560399779475,1.2589584442962532e-5,
0.002596556888334467,0.0003962977080119032,1.2905938935720389e-5,
0.0025953309362922016,0.00039618375100727437,1.2041595362363056e-5,
0.002595163676930981,0.0003961739943712271,1.2238364537162145e-5,
0.002594261983016916,0.00039617282698126735,1.2238083055982094e-5,
0.0025934578698796275,0.0003961611438895176,1.4019651909201195e-5,
0.002593442751069238,0.0003961603168258906,1.412707340720016e-5,
0.002593311231686608,0.00039611866377375584,1.316919309226501e-5,
0.0025858498072357204,0.00039609771088082,1.2662144075059725e-5,
0.002585777947149746,0.00039606789392231394,1.1386779891510593e-5,
0.002585194334276825,0.00039603200049039163,1.1412663516260227e-5,
0.0025848710381273956,0.00039602851677481704,1.1202018620944793e-5,
0.002584851288830405,0.00039602523518274415,1.1003330607555529e-5,
0.0025847252297308584,0.0003959644314642333,1.0808600032517365e-5,
0.002584301980501893,0.0003960239444543215,1.0695624932281181e-5,
0.002584295401507938,0.00039609548645653056,1.0855969671695815e-5,
0.002584141723321921,0.00039616726076001,1.0533833992664837e-5,
0.002584086786429678,0.00039621116294482874,1.351128189194631e-5,
0.002584081706610707,0.0003962112123309508,7.674775522057307e-6,
0.002584048771756488,0.0003962150861726858,7.621876066074669e-6,
0.002583852243459016,0.00039622742100571724,7.3594620517680676e-6,
0.002583850022214154,0.00039622030725020024,7.0492991533132465e-6,
0.0025837464321731987,0.00039621283345352853,6.708368793401027e-6,
0.002583704199387671,0.0003961740019086934,6.290279238937745e-6,
0.0025837026721721164,0.0003962066374703946,6.048290845173614e-6,
0.0025836740141560906,0.0003962255491677071,6.224649204810489e-6,
0.0025835453408714704,0.00039622512371975904,6.107719748124464e-6,
0.0025835441891391693,0.0003962205687794532,5.931996325039682e-6,
0.002583460061817219,0.0003962037546916315,5.936119930947824e-6,
0.002583421740466827,0.0003961947106192559,5.940665880741139e-6,
0.002583421191996027,0.0003961867586731328,5.917179672721084e-6,
0.002583392770945706,0.0003961797745289016,5.916468241272128e-6,
0.0025832938151074164,0.00039615647609295206,5.91056634803555e-6,
0.002583293233383544,0.0003961482435215847,6.387908241393324e-6,
0.00258322109777246,0.0003961753469739076,6.293885715075358e-6,
0.0025831844507830325,0.00039619566659830657,7.204167359981694e-6,
0.0025831842055447653,0.00039620328244302353,7.108574961198851e-6,
0.0025831554265918527,0.0003961961763830436,6.4954339256868216e-6,
0.002583074438629468,0.00039618349962503767,6.481559676223124e-6,
0.00258307410652083,0.00039618392931911557,6.45101420943777e-6,
0.002583009889158145,0.00039628637980500204,6.451190364487179e-6,
0.002582974885299453,0.00039630240502343413,6.368855968856692e-6,
0.002582974745602282,0.00039630437745436653,6.502653295504955e-6,
0.0025829459429930835,0.0003962588347232132,6.503151556162034e-6,
0.0025828775737471313,0.00039624470095155615,1.882675576674387e-5,
0.002582877376028652,0.0003962445017316028,2.32932193984828e-5,
0.0025828200420053046,0.0003962431159510008,2.2886789698778806e-5,
0.0025827864755681032,0.00039624775388220993,1.5628043408081136e-5,
0.002582786389902275,0.0003962166369056815,1.4947571978644018e-5,
0.0025827577830574507,0.000396198314605907,7.2443925165373586e-6,
0.002582698515204798,0.00039619628127723054,7.233031118368206e-6,
0.002582698391004713,0.00039619367922186813,7.1347079086563895e-6,
0.0025826467083761052,0.00039619075116446785,7.0324272737976415e-6,
0.0025826145018513196,0.0003961973850378342,6.93048032290553e-6,
0.0025826144539169266,0.0003961907486703332,6.83376825178912e-6,
0.0025825862478598984,0.0003960731414953233,6.850110811307213e-6,
0.002582532953975517,0.0003960473715925292,6.841241108815814e-6,
0.0025825328695799846,0.0003959994493163668,7.14025140018696e-6,
0.0025824852447036014,0.0003961454329808679,7.09700024659163e-6,
0.0025824539583815683,0.00039559661638684555,6.923179502090869e-6,
0.002582453925211286,0.00039560052981873963,6.9207885219130186e-6,
0.002582426060041245,0.0003956444712028245,6.960352647835883e-6,
0.0025823770888917567,0.00039564284989833284,6.90010776656279e-6,
0.0025823770238101273,0.0003956610180603853,6.8559802759439155e-6,
0.0025823325802381758,0.0003956599692795204,6.852637577397242e-6,
0.0025823017653370563,0.00039565774703445035,6.551245846957739e-6,
0.002582301738212936,0.0003956730946205776,6.594133138903894e-6,
0.002582274067814382,0.00039566663900307005,5.826550744067524e-6,
0.0025822284494224513,0.00039566619833947936,5.7626023701468065e-6,
0.002582228394804953,0.00039566842818093505,9.060795535066013e-5,
0.0025821867643609072,0.0003956498592652466,7.059478568705708e-5,
0.0025821556974964157,0.00039564961171691695,1.188306319792242e-5,
0.0025821556737119287,0.00039565115282169417,1.1832183660191006e-5,
0.0025821278430484085,0.00039565390744883796,1.1677900364698682e-5,
0.002582084748503974,0.00039565284482586505,1.1604189938224927e-5,
0.0025820846870604356,0.0003956516809399525,1.2129626655165313e-5,
0.0025820453219177124,0.0003956546213443835,1.208165902296034e-5,
0.0025820136323439907,0.0003956903139856153,1.1884766627126957e-5,
0.002582013605753166,0.00039572524736321735,1.171043657209467e-5,
0.002581985606593194,0.000395699622297913,1.1544107457852226e-5,
0.0025819443942429535,0.0003956563337592378,1.1462020513694247e-5,
0.002581944320894928,0.0003954914726734314,1.1319596091177423e-5,
0.002581907141755159,0.0003954642518860635,1.13128253250142e-5,
0.0025818735728393334,0.0003954589396120501,1.0898524454355049e-5,
0.0025818735378104626,0.0003954430891621008,1.039062395830633e-5,
0.0025818447212394677,0.00039542899479652003,1.0397416206786369e-5,
0.002581805493116324,0.00039541999482345245,1.0457901980053036e-5,
0.0025818053801169075,0.0003954261660659227,1.0285790854936817e-5,
0.0025817706218863967,0.00039542083724369967,1.028428992302887e-5,
0.0025817336202011197,0.00039541803158011025,1.0097308251960668e-5,
0.0025817335649847804,0.0003954157571240843,9.952608751572099e-6,
0.0025817035333260017,0.00039541544596746937,9.831513462023238e-6,
0.002581666227005914,0.00039541059813536644,9.701999000291515e-6,
0.002581666020265116,0.00039541118982399655,9.577102157744427e-6,
0.0025816338566297878,0.000395400925429922,9.542587078601505e-6,
0.0025815906395380006,0.0003954150672009644,9.60277624176328e-6,
0.0025815905287445845,0.000395412599779953,9.459772935362211e-6,
0.0025815581157263724,0.00039541237164372647,9.940549240074895e-6,
0.002581523308798144,0.00039540247466366275,8.506638284194978e-6,
0.0025815228433454154,0.0003954010668674611,7.294476437497501e-6,
0.002581493725176631,0.0003954004791029546,9.489738543712611e-6,
0.0025814370421383772,0.0003954010507868804,9.261315058135363e-6,
0.0025814367507261196,0.0003954006365634329,6.196583988572621e-6,
0.0025814012324984702,0.0003954006492420791,6.184038404771786e-6,
0.0025813680186911425,0.00039540100563226915,6.100360518032573e-6,
0.0025813665178040916,0.0003953970922758144,6.0058507063845564e-6,
0.002581339829652315,0.00039538956852709287,5.907679581981971e-6,
0.002581232431486046,0.0003953905151477944,5.8331574915601645e-6,
0.0025812288595852217,0.00039539065403053787,5.754884730464019e-6,
0.0025811823377408787,0.00039539200942712726,5.674686813682537e-6,
0.0025811005563904535,0.00039539136283481084,5.590550322692971e-6,
0.002580979284807082,0.0003953913291050347,5.508476115834613e-6,
0.0025807164250990387,0.00039539517709730144,5.425140698249695e-6,
0.002579068033093359,0.00039539569717786263,5.351610874536461e-6,
0.002577780447516941,0.0003953950512247849,5.290278651887289e-6,
0.002576396552793594,0.0003954383476534371,5.387057988634177e-6,
0.002575289056567366,0.0003954548077926872,5.321783751519456e-6,
0.0025750466299288726,0.00039545035662293083,5.218813245132366e-6,
0.002574935419570839,0.00039547104582878965,5.1420614264880976e-6,
0.0025748286282497,0.0003954816299726962,5.068065411622047e-6,
0.0025746427660237156,0.00039548582148350394,5.021269093481214e-6,
0.0025744617161990485,0.00039548130231927654,5.016522926749118e-6,
0.0025743028269534594,0.00039548177844608655,5.112989435280683e-6,
0.002566140608365695,0.0003954819979159621,5.0260661823588374e-6,
0.00256499563665533,0.0003954820035247469,4.99432459559951e-6,
0.0025642176009822914,0.00039547959073083953,4.9764548584386894e-6,
0.0025590061410455185,0.00039549732451230925,5.164585658895009e-6,
0.0025587505225573275,0.0003955780270655962,5.0914483791603005e-6,
0.002558223115907345,0.00039556716632054055,4.969987125216013e-6,
0.0025397516572093935,0.0003955804682388257,4.9511726273325325e-6,
0.0025394838246816484,0.00039557522047590566,4.847269045255189e-6,
0.0025373229370191587,0.0003955980293838348,4.770416632798679e-6,
0.0025288632721715654,0.0003955955784981799,4.769107276473036e-6,
0.00252882877351348,0.0003955955804582196,4.696320880827483e-6,
0.002528487869739256,0.00039559939825728615,4.701392026848508e-6,
0.0025272231381588584,0.000395600180145665,4.6996891840058045e-6,
0.002527222214357594,0.00039560022894591536,4.643016453835824e-6,
0.0025248816364224712,0.00039560035038653594,4.6561461691351274e-6,
0.002520893023695053,0.0003955996011480568,4.577628330465834e-6,
0.002520889370969444,0.0003956004869165325,4.476286952289401e-6,
0.002510034718192593,0.00039560049895893105,4.47202420735344e-6,
0.0025031685375255333,0.0003956041913316068,4.387354898062171e-6,
0.002503166621860888,0.0003956011075216794,6.283229819891588e-6,
0.00249590784981734,0.0003956009975748127,4.7540785108251085e-6,
0.00249511862668437,0.0003956172609436189,4.718656310429625e-6,
0.002495117843845437,0.0003956069866913937,4.486685925590704e-6,
0.002479269622311284,0.0003957146922811397,4.458127958768261e-6,
0.002479027882254288,0.00039571050198925866,4.489325566985373e-6,
0.0024790274855491685,0.00039571301332925356,4.455546247598435e-6,
0.0024786731618715355,0.0003957125058985386,4.4429012247340875e-6,
0.0024784291161169974,0.00039570061499235535,4.436692939892007e-6,
0.0024784289439420907,0.00039570042507347893,4.628466672991438e-6,
0.0024779264837070476,0.00039572392917632,4.621192235820429e-6,
0.002477858083461067,0.0003957259856623637,4.786846241497868e-6,
0.0024778579760488294,0.0003957235667446928,4.7582149593958145e-6,
0.0024776088592011773,0.0003957332832073088,7.184916835074217e-6,
0.002477585402851228,0.0003957399262091104,6.756078486089195e-6,
0.0024775853523786,0.00039571807977362345,4.598982623114389e-6,
0.0024775574211235445,0.0003956972788635383,4.594630969311846e-6,
0.002477488883384211,0.00039568391387260994,4.52712661118224e-6,
0.002477488832002822,0.0003956815807335277,4.440870889352252e-6,
0.002477319844499623,0.00039568113706193623,4.4844117599824004e-6,
0.00247728658193856,0.0003956641831159692,1.1216656675277647e-5,
0.002477286398578373,0.00039566288544670627,9.92543535759675e-5,
0.0024772471690318403,0.00039566430769744977,2.136619483858646e-5,
0.0024771657455898268,0.0003956769228183338,4.4274656090616535e-6,
0.002477165626504352,0.0003956735808891627,4.182725879648813e-6,
0.0024766938807157324,0.00039567404407473653,3.7809362935095893e-6,
0.00247603118482902,0.00039567405411893865,0.00030861171957469185,
0.002476028319596109,0.00039567405969213296,0.00015347286583008787,
0.0024757004979029367,0.0003956739936854882,0.00015408759625071418,
0.0024748649324958685,0.00039567382944010506,0.0001515588924749655,
0.0024748622857459304,0.0003956739168229387,0.000150243522658716,
0.0024742924776401053,0.00039571226464799926,0.00015005608534010865,
0.0024742377960664426,0.00039571483277617904,0.00014992195880291802,
0.0024741034049445615,0.0003957045557050892,0.0001497136890208374,
0.0024740672551704025,0.00039570915327199547,0.0001488394469442001,
0.002473934255508021,0.0003957025565150135,0.00014897430640862676,
0.0024738963715801206,0.00039568206674766947,0.00014622707702670822,
0.0024735200008439437,0.00039567986451984267,0.00014592413677283253,
0.002473468817339533,0.0003956728257419276,0.0007446946696242578,
0.0024733580129605863,0.00039567373323144076,0.0005402690828099402,
0.0024733379804950527,0.00039567390139978547,0.0005140635642553464,
0.00247329906744753,0.0003956734164329879,0.00042824409544553807,
0.0024732562322578662,0.0003956731432376421,0.0004157027927868754,
0.002472794492466488,0.00039567321338224317,0.00040940539308350075,
0.0024727625150315355,0.00039567320170256066,0.0004034811073723661,
0.0024725626454701736,0.00039567327895540617,0.00039800867611218126,
0.002472552342866474,0.0003956735188055345,0.00039799543363206044,
0.0024721969031941656,0.000395675666382089,0.00039751605556239306,
0.002472173888506508,0.0003956765460068234,0.0003976477597907799,
0.0024721670210402576,0.00039567579505214197,0.00047585423746412443,
0.002472141931766848,0.00039567601620892203,0.00045851018478265687,
0.002472092624848116,0.00039567558839618655,0.0004493744313347403,
0.002472092165404933,0.0003956662055247442,0.00044167008663689716,
0.002471926927086913,0.0003956546023714773,0.00043743552955709784,
0.002471893970574331,0.00039562381494584437,0.00043777037726418623,
0.0024718882210628987,0.000395621569981971,0.00043141451676769913,
0.0024718436300760044,0.0003956217097028021,0.0004247971801868414,
0.0024718081033065923,0.00039561863804850447,0.00042189306489341064,
0.0024718071740638748,0.00039561837703158074,0.0004150634910232974,
0.0024716816459698743,0.00039561777545035336,0.00041425712026109846,
0.0024716244135413686,0.0003956170647838097,0.0004079887371681867,
0.002471619529928054,0.0003956126076604879,0.0004020164280056613,
0.002471433799017761,0.00039561305728415686,0.00040153286592151523,
0.0024714145592198704,0.00039561165709621926,0.0004042887201467084,
0.002471412271674588,0.0003956104150442322,0.00040464626310670725,
0.0024713758395775603,0.0003956057980265478,0.000422975376839302,
0.0024712226125501455,0.00039560728924274604,0.0003568370334230759,
0.002471216665487172,0.0003956056759239136,0.00035362780121904735,
0.002468242109960708,0.0003956051814281318,0.00035470859364030344,
0.0024680502587804236,0.00039561180110140215,0.0003543318982275276,
0.0024680371724276366,0.00039555170949495146,0.0003575493683977912,
0.002467741771674697,0.00039560858014103204,0.0003573774731704225,
0.002467603979485133,0.00039560868756118554,0.00035427366774781294,
0.002467600261838166,0.00039560865947803873,0.0003440025643062302,
0.002466374557834316,0.0003956085746168568,0.0003330742039561089,
0.002461802320264297,0.0003956083391547363,0.0003219593989475477,
0.00246159860393888,0.00039560538832240975,0.00031254057494799735,
0.0024543893304876017,0.0003956092869161037,0.0003040510510406858,
0.0024460698995826136,0.00039557706291988966,0.00030315394622745746,
0.0024460507138520204,0.00039555673894571465,0.00030261144432908,
0.002444963754960461,0.0003955224728003986,0.0003139643119253803,
0.0024434558209574515,0.0003955018225532728,0.0003133065489650589,
0.002443437118244761,0.000395491867210424,0.000309046347378704,
0.002442377790894466,0.0003954922608391219,0.0003167241702511419,
0.002440357147861148,0.0003954929649779677,0.0003115677643144934,
0.0024403351217275626,0.000395492578251972,0.00029723092711958396,
0.0024387524116914363,0.00039549208104297436,0.00029480492708302674,
0.0024350173269149377,0.00039550586307059605,0.0002880590878697318,
0.0024349787257747146,0.00039550574412715734,0.0002698804358499131,
0.0024320768964552647,0.00039550134162853523,0.0002566805564880949,
0.0024268310133133634,0.00039549930411570175,0.00025575343545901515,
0.0024267887296319183,0.00039549270087233765,0.0002564232535108655,
0.0024233772141872404,0.000395480905946785,0.0002587575704136562,
0.002421174194355318,0.0003954845318717925,0.0002566720655325065,
0.0024211534728336365,0.0003954874372970899,0.0002565918176634312,
0.002420198507330594,0.0003954929505730606,0.0002254899970638674,
0.0024171467062539197,0.00039550123692566266,0.00017457041498844986,
0.0024171426363014704,0.0003955008771675095,0.00014061040792686804,
0.002415851056280287,0.0003955000196165712,7.499111483130472e-5,
0.002415387213523815,0.00039550227271203193,7.54775064794066e-5,
0.00241538229115087,0.00039549754396402814,7.457401100828209e-5,
0.0024148793172623834,0.00039556587570964543,7.325906847989951e-5,
0.0024126181425481712,0.0003955609350487383,8.115701695687543e-5,
0.002412613096345805,0.00039556057299624544,7.904147676398923e-5,
0.0024117915865663957,0.0003955494434992394,7.314819176335316e-5,
0.0024110009626645466,0.0003955519237394064,7.2740481827839e-5,
0.0024109975886342817,0.0003955543079034946,7.269026114502775e-5,
0.0024106764506070452,0.00039555504227705736,6.955437636453313e-5,
0.0024059553482255426,0.0003955568214759702,6.60884344117166e-5,
0.0024058228811331423,0.00039556003152574527,6.510281259233478e-5,
0.0023902223963573545,0.0003955648706078565,6.523865528684493e-5,
0.002389657113898204,0.00039557180270099486,6.495822758441358e-5,
0.002370215404202694,0.00039555899799446675,6.491142203131302e-5,
0.0023600872193801532,0.00039394517956182405,6.424876211875329e-5,
0.002358088895919549,0.0003938022097966871,6.654784497593918e-5,
0.002355191054822338,0.0003937801795990419,6.564866618310458e-5,
0.0023551884229413883,0.00039378578526506035,6.473973248098356e-5,
0.0023544839021816632,0.0003944675707269866,6.390118561170606e-5,
0.002354191652832326,0.0003941862549402167,6.280091692310847e-5,
0.0023541915026591845,0.00039436948386444763,6.183573657382746e-5,
0.0023537975796000385,0.00039430640929694326,6.091498726344403e-5,
0.00235372954254094,0.00039421787752600345,6.09814108229451e-5,
0.0023537295285327962,0.0003941764719039136,6.005118419768773e-5,
0.002353645252108749,0.000394009861778914,5.904028381826385e-5,
0.0023533460638247234,0.00039347025802020875,5.924066436923699e-5,
0.0023533459597365747,0.00039276142692014365,5.884066345024609e-5,
0.002352963119010667,0.000392574700517453,5.9187125968951525e-5,
0.002352925915007109,0.0003925762394340218,6.524632122551287e-5,
0.0023529259019071896,0.00039256580789174395,6.394791596113013e-5,
0.002352885918107455,0.0003924976875022706,6.231637033743928e-5,
0.002352604564475908,0.0003925166265545759,6.0804215009155034e-5,
0.0023526044661556773,0.0003924805887324359,5.958165182349239e-5,
0.00235227545852817,0.0003924808308553036,5.8788986648080254e-5,
0.0023522540683427423,0.000392452679303719,5.775334827295924e-5,
0.0023522540438637232,0.000392437610514762,5.7793980495697526e-5,
0.0023522313706219387,0.0003924705126692618,5.372685034157497e-5,
0.0023519872309879725,0.0003924599924240984,5.189297670959072e-5,
0.0023519870514079884,0.00039250247616138054,5.106074035506212e-5,
0.0023516726790605946,0.0003923157231726969,5.0831083386762734e-5,
0.00235166373271664,0.00039227424454363677,5.3412765986050104e-5,
0.002351663580434303,0.0003923923273030958,4.799667141523337e-5,
0.0023516536873246984,0.000391840932362056,4.6650933702078906e-5,
0.002351491564251508,0.0003918703439298938,4.609949060306486e-5,
0.0023514907713655772,0.00039182190385627996,4.256415400294517e-5,
0.0023512023862935568,0.00039199291243369774,4.231136526322764e-5,
0.002350986062908206,0.00039200475200779024,4.126533081651078e-5,
0.002350870303555329,0.0003919134065827057,4.14725066695598e-5,
0.0023504286764447877,0.0003922500027618202,4.139343730642668e-5,
0.0023499931436103618,0.00039213716351391186,4.073668538876815e-5,
0.002349929588865058,0.00039208424131484843,4.022680188346805e-5,
0.002349821952118748,0.0003920349298851019,4.0780294585044725e-5,
0.002349520760880578,0.00039200467332290584,3.980362364913107e-5,
0.002349457870802816,0.00039193366784468804,3.9534259348091286e-5,
0.0023494164158974276,0.0003916382726590733,3.947098109137959e-5,
0.0023493373163914967,0.00039161757276603857,3.8820556462371764e-5,
0.0023492698115339093,0.0003916236899747027,3.743586614856525e-5,
0.0023492681614963747,0.0003918130920276787,3.671814243255671e-5,
0.0023491478373894354,0.00039191570101270075,3.571960880970186e-5,
0.002349087199150332,0.0003921749715548645,3.470752520442348e-5,
0.002349080677157037,0.000392144897240246,3.381304021924612e-5,
0.0023490080726834227,0.000392074893554868,3.544440730544727e-5,
0.002348947946698574,0.00039233504972651875,3.483986816595936e-5,
0.002348947384578601,0.0003921867805431886,3.4010790027072354e-5,
0.0023488616780681358,0.0003922220735677488,3.343832310981258e-5,
0.002348798506912724,0.0003922689582902624,3.496147872356718e-5,
0.00234879666762719,0.000392279120211028,3.488067640043359e-5,
0.002348725694435695,0.0003923741549019708,3.388121131942343e-5,
0.002348667750116985,0.0003923326480732338,3.402722942351401e-5,
0.002348667541117907,0.0003927702480014933,3.274965095152715e-5,
0.002348595524503387,0.0003927999447283191,3.169712663941797e-5,
0.0023485302416581264,0.00039283378798619185,3.0384354181004345e-5,
0.002348529592994502,0.0003942843618220602,3.070960566397823e-5,
0.0023484591781508172,0.00039393335258826735,3.0687310544601806e-5,
0.0023484025804916425,0.0003939287818762451,2.9767943676160453e-5,
0.002348402494637732,0.00039393054051093144,2.906090284698467e-5,
0.002348337363541028,0.00039393206708740637,2.8370585235929262e-5,
0.002348270946537193,0.00039393442673464174,2.7700496170867917e-5,
0.0023482706526913332,0.0003939479830702505,2.7108826101660815e-5,
0.002348200546234701,0.00039396428744969676,2.7078275130728754e-5,
0.002348145684765421,0.00039395527697411897,2.6689067287328387e-5,
0.0023481456310104586,0.00039395256381784147,2.7123768128042015e-5,
0.002348084408864136,0.00039392411109780324,2.7006590382313172e-5,
0.0023480176258087056,0.00039393811507670596,3.0379405353410307e-5,
0.0023480174114798454,0.0003938535186701946,2.957255257366778e-5,
0.002347947363714173,0.0003938464079360048,2.9253103889131045e-5,
0.00234789452138679,0.00039390404714139006,2.92028560882391e-5,
0.0023478944731147268,0.00039395791881749047,3.004725661396719e-5,
0.002347835841661324,0.0003938769541557405,2.99700944785158e-5,
0.0023477689271262873,0.00039389699271037264,3.0019206428395934e-5,
0.0023477687118428846,0.00039391570759639543,3.023747176956109e-5,
0.0023476983614916743,0.00039390684069251747,2.880639100043554e-5,
0.002347647929912739,0.00039390700724547644,2.919220418110338e-5,
0.00234764786731488,0.00039390447523427266,4.5526968013465146e-5,
0.0023475911185824416,0.0003941009142223434,6.163415759092367e-5,
0.0023475243220653958,0.0003936031714478211,5.8610440144654294e-5,
0.00234752400704612,0.000393779986704278,4.874074113667497e-5,
0.002347452869070902,0.00039373910022129133,2.8308535082089267e-5,
0.002347405630063576,0.00039373410302990006,2.6826534927879387e-5,
0.0023474055157841046,0.0003936857065427869,2.607947863658017e-5,
0.0023473501924257552,0.00039356937086386097,2.5397169720916202e-5,
0.0023472836142827526,0.0003935208643174469,2.7015773139698565e-5,
0.0023472830404604583,0.00039359540149940073,2.6677710831092456e-5,
0.0023472102837393204,0.00039360562261872047,2.6301889978062544e-5,
0.002347167173612403,0.00039360406955818954,2.593671910369094e-5,
0.0023471669433145215,0.00039360984676577946,2.556780943652521e-5,
0.002347113142410077,0.0003936057864648429,2.5287828610771987e-5,
0.0023470471209165265,0.0003933285110292082,2.4926290526230506e-5,
0.002347046031119464,0.0003931459346365967,2.456326430357769e-5,
0.002346970905734563,0.0003931279178869171,2.463737510194831e-5,
0.0023469329507983723,0.00039314615940169685,2.456576738525079e-5,
0.0023469324538002495,0.0003931465214668835,2.4762618556784306e-5,
0.0023468801597777847,0.00039317872152547657,2.48784528230155e-5,
0.0023468148533924652,0.0003930766394411453,2.4889857521276188e-5,
0.0023468126592711925,0.00039305382378333016,2.466998872460955e-5,
0.0023467332628914657,0.00039305048664448674,2.4659442066902072e-5,
0.002346701495636917,0.00039304550811923355,2.500036172052216e-5,
0.002346700444659357,0.0003931268845913148,3.0029673398856964e-5,
0.0023466502351570913,0.00039312348945666633,2.894250774210611e-5,
0.0023465864636629296,0.00039312959413568193,2.883525030665593e-5,
0.0023465826884027097,0.00039312906517968845,2.886592694219017e-5,
0.0023464982037634725,0.0003931351313942202,2.7747115148717845e-5,
0.002346472920450402,0.00039317252060689663,2.7428250344719068e-5,
0.002346470546992687,0.0003931810265671479,3.371647475105345e-5,
0.0023464212952693476,0.0003932630112369883,3.0462014794315533e-5,
0.002346357722995575,0.00039322280444592067,3.198405638740959e-5,
0.0023463515498570622,0.00039322132295775306,2.3159751537606378e-5,
0.0023462565732718516,0.0003932330828540006,2.3091676511173358e-5,
0.0023462373819509237,0.00039324444518653185,2.317361195480038e-5,
0.0023462334508556333,0.00039329985578439555,2.3195378674261307e-5,
0.002346188703601185,0.00039332869160921497,2.347990819967431e-5,
0.0023461263366482627,0.000393376336076039,2.389722308968097e-5,
0.0023461181707816483,0.0003937357528208367,2.368101983020224e-5,
0.0023460111947401683,0.00039357253675234246,4.0936607116139035e-5,
0.0023459972548358844,0.00039399279671101744,2.8088131290611296e-5,
0.0023459901558481582,0.0003930353999349056,2.345099075848048e-5,
0.0023459490502789897,0.00039303489009518994,2.138466406870215e-5,
0.0023458820050121306,0.0003930308619410442,2.0464530800380753e-5,
0.00234586886872685,0.0003930311013684,1.920186284203687e-5,
0.0023457254862568467,0.00039306069238712456,1.91884729109706e-5,
0.002345715509721128,0.00039305848861067487,1.9186921517531017e-5,
0.0023457031812998803,0.0003930580388074593,1.9175585124244882e-5,
0.0023456669633673414,0.0003930878895949703,1.8766220938382037e-5,
0.0023455734734951035,0.0003930584783034238,1.8651620494404892e-5,
0.0023455570731217685,0.00039301813303347814,1.8626623028185314e-5,
0.002345312590614633,0.00039301306957591404,1.8224246088170055e-5,
0.002345286239408757,0.0003930326976198439,1.7800312034043063e-5,
0.0023451954055042617,0.00039298711822034554,1.7355245777369484e-5,
0.002345075627428309,0.00039297722610573784,1.692866346641074e-5,
0.0023445573461675874,0.00039295310189272,1.647144154121327e-5,
0.002344482503352702,0.0003929202092290232,1.608506558718765e-5,
0.002344365863581846,0.0003929267887346366,1.6143485765923767e-5,
0.002344289694088141,0.00039292870741079847,8.384175511233861e-5,
0.002344204245694753,0.0003929298584947045,0.00035106373852827877,
0.0023442034659370823,0.0003929330975515603,0.00024359611117351026,
0.0023441165532228857,0.0003929341199128485,6.776281023951062e-5,
0.00234405609291998,0.0003929350821035727,5.8302669572678496e-5,
0.002344055915812904,0.0003929346017981068,0.00015057650967568385,
0.0023439944097580867,0.0003929334380113131,0.00011070252406465244,
0.0023439151768656708,0.00039292073601261007,2.076961574214883e-5,
0.0023439087787024047,0.0003929423559428328,2.0598006333851197e-5,
0.0023438223314051635,0.00039296786122651754,2.0295399685174302e-5,
0.0023437940821914643,0.00039299429425166885,2.00017991784048e-5,
0.002343738839534289,0.0003930108504485192,1.971741042673214e-5,
0.002343668272671516,0.00039302119669939767,1.9442946031134365e-5,
0.0023435727784573966,0.00039304639862017336,1.9485685980628313e-5,
0.0023434650627207464,0.00039306568888378883,1.929520297968964e-5,
0.0023430328457663186,0.000393123548983462,3.196464590449403e-5,
0.0023429849597375197,0.00039293645201015015,1.952488539711504e-5,
0.0023428524423355817,0.00039258347935531326,1.9359016954113022e-5,
0.0023428482860021293,0.00039251488331391664,1.9058550264272112e-5,
0.002342701001306966,0.00039251151930230803,1.8750026111708632e-5,
0.0023426214361476775,0.0003924956008014466,1.8564686958191134e-5,
0.0023426209072847297,0.0003924988357298001,1.8606537706028054e-5,
0.002342542523850821,0.0003925144250688441,1.8636728582803043e-5,
0.002342413850229529,0.00039251585385327586,1.861887695242526e-5,
0.0023424134349405105,0.0003925129480962219,2.4489869882360224e-5,
0.0023422818516698075,0.0003925114898734489,2.4049093621269445e-5,
0.002342191522680348,0.0003925124681603098,2.3930571517309555e-5,
0.0023421774343439154,0.00039250788944971814,2.3924020209540008e-5,
0.002342097137699025,0.00039250481836587144,2.362418167347685e-5,
0.0023420380028753396,0.0003925047540528016,2.3585031055270723e-5,
0.0023418915013759083,0.00039250521719042523,2.3868731420377666e-5,
0.002341748455055279,0.0003925051155303714,2.418709044692517e-5,
0.002341718252478548,0.0003925054932556666,2.37517070384275e-5,
0.002341589568120302,0.0003925064245971522,2.341912269311278e-5,
0.002341553268459029,0.0003925019253207474,2.30726378206638e-5,
0.002341197214247314,0.00039250764931674566,2.2730075055558432e-5,
0.0023411142356055594,0.0003925160331906764,2.238751212403821e-5,
0.002341064329070327,0.00039254510813245194,2.2013698761510318e-5,
0.0023409846463999327,0.000392554976508272,2.1874584619497423e-5,
0.0023408735866722883,0.0003927483352096894,2.1604851899049206e-5,
0.002340871608128237,0.00039276982583536174,2.4280033625617022e-5,
0.002340760273799322,0.00039603242561728387,2.0429852470100332e-5,
0.002340702870965276,0.0004227834989647607,1.9740784804442384e-5,
0.002340589167626528,0.00039156217161338336,2.2104802364508175e-5,
0.002340499443168426,0.0003915627133934948,2.282582676069037e-5,
0.002340458165328672,0.00039156272521259877,2.296947577779014e-5,
0.0023403764877550394,0.00039156376403181003,2.2701464309562367e-5,
0.0023403645964735656,0.0003915637276847239,1.8125293998425848e-5,
0.002340283295752302,0.0003915673238858383,1.6210000284476546e-5,
0.002340185035524293,0.0003915693309823521,1.5414963502721887e-5,
0.002340184636601004,0.0003915711616901988,1.5437976424467158e-5,
0.00234008674035581,0.0003916986498067877,1.536287109997886e-5,
0.0023400166142812737,0.00039170493525959616,1.547007135751325e-5,
0.0023398859640267385,0.00039166252124771673,1.5258744201464204e-5,
0.0023397943671321785,0.00039166897892924676,1.5078272464461664e-5,
0.0023397780102746442,0.00039166365751020014,1.5046459748302037e-5,
0.002339687588751324,0.00039166428584266156,1.42065723112751e-5,
0.0023396376155464032,0.0003916639779315322,1.4116160529322911e-5,
0.0023395256243406346,0.0003916624991826749,1.4012591009855897e-5,
0.0023394251348243206,0.0003916599829945772,1.4593719136425684e-5,
0.002339423713157008,0.0003916609387043468,1.4429854255502553e-5,
0.0023393256086379965,0.0003916589785974869,3.3806467120680855e-5,
0.0023392388448499604,0.00039165679086574094,3.244592894806633e-5,
0.0023392384932409654,0.00039166306735565436,1.2701420930952087e-5,
0.002339151210146906,0.0003916620922006368,1.2668090264744307e-5,
0.002339040248213269,0.0003916618552163527,1.2514551086768447e-5,
0.0023390327934899005,0.00039166184830860307,1.2401996954959114e-5,
0.0023389314540569026,0.00039166623111542767,1.2319897060264086e-5,
0.002338886709875366,0.00039167680387813,1.2318779791452277e-5,
0.00233872385252285,0.0003916746834169392,1.1827607417452852e-5,
0.002338616924717502,0.0003916768396036967,1.1808697978324615e-5,
0.002338595007811834,0.0003916716829977954,1.177739200382222e-5,
0.00233851750905642,0.0003916671538895316,1.1764729352337612e-5,
0.002338475809287826,0.00039166711498674083,1.175331621722044e-5,
0.0023383873649507002,0.00039166590523298837,1.1768440116666739e-5,
0.0023382996055525906,0.0003916634714885969,1.2369380404354887e-5,
0.0023382990049773222,0.00039166092492385403,1.2126457082098855e-5,
0.002338211966354353,0.0003916599633706838,1.1783229551741768e-5,
0.0023381387641995106,0.0003916519630454004,1.174411459673223e-5,
0.0023381366930626045,0.0003916653712514721,1.178529594669139e-5,
0.0023380625332575546,0.0003916711443817799,1.173797302694819e-5,
0.00233794399218555,0.00039166238960495033,1.1700105537226485e-5,
0.0023378982002666034,0.00039192479569997724,1.1789221528109005e-5,
0.002337806637489299,0.00039221130578776355,1.131693282963646e-5,
0.0023377686798603577,0.0003922046994043171,1.1192943777888511e-5,
0.0023376927774643305,0.00044615707392825586,1.1082380554005595e-5,
0.0023375184747254046,0.00044614531625183365,1.0888081912224706e-5,
0.0023374240365911796,0.0004426782270678411,1.0698514314605515e-5,
0.002337358166689268,0.0005048480846235226,1.082905083440918e-5,
0.002337353766548535,0.00039902906833657714,1.0847611771055021e-5,
0.002337283879444321,0.0004742657413864093,1.0846678661484495e-5,
0.0023372283651820437,0.0004923906954952086,1.0691586985108799e-5,
0.002337228217444225,0.000492916062071457,1.046219348885136e-5,
0.0023371721001291743,0.000496939266581863,1.0310877057090978e-5,
0.0023371089501211463,0.000490221434111992,1.016564172780404e-5,
0.002337108352175143,0.0004907634279016639,1.0136854627430103e-5,
0.0023370427994430704,0.00048021986659435193,1.0080530090329508e-5,
0.002336997520369162,0.00047151704858389615,1.007539686109455e-5,
0.0023369806252088363,0.00045709665715516713,9.09209681386567e-6,
0.0023369229412742417,0.00048045004813877015,8.094267540532001e-6,
0.002336903895003627,0.0005212480091397248,8.081029375193973e-6,
0.0023368626322894308,0.0005081810735635369,8.086294857496788e-6,
0.002336786402142027,0.000507425609178965,8.050865936115669e-6,
0.002336289839217617,0.0005045730654947247,8.103006561395287e-6,
0.002336226403326586,0.00046429698858255436,8.26101535237266e-6,
0.0023334540327086843,0.0004566194133870417,8.158117286357498e-6,
0.0023328931288506536,0.0004487927524215531,8.063917283959162e-6,
0.0023327836399805652,0.00044049176147328953,7.965666811282688e-6,
0.0023323282972458168,0.00043092563776510236,7.687467563381893e-6,
0.0023321428140365744,0.0004331172806178284,7.315237627586497e-6,
0.0023321414362433785,0.0004336034575592618,6.955993323151749e-6,
0.0023299613083705983,0.0033428165096070057,6.522802838419075e-6,
0.0022762664020768626,0.002397270874969411,6.4582251184878335e-6,
0.002270940484155751,0.00046130726492643874,8.741129594984456e-6,
0.002245094606049973,0.0010531828480401584,8.207651893674251e-6,
0.002244933039521356,0.0003612497952016867,8.091455202040333e-6,
0.00224493045442304,0.0003647516111587937,7.5072082181524e-6,
0.002244919934284616,0.000359555244756344,7.12502618553958e-6,
0.002244904576480859,0.00035956063063372073,6.7232567770607686e-6,
0.0022449006724001583,0.0003595612638110884,6.605504977411524e-6,
0.0022448938130625916,0.0003595614624428899,6.596472273198764e-6,
0.002244759052399692,0.0003595558867420532,6.66817936113811e-6,
0.0022446673444715677,0.0003595564751501298,6.6511347523867955e-6,
0.0022445037712063324,0.0003595592728106791,6.541238915048923e-6,
0.00223751906858486,0.00035956010491813877,6.437708038021343e-6,
0.002231878759627477,0.00035955976542867093,6.336058482265879e-6,
0.0022235709723313693,0.00035955983035523923,6.234312600512749e-6,
0.0021605654662568,0.0003595614416957924,6.135532428200646e-6,
0.0021532877656483007,0.00035956134171997897,6.067164133778646e-6,
0.0021489151704311613,0.0003595664623546043,6.055888692873142e-6,
0.0021435439013899583,0.00035956440331408356,6.040065763031848e-6,
0.0021363530514628636,0.0003595579821501283,6.039679982089966e-6,
0.002132769526565616,0.00035955545215415625,6.0453647308423255e-6,
0.002128656954682498,0.0003595555581644023,6.038844044367401e-6,
0.0020612076465226187,0.0003595549213604015,5.508609080490902e-6,
0.0020475492871991096,0.00035955565207219535,5.345671962413063e-6,
0.0020352762790687216,0.0003595479190127293,5.201538224575831e-6,
0.0019730603488718633,0.0003595485545102904,5.242892055350491e-6,
0.0019697173894713147,0.0003595480141145397,5.220493896308837e-6,
0.001967227074607404,0.000359559213178151,5.082630666431724e-6,
0.0019595087517858363,0.0003596070054047774,7.015787764883541e-6,
0.001959277796059786,0.00035962181598250635,6.6067941977049745e-6,
0.001959113971660062,0.0003596355153649044,1.079306113543118e-5,
0.001958712351302246,0.0003596372672805822,1.009549416582964e-5,
0.0019587113484299083,0.0003596430313553806,5.985887317764844e-6,
0.00195867167282259,0.00035965014982857423,5.979807653055593e-6,
0.0019586632006505507,0.0003596332862703781,5.951287460513076e-6,
0.0019586620434649702,0.00035963445564470855,5.949860684539654e-6,
0.0019586536898358116,0.0003596342416071725,5.8944465954884445e-6,
0.00195800053373084,0.0003596342127023096,5.888170242960987e-6,
0.001957999315544397,0.0003596329449328538,5.492856946390115e-6,
0.0019577882037700774,0.0003596300881174644,5.4898096950641725e-6,
0.0019577696721802705,0.00035963109364162095,5.555145698076077e-6,
0.00195776947268384,0.0003596299242719133,5.575440699891605e-6,
0.0019577543815781774,0.0003596290536038707,5.614984528433942e-6,
0.0019574296125529395,0.0003596273213202267,6.180543113837867e-6,
0.001957428916022422,0.00035961615286500266,1.1613009104474914e-5,
0.00195722212722145,0.00035961712734029376,5.514077769121824e-6,
0.0019571836667627526,0.00035961733030694993,5.497055662142354e-6,
0.001957183573182693,0.00035961860313679157,5.455278563990324e-6,
0.001957152128541428,0.00035960947603553564,5.4774197893162185e-6,
0.001956905554111449,0.0003596179340515185,5.349462688304025e-6,
0.001956905072189168,0.000359637770331055,5.274302211613404e-6,
0.001956724045516059,0.00035964972429416856,5.205476338965058e-6,
0.001956668272191407,0.00035965620231790703,5.131525925820446e-6,
0.001956668214416049,0.0003596654196525594,5.0617338989383e-6,
0.0019566231816856316,0.00035966457963652226,4.979008033357651e-6,
0.001956429443406672,0.0003596637143326991,4.952332821719439e-6,
0.001956429114729709,0.00035966273587016896,4.927216667038121e-6,
0.001956274588606366,0.0003596619580869431,4.9461045726325575e-6,
0.0019562037724675753,0.000359662433899889,4.942665878373623e-6,
0.001956203736683868,0.00035966266348884233,4.853994061796585e-6,
0.0019561456738133916,0.0003596832728112388,4.956923946866458e-6,
0.001955992734209693,0.0003596826500631881,4.5761347447388295e-6,
0.0019559925147942,0.00035968491871122963,4.563984113590654e-6,
0.001955861229729379,0.0003596889806007416,4.613372804081679e-6,
0.001955777841499446,0.000359685264293732,4.363186844431918e-6,
0.001955777822526442,0.000359681537319531,4.100148039269704e-6,
0.00195571082209919,0.0003596953764951418,3.867883984848045e-6,
0.0019555844678419095,0.00035970824792033544,3.845801181280908e-6,
0.0019555843388054943,0.00035972037867042206,3.843878916796278e-6,
0.0019554710240657306,0.00041527943588884017,3.839295210383336e-6,
0.001955375126255304,0.00037442003896085086,3.8390005222381924e-6,
0.0019553751168844293,0.00039975163263152784,3.835526210452683e-6,
0.001955294802227836,0.00038987260550384377,3.748271736892039e-6,
0.001955187385438181,0.0003888287616695736,3.7457308901737904e-6,
0.001955187311373414,0.00038750772190971223,3.715447117841616e-6,
0.0019550871121464543,0.00038737260852760545,3.713085177059628e-6,
0.001954970572672674,0.0003871747612215943,3.558150159767267e-6,
0.0019549705685447606,0.00038708897429212636,3.6002592479297188e-6,
0.001954875672763927,0.00038665530467675325,3.6570746642829337e-6,
0.001954782052114492,0.00038665706809117706,3.893020618039567e-6,
0.0019547820065387296,0.00038587148729049315,3.6746815598155376e-6,
0.001954691819665392,0.000384215497308068,3.6274772533886627e-6,
0.001954554174787728,0.00035604112564412957,3.5892488604612235e-6,
0.001954554170745944,0.00035585671103011623,3.5913538325317278e-6,
0.001954434118848459,0.0003558152028980725,3.3645088524257536e-6,
0.0019543472831803927,0.00035580182531817404,3.1436789780396494e-6,
0.0019543471333249036,0.00035579462053442434,3.0119917142193073e-6,
0.001954261731721522,0.00035578536802249953,2.953655536523844e-6,
0.001954060630027932,0.000355758808690999,2.912210194905676e-6,
0.001954038759174144,0.00035550158870380953,2.873568445087358e-6,
0.0019536166007727055,0.0003555073135745755,2.827803447325778e-6,
0.0019534333555914695,0.0003555071098257437,2.835098748585833e-6,
0.0019508509361181015,0.0003555036479137329,2.611186955071926e-5,
0.0019407581113411799,0.0003555060089621681,3.284243417080322e-6,
0.0019381189602552245,0.0003555061285833764,2.5550482338987626e-6,
0.0019203757917227737,0.0003555037684360598,2.3703744616194337e-6,
0.0019064114916625507,0.0003555050207122807,2.3837744857611557e-6,
0.001905008898938076,0.00035550721390119257,2.3494422113429046e-6,
0.0018996076270199652,0.0003555051373892776,2.298150639817739e-6,
0.0018980774764514028,0.00035550455713328626,2.2758154650315308e-6,
0.0018979258893747368,0.0003555055413603543,2.2662946127407635e-6,
0.001896307340850904,0.0003555138440820074,2.293796322747299e-6,
0.001895794647594397,0.00035550653170623867,2.9509697975097235e-6,
0.0018956699240309973,0.0003555120730773756,2.6815948113232077e-6,
0.0018851498650007989,0.00035554745596368776,2.769510003633107e-6,
0.0018827259182507712,0.00035548942545975576,3.3796906300724583e-6,
0.0018820466220665496,0.00035549315799507754,3.850326184754669e-6,
0.0018715998848652252,0.00035549384013459597,2.5286930709733015e-6,
0.001871402232484129,0.0003554894629037779,3.043706439871601e-6,
0.0018713372820533234,0.0003554932446457987,3.889234153793935e-7,
0.001870336708634788,0.0003554963856783853,3.693163018241304e-7,
0.0018703125829147489,0.00035549851609702703,3.594162773017185e-7,
0.0018702720785087627,0.00035549810753174495,3.493087771288394e-7,
0.001869973220688804,0.0003554803420658281,3.5099920062958515e-7,
0.0018699721409157271,0.00035547869014531226,3.545544202974747e-7,
0.0018698612230971029,0.00035547774346693806,6.27216375596126e-7,
0.001869823400993545,0.0003554762878575607,5.894706865445654e-7,
0.001869823388472717,0.00035546346382149546,2.0016715589839197e-7,
0.0018697857990311933,0.00035546047139134695,2.0357238463005387e-7,
0.0018696174930433681,0.00035545892292906977,2.0737016750334812e-7,
0.0018696166369564903,0.000355489626177443,2.0605714398134576e-7,
0.0018694293206786706,0.0003554799476886385,2.10913634215636e-7,
0.0018694169829024687,0.00035540041272669176,2.0861384978678262e-7,
0.0018693532775527746,0.0003551664972206314,2.0636291218077846e-7,
0.0018562195278225967,0.00035535199034071894,2.0606341429294815e-7,
0.0018557428747309004,0.0003552701128687796,2.2038769313944722e-7,
0.0018529436947184459,0.00035526980980385935,2.2132807727581912e-7,
0.001851671037413222,0.00035526252633365246,2.0250530924331716e-7,
0.0018504245980996601,0.000355264604161019,2.0278595770177366e-7,
0.0018469305016542436,0.00035526064680124915,2.0129104111894237e-7,
0.001846661205844402,0.000355259674497292,2.0179574297668474e-7,
0.0018433343625115913,0.0003552519027228299,2.0172215141934434e-7,
0.0018424053317239657,0.00035525007180818666,2.0178434707984206e-7,
0.0018423968431889744,0.0003552489233724357,2.0147202902897196e-7,
0.0018272946925772312,0.0003552465775104912,2.0085842953256488e-7,
0.001826411744125942,0.00035524470101167634,1.980713323273872e-7,
0.0018264041733342385,0.00035524957231619316,1.9767376309358704e-7,
0.0018244105756770343,0.00035524574329389753,1.970311903597332e-7,
0.0018242859036602672,0.0003552652991736853,1.9681264705801532e-7,
0.0018242852226616484,0.00035526612381813974,1.9341083234205447e-7,
0.0018236480063440524,0.00035526660356814877,1.9596496841243293e-7,
0.0018231713587158465,0.000355266903915806,1.968322380118435e-7,
0.00182316814740581,0.0003552672718544928,1.9858502540163058e-7,
0.0018181299071385595,0.00035526906874501035,1.9656495963248956e-7,
0.0018180278472623274,0.00035526880699167395,1.9680990413848663e-7,
0.0018180271107002353,0.00035526841635169065,1.9401776220566812e-7,
0.0018179136730751154,0.0003552680255455193,1.9281483228113529e-7,
0.001817798485987169,0.0003552678382901558,1.9314942233647616e-7,
0.0018177983492023736,0.0003552679480181925,2.0158293413024234e-7,
0.001809801068405025,0.0003552681479115771,2.0038552387740514e-7,
0.0018096432673988178,0.0003552617097714543,2.0138455473212453e-7,
0.0018096423404568816,0.0003552602955897458,1.874900353800409e-7,
0.0018094922402745633,0.0003552604163358557,1.8168673506984604e-7,
0.001809130361373929,0.00035527041196624603,1.8132761841857455e-7,
0.001809130257639325,0.000355283255846393,1.8081452160814605e-7,
0.0018086149120234054,0.0003552843039597167,1.800205955020181e-7,
0.001808576007169349,0.0003552954724779174,1.7711713726410564e-7,
0.0018085757761554396,0.0003552959205684618,1.741521700512248e-7,
0.001808538432442437,0.0003553035332350739,1.7293374552464552e-7,
0.001808443808028879,0.00035530307297262383,1.7692406022532282e-7,
0.0018084437705232761,0.00035530091137150085,1.7591562499620046e-7,
0.0018083386885901123,0.0003552980141015674,1.7314895609485484e-7,
0.0018083244419001628,0.0003552948624471948,1.7274357568869768e-7,
0.001808324376361401,0.0003552962245618523,1.739264587205011e-7,
0.0018083088176809158,0.0003552971486315666,1.7484967339995131e-7,
0.0018082807816543782,0.0003552963907111013,1.735837246511082e-7,
0.0018082807572945743,0.0003552957677482676,2.5072684629458865e-7,
0.0018081975318055322,0.0003552960960026311,2.2983588527952868e-7,
0.0018081877082196459,0.0003552958786241774,1.5163962920650735e-7,
0.0018081876710810357,0.0003552958585450995,1.5254524099190652e-7,
0.0018081309288967458,0.0003552966420952972,1.6427162113368682e-7,
0.0018081208366274328,0.0003552977672439522,2.5153850342692764e-7,
0.0018081208011432673,0.0003553009660588217,2.5856893908596673e-7,
0.001808070865216075,0.0003553010282698585,2.0183593059837236e-7,
0.0018080563453275152,0.00035530272015732575,4.243443853787638e-5,
0.0018080562937990172,0.00035530304830571014,3.456579926901126e-5,
0.0018080440020512907,0.0003553020309018551,4.8335533067016286e-5,
0.0018077269668142222,0.0003552819670297849,1.4796013421498254e-5,
0.0018077269315475786,0.0003552844085545405,1.8257727276242766e-6,
0.0018075507828624379,0.0003552812794532673,7.470082327008436e-8,
0.0018075343501485887,0.00035528247346916834,7.422015747031478e-8,
0.0018075342978896903,0.0003552823338701159,7.529340727856975e-8,
0.0018074622501788177,0.00035528374197745633,7.476724612253069e-8,
0.0018074436530050775,0.00035528347059768535,7.467740532810753e-8,
0.0018074433198687037,0.000355281547186362,7.376560872554273e-8,
0.0018071938620685959,0.00035527112592187275,7.368716570202904e-8,
0.0018070690766824116,0.00035526900432609473,7.295595609877825e-8,
0.0018070512507671846,0.00035527504003912946,7.133333877903611e-8,
0.0018068378532936002,0.0003552759143873195,7.126488095872979e-8,
0.001806213590548135,0.00035527713632723843,7.192171821223198e-8,
0.0018061587342993262,0.00035527770026181417,1.5244116574889785e-7,
0.0018049538312799416,0.0003552779427642509,1.0512806063969227e-7,
0.0018047589987954494,0.000355278101679506,4.83982571534765e-7,
0.0018047343297384034,0.0003552774318865821,6.86187015581291e-8,
0.0018046334265809792,0.0003552903196985427,6.827362538100308e-8,
0.0018045327083574547,0.00035529299339604706,6.820818255293176e-8,
0.0018045315994299905,0.0003552937032318549,6.81727771266179e-8,
0.0018041583652985151,0.00035529286859495074,6.817958830329012e-8,
0.0018040935217410597,0.00035529140936149835,6.815126373074268e-8,
0.0018040632914027742,0.00035529248862670263,6.814316568672213e-8,
0.0018040002491570256,0.0003552923223293079,6.809878511444762e-8,
0.0018039649934169576,0.0003552920963454801,6.811123641036875e-8,
0.0018039641175996584,0.0003553034399220487,6.462999626276479e-8,
0.0018036479599108607,0.00035528329331581903,4.278737680757566e-8,
0.0018033966896081586,0.00035524936707976044,4.377567584892577e-8,
0.00180331524377224,0.0003552487685494719,4.079210170106183e-8,
0.001802870106492254,0.0003552579022735184,4.1116524868561465e-8,
0.0018028250876002076,0.0003552572670012545,4.738234390601998e-8,
0.0018028139200121417,0.0003552567926819689,3.404303432258462e-8,
0.0018027864752612934,0.0003552568438977752,3.401140564708418e-8,
0.001802438563512753,0.0003552524658291836,3.397048246802996e-8,
0.001802142298390961,0.00035525308055744313,3.382134082338386e-8,
0.0018011573531908555,0.00035525262158844653,3.384689688154827e-8,
0.0018010841338020201,0.0003552478251483235,3.9684366460532764e-8,
0.001800909193005001,0.00035524679388773266,3.5069044007164044e-7,
0.0018009044201743067,0.0003552420938045031,5.285997824967632e-8,
0.0018007375307759056,0.0003552441723369482,3.473796359207389e-8,
0.0018006919774063922,0.000355250616749917,3.588484338465265e-8,
0.0018006891424878159,0.000355242754462677,3.5490962576130705e-8,
0.001800651932027752,0.00035520765439793646,3.4496876629831784e-8,
0.0018005859443669797,0.00035520459391563474,3.431619972722152e-8,
0.0018005859047622013,0.00035520064226333265,3.380467502264859e-8,
0.0018005192763486811,0.0003552011523992184,3.2597071914125405e-8,
0.0018004804872246494,0.00035520142213974024,3.248814462352805e-8,
0.0018004804337433769,0.0003551999901857739,3.2444601737717217e-8,
0.0018004426077538166,0.0003551970522769347,3.2619758580907907e-8,
0.0018003841173731233,0.0003551958225807167,3.258581874223563e-8,
0.0018003839541928762,0.0003551963432257504,3.266352950133635e-8,
0.0018003235739874,0.0003551952875533107,3.257453870069782e-8,
0.0018002810324783752,0.00035518415208914627,3.2343472685612613e-8,
0.0018002773324209448,0.00035515218641582523,3.235230372553137e-8,
0.0018002394568675357,0.00035514210574118336,3.234606977230903e-8,
0.001800212128551034,0.00035514360258269456,3.656226356009487e-8,
0.0018001776065874233,0.00035514482070282504,3.624973139669107e-8,
0.001800136337239611,0.0003551427073630717,3.609987654359172e-8,
0.0018001289401870463,0.00035514274640443855,3.6132653814593884e-8,
0.0018000992701008764,0.0003551436131283687,3.611427359010565e-8,
0.0018000964629909244,0.000355144087172785,3.316344415498974e-8,
0.0018000863816250504,0.00035514461865205764,3.1604925008896834e-8,
0.0018000741505796941,0.0003551441588797618,3.1583915378800555e-8,
0.0018000707866935473,0.00035514378407644243,3.171377463582618e-8,
0.0018000610336583653,0.0003551530305860786,3.131480796074181e-8,
0.0018000309642086845,0.00035514963202118297,3.130927461021296e-8,
0.0018000308900756909,0.00035515113596366454,3.125078361525833e-8,
0.0018000034139590772,0.000355166742736111,3.133212908038625e-8,
0.00179999211953443,0.0003551667048168271,3.1397177840451184e-8,
0.0017999920818382654,0.00035516697797218893,3.136290932900768e-8,
0.0017999809409725868,0.0003551767307598251,3.131096529328562e-8,
0.0017999504613946675,0.0003551767804029049,3.1240348192852394e-8,
0.0017999504495047082,0.0003551767571517397,3.123384129660618e-8,
0.0017999209184619436,0.0003551768995661944,3.1235832990876064e-8,
0.0017999091278133178,0.0003551770132104012,3.119640611064611e-8,
0.001799907857414588,0.0003551582423715012,3.117335846284955e-8,
0.001799896403689204,0.000355120690910067,3.1168850542911556e-8,
0.0017998414325855771,0.0003549637310591636,3.1229819076446055e-8,
0.0017998291014039585,0.000354959946400784,3.1175867244155257e-8,
0.0017997840403273058,0.00035496510609526826,3.113975963160601e-8,
0.0017997782532791647,0.0003549585550161731,3.141878862142117e-8,
0.001799729287458524,0.0003549627579114302,3.1435679408332354e-8,
0.0017997292280139063,0.00035496204362211217,3.1466775423951323e-8,
0.0017996812764229074,0.00035496473485455024,3.142515451709242e-8,
0.001799676036547041,0.00035496790843739354,3.134821337999192e-8,
0.0017996741684772224,0.00035496449175271167,3.117759915742228e-8,
0.0017996687997742734,0.00035496323109470546,3.118424791965602e-8,
0.0017995819985023084,0.00035495850425707663,3.1185760539193297e-8,
0.001799581288240424,0.00035495835323750977,3.116662661303495e-8,
0.0017995353811803714,0.0003549567281174724,3.114930576476714e-8,
0.0017965723137828259,0.0003549595901321996,3.113859428687422e-8,
0.0017910965348876613,0.0003549587817529301,3.1128650713688046e-8,
0.001790619810957599,0.0003549588167696384,3.12144394442051e-8,
0.0017894549145671338,0.00035495946675500445,3.155526097477497e-8,
0.0017894289979862189,0.0003549590252265333,3.14977996163281e-8,
0.0017894206256750666,0.0003549588072864183,3.1470312499053724e-8,
0.0017893921278560115,0.0003549601665063688,3.150879703465081e-8,
0.0017882830309645915,0.0003549601063548924,3.149873783497814e-8,
0.001788282758766566,0.000354960055406097,3.149134588037675e-8,
0.0017873317722724418,0.00035495907173317063,3.1444308547822283e-8,
0.0017873129966645366,0.00035495974060308023,3.14272838037722e-8,
0.0017873101224180198,0.0003549625402887862,3.112033885519158e-8,
0.001787290275559717,0.0003549614650606621,3.11204031049077e-8,
0.0017864925499997699,0.00035496209063697986,3.1106555192175936e-8,
0.0017864910872823386,0.00035496083823366106,2.9420492664378008e-8,
0.0017859095913624488,0.0003549598942884095,2.938409785376619e-8,
0.0017858921770457306,0.0003549577334406859,2.9376044598296573e-8,
0.0017840134154376425,0.00035493383603883,2.9402427992657566e-8,
0.0017839834882305294,0.00035491770845098066,2.935672352534667e-8,
0.0017823800777483042,0.00035490176213602434,2.9344701989872768e-8,
0.001782370035222409,0.0003548834340068947,2.474892947694365e-8,
0.001782358296746254,0.000354793083827809,2.4973151110416694e-8,
0.0017823524138788796,0.0003547907009680648,2.470815485160445e-8,
0.001781773485113773,0.0003547862216064973,2.4742687507411604e-8,
0.0017817723984049872,0.0003547936276878131,2.4719718994220342e-8,
0.0017812683220848294,0.00035481024681235067,2.4678841734853728e-8,
0.0017812547888298165,0.0003548087299652463,2.466921253189659e-8,
0.00178125460392951,0.0003548147253827814,2.4709635384576285e-8,
0.0017812422856680892,0.0003548282424872217,2.4783430099314162e-8,
0.0017808245068894933,0.0003548372262517627,2.4730903136976193e-8,
0.0017808243858034205,0.0003548231335059144,2.475801621716207e-8,
0.0017803882187670597,0.0003548298446319446,2.476685146640577e-8,
0.0017803699533590236,0.00035483004087742123,2.4744362490777596e-8,
0.0017803699251005458,0.00035483018055111425,2.458983482096029e-8,
0.0017803523306967526,0.00035487474481060407,2.4584484727970696e-8,
0.0017799463930720382,0.00040921843733959405,2.4594798811655234e-8,
0.001779946337359153,0.00038871587719566147,2.4558598382673e-8,
0.0017795257088107435,0.0004112166839072264,2.4572926754783036e-8,
0.0017795029567042645,0.0004048119128352175,2.4597254400827336e-8,
0.001779502918215392,0.00040876487131602957,2.4633906411378624e-8,
0.0017794811688475341,0.000406478761238964,2.4811356545419236e-8,
0.0017790942840351703,0.00040191686166158355,2.46962755152899e-8,
0.0017790941268994152,0.0003904435655482207,2.473924285852704e-8,
0.0017786852074408081,0.0003924854321088052,2.4758616871961488e-8,
0.0017786542403834837,0.00040562935928117774,2.4740965047754115e-8,
0.0017786541177955415,0.0004029955336854708,2.5412225823735046e-8,
0.0017786255796377682,0.0004039665506931985,2.50843838471726e-8,
0.001778272930519387,0.00040247144453108474,2.4914401163465397e-8,
0.0017782723307454562,0.00041055672425483635,2.494051648369496e-8,
0.0017778707264908234,0.00040788549110904436,2.4897040468355656e-8,
0.001777817187214276,0.00052347530574164,2.4889126144914916e-8,
0.0017778167860422658,0.0005289241762381324,2.4932239788049055e-8,
0.0017777701891792904,0.0005178444333323026,2.4905766319582533e-8,
0.0017774691995552487,0.0005304994367626792,2.5020311860087507e-8,
0.0017774676527838168,0.0005400836760364538,2.4808303742560466e-8,
0.0017770848419255037,0.002191909947748784,2.478126497158498e-8,
0.0017769780452988192,0.0019013514504852363,2.4685782165225873e-8,
0.0017769765958132776,0.0023296622524559343,2.467074618501283e-8,
0.0017768898815265482,0.0013320640569586934,2.4711232380778374e-8,
0.0017766661695973011,0.0008645064642743846,2.4660347330797e-8,
0.001776664265359149,0.0009525478017906159,2.46726321453024e-8,
0.0017763380375905296,0.0009530217632789085,2.467299307585443e-8,
0.001776126083455792,0.0005737445714549594,2.46953423580431e-8,
0.0017761221035041568,0.0003805120903972637,2.4660926071501814e-8,
0.001775954314020088,0.0003682300697700307,2.4648858990174334e-8,
0.0017758352168739907,0.00036310220925802337,2.4680838514665367e-8,
0.0017758332753598568,0.00036025505100905096,2.4388065255047775e-8,
0.0017756294236751318,0.00035638292814425425,2.4317215110418213e-8,
0.0017751887929166672,0.0003546033682183151,2.4331373194702075e-8,
0.0017751618530338566,0.00035429735196520205,2.604465640022655e-8,
0.0017747760468005567,0.0003549796294296428,4.7987279641380704e-8,
0.001774774235740585,0.00035492818629033755,2.809582725663849e-8,
0.001774585627148535,0.0003549243099283824,2.5740623411049132e-8,
0.0017745363479533644,0.0003549217866959189,2.4097502767523482e-8,
0.001772668267573291,0.00035504115398643326,2.4057938804107656e-8,
0.001770924262109394,0.0003550221721270731,2.3600344013546806e-8,
0.0017706262654772799,0.00035512999471651123,2.333256924704827e-8,
0.0017680067295680656,0.000355145665574922,2.3216171878690118e-8,
0.0017678706085224776,0.00035524621240196427,2.3185633590742412e-8,
0.001767854696141851,0.00035524678280731325,2.3241966049198406e-8,
0.0017677983101535974,0.0003552410290841046,2.326065388799675e-8,
0.0017675150292250177,0.0003553362008133152,2.3783277441072668e-8,
0.0017674932293588739,0.0003554290557368146,2.2425282171952103e-8,
0.0017665807905399105,0.00035545434646322405,2.270054008782687e-8,
0.0017656068326200168,0.0003555295916270526,2.322643305548546e-8,
0.0017655303632089544,0.0003555315546122775,2.1217263244534612e-8,
0.0017647257742332615,0.0003555518463597794,2.123073137980449e-8,
0.0017647220023507537,0.0003556100475237766,2.1195088059239688e-8,
0.0017647218671626753,0.000355662792293167,2.128876369372816e-8,
0.001764718143223543,0.00035551696853083426,2.1162093897240373e-8,
0.0017645423082409022,0.00035514968901700835,2.0842674214544084e-8,
0.0017645422787700782,0.00035515455792831433,2.078183121358039e-8,
0.0017644608310129703,0.00035875071041257693,2.0787007302048622e-8,
0.0017644544407735086,0.00035676709256279735,2.0784618796710824e-8,
0.0017644457954711363,0.0003724280717476876,2.1007920249505753e-8,
0.0017644327974114917,0.00037043725803642083,2.120656898009849e-8,
0.0017642688639786738,0.00037068195807907434,2.113348687883719e-8,
0.001764254493451551,0.00037166513872579086,2.1162123902543877e-8,
0.001764134206457297,0.0003721330390496079,2.0966393464804033e-8,
0.0017641008111533932,0.00037208522779373957,2.0829050546215853e-8,
0.0017640772297498044,0.0003718067681182404,2.079559566426024e-8,
0.0017640568887458442,0.0003729338711347046,2.0484207023802393e-8,
0.0017626399925359765,0.00037506780505411786,2.048834533842971e-8,
0.0017625232920437882,0.0003798680192236235,2.0495976475590676e-8,
0.0017619200652268215,0.00036795266116071537,2.0460652608033723e-8,
0.0017617133508922257,0.00036758345526968436,2.0535347221119344e-8,
0.0017615228064104726,0.0004580133352274632,2.050728698998991e-8,
0.0017614019897042987,0.0004422856757705937,2.04777654985743e-8,
0.0017610418214233886,0.0004328289436659085,2.0463241700303256e-8,
0.0017609389228088574,0.00043457583210418783,6.190167561846106e-8,
0.0017606843603232,0.00042989601725565034,3.078735042531178e-8,
0.0017604911444116756,0.0004410237324070414,3.0649760967920294e-8,
0.0017593816304149457,0.0004395524455871461,2.8106073156850978e-8,
0.001758760498916408,0.0004372263570391241,2.7857073742709384e-8,
0.0017579442654944836,0.0004144610906957329,2.7794676170435332e-8,
0.0017553361803870474,0.000592807855661737,2.7650314739433188e-8,
0.001754129464965904,0.0003776459769526518,2.76353395126282e-8,
0.001753080947498455,0.00040711585834495115,2.7840814683873455e-8,
0.0017505264980661513,0.0003858729137590041,2.7876393549753947e-8,
0.0017500739967379962,0.0003628517266848032,2.7812835611618446e-8,
0.0017496114348657435,0.0003480832079503703,2.7807526775006726e-8,
0.0017482011238425224,0.00034825815961532264,2.7857054863445547e-8,
0.0017479981510742284,0.0003482873065592278,2.786206883833439e-8,
0.0017475418087915034,0.0003483133214352198,2.7803196377484237e-8,
0.0017429750898315353,0.0003486785544671871,2.7808413295250247e-8,
0.0017426092685751066,0.00034812092513856997,2.780581735003818e-8,
0.0017403489770196528,0.00034557585996409027,2.7825177656770785e-8,
0.001725747558130508,0.0003456875814979609,2.788426789410007e-8,
0.0017249930453540048,0.000344750232154413,2.7838447300021483e-8,
0.0017198302313121306,0.000344723507854102,2.956591326308516e-8,
0.0017052299786292603,0.0003449335451221471,2.9137222312243015e-8,
0.0017049682899230912,0.00034498317554143625,2.9009881546417892e-8,
0.0017020181048047808,0.0003450197772231446,2.851111386960073e-8,
0.0016966456135525678,0.0003449815195014297,2.8517744752539638e-8,
0.001696572229319806,0.00034537734627416224,2.8517766506274163e-8,
0.0016929992708989692,0.0003460968507477828,2.8494650760737322e-8,
0.0016824563469429238,0.00034553296334340565,5.6415894280901476e-8,
0.0016823632079873958,0.00034530849041907634,7.434123120811345e-7,
0.001663384425907507,0.00034532373546774646,6.912541250277144e-8,
0.0016293315345883394,0.00034572354806254666,5.433030597639798e-8,
0.0016291367631872397,0.00034549567459678487,4.119232647343769e-8,
0.0015864010336290734,0.0003452562934970792,4.132432863727705e-8,
0.0015676576115063626,0.0003454047845813544,4.148844835351024e-8,
0.0015675902655747768,0.00034527549842134687,4.811550601694504e-8,
0.0015527945740528666,0.0003451309485445197,4.460644695983471e-8,
0.0015447783561848493,0.0003447889101059667,4.134945056247004e-8,
0.001544760922688561,0.00034468969436404084,4.113213163702802e-8,
0.0015144192081278317,0.0003446889125119129,4.092519899619319e-8,
0.0015050288354182897,0.0003446861668508823,4.102067401050462e-8,
0.0015050038700021183,0.0003446870266662263,4.107492516929233e-8,
0.001456969974041034,0.0003446842025569745,4.4599734691393214e-8,
0.0014323677603359907,0.00034467037503622554,4.855340608093507e-8,
0.0014323174764065338,0.0003446760891836553,4.014368603421613e-8,
0.0013162952589652645,0.00034458979580304723,4.008228223918789e-8,
0.0013107019457482755,0.00034455476255389206,4.128439471966674e-8,
0.0013106892401051017,0.0003445461851115223,4.1275113436158815e-8,
0.0013053729446702422,0.00034453671359616463,4.1302179470406705e-8,
0.00128990073073931,0.0003445340198044909,4.1312572587427775e-8,
0.001289895967922638,0.00034453085563403905,4.1276920225366033e-8,
0.001222626015177438,0.00034452450307787495,1.933179929808518e-7,
0.0012152642756905845,0.00034452339916609363,8.366472421873482e-8,
0.001215247298365111,0.0003445224116258386,2.8460213686580866e-8,
0.001170266864645,0.00034451425179521996,2.695141122061457e-8,
0.0011691702530805565,0.0003444415500743983,2.4689675494615692e-8,
0.001169167760510836,0.0003444831251137356,2.3475187839129386e-8,
0.0011683663295020902,0.0003444724660162568,2.433043740410225e-8,
0.0011641976818931846,0.0003444717259446253,4.7299249229685116e-7,
0.0011641954252927902,0.00034428154150434103,4.309110405337528e-7,
0.0011622649531901309,0.00034431014544974157,4.398616533839567e-8,
0.0011618304960927513,0.0003442440205440473,4.201166384582615e-8,
0.0011618296176218134,0.0003441822013532337,1.0458497366435379e-7,
0.0011616952797640898,0.00034406424719449143,3.336512445642815e-8,
0.001161656414445413,0.00034403062362413096,3.203961956065818e-8,
0.0011616327947074974,0.0003439819162757896,3.128483810180174e-8,
0.001159303167441618,0.00034398102942220706,3.094759056585429e-8,
0.0011592180261476182,0.00034395442395403366,3.016254831912805e-8,
0.001158991942408713,0.0003439438626071375,3.033270852840023e-8,
0.0011586920095889943,0.00034394281342177175,3.029546831706743e-8,
0.0011586848929098573,0.0003437959508844117,3.032941729820111e-8,
0.0011585727919929299,0.00034380366048374105,3.029116854925489e-8,
0.0011585660519975731,0.00034405915094559594,3.0303460550547756e-8,
0.001158500071113321,0.0003440288221685317,3.0278482756039615e-8,
0.0011584776921788349,0.00034401859881260104,2.985733225421797e-8,
0.0011584772078611738,0.0003439878977278151,2.990143019681449e-8,
0.0011584547716351988,0.0003439952682141125,2.986802079650297e-8,
0.0011584458988521922,0.00034397651857398786,2.9838117135586086e-8,
0.0011584458767757715,0.00034392873023185845,3.057432383046448e-8,
0.0011584367670914037,0.00034392813931641595,2.996372791049234e-8,
0.001158420111903145,0.00034392961342151024,3.043394401821835e-8,
0.0011584201088536954,0.00034408054591215806,3.024169653459772e-8,
0.0011584030784603592,0.000344058979349524,3.0240988350533106e-8,
0.0011583947493753553,0.0003439831282786906,3.0199975447218746e-8,
0.0011583947389259557,0.00034397359475770903,3.047634439228245e-8,
0.0011583861927186296,0.00034387245242185384,3.056556748839783e-8,
0.0011583720163843602,0.00034390754407638183,3.0517949502872035e-8,
0.001158371955595186,0.00034389807859154514,3.040254182139326e-8,
0.0011583556507483977,0.00034389438940559135,3.007523835199234e-8,
0.0011583496827580503,0.0003438981036647312,3.003732168103311e-8,
0.0011583490059580758,0.0003440078544509426,3.002270009446762e-8,
0.0011583395359630977,0.00034398401835775437,3.000831149222499e-8,
0.001158335492693681,0.00034400870140524197,3.002922607382549e-8,
0.0011583347627121198,0.00034406935417734356,3.002058363729036e-8,
0.001158322238697359,0.00034406483673335105,3.002209070176359e-8,
0.0011583191566204732,0.00034399965191815124,3.001137697893947e-8,
0.0011583172965169341,0.0003440344713688729,2.9999963517003754e-8,
0.001158305675946494,0.00034397560663222525,2.926547729370644e-8,
0.0011583032007880863,0.0003440406258594714,2.927473061127855e-8,
0.001158298900829641,0.00034403898897389585,2.9253469500181602e-8,
0.001158203016969297,0.00034409980294466654,2.8759762737461167e-8,
0.001157481558160087,0.0003440585848279425,2.860306882146653e-8,
0.001154993997078016,0.0003440042928180229,2.858279769542977e-8,
0.0011529273076450665,0.0003439939199793459,2.8588096789103565e-8,
0.0011489449483711716,0.0003439897512116945,2.862223368256954e-8,
0.0011467804958579953,0.0003439606729571073,2.8578731831096023e-8,
0.0011459660150494892,0.00034395428305639223,2.8589720574450022e-8,
0.001145236098477848,0.00034395303959282986,2.8582748744830896e-8,
0.0011451166081730465,0.0003439739394933423,2.8614763331821976e-8,
0.0011450858029340143,0.00034388427024226127,2.8590763880815164e-8,
0.0011449466325884298,0.0003438836929241274,2.865334793855197e-8,
0.0011449272608462632,0.00034388373781973685,2.8587164040582856e-8,
0.0011449250975648633,0.00034388499743648684,2.8575351163837717e-8,
0.0011449045879246094,0.000343886487056472,4.400183664915598e-8,
0.0011448531995616373,0.0003438882155849154,4.7790216305573835e-8,
0.0011448530712925128,0.00034388457089102654,4.2525895222972373e-8,
0.0011447741543214058,0.00034388035607084313,4.237171165828395e-8,
0.0011447428481366885,0.0003438793687086549,4.264960659400458e-8,
0.0011447415304334148,0.0003438795188832425,4.1810488759526826e-8,
0.0011447078129270623,0.000343877769083308,4.173356524977528e-8,
0.001144662459693086,0.0003438766113419939,4.172843167181898e-8,
0.0011446623668689608,0.0003438763448278303,4.1754997331954205e-8,
0.0011445990454832626,0.0003438731404943398,4.196360290268288e-8,
0.0011445553344265362,0.00034388030782672415,4.2019619767263404e-8,
0.0011445543520759115,0.0003438720700378321,4.2050917591765725e-8,
0.0011445075919436375,0.00034387360070384855,4.2308245942581585e-8,
0.0011444681907485429,0.0003438587686611112,4.2308310194996226e-8,
0.0011444680614690719,0.0003438510470689723,4.1932609679782116e-8,
0.001144413944396385,0.0003445207218153493,4.189870682108774e-8,
0.0011443487937232702,0.00034438785485924837,4.1909211626401696e-8,
0.0011443481979912034,0.0003443870680230382,4.197654220731245e-8,
0.0011442782428259283,0.00034438151084868626,4.1845523487257675e-8,
0.0011442447848774263,0.00034437608742900547,4.187132775818945e-8,
0.0011442447423179864,0.00034439698674621665,4.189526300429865e-8,
0.001144196382748727,0.00034442021477467164,4.189325248489113e-8,
0.0011440901192091553,0.0003444178126000709,4.187027592317513e-8,
0.0011440895696373232,0.0003444071477399751,4.197387081577144e-8,
0.0011439612433727137,0.00034317329714567574,4.199381486177482e-8,
0.001143935176738806,0.00034322068400108286,4.241753136843575e-8,
0.00114393492657382,0.00034356589942848123,4.228162244521941e-8,
0.001143901230804299,0.0003438804581553202,4.224572489165923e-8,
0.0011436719881740343,0.000343862384922776,4.2264184190110926e-8,
0.0011436676741682834,0.0003438840132452941,4.2239608801937026e-8,
0.0011434470906956664,0.0003436401105716578,4.228957599099264e-8,
0.0011433199493786762,0.0003436264548904887,4.253142481394534e-8,
0.0011433186695114946,0.0003436031563665707,4.2648067300913984e-8,
0.001143231633641979,0.0003435967074715723,4.255461510785299e-8,
0.0011432231213587345,0.00034358802171760073,4.242289959919711e-8,
0.0011432226306398922,0.00034359009226764243,4.227098500856161e-8,
0.0011432166897395908,0.0003435879145569558,4.2304532068282426e-8,
0.0011431832104560693,0.0003435897824861768,4.2264399319856607e-8,
0.0011431829571736417,0.00034359128523966503,4.2275099634732915e-8,
0.0011431573652645663,0.00034359669931401137,4.2427782638775165e-8,
0.0011431518265195006,0.0003435873549863045,4.236333754279716e-8,
0.0011431510447762717,0.00034358353912896343,4.224221147919371e-8,
0.0011431479775562711,0.0003435771128035668,4.234869314633087e-8,
0.0011431353192687677,0.00034356950412495814,4.230948210975141e-8,
0.001143135163020783,0.0003435612292716421,4.2268857110510255e-8,
0.0011431258464402719,0.0003435629308515083,4.2323316505434124e-8,
0.0011431223549967337,0.00034356322949143206,4.3154837495192616e-8,
0.001143122145597183,0.00034356554803144,4.225701440201109e-8,
0.0011431197402590179,0.0003435647560931837,4.219263521646764e-8,
0.0011431104090838813,0.00034356513218612933,4.2202359666950945e-8,
0.0011431102686510505,0.0003435649966465815,4.2054419974440565e-8,
0.0011431035371701921,0.0003436789111310161,4.211798645834917e-8,
0.001143100473927568,0.0003435594560286161,4.2127225602766836e-8,
0.0011431001247285922,0.00034355946804388225,4.210055916207335e-8,
0.0011430983269208538,0.0003435664671236643,4.201774154729042e-8,
0.001143090929073562,0.000343195420005469,4.200364863212651e-8,
0.0011430906635605598,0.0003429163237473944,4.197485018892621e-8,
0.0011430861738895997,0.0003428529485666666,4.188162787362018e-8,
0.0011430834823639323,0.00034279937582796724,4.183400706223621e-8,
0.0011430830331607218,0.0003426504177753021,4.182016962522375e-8,
0.0011430816607817674,0.000342684119376731,4.199950758259561e-8,
0.0011430757269381697,0.0003426704214307342,4.1992443209662904e-8,
0.0011430754445400095,0.0003429413524384647,4.1889620146435974e-8,
0.0011430720722814369,0.00034280939289635913,4.186046163728771e-8,
0.001143069602447957,0.0003427792653638121,4.168457221292409e-8,
0.0011430690607456171,0.000342778747695846,4.1668805217600536e-8,
0.001143067951296474,0.00034277959278684016,4.154487156971313e-8,
0.001143062788444763,0.00034271896717627087,4.138537183092994e-8,
0.0011430624171211428,0.00034264538325451963,4.137659939679615e-8,
0.001143059833289706,0.0003426752922149226,4.065920997321893e-8,
0.0011430574666297581,0.00034266019371124973,4.0887930177438374e-8,
0.001143056884646275,0.00034263997826117145,4.086142218854511e-8,
0.001143055899194173,0.00034266200407790515,4.062344680686375e-8,
0.001143051064750128,0.00034266654236200794,4.110097616071579e-8,
0.0011430505786842286,0.0003426651811677242,3.875186413212881e-8,
0.0011430484213553662,0.00034266039077317885,3.872531626579643e-8,
0.0011430459312669076,0.00034266046948381527,5.177375499577628e-8,
0.0011430451389905533,0.00034265972331212047,3.44246837627191e-8,
0.0011430442698892648,0.0003426983123639594,3.1011654281507584e-8,
0.0011430393878164007,0.0003427370921328772,3.126730273999732e-8,
0.0011430386770353315,0.00034267319748024195,2.7735601939175212e-8,
0.001143036784851637,0.0003433559611829343,2.6211968108438484e-8,
0.001143033920337097,0.0003433443979267581,2.6190910603703427e-8,
0.0011430327676830564,0.0003433459000310008,2.6064433078406938e-8,
0.0011430319580422617,0.0003433476990647988,2.5574807239083236e-8,
0.0011430265345274983,0.00034334954829615583,2.5584899227299195e-8,
0.0011430251519849218,0.0003433500006787558,2.5583654907386075e-8,
0.0011430236074182918,0.00034334927373238014,2.558741514883139e-8,
0.0011430197568524645,0.0003433513271481001,2.5571662104005323e-8,
0.0011430174947149956,0.00034336022967826286,2.5570390468978018e-8,
0.0011430168643144216,0.0003433864810637547,2.557832564562865e-8,
0.0011430101624116233,0.000343463691341884,2.5565821259961586e-8,
0.0011430071306833738,0.00034352814889970074,2.5587566138260302e-8,
0.0011430057206265622,0.0003435168438381611,2.5552093373773378e-8,
0.0011429994148690209,0.0003435203822411136,2.5529035692160197e-8,
0.001142995077529338,0.0003434044105169827,2.562797427522593e-8,
0.0011429942429420914,0.0003427887128862046,2.5610951472632696e-8,
0.0011429833101005166,0.00034189226031212445,2.561744499338971e-8,
0.0011429694796405462,0.00034187334417360105,2.5614773481628898e-8,
0.0011429678674600007,0.00034139953713733124,2.5615653990481227e-8,
0.0011429470929839286,0.00034261248725727414,2.559944515449039e-8,
0.0011429288075186796,0.00037975151857834395,2.586428087995194e-8,
0.0011429279705543612,0.0004048385009693245,2.5768287860802432e-8,
0.0011428981692316203,0.00040657215707976625,2.5843926293494967e-8,
0.0011425587332980955,0.00041407651688811834,2.582334361728344e-8,
0.0011425464208069639,0.0004434406502839537,2.5808802452255242e-8,
0.0011423274763786011,0.0004557353955933604,2.5525241801870182e-8,
0.0011423097582690042,0.00046103646481748513,2.5186595578875203e-8,
0.0011422991383933613,0.0005602801002153985,2.5185122002616643e-8,
0.0011422170815189895,0.0005453510642773901,2.5166752966472914e-8,
0.0011422044866967321,0.0005151904407794376,2.4744636086909125e-8,
0.0011420288908404264,0.0003772183409982844,2.465953694245189e-8,
0.0011420207417989407,0.00037003998030839453,2.4673870952834676e-8,
0.0011419994366165215,0.00039264406715733025,2.4678144326219778e-8,
0.001141998548929744,0.0003563225582601681,2.4660899160409352e-8,
0.0011419753641499577,0.0003500954269827374,2.4669370128783944e-8,
0.0011419612225166999,0.0003465461974404946,2.4671656892974112e-8,
0.0011419580737060467,0.0003398579981599697,2.4692216355612214e-8,
0.0011419460834851858,0.00033973283090144935,2.4660777906880672e-8,
0.0011419355656979565,0.0003397363382465772,2.465394151940782e-8,
0.0011419162228238464,0.0003397382486325907,2.459974359277051e-8,
0.0011418926390144638,0.00033973716721895185,2.46193916043403e-8,
0.0011418899813817435,0.0003397368285050546,2.462446987835743e-8,
0.0011418694858734417,0.0003397328585492984,2.4634290791098135e-8,
0.0011418617280249625,0.0003414491303675905,2.4607243180556572e-8,
0.0011417881179468924,0.0003408982341236459,2.1610241245298996e-7,
0.001141775733200339,0.0003411304697781088,1.0879576862817313e-7,
0.0011417585888095292,0.00034078748035260904,5.0577101891844503e-8,
0.0011417482830430664,0.0003408578505468135,8.508804309649815e-8,
0.0011417287057682102,0.00034085122481758814,3.9360512337148407e-7,
0.0011417259373136405,0.00034026901234219365,5.088487660003329e-7,
0.001141705327883994,0.0003402359263487415,3.1993597547152902e-6,
0.0011416825470639764,0.00034022881797899707,2.793496056324688e-6,
0.001141672001535983,0.0003401664950981486,1.063618995008049e-6,
0.001141660972993989,0.00034017352467845263,8.837948387328633e-7,
0.0011416560592600266,0.00034015416349894736,2.912186274775957e-7,
0.001141644525671705,0.00034019546069352354,2.60887381223059e-7,
0.0011416162089693468,0.00034010998055430865,7.136358282405572e-8,
0.0011416112270125536,0.00034011343650619855,6.728436325320396e-8,
0.0011415921304170171,0.00034011639940219096,9.151914096386425e-8,
0.0011415905659270856,0.0003401298475096019,1.0196050218472079e-7,
0.0011415695491285977,0.0003401291322732445,5.259309896904675e-8,
0.001141558018659736,0.000340128313580363,5.2520647011009206e-8,
0.0011415559795069359,0.0003401217633806874,4.975707920183446e-8,
0.001141545079785717,0.0003401208445783064,4.9596305675496094e-8,
0.0011415339599133015,0.0003401286614270266,4.962537530135047e-8,
0.0011415178281177162,0.0003401265646342538,4.960822054613418e-8,
0.0011414971204303077,0.0003400893146373238,4.9601664894514824e-8,
0.0011414948571069384,0.0003401184934384329,4.899590670993314e-8,
0.0011414773314671707,0.0003401454776337872,4.8869331844416074e-8,
0.0011414716525911402,0.0003401436275083686,4.890668457107807e-8,
0.0011414493488575389,0.00034014511463244604,4.9110966141825726e-8,
0.001141439399971915,0.0003401460069807768,4.907461049517011e-8,
0.0011414382679772624,0.00034015101218564785,4.9105192489173766e-8,
0.0011414285657826658,0.00035160312378136534,4.9092162686665826e-8,
0.0011414147442133718,0.0003404546459296823,4.859636941626039e-8,
0.0011413996059040366,0.0003404215602785592,4.8608525378457166e-8,
0.0011413816584952732,0.0003404198806121926,7.23015937896323e-8,
0.0011413793365938126,0.0003404137834907872,5.2674734541686975e-8,
0.0011413613452824615,0.00034043280619219823,5.085841988039111e-8,
0.0011413552727659586,0.00034566401790811046,5.079059180984791e-8,
0.0011413290678894124,0.00034352162591722165,5.08242674935651e-8,
0.0011413188824098528,0.0003435073228678866,5.0915888836464585e-8,
0.001141317310492264,0.0003433393474565999,5.096501881406223e-8,
0.0011413073362041893,0.0003433376051292579,5.029175087192161e-8,
0.001141291665989016,0.00034335068650551983,5.0175695200810995e-8,
0.0011412512146422172,0.00034334888728563087,5.021748318018259e-8,
0.0011412323282187465,0.0003433297474769835,5.021063032465199e-8,
0.001141219891489751,0.00034334657457951804,5.019878103942923e-8,
0.0011412022260087746,0.00034334310281629825,5.014453780776421e-8,
0.0011411938762051978,0.0003435110227210746,5.023061170169273e-8,
0.0011411146533935913,0.00034362155956696943,4.9513038824254895e-8,
0.00114110340170689,0.00034368779284111266,4.952595074262713e-8,
0.0011410815177662053,0.00034479607297222697,4.9899021370381004e-8,
0.0011410714795856416,0.00034551187907436447,4.962466376314932e-8,
0.0011410526541495549,0.0003471050735928576,4.9578644395441e-8,
0.0011410497410312395,0.00034025410549690224,4.9617243460641764e-8,
0.001141028061717049,0.00034027325946501527,5.011335720286436e-8,
0.0011410038694757332,0.0003410517448918153,5.0025704445935774e-8,
0.0011409922768650092,0.0003407774164070461,5.113203426676689e-8,
0.0011409812899779506,0.00034201180409326856,5.061459480700648e-8,
0.0011409767989945681,0.00034182044896886074,5.0587189968295414e-8,
0.0011409641042621577,0.0003402926695022964,5.0369734774160005e-8,
0.001140933541154917,0.00034041027815167056,4.989269016787911e-8,
0.001140928802756735,0.0003404197904403917,4.898429875836147e-8,
0.001140908602204,0.00034042942123145846,4.8906396297061855e-8,
0.0011409065151279602,0.0003404473608612971,4.880536375474965e-8,
0.0011408819610386489,0.0003404907001572279,4.8784897386596286e-8,
0.001140869822491563,0.00034038954551097105,6.454842924204501e-8,
0.001140868423267474,0.0003403428235750063,7.852994709765914e-8,
0.0011408569959103596,0.00034051869920285685,1.3757673312557674e-7,
0.0011408420888345226,0.00034043805936448016,1.1494114254028144e-7,
0.0011407336061238448,0.0003404610345830733,5.5151677205752835e-8,
0.001140711923008637,0.0003404647664933736,5.518497643663853e-8,
0.0011406586751747253,0.0003405060790459482,5.516472725646995e-8,
0.0011406430902999249,0.0003405086602581748,5.622584083528525e-8,
0.0011406375053088136,0.0003405408160596051,5.6281289314863067e-8,
0.001140634436297021,0.0003411712126849377,5.6192345266607424e-8,
0.0011406274447671044,0.0003411615640913684,5.8456589792976095e-8,
0.0011406231419082242,0.00034105908473502564,6.301156844680226e-8,
0.0011406185504202664,0.00034103011851958855,5.4731805621715424e-8,
0.0011406065099066412,0.000341119890921165,5.467032613574901e-8,
0.0011406060600718429,0.000341094589026438,5.4359928400005164e-8,
0.001140595574671264,0.000341089584514659,5.3535479946736805e-8,
0.0011405879395597084,0.0003412182051549759,5.3526349292575365e-8,
0.0011405794684412685,0.0003411941364414196,5.352430440731605e-8,
0.001140572844968701,0.0003412001436498014,5.360485055083105e-8,
0.0011405356749202612,0.0003412370327619698,5.367893961722828e-8,
0.001140502548746437,0.0003412229246427004,5.3731153122155894e-8,
0.0011404894072263166,0.00034121241060978855,5.374216088170497e-8,
0.0011404773182474277,0.0005178003857703383,5.375652683633106e-8,
0.0011404609021612284,0.0003652312347152783,5.376298073815041e-8,
0.0011404546901376685,0.0003641583926630107,5.370445813657857e-8,
0.0011404456987275913,0.0003638317001070971,5.361274756847707e-8,
0.0011404369192568734,0.00036331213284307673,5.385341709485975e-8,
0.0011404351216826021,0.0003629853601955841,5.3944732956253066e-8,
0.0011404265885402562,0.000361271593127251,5.39438415604163e-8,
0.0011404084718134317,0.0003811832454266279,5.384509482510615e-8,
0.001139427266221866,0.00037666373836083564,5.381792257189444e-8,
0.0011394059124878132,0.00037675210766018415,5.382037167333054e-8,
0.0011386271197553186,0.0003758655872648185,5.282806092672996e-8,
0.0011386044461317857,0.00037898023830691013,5.262867284167191e-8,
0.001138591263434747,0.0003826305390431816,5.2496183733919365e-8,
0.001138585623641962,0.00039614342897273527,5.2537127395602615e-8,
0.0011385656225927766,0.00040174655646170297,5.324092916841494e-8,
0.001138511230209,0.00040201992149704934,5.3342057045146066e-8,
0.0011385052806314442,0.0004380130606326123,5.3336069760627534e-8,
0.001138472164339884,0.0004377635024878476,5.332860039226329e-8,
0.001138467775537855,0.0004361984543566875,5.3388525503695176e-8,
0.001138355256500252,0.00043301970448322613,5.335398891218076e-8,
0.0011383369660646389,0.00043128110112662947,5.332451163951702e-8,
0.0011383116183624465,0.00042922723972511743,1.4955780148843227e-7,
0.0011382965806848106,0.0004284361889962163,1.0695503204267191e-7,
0.0011382647040250442,0.0004254457598197303,4.963546382943688e-8,
0.0011382640072690226,0.0006211078088629511,4.95864704318428e-8,
0.001138226716155308,0.0007646012761595492,4.9554572360674575e-8,
0.0011382056185637861,0.0008687415072719764,4.9560087908773754e-8,
0.001138201043183172,0.001225700378808698,4.951461217691271e-8,
0.0011381845157188172,0.0008372167084590707,4.899890946184315e-8,
0.0011381683399202718,0.0011280349515840735,4.918137951807893e-8,
0.001136967562054917,0.0006281061858838765,4.850542193622334e-8,
0.001136936264229478,0.00047911173736956753,4.845651109744162e-8,
0.0011359920049866328,0.00035858264225191574,4.794752733416319e-8,
0.0011359684576967577,0.0003525362684454356,4.792447261032877e-8,
0.0011359589480068395,0.0003639529174459272,4.763360130865643e-8,
0.0011353188204427317,0.00034316541239758476,4.7663814044276016e-8,
0.0011353002957765004,0.00034042291727850473,4.762676923486309e-8,
0.0011349243269429324,0.0003409285414967867,4.7674003569964e-8,
0.0011349070259185346,0.0003412147652963806,4.7653780245474734e-8,
0.0011348743747097083,0.0003413984257027148,4.7608433485236364e-8,
0.0011348728649739261,0.0003426572077848306,4.7764562096763155e-8,
0.0011348346989776166,0.00035302622535326143,4.788415376658174e-8,
0.001134805529390682,0.0003522047824642288,4.7864623741151573e-8,
0.0011347776674776417,0.0003508240503653176,4.786090249725031e-8,
0.001134759397756398,0.000349586877443153,7.426728604867115e-8,
0.0011347568208779032,0.00034732445690942103,5.5866308440979683e-8,
0.0011347367742424882,0.0003472956425417857,5.7261510911941204e-8,
0.0011346914170492503,0.0003472940332682695,5.929227992148426e-8,
0.0011346792533471694,0.0003472604277002067,5.553806813212352e-8,
0.0011346429265157946,0.00034725560332435774,5.624881899568935e-8,
0.0011346417846229827,0.00034711973398413894,5.2882220207173275e-8,
0.0011345987744984408,0.0003468073407306675,5.279920177002151e-8,
0.0011345793620075359,0.00034649488668516955,6.038154554086816e-7,
0.001134573711345768,0.000346624554774555,5.037856127131968e-7,
0.001134554787420794,0.000346755869161885,1.1552425792997639e-7,
0.0011345365536544248,0.00034729308151233826,1.0401664912061101e-7,
0.0011343218188635497,0.00034725549208403523,8.756076559661959e-8,
0.0011342797069918858,0.000346893724556138,8.888481176567128e-8,
0.0011341641384962605,0.0003463417983887827,7.929047419723329e-8,
0.0011341250277821246,0.00034627957348705543,7.933633028531275e-8,
0.001134110276202073,0.00034593880250906496,7.94537759750031e-8,
0.0011339894657794087,0.0003473480242531129,7.946641853939746e-8,
0.0011339564404659998,0.0003456711770060526,7.956474750029893e-8,
0.0011336049713332737,0.0003456023769497014,7.961778606336587e-8,
0.001133576524902809,0.0003463138975143193,7.959154844547354e-8,
0.0011335153763535363,0.00034554557063711677,7.915573500161414e-8,
0.0011335150334086219,0.0003436859716335301,7.9552586978593e-8,
0.0011334507638176775,0.00034323046591103656,7.939900157009069e-8,
0.0011334182977142805,0.00034311533513091126,7.940707690194075e-8,
0.0011333990931610997,0.0003455497618041752,7.950874988648207e-8,
0.001133369472320611,0.00034501950398133785,7.894494269031466e-8,
0.0011333557237883274,0.000345285441535234,7.93729544198106e-8,
0.0011332374484564582,0.00034511782100617736,7.939032351354076e-8,
0.0011331612524770232,0.00034514093070889224,7.996116640141331e-8,
0.0011331226901547455,0.0003451594817588788,7.997239932710785e-8,
0.0011330498550847405,0.00034516970814979785,7.99446916781398e-8,
0.001133027714527529,0.0003451677757689651,7.978849265607969e-8,
0.001132986560617844,0.0003454802418367446,7.975257987073193e-8,
0.001132925961983655,0.0003454861321209739,7.976626837832234e-8,
0.0011326375420926196,0.00034573060260054345,7.975222200976353e-8,
0.0011325895277303742,0.0003455446141739785,7.983164572074136e-8,
0.0011324750253782453,0.00034535656956258753,7.968442793730204e-8,
0.0011324741969858665,0.0003453253867500318,7.958596833195336e-8,
0.0011323034902296816,0.00034535008565381647,7.96484209636352e-8,
0.0011322396354111477,0.0003453857481323977,7.970540050865219e-8,
0.0011322225005801366,0.0003454063207687626,7.953087753364005e-8,
0.0011321608646415776,0.00034478408350721313,7.922679685597094e-8,
0.0011320811941618381,0.0003440121569672274,8.165637547117219e-8,
0.0011320759757890919,0.00034386815382747555,8.145637770495851e-8,
0.0011319441188614807,0.0003438841423511713,8.146076009588743e-8,
0.0011318438526991502,0.0003438773016713864,8.135868408209024e-8,
0.0011317524476166534,0.00034386784321728146,8.12525241713683e-8,
0.001131691926082733,0.00034387772160795153,8.129901523301747e-8,
0.0011316871909159585,0.00034421210413626227,8.051709406750036e-8,
0.0011315888544855483,0.0003453953254533684,8.01371241728864e-8,
0.001131464791734877,0.00034565504206249834,8.015865623283107e-8,
0.0011314386060868181,0.0003456717557515063,7.583923297482011e-8,
0.0011313241537074382,0.0003457317213222374,7.510816411578207e-8,
0.001131301633110498,0.0003457667507072493,7.676188209826071e-8,
0.0011308169865564498,0.0003455736256576696,9.900934619255464e-8,
0.0011308023036086972,0.00034543769338719855,1.288435362759137e-7,
0.0011300508776705125,0.0003437108305179245,1.0264562462377696e-7,
0.0011300350903534959,0.0003436953818047747,1.0021194063327688e-7,
0.0011300076488207167,0.0003436064065789984,1.2385895204548435e-7,
0.0011300073611782552,0.0003436044317217047,1.0110272366542418e-7,
0.00112997865489637,0.00034358644061462676,7.297715743741491e-8,
0.0011299674836152144,0.0003437363144325736,7.241030951092073e-8,
0.0011299593467712296,0.0003426362392210467,7.233990603319506e-8,
0.001129946486427854,0.0003424528215975882,7.231076828293744e-8,
0.0011299396657460969,0.00034230673942366093,7.231367787547712e-8,
0.001129935091562505,0.0003421385173200928,7.387253728605558e-8,
0.0011299107150387372,0.00034214617085438905,7.286125304466168e-8,
0.001129904411458767,0.0003421513591266834,7.102648975309105e-8,
0.0011298818098282144,0.00034215645188583364,7.101237352816217e-8,
0.0011298596056100142,0.00034216600055341303,7.096551794630544e-8,
0.0011296475914764359,0.00034237803818450033,7.09245293938362e-8,
0.0011296469200193003,0.000342524647414491,7.145718968412337e-8,
0.0011293807907993669,0.0003427427002937025,7.113968684746014e-8,
0.0011293700600977087,0.0003419244854692015,7.110808270483819e-8,
0.0011293690875064334,0.0003422175990702645,7.853619267136705e-8,
0.0011293617451204228,0.00034237035195450844,7.691750611064749e-8,
0.0011292739252285126,0.000339831084372694,7.337480225159188e-8,
0.0011292714037926437,0.0003398767255592132,7.317188935474561e-8,
0.001129129474718181,0.0003396437003678979,7.363190158801135e-8,
0.001129121729943826,0.00033963548018624154,7.352633316898008e-8,
0.00112911336492972,0.00033958571062471076,7.325224844504215e-8,
0.0011291119689399143,0.0003395667360641807,7.557742215057248e-8,
0.0011290970882802313,0.0003395842697585257,7.561065474746743e-8,
0.0011290942677517617,0.0003396399066214789,7.887101501962295e-8,
0.001129092469001966,0.0003396848447050074,7.836484792636165e-8,
0.001129088916487692,0.00033953876750643564,2.6820185371155223e-7,
0.0011290821327978292,0.0003390964295360652,6.85608385368471e-8,
0.001129081923579079,0.000338880404253423,6.836250591753051e-8,
0.0011290720730728187,0.0003387922658232945,6.836303973819928e-8,
0.0011290696799818734,0.0003388056047353601,6.834634550277913e-8,
0.0011290675424659692,0.0003388120053895705,6.852328771437841e-8,
0.0011290639104691187,0.00033881431667954587,6.852949762312001e-8,
0.0011290601688943057,0.0003387976484602072,6.851221050416143e-8,
0.0011290589759408297,0.00033880957969114657,6.843317397271791e-8,
0.001129047669988843,0.0003388052176866243,6.830725589742384e-8,
0.0011290451295576309,0.00033880637459611415,6.874608231129633e-8,
0.0011290383296476876,0.00033880338564870876,6.798219010552526e-8,
0.001129031211946512,0.0003387953124169118,6.773757630476037e-8,
0.0011290176144472313,0.00033877387489026294,6.834445218184636e-8,
0.001129011583465006,0.0003387664223005805,6.856722276983069e-8,
0.0011289554199502554,0.00033875681023220154,6.86702638844052e-8,
0.001128944638007784,0.00033876081251196365,8.205508953516094e-8,
0.0011289272200441635,0.0003387913302417559,7.132667073108591e-8,
0.0011289263699829934,0.0003387829092621215,6.835284788109716e-8,
0.001128904701917374,0.0003387826153084927,6.773192030074498e-8,
0.0011288990398030405,0.0003387814723763512,6.719728519949305e-8,
0.0011288969574674258,0.0003387799678613407,6.646645354283451e-8,
0.0011288906939207026,0.00033878680728052644,6.648822719019533e-8,
0.0011288798476418393,0.00033879212920840746,6.647067716664868e-8,
0.0011288790779237197,0.00033879363700538404,6.634009993081546e-8,
0.0011288622669018854,0.00033879846412960266,6.4394078959447e-8,
0.0011288588340414981,0.0003387972867628764,6.427677016209423e-8,
0.0011288478705077738,0.00033880149149270153,6.474685666422778e-8,
0.0011288405470466331,0.00033879950133950374,6.446418428470599e-8,
0.0011288368301101829,0.0003388091265763433,6.442500241098587e-8,
0.0011288318366463105,0.0003388051179173301,6.35041586769194e-8,
0.0011288042082292725,0.0003388047298138385,6.265544741991662e-8,
0.001128778973786522,0.0003388037242312213,6.258046005331015e-8,
0.001128762677739206,0.0003388042191707585,6.281906200518576e-8,
0.0011287546447168737,0.0003388037927780028,6.167381179064262e-8,
0.0011287233781814767,0.00033880335760325884,6.188632797283139e-8,
0.0011287157387657157,0.00033880823035891804,6.254198185135265e-8,
0.001128712928195985,0.000338813758186628,6.47463963615796e-8,
0.0011287048857659542,0.00033882304428669246,6.306142265739088e-8,
0.0011286891714212895,0.00033882671510228514,3.943010692847635e-7,
0.0011286882170745472,0.0003388195820869107,1.516495054205395e-7,
0.0011286657123317618,0.0003388226524656545,1.1305693883155178e-7,
0.001128661031784939,0.0003388282888726394,9.244944250650884e-8,
0.0011286453557786203,0.00033882842297059665,8.342230848183485e-8,
0.0011286358997497094,0.0003388306265915235,8.410109949117509e-8,
0.0011286319442936974,0.0003388317548942637,8.110406643748108e-8,
0.001128620613607329,0.00033883179760237135,6.893900621813859e-8,
0.0011285700379745777,0.0003388260117230691,6.962719567123662e-8,
0.0011285518862894136,0.00033882646299288744,6.890516284975168e-8,
0.001128519651433105,0.00033881816050041467,7.012915964800506e-8,
0.0011285186008779908,0.0003388169238282725,8.458535886762645e-8,
0.0011284754013825807,0.00033881886037836383,9.761256943695981e-8,
0.0011284624868016344,0.000338819800070145,7.273289736619994e-8,
0.0011284569340393844,0.00033881934793553035,7.092668699439393e-8,
0.0011284434815749735,0.00033881830243704595,7.02942132494958e-8,
0.0011284252982148425,0.0003388173273033155,6.855510811894032e-8,
0.0011284222197320277,0.00033881678453622275,6.932518668798458e-8,
0.001128386906842217,0.00033881525150011795,7.746848286761084e-8,
0.0011283799200142628,0.0003388141715606744,6.49112522572432e-8,
0.0011283469763701684,0.00033881221714225954,6.492675494939598e-8,
0.001128327335594436,0.0003388103287792784,6.435207730388412e-8,
0.0011282362965067438,0.00033881185832848777,6.432042211808587e-8,
0.0011282268726823946,0.00033881244874847883,6.480781928540672e-8,
0.0011280163142658444,0.00033881289877852824,6.473809624331708e-8,
0.0011280043930520377,0.0003388164505027938,6.451858677516412e-8,
0.0011279786668633455,0.0003388176037508227,6.41131627747074e-8,
0.001127978353108781,0.0003388183998921388,6.410877998723371e-8,
0.001127946225060042,0.00033881872961790354,6.407926797887781e-8,
0.0011279369696130682,0.0003388209444955686,6.625196394658155e-8,
0.001127932323784709,0.0003388214003117232,6.610641058846854e-8,
0.0011279222729798002,0.00033882113207086266,6.624380528747056e-8,
0.0011279095065404555,0.00033882180835160955,6.526980271560072e-8,
0.0011279070994940391,0.00033882427471624806,6.529052454492043e-8,
0.0011278767322259549,0.0003388247848653777,6.525091063211845e-8,
0.0011278707225598407,0.0003388204785316231,6.522689492487496e-8,
0.0011278449564308016,0.0003387676059740389,6.516769108394569e-8,
0.0011278289011757707,0.00033878019284520455,6.520034411762255e-8,
0.0011278170843374855,0.0003386417761868588,6.514339843008404e-8,
0.0011278105429677677,0.0003386174792029867,6.512055840020823e-8,
0.0011277534448674111,0.00033861089204737925,6.517591745809566e-8,
0.001127740330696219,0.00033902903647761614,6.51156715988248e-8,
0.0011277200681062533,0.0003389734067090113,6.496209586072078e-8,
0.0011277187981787215,0.0003389724477402909,6.503849802954979e-8,
0.0011276882146182864,0.00033896876232451947,1.7099060038791394e-7,
0.001127681168229769,0.00033897206601211113,1.709213196802651e-7,
0.0011276781246812725,0.0003389755630844637,1.52728189789481e-7,
0.0011276704766736427,0.0003389597525445657,1.5183817710925242e-7,
0.0011276557795858407,0.0003389335447050675,1.5100192467728157e-7,
0.0011276552413413724,0.0003389351053660144,1.5095533488695775e-7,
0.0011276330156780275,0.00033895242811368437,1.4993554199673589e-7,
0.0011276278801336235,0.000338963866334785,1.4982862434639047e-7,
0.0011276154822003294,0.0003389792048060089,1.496830904754552e-7,
0.0011276067710164395,0.00033899793091959104,1.4957240696391574e-7,
0.0011276037004730082,0.0003389997553078846,1.499122508739284e-7,
0.0011275984078979449,0.00033899761985686777,1.5011430164105957e-7,
0.0011275706586480892,0.00033899481010409076,1.49362118063312e-7,
0.0011256303660021757,0.00033899324860198394,1.4945012686968302e-7,
