Oviedo,Queue,RD,Newton
199518.86539329204,199518.86539330313,46.84465415590444,5.150803854896458e8
1641.8668695440763,1641.866869670871,4.752681492052782,3.381753304676086e-7
1119.3704918692754,1119.3704926845514,2.5041771860489868,4.636656986605338e-8
490.5064501828023,490.5064288272151,2.340283353865086,2.291989196740235e-8
490.5063986728808,54.780891055948466,2.2308980980617306,1.9869074661242072e-8
54.78327571747958,2.5933942870117925,2.0681716676567463,1.6817046891403007e-8
54.78071430263635,0.05572520674088572,1.9189886912507121,5.13152989926822e-8
27.876764627119034,0.055914859843397495,1.76709596061655,3.94458570274468e-8
18.411555749447253,0.05494170390157418,1.6347389776510792,6.814701043480301e-8
18.401570250114013,0.053656133642450435,1.526182060880593,9.597571827495537e-9
18.042086572258484,0.05448721719425383,2.7069262865102695,
18.041909437164065,0.049472292327774225,2.088811882308915,
10.486987100921192,0.04890840806654304,1.466959052461604,
8.680289706777398,0.046850906126941635,1.0726271750945666,
8.680281604084394,0.004473889223391831,1.0670860878100057,
7.18445617115785,0.0005909080512237963,2.6744201973583523,
7.164955696928577,0.000584036682757811,2.1480213823907843,
7.164663823026219,0.0005836413209481356,2.13154336342718,
5.361694980876805,0.0005809476321620452,1.9435472494427777,
5.335808737746826,0.000585093684129979,1.874227057406872,
5.335409388771059,0.0005778031553901405,1.5958418746449639,
4.229474020659431,0.0005750731687567712,1.4663270851158743,
4.228083353906893,0.0006521411594401711,1.3430862474553955,
4.228059680880707,0.000645715383695389,1.2380265171400235,
4.220310542804709,0.0006331595688064838,1.164965163337563,
4.217516638074106,0.0006210026063823961,1.080612784155052,
4.217476573846741,0.0006200933239116444,0.9738024031791216,
3.925598859135745,0.0006048661339512435,0.7877147301811148,
3.9255231405070847,0.0005814761942692693,0.7450124178284838,
3.9255202662237902,0.000583781283867114,0.6129856020239781,
3.925439986894003,0.0005800429756449992,0.48203647507514247,
3.9247631038976705,0.0005822247198479731,0.5499027501106508,
3.9247619511911886,0.0008944248026826723,0.46257686062821446,
3.913591472462156,0.000873114258443642,0.43441299628249325,
3.9135113913157893,0.001040908152868769,0.40444605884030593,
3.9135076320429447,0.0012914352684105426,0.36370559286772497,
3.9134157690560585,0.0013192509572275744,0.33295660896678764,
3.9127998602312415,0.0016186479733616178,0.29640705939389655,
3.912797862863312,0.000752208444243145,0.2780400448063836,
3.907603831390425,0.0007262308255116845,0.26071430849698396,
3.9075209480359003,0.0007341601403782992,0.23938777751143056,
3.9075163955969536,0.0007672088831836213,0.22601489637186187,
3.907416901513204,0.0007692191264223049,0.21125185394766471,
3.906853612730452,0.0007944963975821784,0.2020660284552696,
3.906850938432968,0.0008126593189957568,0.19012652652002462,
3.895210336202964,0.0008274649387557726,0.16439209484101053,
3.895009952852783,0.0008619289424128303,0.16013126786278103,
3.894997817488913,0.0009022122310806557,0.15664540433380472,
3.8947530935043737,0.0009357487532441913,0.1517956795011888,
3.893799107885471,0.0009638040992678048,0.1478605497275761,
3.8937927568079607,0.0009422651048894282,0.14399703917469645,
3.8871326412741865,0.0009250361603216098,0.14046145480414982,
3.886899365148694,0.0009153182607760529,0.1491097621783434,
3.8868886409155374,0.0008939942302589571,0.16223809728066774,
3.886387283664897,0.0009185693373708414,0.14112088824726352,
3.886035120545698,0.0009277318829549784,0.130837617018438,
3.886026654613863,0.000986676574817983,0.12550978426773676,
3.8821777468826855,0.0009551141984956022,0.12352339556156666,
3.8819171570921203,0.0009358138248016977,0.12353139937113879,
3.881905400897059,0.0008731246025113436,0.14063259677105946,
3.881310366682815,0.0008285902373684759,0.13248597701884018,
3.880939287888177,0.0006452454154157386,0.1317260927619413,
3.8809297602869592,0.0005307856281622533,0.1290395962068834,
3.8763374728455626,0.0005028899213601337,0.12888884793627509,
3.876056595692796,0.0004888471777474916,0.13192402694984937,
3.87604419742472,0.0004822712272928055,0.12933699762496692,
3.8752017600440856,0.0007481292017482929,0.12555810714956148,
3.874853898586376,0.0007305398879199674,0.12442219763658285,
3.8748432649221307,0.0009132779549673182,0.12418330139471101,
3.8714707772144616,0.0008877077147358856,0.12417114070104163,
3.8711638117509173,0.009918797124581945,0.12197460955066873,
3.8711505318196515,0.0003243098477386997,0.12107719279408952,
3.870197058404059,0.00019690801450270273,0.12030507055318837,
3.8698332340018022,0.00019626939457540694,0.11973043727606272,
3.8698214105674538,0.0001963105016482468,0.11919363247811983,
3.8682010467953702,0.00019629735888736748,0.1202127668217368,
3.8678541259098287,0.0001902558435994348,0.1197336202400608,
3.867839365046034,0.0001902231313785769,0.1188910502862029,
3.8670659099951217,0.000190214223221637,0.11890138360206781,
3.8666346866680184,0.0001902065278688732,0.11840894067485422,
3.8666215412714804,0.00019019695666924781,0.1180568073611867,
3.8653713047506018,0.00019019102298402702,0.11771262945318138,
3.8649915752280144,0.00019018721041417594,0.1174068508974851,
3.86497571795708,0.00019017013392402983,0.11720480546818335,
3.864169768736852,0.00019017539210204024,0.11693911547228,
3.8637351785500607,0.00019017665061180956,0.12115468156344349,
3.8637222588056175,0.0001901842785683134,0.12033653513490933,
3.8621988540333745,0.00019018406670271836,0.11981525268626651,
3.861829171820364,0.0001901808569130981,0.11940965640493785,
3.8618127742626904,0.00019018726595269764,0.11897501233771116,
3.8610669107610263,0.00019018619330584693,0.11870130149908535,
3.8605882643590648,0.00019018387946477517,0.11834261550082688,
3.8605748264666424,0.0001901850125938299,0.11800981805757013,
3.8589448604041534,0.0001901859201633978,0.117700946086526,
3.8585668090383876,0.00019019516923864625,0.11749903390591136,
3.8585492768345198,0.00019022472496613512,0.11722342259331008,
3.8578368406931856,0.0001902181102629454,0.11696717780233296,
3.8573072738420136,0.00019021869161095235,0.11661467172171022,
3.857292470434336,0.00019023520468418382,0.11951498323896712,
3.8558488463014755,0.00019025282123035246,0.11577030536751301,
3.855444830521511,0.00019025549054654684,0.11556902579257536,
3.855427481520293,0.00019025529994069412,0.11499837373540328,
3.854584298167577,0.00019025740504178724,0.1147159887934807,
3.8541055863453657,0.00019031722991265802,0.11463333930421943,
3.8540911724592783,0.0001903064015342447,0.11461389325511658,
3.8526297902374615,0.00019030197447661125,0.11443091831278611,
3.8522181752015627,0.00019030171624348423,0.11448704064497053,
3.852201103146708,0.0001903009343220993,0.11447343782574798,
3.8512462479836467,0.0001903105344951676,0.11445680333178959,
3.850793197345512,0.00019030590812847936,0.114369897074082,
3.8507785438645916,0.00019030218951071785,0.11432946733311808,
3.849390584946399,0.0001902924838752605,0.11426939901816367,
3.848964381153187,0.00019028786702779695,0.11409577749452866,
3.8489470813588498,0.00019028848710857862,0.1139165934920997,
3.8479115969212785,0.00019029161546089266,0.11373746722407731,
3.8474685949310237,0.0001903215631571497,0.11362400644154005,
3.8474536166376003,0.0001903080535602895,0.11350501799554995,
3.846136158317432,0.00019030602167472067,0.11396569149496065,
3.845696038883215,0.00019031307058948018,0.11370459715007497,
3.8456787834039408,0.00019045561373388846,0.11337587750988587,
3.8444729894119116,0.00019037843035987095,0.11320167646580798,
3.8440568385398395,0.00019038625599556363,0.1130620143529436,
3.8440407639401104,0.00019033852077335404,0.11293507015591785,
3.8430641278554605,0.0001902850096966259,0.11286372482843489,
3.842566438887932,0.0001902881506240109,0.11272976147913563,
3.8425493266215556,0.00019029368513728836,0.11260490878850066,
3.8409466058735573,0.0001902497704704264,0.11246869110312138,
3.840576203264313,0.00019024747094067193,0.11209369642272012,
3.840561775278647,0.00019024295971282524,0.11250397273322499,
3.8393532437391107,0.00019020423080390368,0.1123414184451324,
3.83891037153518,0.0001902020814067597,0.11519479801458207,
3.838893456499354,0.0001902053203037869,0.11384776736902791,
3.837543794096611,0.00019020257989362646,0.11322240453683934,
3.837153823202751,0.00019019269022949799,0.1125910074016142,
3.837138199175853,0.00019019787351342047,0.11337581433399117,
3.8361959396346785,0.00019019770953553452,0.11262021991032833,
3.835703476653573,0.000190197995249152,0.11696611125473108,
3.8356865289244344,0.00019019531516738258,0.11149134699161395,
3.834068892259669,0.0001901850433024042,0.11324473992124638,
3.8337060444308904,0.0001901849893103596,0.11117518074249334,
3.8336908485383723,0.0001901859459434893,0.11110440477842135,
3.8328047428056644,0.00019018587875665633,0.11188735809431156,
3.8323115822399556,0.00019018114856759148,0.11152006638572537,
3.8322949222986162,0.00019017931311454887,0.11150805074501507,
3.830576391191384,0.0001901891120539101,0.11139661889663717,
3.830227253959148,0.00019018777398863813,0.11125530975512242,
3.8302121330704244,0.00019019254835526663,0.11111731669064429,
3.8293898737360035,0.00019019427130140571,0.11096186324283822,
3.828891863239789,0.0001901942761517571,0.11081239188890402,
3.8288753385197145,0.0001901880993512577,0.1107982599424351,
3.827150374926727,0.00019017646882168898,0.11020633435889143,
3.8268093473822256,0.00019018381640851628,0.11000747020084466,
3.8267950306722582,0.0001901805848642732,0.10979362720651133,
3.8257932448775915,0.00019018860234948365,0.10988827817071273,
3.825354165484194,0.0001901883944501175,0.10974411914894612,
3.825338754664554,0.00019019155213745057,0.1099700846368058,
3.8215912716875136,0.00019019229315694137,0.11066112101354238,
3.8213018112422956,0.00019019428183697973,0.1097531310870664,
3.8212888371341154,0.00019020074174276762,0.11260485857369987,
3.8165153973996864,0.00019020862191847378,0.10938958197649362,
3.8161209918619545,0.00019020643456869654,0.1092997091009462,
3.816102315484484,0.00019020502950356787,0.10916376226705937,
3.811726305462621,0.0001902053173732019,0.10910486754754797,
3.8111297194586524,0.00019020636205735323,0.11340567443533153,
3.8111021969298906,0.00019020715152424933,0.11292877379263648,
3.8072625751341236,0.00019021320575485882,0.11155372521961232,
3.806466904677574,0.00019021897161491038,0.11053506047096266,
3.80643255089029,0.0001902296064876994,0.11035497194482394,
3.7409130922770832,0.00019022536289855274,0.1102515149412831,
3.514135726540561,0.0001902332319825704,0.11009299071202032,
3.5093416221623928,0.00019026912426871925,0.11127505970034383,
3.4098182058499242,0.00019026893195164615,0.11069831842545848,
3.3721035452949972,0.0001902683878283205,0.11031133742607341,
3.3720449498012477,0.0001903191705053066,0.1677046460408281,
3.36828280489061,0.00019030902631197885,0.10742610720982398,
3.366958657342514,0.00019029506929014236,0.10711607501843307,
3.366894352658519,0.00019029762220123508,0.106987525839103,
3.3526765886837437,0.00019030060584922898,0.1068066848793304,
3.3521670612875534,0.0001903012240087247,0.1065499000006456,
3.352133608339604,0.00019030094045430318,0.10652019299154468,
3.3384002151727965,0.0001903030400896604,0.10629607220303153,
3.3374287601126373,0.0001903049381833185,0.10607460873437141,
3.337361419632525,0.00019030757671188337,0.10583010036935481,
3.327643107328629,0.00019031034249672462,0.10903014459538173,
3.3269004985277957,0.00019031562687126777,0.10691432205059806,
3.326845095377569,0.0001903211620248139,0.10677038853461683,
3.321502996346048,0.00019032100073198185,0.1065007930427017,
3.3198961315545623,0.00019032682522932817,0.10625310927366978,
3.3197793830048994,0.00019032659451638002,0.10595183941262189,
3.3074769218454256,0.00019032647139687135,0.1056058378595914,
3.3033084205620398,0.00019032342719229751,0.10554729403623005,
3.302988481120262,0.00019031456885316322,0.1055436421642326,
3.263159013250327,0.00019031373070113513,0.10537695453226457,
3.2325756444378846,0.00019031235385897832,0.10522932727454612,
3.230812729303998,0.0001903129975046631,0.10511054759581408,
3.1867278447943717,0.00019031381197215025,0.10470550279537677,
3.1677043697703766,0.00019030784345075964,0.10517818968176496,
3.167238528959386,0.0001903067189603331,0.104831990253393,
3.159955624559381,0.00019031883467291187,0.10458129444876643,
3.1518612818724305,0.0001904620750069121,0.10419515013286158,
3.1516759438199684,0.0001903940052464715,0.10423278256797011,
3.148612175462294,0.0001903415385324521,0.10426377949901047,
3.117520223735051,0.0001903956725364604,0.10371176235771122,
3.116765987127822,0.0001908881040770406,0.10362029730941262,
3.1086966624598737,0.00019085700689946893,0.10342368665215526,
3.0592783134867108,0.00019074222653257738,0.10321352319207053,
3.0592575174465555,0.00019068462116247304,0.10297986498288463,
3.0561992777549096,0.00019047860751094,0.10274737635866327,
3.056037085469347,0.00019048626027559217,0.1024326254451793,
3.055883186336274,0.00019049748149697776,0.10221802516353953,
3.055738483864537,0.00019048714061132622,0.10201464915375652,
2.9253367055248694,0.0001904796293538042,0.10183065745771137,
2.9242143006985297,0.00019048160282345513,0.10200884468485226,
2.9178311619934623,0.00019048478256192047,0.10193017047011092,
2.8899484723210036,0.0001904844040951326,0.10178054495657705,
2.888268256398156,0.0001904851471153931,0.10163906168963562,
2.88144401235549,0.00019047704701820212,0.10149425301431968,
2.7965100628893143,0.00019049854573283733,0.10168821387931752,
2.796079011129906,0.00019049794425074381,0.10162133773638292,
2.7939622981219876,0.00019049667217453577,0.10123343752885654,
2.7897355250378135,0.00019050056483290828,0.10105156205529275,
2.789499386271726,0.00019050422797270745,0.10087389330461113,
2.7886630928455713,0.0001905008155406489,0.1006845877755803,
2.7737118684682796,0.0001904941072878356,0.10053742379753285,
2.7722424872034015,0.00019049453407985934,0.10244855758065172,
2.7655389082415778,0.0001904935986033959,0.10213161075623783,
2.7302887013438677,0.00019049327184183525,0.10195262002048931,
2.714802092327853,0.00019050012769032134,0.10186014307886472,
2.6783203417636954,0.00019050081159501328,0.1017243978490175,
2.6286386166566373,0.00019051919266954682,0.10160051144213278,
2.622411962657964,0.00019057858901010016,0.10149999551712283,
2.6154449157389794,0.00019049324665621327,0.10132530778209059,
2.6120816598088235,0.0001904900409154591,0.10128882120781635,
2.611704609012034,0.00019048966460138818,0.10105969925889317,
2.6112755276926625,0.00019048971645900176,0.1009138891703182,
2.6094651235220834,0.00019048968557789224,0.10078603725898944,
2.6077460976546813,0.00019049113864818407,0.10710990251960797,
2.6048763946651525,0.0001904913327692475,0.09765248089966408,
2.602430610849265,0.00019049172649464926,0.09754085559255218,
2.6016986776084945,0.00019050325665199806,0.09743000374877632,
2.601356891044858,0.00019050405259341503,0.09732639388962658,
2.6013336701955128,0.00019051216196988338,0.09727311249309072,
2.601287570584941,0.00019051321862101637,0.09722785851807673,
2.6012757372821556,0.0001905119649235933,0.09706663097447578,
2.6011406656652283,0.00019050655879820298,0.09685648666166309,
2.6010629990528797,0.00019050579278626534,0.09662762602802226,
2.6005447349421353,0.0001905072549932727,0.0964221337200477,
2.6002099968908623,0.00019050861995212082,0.09620677097683286,
2.5983310521612246,0.00019049582563381977,0.09597427842515169,
2.595691490054358,0.00019050406326679515,0.08896876891090141,
2.5926642512672236,0.0001914853586756054,0.0887683595442345,
2.5819619115720585,0.00019111668715758527,0.08858874080798025,
2.56507987804051,0.00019096943061294993,0.08840128599383598,
2.5548218878075466,0.00019147908168840557,0.08816758768571895,
2.528957573666854,0.0001910359303113613,0.08793473388470141,
2.51531582516542,0.00019212326151989378,0.08766593026301482,
2.5095894230063025,0.0001921530260008448,0.08747515811555487,
2.501984199094413,0.00019206720674846717,0.08751830721446145,
2.4987032167875056,0.00019206846322606852,0.08652023358414117,
2.497996409797943,0.00019205104432394737,0.0863648656276065,
2.4957402868977625,0.00019207146952393708,0.08630296365959354,
2.4955489735919327,0.00019206836477030242,0.08611703894909055,
2.495436024902587,0.00019206790491230462,0.08585425928537922,
2.495055331722383,0.00019206748569949395,0.08569642203378128,
2.4945194063184295,0.00019206734231419213,0.08559834682959146,
2.4944169581949422,0.00019206965471542267,0.08550519012839707,
2.4514873873452308,0.00019207103417717182,0.08543394851426567,
2.4511455791375543,0.0001920759517351972,0.08534290314967136,
2.4510051780263398,0.0001920831758174826,0.08526508397891827,
2.450124962183685,0.00019208145093710234,0.08517108695711745,
2.4499114359048417,0.00019207637945798848,0.08513479810999168,
2.44985984911115,0.00019204527726726487,0.08503757573760072,
2.4443642793952214,0.00019208308732700423,0.08495104710961568,
2.44419607589417,0.00019207156159043893,0.08485201443187465,
2.4441324282163626,0.0001943702276429396,0.08525287561600103,
2.443443006085368,0.0001925566697189913,0.08463580753503028,
2.443301748193703,0.00019230154162294704,0.08453197777134133,
2.443267588360219,0.00019201870769913236,0.08647072833882308,
2.4421626613593745,0.00019195427391842273,0.08896183720685336,
2.442053749427804,0.00019194001337852638,0.08498627569348852,
2.4420164239039526,0.00019823005317109787,0.08468420460432649,
2.440866964743528,0.0002228872331494433,0.08468195066840736,
2.4408050247617235,0.00020362855086323366,0.07807227605273723,
2.4407826434162097,0.00019152570690395026,0.07419192767450737,
2.4405234086840193,0.00019141170345236174,0.07338493341213297,
2.440442387179249,0.0001914222909745716,0.07315223716552227,
2.4404175288266043,0.00019142407467136394,0.07287670434428815,
2.4393924702273493,0.0001915094601036604,0.07262886018883738,
2.43935969361088,0.00019160511307904924,0.07263048249811471,
2.439336777768765,0.00019157367269944327,0.0724637378081489,
2.4392266642262874,0.00019157197669985307,0.07220538318136518,
2.439181975519412,0.0001915702873978549,0.07264540868607033,
2.4391644314942433,0.0001915690999553441,0.07262859928501467,
2.4381396473243395,0.00019155970545253325,0.07234402465741363,
2.438115516613204,0.0001915598285087707,0.07206295299803847,
2.438072989237111,0.00019156041524306757,0.07139000887087547,
2.4379975412808954,0.00019156040893026163,0.07220219236342644,
2.437970884117095,0.00019156037264822382,0.06996208366430863,
2.4379509056720683,0.0001915786039232394,0.06853441338908892,
2.437039216906207,0.00019158240713680892,0.06802462237938761,
2.437016849440579,0.00019159139877830347,0.06748385310319777,
2.4369639218110537,0.0001918824771057266,0.06717112147409904,
2.4368584351000373,0.00020808340360376577,0.06870727812997873,
2.4368373839558854,0.00020750884890509283,0.06863877836318168,
2.43681134135631,0.00020968728226335192,0.06193289475821463,
2.4362207319156926,0.00020997501947836393,0.05206776492880591,
2.4361996403008717,0.00021457445672984506,0.05282722263644052,
2.4361520946173982,0.00021429182358395518,0.05259779287329897,
2.436002044926336,0.00021447372533069467,0.05244521347419389,
2.4359875396655033,0.00022382843148801383,0.05222264763771112,
2.4359590586800244,0.0007126960601771808,0.05220743899482773,
2.4356083686342447,0.0003282902597016836,0.05214672869350152,
2.4355934438987727,0.00020568524921695376,0.0522576323421228,
2.4355542389347473,0.00020184513783017943,0.05498265786254754,
2.435329727277095,0.00020174149047709773,0.05232854621201598,
2.4353202721876572,0.00020174320952313986,0.051853573306076324,
2.435293423020641,0.00020205559857387466,0.052235975543321385,
2.4350767066037933,0.00020204610815618808,0.05204681982311404,
2.435065912175057,0.00020247485801480286,0.051973330439622815,
2.4350331463576347,0.00020276730748592717,0.05189219888901156,
2.4346855037052584,0.0002029730691486607,0.051797356677982555,
2.4346812265073567,0.00020335094682198337,0.051661648271173664,
2.434653894041322,0.00020340348368600518,0.05156311999339288,
2.43453436546381,0.00020347121762436334,0.05148711426785434,
2.4345281647937718,0.00020352060139309461,0.05138694778968762,
2.4344982899171286,0.0002031436373292642,0.05170948672670382,
2.434112310143289,0.0002030270856304562,0.05154699621777013,
2.434110294652965,0.00020313540745791375,0.05147017021063694,
2.4340566913913415,0.00020306397416310594,0.0514431336871794,
2.4339773617134695,0.00020307559232311337,0.051048908261585126,
2.4339756634794947,0.0002031997481137176,0.05087869890121276,
2.433936986915548,0.00020323522786182214,0.05083907881242051,
2.433589975480691,0.00020320845557327382,0.050817089944695554,
2.433589156935364,0.00020320683800072067,0.05085495044478715,
2.4334727081798615,0.00020318398670041482,0.05075933456261211,
2.433370856043978,0.00020343736907892383,0.05070265800653012,
2.433370414674657,0.00020343136480080527,0.0506460711645637,
2.4333031311316806,0.0002036724998103673,0.0505876000856097,
2.4329988120581083,0.00020414738222729933,0.05052076035966068,
2.432998469306324,0.00020396179650666911,0.05046039778427798,
2.432815207691797,0.00020380807465165813,0.05040142461024201,
2.432686252923237,0.00020498991267707626,0.050342646379411105,
2.432686122007381,0.0002021118481436462,0.0502866200208712,
2.432584863413984,0.00020210413365713648,0.05024895490923928,
2.4322908754349544,0.00020207720018349527,0.051115937578720856,
2.4322907612951856,0.00020203400848480606,0.05052063814532733,
2.432059249954239,0.00020195995952606587,0.050340878356059916,
2.4319128179570124,0.0002021438072442585,0.05458705277974967,
2.431912782347707,0.000202148541687627,0.04666986410778207,
2.4317839925115723,0.00020213533643048041,0.04662556067440712,
2.4314975507732615,0.00020217902075109925,0.046573879101565484,
2.4314975166652877,0.0002020547163519171,0.04657089566046258,
2.431245288032696,0.00020205284083602514,0.04627862035357712,
2.431086845607236,0.00020209561876880744,0.04623159595877165,
2.4310868353907082,0.00020212876813039486,0.04594397640257905,
2.430939759912948,0.00020202640183928237,0.04587965651209006,
2.430661336869047,0.00020201816936682364,0.04218266294697897,
2.4306613255253016,0.00020200472310867072,0.03868005970546214,
2.430403555387105,0.00020200299816665822,0.03463500812717333,
2.4302380070777128,0.0002020129491597429,0.030698979796028567,
2.4302380029180704,0.00020201119484718715,0.03219728241276787,
2.4300819174375787,0.00020201353851050604,0.031982588253712536,
2.4298063325670376,0.00020201310944740984,0.03188041531748866,
2.4298063255588107,0.00020201081470781144,0.03175244606992486,
2.4295499786498844,0.00020202394347609433,0.03156516798750996,
2.4293748632263013,0.00020198058418128837,0.0314763353298203,
2.4293748589872775,0.0002025689667643645,0.031392542629357326,
2.4292106021804556,0.0002025669136777338,0.03131518061716484,
2.4289354709112843,0.00020256804367464574,0.03146435473162982,
2.4289354583490765,0.0002025925902392648,0.03138518539561992,
2.428682829610304,0.0002026298435049456,0.031308393881433576,
2.4284904379087373,0.0002026751468615991,0.03125921284443647,
2.4284904260227984,0.00020270929714030517,0.031228561963174733,
2.428317023982223,0.00020270090829277557,0.031163944384640787,
2.4280289273081532,0.00020269954284588966,0.03112235285445135,
2.4280288771337815,0.00020270182733332236,0.031047961883755363,
2.4277831942097587,0.00020270147239913715,0.030999028387503205,
2.427519401205093,0.00020270202919748433,0.030962986766617406,
2.427519336189586,0.00020270635367136396,0.03092554182012672,
2.4273232925704127,0.00020271336454492326,0.030870578304948847,
2.426926655087095,0.00020272397441864108,0.030823530576421777,
2.426926226267546,0.00020270713659829327,0.030706691109636575,
2.4266226381714113,0.00020274117250650012,0.03066217920940227,
2.425661103630679,0.000202755042847203,0.030815967319782575,
2.4256075564602724,0.00020273025671429308,0.030836099732960098,
2.419060683010036,0.0002027073573075242,0.030682162141313477,
2.4070694459569535,0.0002027214519498575,0.030053971231709276,
2.406123780818743,0.00020272136801666776,0.03003499472374532,
2.4009875262139624,0.0002027099307510104,0.029986543926392408,
2.4008334210134707,0.00020266301682486077,0.029939679553295972,
2.4006432611659276,0.0002026647442898274,0.02988268229818471,
2.3997549833262917,0.00020265986360179926,0.029860703874729482,
2.399605117250165,0.00020265372983925466,0.029823487905769504,
2.3986170203117876,0.00020264810402694498,0.029748646589645388,
2.393161236417758,0.00020264593132553256,0.029717391055716212,
2.392992210010583,0.00020264311408498147,0.029679964659709346,
2.3924423175807563,0.00020264664829521757,0.029644946894840096,
2.39182153553826,0.00020267591997332566,0.029610503695312713,
2.391802210588114,0.00020267029502299628,0.030012681441038996,
2.3916917255867856,0.0002026692141003537,0.029892943365715435,
2.391494630876287,0.00020264705825598326,0.02897958155534989,
2.3914896528516114,0.0002026864004090492,0.02893188783695382,
2.389494052705149,0.00020266762523516878,0.028887452471465676,
2.388776613873522,0.00020266191473195208,0.02884617179253199,
2.3887601075376823,0.00020266168878378156,0.028802303249536223,
2.3876779928034657,0.00020267607230776294,0.028763221721826725,
2.387673344137388,0.00020267049055269678,0.02872323444295228,
2.3875335706581504,0.00020267912050684237,0.0287218097046428,
2.3871209178167447,0.00020268484933024327,0.028666852442981016,
2.3871202583028857,0.0002027067743029336,0.028419991188699284,
2.386765348547641,0.00020280453954982195,0.028114189731443664,
2.386096653044406,0.00020281305502222355,0.028177962245206654,
2.386096606645086,0.00020273576374945344,0.028119049021737844,
2.3855657037080014,0.00020271562599932945,0.02809083841364402,
2.385451849821516,0.00020259325273595563,0.028057104214305028,
2.385451847630529,0.00020261808032482164,0.02803326086318244,
2.3853383804436743,0.0002025840728068316,0.027975814722806965,
2.384726789846095,0.00020275044140805528,0.027940833183244817,
2.384726777372948,0.00020269291704482162,0.03609438025670849,
2.384180025836099,0.00020268352677350893,0.027728225879341505,
2.384119916092908,0.00020270241253573384,0.027386326283504785,
2.3841196187623654,0.00020278914027276043,0.027352805499856695,
2.384048263648295,0.00020317010070219086,0.02720741818246123,
2.3731964972950803,0.0002533396866088519,0.027118455701146786,
2.373191775393432,0.00023142443296404148,0.026987513920378584,
2.372542618538899,0.00022579603176121581,0.026859014584634043,
2.371539513608012,0.0002502494675998569,0.026750615566415076,
2.369259873987863,0.0002838876667974339,0.02719044671289275,
2.364917432744117,0.000330223092281688,0.026904897928415723,
2.3648465607619293,0.0002924704656380984,0.02672478495099939,
2.3644755365501258,0.0003046753938040721,0.026577550776656782,
2.3644526258740797,0.0016518459295332146,0.02657011734693232,
2.364209155471954,0.00030052527832659723,0.02652951079324511,
2.361810735186227,0.0002621930783469607,0.02648808629757886,
2.361686624810093,0.00023726159008269094,0.026452207634306703,
2.360067759776081,0.0002787840126815358,0.026446013644427762,
2.3586526471844174,0.001239834782490453,0.026620484855195557,
2.35864306452475,0.0003753203125181542,0.026474434605378468,
2.358033078370095,0.3906836689130291,0.026484062579160264,
2.3577431257091446,0.010383055415655953,0.026215875442446173,
2.357741155845033,0.0029110977257416357,0.023493527365754562,
2.3555987115163703,0.0016164528323101513,0.02325430773977,
2.3512537253986183,0.0016341960660229522,0.023138382695135594,
2.35123672146799,0.0016537726127352774,0.02312150182897613,
2.3438564680249856,0.0009063043431138458,0.023098113773673868,
2.343498949141947,0.000947257571392343,0.023140121913302013,
2.3434981088961906,0.0008677506106930197,0.023070549258561408,
2.34170858469444,0.0008223726424013112,0.022561522626438284,
2.3416670007493616,0.0008199521274752593,0.022308138524302596,
2.341666887477746,0.0008149679394143599,0.022169574352583564,
2.3289533994136242,0.0008116834671623964,0.022352428888678413,
2.3288729368118335,0.0008107461502462917,0.02228618749428289,
2.328872718690202,0.0008112160995532756,0.022271170197935317,
2.3281013020293484,0.001215168473909823,0.022004758415304557,
2.3280594891739996,0.0022784244820922327,0.02195373955802195,
2.3280593863204255,0.0031611929242283646,0.0214429572394911,
2.3280122168261213,0.0010449974235139255,0.021323507011794304,
2.3279055122393215,0.0009103086166754752,0.0212813207071578,
2.3279054518770357,0.0009077264293869664,0.021205758242360328,
2.3272753328352214,0.0009075978692913681,0.021076018738887772,
2.327270029240607,0.0009165324405128129,0.021023964964429518,
2.327270010272683,0.0009124152725543055,0.020959742894661886,
2.327264770207752,0.000913401307420882,0.020946943898494694,
2.3110644065402495,0.0009063327893285118,0.02065032399538833,
2.311064210400566,0.0009054731261276318,0.020613599788166244,
2.3062416632940286,0.0009005150953852336,0.020610861569454717,
2.3062378245135395,0.000902102575561862,0.020599893937773027,
2.3062366828483447,0.000909898201872939,0.02052156081264455,
2.306232961377081,0.0020774747780243972,0.02045154268807894,
2.301195399024697,0.0020167049451730594,0.020511205953938245,
2.3009836276265077,0.001954475665152232,0.020433110053265542,
2.2964457201577195,0.003139770374810225,0.02040539638708409,
2.295685774088697,0.0020797479088557435,0.02037636336117787,
2.289800181857502,0.0018917264628523064,0.020346745789743693,
2.289504824241295,0.003041297840674917,0.020459061898546297,
2.289501458879711,0.0023965731639013,0.020407390393986306,
2.2887152768666663,0.0023371813065014026,0.020379432105342293,
2.288703189071981,0.001901561431145353,0.020393607444543754,
2.2871520121953233,0.0013663203649934403,0.020384720443525895,
2.2867329064325945,0.0017169940662658597,0.020359267031313362,
2.2867002416330124,0.0017059538637661988,0.02058452398910533,
2.2862776646437304,0.0016562608821663386,0.020313852626105543,
2.2857347298771242,0.0017472144032486734,0.02045221196033558,
2.285727225396971,0.001412205735859088,0.02033263665467837,
2.285342703934723,0.001764767483448659,0.016179993549408543,
2.285338705355063,0.0007029667048916642,0.015906922291727264,
2.2853381865111597,0.0008663844454644505,0.03468712219550677,
2.285333698651339,0.0005795646340730376,0.01669725455964169,
2.2852351803221147,0.0006257397939852754,0.10257398519301525,
2.2852347188075233,0.0005323489759765888,0.07402717032989647,
2.2838166366897594,0.000625555379836144,0.07626861767644696,
2.283761634733546,0.0006035557301634169,0.06909480196162514,
2.283759536611989,0.0006031254455706474,0.06435861968197207,
2.2836478906156303,0.0006030811977948508,0.0684517496340652,
2.2835025820665305,0.0006030013916631617,0.06493301103399068,
2.283499958127994,0.0006029358677818508,0.05646664762872981,
2.2824881128777577,0.0006024631267502468,0.05542269775013234,
2.2824469610993745,0.0007221029672140334,0.05129988130152837,
2.2824455696703696,0.0006712131954395454,0.04754441250825836,
2.2823828546914244,0.0023440623562816787,0.044254682670490035,
2.282322342046111,0.0008389842663513389,0.037731819161681106,
2.2823215261571406,0.0007988196083689208,0.034344752409994905,
2.281922012691545,0.0008314325396150264,0.03253278667896343,
2.281919004561603,0.0008993864345389628,0.03168196184609556,
2.2819189012928884,0.0007627716185189889,0.037489989831409685,
2.2814888148565964,0.0007636576405241228,0.03688066271125131,
2.281479346237882,0.0007741198519722276,0.05541690386938913,
2.2814790152465,0.0007732403559603061,0.035513108173395924,
2.281457148508814,0.0007729724926029488,0.028079649129427516,
2.2814464225991515,0.0007721294087252193,0.10137554126240474,
2.28144621704751,0.000772177959738637,0.08672269418683423,
2.28092419940597,0.0007808015689700386,0.07747140238631477,
2.2809138798078137,0.0007812095213066308,0.06685100619500767,
2.280913532396154,0.000782531930825487,0.05979346816778095,
2.280842632310177,0.000784420205949831,0.052172475921507526,
2.2808353042125056,0.0007851956356768582,0.045531883298621414,
2.2808350922648835,0.0007925772755378557,0.04004223810074178,
2.2808247839204565,0.0007676377325256635,0.03652143256277541,
2.2808141938045017,0.0007845466463863531,0.0318696383124279,
2.280814052031531,0.0008002602815758281,0.025853151300590908,
2.280288109106677,0.0008019829788504597,0.02100514087713186,
2.2802832249427363,0.0007836454399017393,0.01782416525379057,
2.280280025019781,0.0007601395603113046,0.017624117008130855,
2.2802748133215425,0.0007548394641238851,0.017503455129655437,
2.2800836463725123,0.0007459999675822732,0.0173302768643703,
2.2800836351811262,0.0007439949094799855,0.017193507835023707,
2.279971819234194,0.0007343276153334224,0.01713822229584866,
2.2799694680212594,0.0007461322167751367,0.017118152328797563,
2.2799691751036244,0.0007345241890710817,0.017055424333913913,
2.279966877505718,0.0007356476789420686,0.016993519383143925,
2.2798518655394884,0.0008040436463576238,0.01686378975082493,
2.279851863524706,0.000814596695001158,0.01684838112003396,
2.2797442171821714,0.0008052767422008566,0.016815103310872763,
2.2797426425822183,0.0008366849673405781,0.016837174249194568,
2.279742115652295,0.0007525554039844184,0.016771873374599303,
2.2797405808635767,0.0007404469679554056,0.016747337077189343,
2.2796277909917757,0.0007393560899758035,0.016729981101873306,
2.2796277293177862,0.0007401424039768988,0.016875091178962225,
2.279538552627237,0.0007403058676472084,0.01675472112173641,
2.27953772770203,0.0007421375213745548,0.016683588205693614,
2.2791752570980828,0.000742213380616019,0.016711411335902097,
2.2791735515936606,0.0007437152160834667,0.016613171358873233,
2.273607268483218,0.0007368622803192735,0.01680697037375725,
2.273568729993726,0.0007359418125384773,0.016789936230245963,
2.2735518546994316,0.0007348818047619407,0.01674771305322662,
2.27350381452706,0.0007345341121894323,0.01674384300726583,
2.2733395593668297,0.0007346441435537107,0.016688756677155026,
2.273336079052466,0.0007310848134637005,0.016640964455680203,
2.2701020771055114,0.0007294954295714142,0.016615950721010568,
2.270008592276072,0.0007251958485026604,0.016565263024081744,
2.2699825585821682,0.0007255892847614017,0.016539245593206294,
2.269815288533058,0.0007317341495444439,0.016534177566702578,
2.269659250538593,0.000738367880152095,0.016475355650785495,
2.2696472369385967,0.0007408546568823121,0.016476080601610044,
2.267574230249863,0.0007061502858936745,0.016454987056523703,
2.2674505586222864,0.000706303203680488,0.016433610674551943,
2.2674205269902687,0.0006971708024502303,0.016402306405384714,
2.267111920137756,0.0007045607376840951,0.01636922013873616,
2.266970672652948,0.0007199137441703679,0.01581411255060042,
2.2669533131088806,0.0007251613073616356,0.01535399412890632,
2.2654952184207042,0.0007188141823397519,0.015327335649439291,
2.265364075216735,0.0007172170816045152,0.01536649570874265,
2.265335004109829,0.0007071930438892292,0.01529340160708025,
2.2649004504055066,0.0007096964872972348,0.0151841527007996,
2.264779894516631,0.0005904324452971474,0.015129347607344171,
2.2647611237485212,0.0006904809720981881,0.015242158138383111,
2.2638664181780497,0.0005230102245831495,0.015226740981886085,
2.2637420400121138,0.0004963965542509611,0.015173631583802251,
2.2637162103112685,0.00048595263626979515,0.015156420119303023,
2.2631910963863264,0.0004858291799287529,0.015147290194279258,
2.2630944923735195,0.0004858204145372275,0.015138941065262947,
2.263077306157143,0.00048581343758156856,0.01511923407326734,
2.262526420086364,0.00048587846238146897,0.015111447625116514,
2.262414147071457,0.000485867943185929,0.01509449187689072,
2.2623923103752572,0.00048587662232669505,0.015071632049685079,
2.2617973798434314,0.0004858277191108568,0.01505846760577342,
2.261725842038496,0.0004855895124923608,0.01503560126271112,
2.2617111841126603,0.0004889216686763314,0.015018269471996287,
2.261401037166237,0.0004896187651450161,0.015051593223702874,
2.2613031701792687,0.0004897336997493494,0.015021382417527662,
2.2612855572675663,0.0004944548688972176,0.01500018435375752,
2.260697392112566,0.0004920947977945543,0.014981274990749239,
2.2606471538635087,0.0004915974503821118,0.014964154863140327,
2.2606354901074392,0.0004917828892460531,0.01495391011205524,
2.2604640413131887,0.0004915692847545617,0.014910979297001277,
2.2603798892298386,0.0004914662008775458,0.014871733646688843,
2.2603664812629383,0.0004914576408712963,0.014831491154816388,
2.2597050722713297,0.0004911410611362837,0.014780407176421371,
2.259675690597358,0.0004910305619908187,0.014716189690905386,
2.2596675979471224,0.000491096015599655,0.014676869492372234,
2.2595920423909797,0.0004910543303250486,0.014625024308515212,
2.2595234300364115,0.000492101013627573,0.014539272560477046,
2.259514823031668,0.0004913202917493535,0.01447315861759927,
2.25891087428582,0.0004913186147468749,0.014461986464342897,
2.2588963451261685,0.0004913182263662802,0.014385330417779663,
2.2588913111438464,0.0004913502280696044,0.014353407606242546,
2.25885986771419,0.0004913386629644883,0.014384024076992016,
2.258810153709413,0.0004913469992578312,0.014345336279800563,
2.258805584907981,0.0004913504845469726,0.01428550471296174,
2.2581946446342083,0.0004913699703217801,0.014237507504359882,
2.2581887480577576,0.0004913608428786959,0.014233342038591827,
2.2581859689188253,0.0004912521314854202,0.014224933950018864,
2.258175920212726,0.0004912367217639973,0.014230898046864166,
2.2581412555433578,0.0004912406910211213,0.014143055267369855,
2.258139553652775,0.0004912515248841415,0.014112924937598763,
2.257631119424558,0.0004912583204906195,0.014079822375175544,
2.2576223814066947,0.0004912406598576367,0.014053953004201885,
2.257620870346128,0.000491272418204231,0.014039738034011083,
2.257480828549915,0.0004914534753978111,0.01402337006368136,
2.2574680103974023,0.0004915978170500165,0.014100297832492358,
2.2574659135493924,0.0005330909980992178,0.014077262444988737,
2.257431793714863,0.0005052166199267634,0.014058889680823647,
2.2574031177352825,0.0004975098525880132,0.014047649242097856,
2.2574001623309963,0.0004885964994181676,0.014028226593416314,
2.257205035644608,0.00048540977127388624,0.014018959753539426,
2.2571527771843045,0.0004849113820529349,0.014001863897657426,
2.257145090860515,0.0004831730341639614,0.013981945988715137,
2.2568831276967853,0.00048295690704396667,0.01396484164956764,
2.256750102607267,0.00048297180558921844,0.013947715460581179,
2.256732610501025,0.00048290569155672464,0.013929961577898059,
2.253223702081658,0.00048288834950776534,0.013917083463699144,
2.2527347704760334,0.0004827733081395314,0.013901582771265646,
2.252658182738823,0.0004833871723113928,0.013903306385234989,
2.2480020922621726,0.00048260905502830304,0.013903199736038487,
2.24680668818597,0.00048203005940435865,0.01389397927197339,
2.2466379579502376,0.00048203252749683123,0.013896124457157488,
2.236004976990804,0.0004820250811441703,0.013877057214711467,
2.2343918199773887,0.00048171788642431735,0.01386131060698261,
2.23416805982867,0.00048374366928140804,0.013848456706176999,
2.225061838961314,0.0004810233925485452,0.014080421111689266,
2.223905673394392,0.0004805604191424576,0.01385841517409819,
2.223755784205892,0.00048053365406326725,0.013840255060142286,
2.217436981835265,0.00048052515116312736,0.014186605454052058,
2.2169783037967314,0.0004805234861740379,0.013767928089885167,
2.2169168556734298,0.0004801154968627178,0.013756128640910673,
2.213847518092141,0.00048010355756238716,0.013743655738892887,
2.213622482845462,0.00048815695888069306,0.013726827290515957,
2.2135903879645147,0.0004874482131451909,0.013670558790046194,
2.172611535348122,0.00048578088425396145,0.013646066612604497,
2.1725214276274185,0.00048822515081533397,0.013632737743324042,
2.1724548649818773,0.0004873173849644455,0.013618282922492713,
2.1723502369578553,0.00048587399401051523,0.013644280781053654,
2.1715697107418106,0.00048525118917301907,0.01362175802509502,
2.1715664937359116,0.000490999251384019,0.01360513097411488,
2.1704549587578525,0.0005165145408809578,0.013586021692063514,
2.170420265193623,0.0005144158134687204,0.013563159358923809,
2.170414514071248,0.0005102195473704038,0.013544858276971451,
2.170345641959754,0.0005124382924626365,0.013526407855485359,
2.1702910036984924,0.0005200490545142478,0.013511732659603554,
2.1702870701496098,0.0005184562274288621,0.013700568046841983,
2.1699287031370407,0.0005071371330683681,0.013674652236189336,
2.1698980431351336,0.0005052066747146417,0.014390537882931641,
2.169893774102167,0.0005117561904628028,0.014127729740445185,
2.1697820698901698,0.000587279903049358,0.014119591893241997,
2.1697511300229215,0.0008050623142424004,0.014091434846368298,
2.169747207393149,0.0005295438644963219,0.01404280224835452,
2.169636063998393,0.00050660044254008,0.01400030015069211,
2.169602979822747,0.0005064610258629019,0.013969992091167262,
2.169599195103499,0.000506364500796689,0.013929086556665067,
2.169394438517966,0.0005062810003442452,0.013414828795770512,
2.16936064650915,0.0005062468519922465,0.013375698337198054,
2.1693567256723516,0.000506213171532719,0.013387157279856876,
2.169047383079132,0.0005061718721942805,0.013366578036254724,
2.168963620350427,0.0005061326536735051,0.013344997342910338,
2.1689517969544085,0.0005059508216559292,0.013325156634243576,
2.1688675487870435,0.0005060115140397398,0.013320388352845502,
2.16739146285075,0.0005059038938343797,0.013320869151283287,
2.167377211624031,0.0005058630495404877,0.01333158964707134,
2.165806966891018,0.0005058167843956551,0.013331991492206152,
2.1654178443203813,0.0005058115936847074,0.013413179491076625,
2.165323293419839,0.0005058004678024218,0.013358204986774168,
2.164985462131876,0.0005058176880557888,0.013312520545289086,
2.155091062932151,0.0005057081596685207,0.013282148051304035,
2.1550877893177405,0.0005056868187933687,0.013270901603841704,
2.1520718878478577,0.0005056676331683121,0.013252563144641624,
2.152031118887298,0.0005056526629289413,0.013229015438098306,
2.1520256592494036,0.0005058619759435362,0.013092834871758444,
2.15199022237014,0.0005057669854240111,0.013080347286711518,
2.145381137153296,0.0005056461378153583,0.013074811702645545,
2.145379376200519,0.0005054623197934178,0.013080148468569816,
2.143109580209334,0.0005057810077732393,0.013061866478858554,
2.143061961241991,0.0005056271480880689,0.01304347375863673,
2.1430596571994363,0.000505507612195777,0.013281363191192984,
2.14301738720207,0.0005051995779567999,0.013265621560601742,
2.139487846600467,0.000505329786035033,0.01324975284112438,
2.1394868263028535,0.0005061646696483328,0.013232113264296625,
2.1381435830710602,0.0005735858576434069,0.013212560871560178,
2.1380990488242624,0.0005033854513317778,0.013264763547111404,
2.1380979843330477,0.0005037702443044856,0.013228027053716037,
2.1380579597951086,0.000502855419715548,0.013216368816281314,
2.1360524917850277,0.0005028071949078837,0.013201713488025065,
2.1360518854088033,0.000502776039538575,0.013194628276593663,
2.135242241963641,0.0005032616664603562,0.013178002328407707,
2.135206288779794,0.0005049748492652152,0.013163060710467137,
2.135205666397826,0.0005245089204847161,0.013147494580137989,
2.1351732884536236,0.0005241431373770608,0.013131856230940982,
2.1340418457937598,0.0005228726244846769,0.01311785299603725,
2.1340414941739914,0.0005228491805486528,0.01310301577170948,
2.1335915701442105,0.000523698990340081,0.01309468999017218,
2.1335633782785157,0.0005232392898178555,0.01308079437883121,
2.133562983726584,0.0005140940395528377,0.013068885909344529,
2.1335376911922013,0.0005145837321855947,0.013052679012568114,
2.132935014889988,0.000514796846020527,0.013039585370764013,
2.132934794873915,0.0005151072316778956,0.013023705008391536,
2.1326630945631018,0.0005151825120019142,0.01299928484356061,
2.1326418902603694,0.0005146072245467386,0.013004277717357508,
2.132641627888027,0.0005185354989148442,0.012974379408456532,
2.1326226380360653,0.0005182306180590864,0.01297672080674827,
2.132259497249329,0.0005181754566222164,0.012966074408789247,
2.132259349303634,0.0005182547280942934,0.012957133903410877,
2.132075005635344,0.0005181543446766696,0.012956531609592814,
2.132059369949938,0.0005182286205243756,0.013031557042578457,
2.132059154914492,0.0005182470681210727,0.013138157525265703,
2.132045165030966,0.0005182776296723752,0.013073357357073802,
2.131810306194054,0.0005188997326567509,0.01306536474474187,
2.131810205147406,0.0005180027277127189,0.013047466971663218,
2.1316815114352714,0.0005177675013706722,0.013032376813042323,
2.131669638327578,0.0005171969876276935,0.013022479987889288,
2.1316694658823847,0.0005172938844025715,0.013006932342626369,
2.131658833798612,0.0005171664811951018,0.013447280018141909,
2.1314965381727893,0.0005177696220061149,0.013263329507058276,
2.131496463561419,0.0005169669724008892,0.013137933298103137,
2.131401670873166,0.0005168807288506869,0.013118156869915932,
2.1313921658385246,0.0005168680650673543,0.013075863373889936,
2.1313920225731713,0.0005165647661923069,0.013057906377528851,
2.131383505055646,0.0005165066772148595,0.013039939015039276,
2.131261948368693,0.0005163797262991453,0.013024286247578273,
2.1312618903762814,0.0005178008822103067,0.01301208008772647,
2.1311861644157215,0.0005173663065247879,0.013011502619511303,
2.1311781887723438,0.0005173132102727962,0.013003375426239335,
2.131178076609292,0.000517251083933105,0.012962355641335523,
2.1311708881974125,0.0005172110849750408,0.013011266176429727,
2.131071813320893,0.0005175147587567875,0.013005348840401098,
2.131071766862806,0.0005173597516301883,0.012973137394717197,
2.131008166699886,0.0005172931136392464,0.012950535228572844,
2.1310011295937206,0.0005161261590570053,0.012939141542633936,
2.1310010431037285,0.0005160158164682138,0.012924567814375582,
2.1309946632237087,0.0005201794254285299,0.012910418285203586,
2.130907387333775,0.0005194473678616628,0.012896031276480346,
2.130907346076888,0.0005193226956046417,0.012882159548395755,
2.1308501365527923,0.0005196752954388671,0.012863154975892448,
2.1308436902903902,0.0005188407721746308,0.012848490672148105,
2.1308436183450907,0.0005178998544039062,0.01283277027290097,
2.13083774667211,0.000517708065702777,0.012809331485790151,
2.1307558824179194,0.0005176625080594008,0.012804647883806666,
2.1307558444821924,0.0005172467060258794,0.012769656434327438,
2.1307005734455795,0.0005169844443230696,0.012746662242644676,
2.1306944868751985,0.0005166616790486145,0.012719703519828646,
2.1306944093830453,0.0005166376313230321,0.012777670278948543,
2.1306888621371187,0.0005165692234744422,0.012750277353356772,
2.1306135061512568,0.0005200702225485373,0.012721686137995968,
2.1306134742364584,0.0005210254974112163,0.012700486674739778,
2.1305644515453444,0.0005203569353620448,0.012655314041367376,
2.130558572691017,0.0005177050848163458,0.012646662969991573,
2.1305585233251527,0.0005159538996750382,0.012630973107991184,
2.130553126263124,0.0005164852546697254,0.012612943430012919,
2.1304803864252952,0.0005172283893292298,0.012600068074499794,
2.1304803569383273,0.0005195101822120005,0.01259517265978885,
2.130432466404986,0.000553672584801529,0.012565081158341667,
2.130426665048124,0.0005406752569670993,0.01204944503128123,
2.130426613647321,0.0005418684230051967,0.012035492145098334,
2.1304212841534524,0.0005397114851643026,0.012026451119413759,
2.1303532404940406,0.0005368333347443266,0.012005300062393249,
2.130353213377474,0.0005374121875967847,0.011932237865230158,
2.130306563822131,0.0005396392629085257,0.01187992400892108,
2.1303008312387672,0.0005191263115491826,0.011986450934676223,
2.1303007863777177,0.0005101527680884961,0.011932978703802364,
2.130295500965946,0.0005104684215045444,0.011469680727286139,
2.1302295890785095,0.0005100040282364619,0.013686773559492096,
2.130229564418802,0.0005100088409082035,0.01374154836735669,
2.130183915406487,0.0005102499792500479,0.013693445510819163,
2.1301782178611983,0.0005103256352024511,0.013660181564684409,
2.1301781814407748,0.0005103869859498738,0.013619175153345917,
2.1301729043531865,0.0005105631597988124,0.013565661683476211,
2.130108214723534,0.0005105742725086788,0.01352409113499986,
2.130108192920749,0.0005104976451460405,0.01352514304150588,
2.1300632187473085,0.000509823008021199,0.013518857510270365,
2.1300575316943733,0.0005099165661498202,0.014722968999520808,
2.1300575045115937,0.0005120195388082012,0.04103620469813197,
2.1300522161895987,0.0005125677432964278,0.10331796017354623,
2.1299863811873414,0.0005133273616558915,0.020982719536307724,
2.1299863622501505,0.0005131162824979228,0.027491851584095027,
2.1299428719308815,0.0005130171966967523,0.01370574123206605,
2.1299370762226717,0.0005124480345289477,0.01367923815931464,
2.1299370548585137,0.0006459543964590561,0.013651731781653407,
2.129931655052079,0.0006112826611440677,0.01533633169264191,
2.1298680609989735,0.0006121912320265111,0.016247590559954332,
2.129868044550864,0.0005230613743700404,0.013890752122800581,
2.1298254266491634,0.0005223444339621006,0.013710093341725172,
2.1298194902595693,0.0005222210806214879,0.013672112473285742,
2.1298194730378297,0.000522283120862436,0.013637107377721999,
2.129813931401301,0.0005447507224089949,0.013612858466034909,
2.129752054672126,0.0005293549554888569,0.013592575662403674,
2.1297520400469208,0.0005324134177488987,0.013572347224900614,
2.1297073458073794,0.0005304540665768869,0.013553684937055766,
2.129701332230322,0.0005304682785527188,0.013532290261560971,
2.129701315869662,0.0005306234439750247,0.013502678570775261,
2.129695660791289,0.0005306920416151477,0.013459803539027296,
2.1296357546817593,0.0005302449306806328,0.013416679222214426,
2.129635742183364,0.000530777255559836,0.013358230043962284,
2.1295924851134593,0.0005306772229770648,0.015695245982733686,
2.1295863183565484,0.0005300008294263462,0.014557557195123208,
2.1295863065873313,0.0005297163584347653,0.01444637826667187,
2.1295805095032296,0.0005296196534673945,0.014428258981442788,
2.1295205340782433,0.0005297340960507733,0.014429989703283035,
2.129520523285332,0.0005806161148215865,0.014455523752592158,
2.1294768487278652,0.0005502957787083231,0.014436548963799744,
2.1294704869726484,0.0005501423023632232,0.015167629054884512,
2.1294704760491228,0.0005501023033312413,0.01509185653650772,
2.1294644626249317,0.000550216912041679,0.014635872104086914,
2.1294078580499898,0.0005503684570045326,0.015467004384166786,
2.1294078483488814,0.0005506041567825073,0.01452064582213142,
2.1293641162762897,0.0005507350437597601,0.014446732020508085,
2.1293576138381742,0.0005512762021050094,0.01442436000193363,
2.1293576051408376,0.0005521999654143017,0.014420837192782775,
2.1293514510812646,0.0005522188035522158,0.014399389421958396,
2.129294508155355,0.0005520753927980714,0.014378547450398974,
2.1292944997319836,0.0005520633405231386,0.014361543174169553,
2.129251618765005,0.0005521389013773186,0.014332541208787478,
2.129244854699876,0.00055211092743496,0.014314962053294347,
2.129244847381649,0.0005522467960967087,0.014289040135631788,
2.129238438319459,0.0005520174010086162,0.014278121972312638,
2.1291836907683974,0.0005517285309553678,0.014263412992760578,
2.1291836833320503,0.0005515363760429263,0.014242345123220425,
2.129141813820576,0.0005513568916969315,0.01421605071782847,
2.1291347668202425,0.0005512781567803295,0.014197521293743864,
2.1291347609741123,0.0005512813679271468,0.014179474685062074,
2.1291281073496853,0.0005510345510646914,0.014158842526889292,
2.1290733820332544,0.0005515567733058634,0.014144105942276683,
2.1290733752993747,0.0005516346308269966,0.014120813471950018,
2.129031853444002,0.0005518309702223455,0.014099047351867003,
2.1290244572033865,0.0005523830985473475,0.014078516730389547,
2.129024451905805,0.0005527863438694299,0.01405943894262517,
2.1290174498012697,0.0005528972956999451,0.014041545900668275,
2.1289651389205178,0.000553604582686494,0.014053050781160429,
2.1289651326977808,0.0005558571235265751,0.014031088222304927,
2.128923376228743,0.0005636721129150688,0.01401229762800929,
2.1289157119648823,0.0005448401668442308,0.01399131290789196,
2.12891570711072,0.0005449144095641223,0.013963688158456174,
2.1289084310219635,0.0005447725477335001,0.013935865226542554,
2.1288571030955823,0.000547853423805197,0.013906568019213996,
2.128857097259031,0.000547797022477985,0.013933068495570695,
2.128814710800008,0.0005478662175634215,0.0139162035086872,
2.1288068185551423,0.000547728587366029,0.013839864510567464,
2.1288068134474805,0.0005481971093106692,0.013802486454001707,
2.128799268060206,0.0005464858115357344,0.013747576254287979,
2.1287499810535677,0.0005454100415843931,0.01369845821950538,
2.1287499753839323,0.0005453386812890111,0.013632046365313628,
2.1287071115871035,0.0005533339228837104,0.016696821321361965,
2.1286990987323304,0.0005492748131516519,0.013565123529497921,
2.128699093970726,0.0005490941333242216,0.017215824896838854,
2.1286914178605776,0.000547620740692345,0.015775568765456143,
2.128642063434592,0.0005453601447645193,0.013615693009568438,
2.128642058143893,0.00054346138850119,0.013482590243837684,
2.128598979283002,0.0005437636431988047,0.013474289797763422,
2.12859081669076,0.0005437877370485883,0.01346897181822415,
2.1285908120066557,0.0005460587912425846,0.013796564583460649,
2.1285829766330173,0.0005466057098817906,0.013554845977664797,
2.128534131344081,0.0005473736186033463,0.013532264020009833,
2.128534126196945,0.000546564848800024,0.013121518533527929,
2.1284908448975113,0.0005476857284424276,0.013065061755711016,
2.1284825510973757,0.0005423563236550639,0.013019771588205695,
2.1284825463083306,0.0005426303964823569,0.01299719697255096,
2.1284745721586584,0.0005428071195740249,0.012994234521428791,
2.128426223884181,0.0005427808409701857,0.012979408942927546,
2.1284262188942336,0.0005429851159959613,0.012984610505466357,
2.1283831363987122,0.000544446902164761,0.012970723064985246,
2.12837470444952,0.0005431532312730212,0.012952827685484277,
2.128374700070437,0.000544082486805596,0.012951313756142507,
2.128366594286892,0.0005395851298128396,0.01297602719470587,
2.1283183802384253,0.0005392533685174112,0.013065142345299824,
2.1283183755298527,0.000546148012337195,0.013001932711164593,
2.128276032627129,0.0005463570396671164,0.013150312933749119,
2.128267383995759,0.0005466561900515053,0.012961958749979666,
2.1282673801186376,0.000547099644339534,0.012959822699538328,
2.1282590830136177,0.0005485803852344034,0.01294212186287473,
2.1282111556207273,0.0005488924335083794,0.012924374983661505,
2.1282111509701678,0.0005495225965464329,0.012899520861242584,
2.12816929023938,0.0005506090055343967,0.012882584608747751,
2.1281603888045653,0.0005506074312291088,0.012868569382299555,
2.128160384611013,0.0005507431360989616,0.012850140777937412,
2.1281518355422455,0.0005506345052435274,0.012825991007699019,
2.1281052435159253,0.0005506362202029639,0.012799158717485033,
2.1281052385371813,0.0005509603948014244,0.012770254957933026,
2.1280633071377553,0.0005510338213844015,0.012747893121808483,
2.128054262522473,0.000551123974427096,0.012733948322438161,
2.1280542578206574,0.0005510644777075637,0.01271856347042923,
2.1280455639179947,0.000550854766798095,0.01270333566469043,
2.127999482975416,0.0005522479694769377,0.01268890512566674,
2.1279994779566755,0.0005527985401623868,0.012672203799728065,
2.127958169189693,0.0005525900727059383,0.012673248772889497,
2.1279489287313758,0.0005527117616094569,0.012669560109023252,
2.1279489241059397,0.0005528383627446187,0.012723595041822005,
2.1279400528041648,0.000552931674201549,0.012691208932910168,
2.1278945548460806,0.0005529667543292599,0.01267312841628011,
2.1278945496815234,0.0005530926782691623,0.012660085172305118,
2.1278538530098356,0.0006062512935121396,0.01265216301555519,
2.127844401346221,0.0006041721219960297,0.012642455993601863,
2.127844396841717,0.000601217692165928,0.012593341147243033,
2.127835341037043,0.0006098437792549607,0.012566468811388211,
2.127790231085775,0.000598643268850931,0.01250338971686213,
2.1277902258096577,0.0005813960603350612,0.012427895535570194,
2.1277503941940723,0.0005709636755594114,0.012356545069046243,
2.1277406605561264,0.0005618297988549874,0.012283026916303794,
2.1277406562925645,0.0006317250059126255,0.011634500460578207,
2.127731367948592,0.0006117453440702522,0.01095895143330264,
2.1276865775720992,0.0005915429328512339,0.010861711290252029,
2.1276865720030385,0.0005717421924218338,0.010769248213259357,
2.1276472038120815,0.000624280404678094,0.010711659220333835,
2.1276371798112748,0.0005694807635342787,0.010477655288304013,
2.127637175131517,0.0005502559730541114,0.0104536843104832,
2.1276276168690145,0.0005466798901357631,0.010434676564891152,
2.1275836833088952,0.0005459310784642795,0.010417733064416249,
2.127583677269121,0.0005456127867364512,0.01040373834128424,
2.12754477403869,0.0005455663825723037,0.010390877708102575,
2.127534473974336,0.00054539525353016,0.010388580937008325,
2.1275344682635393,0.0005458671125885617,0.010379027080977071,
2.1275246434813173,0.0005465715510768656,0.010348044739694372,
2.1274819649928465,0.0005467480966062457,0.01031500074979411,
2.127481958202093,0.0005868221071312756,0.010279905419418934,
2.1274436413397813,0.0007301271099624504,0.0103277567848551,
2.127433116249163,0.0008313306868536355,0.010292786545154442,
2.1274331105039095,0.0005836074415869114,0.010270649458621061,
2.1274231024485535,0.0010504529604496516,0.010254148316583566,
2.1273805774421897,0.0005560208243960926,0.010253914786036756,
2.127380570167222,0.0005419354008166452,0.010243583312345197,
2.1273426112313834,0.0005420523325773808,0.010254998982793402,
2.1273318407614705,0.0005420068493483432,0.010449494020503488,
2.127331834623706,0.0005409036867416036,0.010194619347846557,
2.1273216180716408,0.0005390623801914634,0.010148854190298028,
2.127279402948435,0.0005391365935444627,0.010097553950207425,
2.1272793949536877,0.0005387958588098487,0.010047508259245488,
2.1272417159904125,0.000539036166432703,0.00999809114680856,
2.1272307059001294,0.0005388993141764582,0.009949837191358089,
2.1272306991917636,0.0005383664453785681,0.00992765337595703,
2.1272202815016956,0.0005374420947753979,0.00993010299089349,
2.127178310108338,0.000537115234327161,0.009924529312045573,
2.1271783014977874,0.0005372718820943538,0.00991388535339178,
2.127141204932495,0.0005352630208639501,0.009902200056938332,
2.127129878950597,0.0005351754552711131,0.009887948054287922,
2.127129871965705,0.0005341400456290561,0.009875798351415084,
2.1271192043929985,0.0005334069073113661,0.009861189008936554,
2.127077537437961,0.0005337776076019447,0.00985081003941072,
2.1270775282470025,0.0005344976017829599,0.009839342730159564,
2.127041285889689,0.0005342952780106977,0.009827619154394618,
2.1270295367392418,0.0005357643846664607,0.009818378518452155,
2.1270295300822273,0.0005363327714273409,0.009802232616684692,
2.1270185835578,0.0005364847161870591,0.009793559539121482,
2.1269766348216748,0.0005365583021875977,0.009780129028906842,
2.1269766251428597,0.0005337364391341095,0.009762274737083698,
2.126941692645295,0.0005359056155768485,0.010317140762269023,
2.1269292258888317,0.0005356970433894342,0.010504401086588648,
2.1269292187315063,0.0005353048632481074,0.009962163482360812,
2.126917701291295,0.0005357910439989683,0.009953333011959789,
2.126877173954693,0.0005358668268113918,0.009955823712469256,
2.1268771629414758,0.0005358211425756279,0.01007557117504374,
2.126842736115991,0.0005375660530804419,0.009924962210553157,
2.1268297575571395,0.0005363445105422287,0.009921312613874134,
2.126829749250887,0.0005355016914796486,0.009915790888601674,
2.12681774970509,0.0005355370908205546,0.00991141865189093,
2.126778444874618,0.0005358519534695911,0.009912989929086133,
2.1267784327355717,0.0005358584778782854,0.009928019565690309,
2.1267449997765366,0.0005356150977290839,0.009913613675347212,
2.12673140310123,0.0005356737698855892,0.009944677363730264,
2.1267313944974133,0.0005356056351983138,0.00992353097355964,
2.1267189734611565,0.000535472179855233,0.009908099005606878,
2.1266800525312166,0.0005354356004301541,0.00989315604647726,
2.1266800391316587,0.0005354365591729433,0.0098802790509706,
2.1266471956277884,0.0005355171871959878,0.00986823808910526,
2.1266329924078398,0.0005355488932775927,0.009870852936476226,
2.1266329833879896,0.0005355455091415495,0.009878308156968796,
2.1266201859815506,0.0005356399199297602,0.009862251188588984,
2.1265811245034567,0.0005359048670642446,0.009811322237799522,
2.126581110044205,0.0005361370167568928,0.009760242322329646,
2.126549234331241,0.0005360497471864819,0.009758006343644396,
2.12653410401415,0.0005358885011494827,0.00973181307536337,
2.1265340939780697,0.0005357645306923893,0.0097082963277449,
2.126520572769646,0.000535746388173411,0.009684507303458188,
2.1264829439945143,0.0005357191578027374,0.009685351923347902,
2.126482927679497,0.000535706069739719,0.00966592954502745,
2.126451551455599,0.0005355135822424393,0.009662594578301145,
2.1264357504097795,0.0005354624618091672,0.009652958209339823,
2.1264357390497146,0.0005355240615537529,0.009625878304597152,
2.126421615310762,0.0005353848122020902,0.009615133018484816,
2.1263851034764123,0.0005353600121120664,0.009548601890558324,
2.1263850854533533,0.0005354078117410192,0.00954169933494517,
2.1263547122679434,0.0005353856543969266,0.009528503532485208,
2.1263380141729664,0.000535614001960279,0.009514811364408973,
2.126338002403152,0.0005328713643282617,0.00948567238764247,
2.1263233932517744,0.0005352513850717801,0.009466685577463262,
2.1262871702172963,0.000539654635270903,0.009448234831186031,
2.1262871509970442,0.0005408970081160687,0.009430790979493713,
2.1262580045426076,0.0005421241011960084,0.009415470806038686,
2.126240003382089,0.000544205022387975,0.009400837662282474,
2.1262399908415985,0.0005453188935375269,0.00938717196290395,
2.126224552617155,0.0005492285588118591,0.009548069638042984,
2.126189649707078,0.0005387393233621054,0.013369686666583808,
2.1261896286475643,0.0005384607408693037,0.009493131551880325,
2.1261614675551535,0.0005382393629704101,0.009375921319463137,
2.1261422551019074,0.0005387160007788272,0.00936136636423787,
2.126142241689267,0.0005410412538025381,0.009355142141938631,
2.126126095700961,0.0005386926856859524,0.009338394480411679,
2.126092113784214,0.0005407052643091013,0.00932471374182525,
2.1260920903205602,0.0005406813122931253,0.00930179552792955,
2.1260640362744354,0.0008019947088973103,0.010172222144401865,
2.1260443278507735,0.0007758891729666828,0.009538875113610188,
2.1260443122971635,0.002153861326585513,0.00948356459741219,
2.1260272879963824,0.0011677596210947854,0.009469095440159302,
2.1259950565183203,0.0006797602661832556,0.009465772624205867,
2.1259950303143005,0.0005796230112532666,0.00945377484155303,
2.125967688364205,0.0005788979599560722,0.009452799809049455,
2.125947274593649,0.0005788907038245322,0.00943811291296634,
2.125947257713941,0.0005789241189555875,0.009416182144520667,
2.1259297322232644,0.0005792119499216,0.009394758213632514,
2.1258983221996792,0.0005774884394619408,0.009376839030165935,
2.1258982945069893,0.0005769015723836914,0.009356385383407557,
2.125871983361013,0.0005767788433838428,0.009419396352760318,
2.125850382821315,0.0005766539288686874,0.009679970445941719,
2.125850365261566,0.0005786446231594034,0.009416329234832458,
2.12583213868583,0.0005784795096695856,0.009400524418510676,
2.125801858563221,0.0005785758499173827,0.009383619140107288,
2.125801828044847,0.0005781521567216106,0.009372890165759519,
2.1257761494786176,0.0005781554259923872,0.009361345833188648,
2.1257538902404285,0.0005036807317337639,0.009351418075189348,
2.12575387082927,0.0004935388011141766,0.00933928603751295,
2.1257350192550835,0.000493677758172783,0.00932810092350342,
2.125705881210804,0.0004951743626340997,0.009316460490320859,
2.125705849163889,0.00049678783532217,0.009305852690543268,
2.12568146912439,0.0004961875749280827,0.009295301593981009,
2.1256575434429226,0.0004963958740721478,0.009275123825507482,
2.1256575234621486,0.0004964554493065717,0.009173738397625697,
2.125637708202783,0.0004963760193947573,0.009049522794574504,
2.125610069422624,0.0004960571340948487,0.008932074128371539,
2.1256100337074275,0.0004960549350920861,0.008812645187518883,
2.1255864686474517,0.0004959937592597253,0.008741273333980335,
2.125561777683738,0.0004959741829714688,0.008734266799207566,
2.1255617556017956,0.0004959593071469073,0.00872100820131735,
2.1255413055825056,0.0004959478192073935,0.00870804296264089,
2.1255148281654384,0.0004959069642962848,0.008696025635563666,
2.125514789316557,0.0004959190602401759,0.008683029090083673,
2.1254921344183453,0.0004959066075346423,0.008671971526432244,
2.125466426226935,0.0004961098354892953,0.0086607987628159,
2.1254664016557396,0.0004962482089592607,0.00864839490461058,
2.125445111174033,0.0004963157430140313,0.008636932847948269,
2.1254200036879443,0.0004965667811468962,0.008625538168349269,
2.125419962096014,0.0004966805219199955,0.008621323835083562,
2.125398478859248,0.0004973143998544394,0.008436608091455603,
2.1253711000874835,0.0004940903240641151,0.0061335461459774455,
2.125371076290261,0.0004943098089712789,0.006111969989991107,
2.1253494554193053,0.0004939591550915481,0.006075164571701953,
2.1253251628984904,0.0004939793249946284,0.006061668261639763,
2.125325120195398,0.0004937766853743132,0.00604823426803201,
2.1253046323650917,0.0004937930911278103,0.006039648854093459,
2.1252757011344348,0.0004938493408418591,0.006032932279939626,
2.1252756751012813,0.000493895921608134,0.006027846479524782,
2.1252527956956366,0.000493867267167776,0.0059585553657337895,
2.125230186853103,0.0004939585612745198,0.00595131062592132,
2.125230138064262,0.0004939004159180712,0.005945590953206036,
2.125210748895317,0.0004939366346680129,0.0059140750424680625,
2.125180408796371,0.000493897942757638,0.006014718336012793,
2.125180379884753,0.000493969002598812,0.005772471289158848,
2.1251565488415096,0.0004941924814483689,0.005698112399041627,
2.125135315629609,0.0004942921824311997,0.005686500400178001,
2.125135260673183,0.0004942582125199369,0.005669829730219064,
2.1251169561592795,0.0004942180914645056,0.005644172980859721,
2.125084945229929,0.0004942822440237132,0.005626377569384364,
2.125084914024579,0.0004943617485071621,0.005607987774454015,
2.125060349645188,0.0004938673892306862,0.005602949252203663,
2.1250403348128963,0.0004938762607795528,0.005597646445478738,
2.125040274247514,0.0004939358005048431,0.005578884277827135,
2.1250229647677017,0.0005155180357915162,0.005570439199133026,
2.124989558545237,0.0005109171838688047,0.005566068689381027,
2.1249895257945686,0.0005120125072881074,0.005559115553632486,
2.1249641261034777,0.000514993827669194,0.00555192857748303,
2.1249453280697166,0.0005175690521661336,0.005545961558125502,
2.1249452576944057,0.0005173566248641882,0.005541423639181917,
2.12492886235064,0.000516398097862995,0.005540225063117388,
2.1248947450606184,0.00050961896753816,0.005534348759988495,
2.124894709467604,0.0005098171173413147,0.0055201325481541875,
2.124869202327453,0.0005080691858677914,0.005466126036965682,
2.1248513160468137,0.000496234930765856,0.005429046448237807,
2.1248512427082193,0.0004965750864073008,0.005328363654770645,
2.1248357269355895,0.0005015773934482253,0.005317973874897458,
2.124800039964857,0.0012103381141398933,0.005320560182828707,
2.124800001355858,0.0014864191570684046,0.005306174982470512,
2.1247741072603525,0.0006449049986257085,0.005290158695108478,
2.1247572781152817,0.00047318598514761224,0.005276203533921504,
2.12475719854004,0.0004732144539264749,0.005269842326774174,
2.1247427194133355,0.00047397659391032443,0.0052667006816519155,
2.124704075411645,0.00047256553303467677,0.005249508854574497,
2.1247040340045076,0.0004713210374517774,0.005236991959915769,
2.1246776300600825,0.0004710503200466978,0.005232853975495592,
2.124661991330974,0.00047096327867846883,0.0052303622844876675,
2.124661897868801,0.0004708677458754204,0.005191071726776774,
2.124648402271722,0.00047134860618287014,0.005189809201031341,
2.1246089669151,0.00047080681682058333,0.005174450536368613,
2.1246089193214908,0.00047171277339831224,0.0053311462623334485,
2.124582105586484,0.0004708865052913069,0.005186240841442058,
2.1245675595817692,0.00047130129066976824,0.0051795192475253245,
2.1245674520694315,0.0004740073387579535,0.005178646251387303,
2.1245549023796566,0.00047404038295663137,0.005171380132214456,
2.1245135228675194,0.00047433719301291904,0.005140865507816933,
2.1245134704815896,0.0004743350913838733,0.005132933567450776,
2.124486136687147,0.000474736710156964,0.0051169008602533735,
2.1244726159397804,0.00047557207252298193,0.0051094605792761025,
2.1244724917514115,0.0005136187719092597,0.005099017645706913,
2.124460870456449,0.002067740816555738,0.005091617698531817,
2.1244162416288868,0.0004981315344562146,0.005083501345714178,
2.1244161826517547,0.0005313101354811486,0.005077997631910715,
2.124388661516904,0.00048763952264338695,0.00507828182841256,
2.1243760925070214,0.00048661013424895603,0.007528048164260778,
2.1243759624679766,0.00047752739513507884,0.007368286982073819,
2.124365216108582,0.00047776398121448865,0.004864275111614901,
2.1243157284336247,0.00047849808377785,0.0048544627539909,
2.1243156552407214,0.00048252787955480064,0.004843534247486746,
2.1242876391837466,0.00048382718823952747,0.004837164794829005,
2.124276028480172,0.0004846127058629793,0.004825541396580073,
2.1242758600584897,0.00048552004650706076,0.004817711987510832,
2.1242660454471234,0.00048711657997280514,0.004809628782184204,
2.1242085255636134,0.0004858560022007844,0.004790877922661408,
2.1242084312595155,0.0004804303498433605,0.004784733502699082,
2.124179778229695,0.0005937114791406352,0.0047781301126019,
2.1241688064749007,0.00061588283856498,0.004770200721780458,
2.1241685734805222,0.000986473015207467,0.0047628996664236325,
2.124159507508886,0.0014840351429693404,0.0047547107556657016,
2.12408116208563,0.0022374837244992832,0.004748877771508188,
2.124080964404011,0.0024158839660102867,0.004743925126014899,
2.124052179814731,0.0004915393436853023,0.00473726037979146,
2.124040244609484,0.00047899921373668343,0.00473153398700211,
2.1240398467080808,0.00047913933168628516,0.004726321166853596,
2.1240305556417702,0.0004787284266808822,0.0047209806971944355,
2.1239145909718538,0.00047872964763592097,0.004715750665632516,
2.1239138401312787,0.0004787418609986536,0.004703445329209892,
2.123881106727341,0.0006699902113541006,0.004697893887602059,
2.1238561955596857,0.0005221477914256014,0.004692361661093831,
2.1238554011752666,0.000522618757743836,0.004686921442158399,
2.1238396674901363,0.0005230447972003635,0.004682077440671828,
2.123679245338449,0.0005198739778446412,0.004676678447835698,
2.12367538314558,0.0005190798358981453,0.004671510578105132,
2.1236194394279657,0.0005246588966934745,0.004663448762136117,
2.123400331354902,0.000523848080400475,0.004658475331097405,
2.123373465968652,0.000517351633470535,0.006659138777489932,
2.1232030594142053,0.0005169235172341399,0.0047717734414357785,
2.1195463720200403,0.000516217865267414,0.00456451105960625,
2.118677109009655,0.0005149252016178614,0.00455914990367299,
2.1162708710364773,0.0005147838139432115,0.004551325531391794,
2.1143388974958555,0.0005143465026803636,0.0045543085570484,
2.1135562177048444,0.0005146364209232864,0.004549726645904841,
2.1133325804307104,0.0005147424338568589,0.004544616576122656,
2.113319886295678,0.0005158571104080652,0.004539460563227447,
2.1130405420769147,0.0005159751582224267,0.00453414569721227,
2.11227963296627,0.0005158660173049176,0.004529881091250099,
2.1122760812233823,0.000516480951856844,0.004524615116682094,
2.1120357002288137,0.0005308214385724508,0.004518912051238602,
2.1120206806154043,0.0005350772181163428,0.004518819860302273,
2.111831266801941,0.0005188118709456263,0.00451740572031052,
2.111674147560633,0.0005185654378309735,0.004509769953431835,
2.1113455659759173,0.0005186839869289851,0.004502433573742765,
2.111010882571688,0.0005185226302129813,0.004495199788306976,
2.1101016577277307,0.0005172590452862302,0.004487936604912234,
2.1098210055671602,0.0005179660567541309,0.004480878856531013,
2.1096059881127966,0.0005172890251552357,0.004473883505907606,
2.109446385801858,0.0005186660802178413,0.004466858043231977,
2.109400070442431,0.0005167159515106971,0.004460291893503709,
2.1092966208345385,0.0005167761364461785,0.004455935611501491,
2.1091536537891464,0.0005165309598515711,0.004450352902456541,
2.109003641650504,0.0005165359489844219,0.004436135904397625,
2.108436764673697,0.0005165320312822669,0.004435030858199446,
2.1061816485660607,0.0005165754626160025,0.004432491014998012,
2.104749682814365,0.0005166510747212996,0.004436187451468481,
2.0986000435008165,0.0005163649680178164,0.004424294280790795,
2.092939354933594,0.0005165630691915614,0.004434374926069817,
2.0916598948043523,0.0005163696755257133,0.004431177854001374,
2.08947607189548,0.0005163211139114408,0.004434449139355191,
2.0888142345049783,0.0005161246381635837,0.00442990089182508,
2.08873505645827,0.0005160799002952941,0.004424382917424031,
2.0879502996732633,0.0005161383184333427,0.004418014189173223,
2.0878273867393484,0.0005162606980650968,0.004609545372424568,
2.0878170239927143,0.0005314657732548081,0.0045383535098342505,
2.0857661062964845,0.0005310115320553724,0.004528724317204722,
2.085735415625271,0.0005313606850739616,0.005814573007682753,
2.085732261745491,0.0005289731468524055,0.004704468474257637,
2.085693795399287,0.0005329092711997063,0.004400606592527551,
2.085595453830834,0.0007586311480745311,0.0043594827321110545,
2.0855942276142914,0.0005392282212777123,0.004338709504556077,
2.084387688270707,0.0005401668782568294,0.0046657534199481075,
2.0842900198889294,0.0005812865621667158,0.004347904396017645,
2.0842830704932522,0.0006718389557710303,0.004316428031004056,
2.0821932250726154,0.0006595098636904001,0.004313534837861976,
2.0821087513776977,0.0006127774500723688,0.004316124194677175,
2.0820961419002613,0.0012093343260152105,0.004312693994412215,
2.0819812009788206,0.0007009663483026157,0.004301546847107775,
2.080767174610476,0.0005173292703616286,0.004296125271653337,
2.0807543806998514,0.0005009158552966996,0.004288050516347136,
2.080190610646619,0.000500791724235748,0.004279959024674539,
2.079309057638163,0.0005531089583220445,0.0042747775110740585,
2.0792744626211426,0.0005563153961799021,0.004272693324996762,
2.078551690565271,0.0005143363087798843,0.004266944974700877,
2.07556966871394,0.0005259267101957843,0.004262324801327301,
2.0755392330700615,0.0007613674668560246,0.004257211818636143,
2.0750890916984805,0.0008200715156240982,0.004252243385164344,
2.0720158957894355,0.0007544349193892163,0.004246972212490644,
2.0720158551645813,0.0008317873941663159,0.004242695182320643,
2.0712403262794954,0.0006599351229390279,0.004239499852861256,
2.071237981863987,0.0005366261099499139,0.004226571465152205,
2.071237956462197,0.0005189775101406776,0.004228055911179555,
2.0712348444531647,0.0005187826425696222,0.004213981753323918,
2.071225784343077,0.0005187280341434,0.0042016387069916065,
2.071225760856306,0.0005186325205163579,0.004190371797336656,
2.0712185099003255,0.0005180167787368228,0.00420206030765411,
2.0712155311889586,0.0005176428680808228,0.004183706190014936,
2.071215508714288,0.0005175020607981779,0.004179280725775427,
2.071213422233053,0.0005174428121370065,0.004174344008942584,
2.0711225766142105,0.0005173458384085085,0.004168091164302574,
2.0711225628276653,0.0005177170981109068,0.004163572055775073,
2.0710975640192166,0.0005177101459379549,0.004162056015579033,
2.071095627958296,0.0005189109342615823,0.0041624215483789745,
2.0710956049855898,0.0005165566955046083,0.004162358953479173,
2.0710938013175118,0.0005162850896011623,0.004161384815050535,
2.0710254133523818,0.0005162549266856808,0.004163487917853925,
2.0710254020033636,0.0005161896800125718,0.004169791189359293,
2.0709920419856416,0.0005162573479776109,0.0041680082251164974,
2.0709901732269356,0.0005170885051070925,0.004162242796709332,
2.0709901454925737,0.0005235130612763609,0.0041567645762345725,
2.0709883837156386,0.0005179656789915189,0.0041511390088270405,
2.0709310233564246,0.0005206789239925952,0.004176293584459193,
2.070931014689437,0.0005149111053236269,0.004142434655615457,
2.0708985597316443,0.0005154953650425704,0.004135683245345092,
2.070896708387041,0.0005157231911698109,0.004129247311294103,
2.0708966914551112,0.0005159954712402728,0.004122845274392651,
2.0708949315569813,0.0005158672699765997,0.004111335759179135,
2.0708436736539686,0.0005156661856341566,0.0039924043179969115,
2.0708436674192705,0.0005156647016901541,0.00398191333067338,
2.0708116016670792,0.0005153756620579158,0.003971633320847744,
2.07080975124421,0.0005153444392028111,0.003963355279105378,
2.0708097441318603,0.0005152277943771879,0.003958609737075337,
2.0708079674281974,0.000515190182654125,0.003949351524852433,
2.070753568160127,0.0005151814332890282,0.003949141504022467,
2.070753563481088,0.0005153171287505872,0.003947351138395255,
2.0707136515725315,0.0005155727068581999,0.00394970806446971,
2.0707118091864474,0.0005154725356892584,0.003949233428370894,
2.070711802915611,0.0005156024612688612,0.00395109949392287,
2.0707100174692528,0.000515623915250096,0.003954838641049699,
2.070654998058384,0.0005156695299658965,0.003938488296029012,
2.070654994868434,0.0005156533499272161,0.003901599858844492,
2.0706115188762233,0.0005156624351336499,0.0038839018110497525,
2.0706096660038242,0.0005157024255049798,0.003880269071952043,
2.0706096619111607,0.0005158707834855944,0.0038638751173174337,
2.0706078549243547,0.000515974421341475,0.003819909755251309,
2.07055211975659,0.0005192215318644995,0.003804492491431383,
2.0705521174708448,0.0005174171646942899,0.0037948906681759586,
2.0705051424515313,0.00051732256265687,0.003786098719862209,
2.070503268613704,0.0005177269710106426,0.005449202093246756,
2.070503264827575,0.0005180221540474908,0.004018121503738538,
2.0705014327013394,0.0005189686442230581,0.003908056288008895,
2.0704462056610846,0.0005186575046139171,0.0038408005952270995,
2.070446203935457,0.0005188738198588937,0.0038307364756051776,
2.070399305528837,0.0006295567053542685,0.0038186622810708576,
2.0703973781895826,0.0006162903069135572,0.0037904580761418307,
2.0703973753673637,0.0007205272787111635,0.0037789792783757404,
2.070395487100594,0.0005425317873715055,0.003774037907871059,
2.07034105134113,0.000539808288847427,0.0037686458893133024,
2.07034104967055,0.0005397957224871222,0.003761543562061755,
2.0702939208928033,0.0005397920119631187,0.0037542627421511196,
2.070291922522398,0.0005397928822309945,0.0037488493954599697,
2.070291918284379,0.0005402542629284686,0.0037449725420313383,
2.07028996783207,0.0005404640652466001,0.003739713811343888,
2.070237203793403,0.0005391014848291891,0.0037328959337385908,
2.070237201681766,0.0005395877347752769,0.0037275909753217307,
2.0701900566677622,0.0005394412880658021,0.00372375533773055,
2.0701879999517674,0.0005387377945021284,0.0037238114754532085,
2.0701879934490783,0.0005421561130491329,0.0037235941086304018,
2.0701859971748773,0.000540527062924639,0.003719657486236515,
2.0701333567613434,0.0005400301776661326,0.0037140309491802597,
2.0701333538235698,0.000537858544800371,0.0037117556255330227,
2.0700866921022785,0.0005376628677010566,0.0037120443545151233,
2.0700845553196174,0.0005376279190298496,0.0037109386254326896,
2.070084543057981,0.0005375527428689823,0.003702586496056777,
2.0700824922098593,0.0005375216491208954,0.003702090553558491,
2.0700304215923317,0.0005374117745372986,0.00370152608691493,
2.070030416694789,0.0005375045345161244,0.0036982654237832278,
2.069984396791925,0.0005374524897631879,0.0036934440115841856,
2.069982169201572,0.000537596402004954,0.0036889529381722596,
2.069982143054692,0.0005375951318102383,0.003680537989513904,
2.0699800452229353,0.0005338858135780363,0.003676182213398188,
2.0699282907391865,0.0005321070016153076,0.0036729303000081056,
2.0699282820635956,0.0005320456512279738,0.0036687190631579515,
2.0698833029774772,0.0005322353616324058,0.0036658753856742246,
2.0698809636816984,0.0005330415187262772,0.003656414752997473,
2.069880927311947,0.0005330899458842647,0.0036328728225947424,
2.0698787519036568,0.0005394703847252082,0.003624816532103513,
2.0698256310159078,0.0005355683605173917,0.0036222693241069444,
2.0698256160790214,0.000530749188233982,0.0036194608139490897,
2.069780966727766,0.0005300482685704584,0.0036122026782645688,
2.0697784604821994,0.000530008453408972,0.003643915463251257,
2.0697783881162004,0.0005301554611784492,0.0035633977302440304,
2.0697761288928564,0.0005297175545660896,0.003551119779830644,
2.0697222517439546,0.0005297953096813772,0.0034686877429951414,
2.0697222273624942,0.0005299359343223416,0.003463153756915275,
2.069678939338499,0.0005297855865826809,0.0034578275713983047,
2.0696761900450986,0.0005295089345310389,0.0058103836589887365,
2.069676098609109,0.0005340588611233569,0.007780586795853807,
2.069673663627987,0.0005325042213013161,0.003991381509680708,
2.0696178481945013,0.0005328282360863735,0.003658728749995792,
2.0696178052013785,0.0005357099866073999,0.003646616878314359,
2.069575240441232,0.0005308941568561536,0.004740221288438422,
2.0695721288033364,0.0005278645733806828,0.0034209947870787313,
2.0695719811203483,0.0005297348987108495,0.003420860432997139,
2.0695693252573566,0.0005280486831479472,0.003415254330576471,
2.0695116860979508,0.0005275533666420375,0.0034044693936270995,
2.0695116110692373,0.0005275297679515336,0.0033946750765110477,
2.069470380281973,0.0005274635691996087,0.0034001615405650316,
2.0694667339483703,0.0005603664766973797,0.00339390230908084,
2.0694665255347773,0.0008439126267782162,0.003390930706859697,
2.069463525971181,0.0006718683537841169,0.0033862717782547065,
2.069403272992148,0.0005154348738762997,0.0033867679075842458,
2.0694031506789905,0.0005038006604494898,0.0033847408341902713,
2.069363497799593,0.0005033667030288985,0.0033809114015898984,
2.0693590126944508,0.0005028939201566247,0.0033775870397731735,
2.0693587611543514,0.0005028154175471763,0.00337305101219305,
2.0693551801919887,0.0005027904295562903,0.0033689315786369165,
2.069295095809514,0.0005028734826299404,0.003364871307015695,
2.0692949227079107,0.0005028650923476961,0.003360510285658194,
2.0692560348075024,0.0005028611090418715,0.0033566295499055177,
2.0692505353815185,0.000502854857221845,0.003352906167797976,
2.0692501944628963,0.000502858388048825,0.0033485853749815565,
2.0692459958411544,0.0005028560669050588,0.0033465263006084143,
2.069185555587953,0.0005028592462592263,0.003342607307262731,
2.0691853166833276,0.0005033953891840262,0.003338634000922687,
2.069147288951805,0.0005037080031373865,0.0033268597791772125,
2.0691405409965187,0.0005034247717626626,0.003325166500775587,
2.069140173287993,0.0005033865153170929,0.0033209174935503656,
2.069135124512614,0.0005032659586744657,0.003317233745207785,
2.0690735750231557,0.0005026474413253882,0.0033132394014100622,
2.069073259691832,0.00050258715026245,0.0033102512369248536,
2.069035425198593,0.0005025752787489629,0.003306109999670904,
2.06902711168726,0.0005269334225994704,0.003302140714248486,
2.0690266267980033,0.0005289499268660234,0.0032987203648751763,
2.0690207022605622,0.0005226563019979733,0.0033987449641257523,
2.0689610926712585,0.0005253255121887508,0.003311083589790072,
2.068960653619685,0.0005045766157709995,0.003307779335381583,
2.068924843466973,0.0005041837347266113,0.0033043646998434924,
2.0689146647119045,0.0005030771045015259,0.0032993507904118297,
2.0689141723531037,0.000600311995303796,0.0033034182341290935,
2.068907029605477,0.0005468427486685203,0.0032897997926697874,
2.0688488335447786,0.0005301668694852598,0.0033013040497156627,
2.0688483247331138,0.0005161815728643255,0.003288236684071878,
2.0688133090423735,0.000521099453644352,0.003282233139693337,
2.0688009297930647,0.0005179382826107324,0.003271058430174774,
2.068800437420985,0.0005177110217936599,0.003270033591404974,
2.068791894509369,0.0005165980640385176,0.0032592749324117667,
2.0687355546670365,0.0005161741637757365,0.0032548368366581157,
2.06873495671115,0.0005138432830236031,0.0032498020227296944,
2.068700776642712,0.0005126488495644556,0.0032506093674838877,
2.0686859448483235,0.0005124644440849443,0.0032455278924985093,
2.068685437218531,0.0005123922152486391,0.003244183552617929,
2.0686753976597054,0.0005122564691123244,0.0032385641437049674,
2.0686214056454943,0.0005124887696096099,0.0032359470512381013,
2.0686207551164446,0.0005132093692027645,0.003234022263766613,
2.0685876066241073,0.0005137183761028229,0.0032266066452869193,
2.068569907133965,0.0005134783384529085,0.0032227082685265746,
2.068569383013832,0.0005119482139897516,0.0032192536090827205,
2.0685577728206948,0.0005120645354343316,0.0032175178653012977,
2.0685065000844403,0.0005119192158455219,0.0032328063224738384,
2.06850569680154,0.0005120376148047685,0.0032246305116847593,
2.068474345153107,0.0005128251065795508,0.0032187682160892336,
2.0684533834545635,0.000512547191232772,0.0032227220364784044,
2.06845279753697,0.0005126745392018396,0.0032115898199556662,
2.0684396399473246,0.000512987840476061,0.003208426818528917,
2.068391874767493,0.0005217213508849752,0.003204574166682621,
2.0683909340129754,0.0005187701667744864,0.0032018101850958968,
2.0683616664880518,0.0005188204043050288,0.0034070375062283833,
2.0683367520582854,0.0005202976330587308,0.0032284024962048294,
2.068336139761402,0.0005194657793692385,0.0032282146540399785,
2.068321223993351,0.0005205324747998436,0.003172624948429152,
2.0682775150154273,0.0005192990645235192,0.0031773976598265634,
2.0682764416420056,0.000518107236181714,0.0031780855975308583,
2.068249126156906,0.0005208225597566007,0.0031693900200679384,
2.068220290636899,0.000509999576682748,0.003432082089420412,
2.068219628880975,0.0005108119091451933,0.0031353715105741945,
2.0682032167491124,0.0005106751758002761,0.003129615278300849,
2.068163607723906,0.0005107302569307066,0.003118044409853616,
2.0681623506430418,0.0005108452533389386,0.0031113639402362957,
2.0681374362355784,0.0005116889676876608,0.0030906817214211486,
2.068103844156821,0.0005116580054440702,0.003083858572993705,
2.068103104385068,0.0005115459398544324,0.0031222102334530154,
2.0680856152500158,0.0005109073253462387,0.0030547638459936834,
2.068050056099058,0.0005108985217718455,0.002973279799373756,
2.0680483768030404,0.0005109597382400846,0.0029631453411887027,
2.0680265858344904,0.000511035481457181,0.0029587228285982343,
2.0679864289426284,0.000511017876176931,0.0029548509481021608,
2.067985657659822,0.0005110037309804099,0.002950484386573453,
2.0679667672112476,0.0005105209663154537,0.0029469348781371476,
2.0679357481384835,0.0005126068752237324,0.002943475026073785,
2.0679338703160717,0.0005124589511364251,0.0029399861966358256,
2.0679145492189503,0.0005125328043356607,0.0029352019578797904,
2.0678656776514726,0.0005128466781826104,0.002931761782467156,
2.0678650027248393,0.0005119624001452426,0.0029369314256413293,
2.067843635203711,0.0005116952953899051,0.002934027010823215,
2.0678179658431883,0.000511454026289154,0.0029306682644083567,
2.0678160325088797,0.0005115290655949469,0.002911578101154321,
2.067799116612342,0.0014644620599748653,0.002906709403193846,
2.0677411326441724,0.009470889554210252,0.0029033022692574423,
2.0677406033381533,0.0010086153033180966,0.0028997555154339828,
2.0677155006129295,0.0005801150974568107,0.002895873803960832,
2.0676948313646673,0.0005754779814395138,0.0028894484761317037,
2.06769287330763,0.0005755347780611264,0.0028896956354483617,
2.0676782437590333,0.0005758007865157467,0.0028876500399978677,
2.0676069237178925,0.0005760860136785607,0.0028869520710084542,
2.0676065083598405,0.0005752892448208834,0.0028859395003770004,
2.0675775249513855,0.0005759456220738673,0.0028809641229958116,
2.0675610591977143,0.0005785442474110422,0.0028726885878722764,
2.067558960985847,0.0005764389373490958,0.002867744864994291,
2.0675465872218095,0.000578413570226004,0.002859620275979982,
2.067453411543482,0.0005780121879292637,0.002858238432954218,
2.067452797392379,0.0006240287789019634,0.002863146481143894,
2.0674280612254443,0.0005845537533022237,0.0028596187867673626,
2.0674154248192314,0.0005811207131681181,0.0028543221671468062,
2.0674124746753404,0.0005808765915508828,0.0028528377414959753,
2.0674029442579034,0.00058126823938471,0.0028970309724691136,
2.0672738326230853,0.0005833371777692155,0.002862979046462484,
2.0672692159390973,0.000584780613290047,0.0028532260036353107,
2.067255146092365,0.0005864277640037693,0.002848951635904945,
2.0672098474240714,0.0005857513850446627,0.0028434906082787006,
2.0671355546408035,0.0005851935896553697,0.004165999337963225,
2.067063287624455,0.0005853946615000257,0.00439479274837271,
2.0668447830586683,0.0005856583564718737,0.02312943136011804,
2.0642666950085253,0.0005851833729584363,0.00346626560152864,
2.062868782932087,0.000585688973539497,0.0032809445529902274,
2.0618133326277834,0.0005850423729218245,0.003232991082619534,
2.0575728009576375,0.0005848953008459098,0.003135543856848254,
2.057565547513377,0.0005848150270430257,0.0031220765406897518,
2.0575501266093665,0.0005845450459430441,0.0031322934783964917,
2.0575426926491445,0.0005842931468374821,0.0031488787179500626,
2.057530393800781,0.0005758822016126831,0.003123175844146407,
2.0575264338000148,0.0005769377366370766,0.003115180592170517,
2.0512298501080046,0.000576928403762133,0.0031115870069434305,
2.0512265618946235,0.0005770099719282915,0.0031063168076970534,
2.0509216992637374,0.000577154317393852,0.003102072854913175,
2.0509164722545203,0.000576919445785975,0.0030978455424508196,
2.0508976003680264,0.0005775883048653819,0.0030951860493057654,
2.050892168522959,0.0005786882496557203,0.0031005944494908997,
2.0501803039287636,0.0005788839198113478,0.0030986259411122366,
2.05017535185223,0.0005775232662914094,0.003107664624883391,
2.04891796400181,0.0005779939523724481,0.0031056693058061783,
2.0488679076554948,0.0005788475539711693,0.0031245670809384183,
2.048835949795694,0.0005782315528401468,0.0030938368326805595,
2.0487757234445376,0.0005778427396725535,0.0038570889579472214,
2.0482115082978027,0.0005772790814749608,0.0034886054150316537,
2.0481976924052687,0.000578013079984074,0.005540108948801651,
2.047240523485339,0.0005883274515250376,5.1940382882657925,
2.0472182200645817,0.0008031466015138444,2.4328603303358687,
2.047202157542626,0.0005816643400758233,3.0807428153515954,
2.047182467006335,0.000588209189683294,0.4325016008790195,
2.046887814487948,0.0006027746879248751,0.15275875596612082,
2.0468866516458792,0.0005878303692447063,0.07586422628688928,
2.0461616689896687,0.0005780349740657583,0.042559833789415746,
2.042825366096121,0.0005785289571514315,0.039216568527733905,
2.0423705438846183,0.0005777978317843628,0.03398970582301108,
2.0411196190228167,0.0005777810969064703,0.02930587045610781,
2.0406287929812916,0.0005776834818383505,0.02229259223776452,
2.0406285102655137,0.0005774972348310338,0.020601692216748825,
2.040219757392658,0.000579514828262565,0.017896725744464683,
2.0402047494718905,0.0005797677442359506,0.016141814815325305,
2.0402020514974364,0.0005798909165145442,0.01382235714007349,
2.0401871018801585,0.0005793977948618166,0.01206442602455917,
2.039746459454225,0.0005795463515041958,0.02500048269304524,
2.039721084039136,0.0005799467756228049,0.018763471108828887,
2.039334692849313,0.0005801904195244078,0.016473397773348067,
2.0393074488369316,0.0005806002410152143,0.015115035274092954,
2.0389303122395988,0.0005816871477281482,0.012463892889535326,
2.0389296140252218,0.0005839094991351057,0.010334827129031186,
2.0386036093634545,0.0005786825812139624,0.008557728564471078,
2.0385955665867495,0.0005789972827595685,0.007001228728823322,
2.0385938178443417,0.000581134517059212,0.005071218869290209,
2.0385857845085065,0.0005827133703459683,0.00382710024776567,
2.038227160958761,0.000584119856037109,0.0035601818173045733,
2.038226935556646,0.000581580570740968,0.00348679068726064,
2.0379038768442537,0.0005836767733213614,0.0034322799985362644,
2.037543513609263,0.0005888929776045665,0.003429827686464337,
2.0368679696634455,0.0005903369303987824,0.0034339592707071406,
2.0364450568312638,0.0005922329539547471,0.003429618163983163,
2.0362032902594405,0.0006008829231024092,0.0034254069667073667,
2.0361808924599076,0.0005782414572180028,0.0034202823499543656,
2.0361284289747807,0.0005781705753919229,0.003415031001172155,
2.036083734303445,0.000578175470626551,0.003410943510938086,
2.0355532285254805,0.0005776726192558352,0.0034063138300172695,
2.0355484555048364,0.0005771263872614429,0.0034017763729802396,
2.0351624162761754,0.0005763809999846371,0.003397646050246217,
2.0351473317480075,0.0005759017832687787,0.0033931144983628757,
2.0351422208349317,0.000575722964892585,0.003380876611044272,
2.035124498196125,0.0005756393081013377,0.0033768807850114223,
2.034649187813342,0.000575712983390916,0.003373728183277534,
2.0346490473637933,0.0005761091691334756,0.0033699050004496437,
2.034225936125411,0.0005768293864580539,0.003366224435114919,
2.0342130652342076,0.0005759978624565468,0.003363367648352347,
2.034212701075077,0.0005755199613531602,0.00335939004248487,
2.034199297211673,0.0005753068956180386,0.00335672190701527,
2.0337644442454432,0.0005760597377857143,0.003355938316514916,
2.033764434143546,0.0005749147366129185,0.0033556020889106528,
2.0333552531456127,0.0005741242084556243,0.0033006418385807925,
2.0333436899033637,0.0005730872437468126,0.0032923613766311314,
2.0333436010883474,0.0005721638279367032,0.003277421871906126,
2.0333318127922,0.0005716315951809314,0.0032761525531728296,
2.0329231882478225,0.0005710587725890171,0.0032723040584208152,
2.0329231757238944,0.0005724625584162699,0.0032691143955082516,
2.032537977334512,0.0005740686396210859,0.003263582049497347,
2.0325278086502756,0.0005732835894001613,0.003259593696547757,
2.0325271823383995,0.0005731005882504253,0.0032576299904975813,
2.0325164581947575,0.0005716076903192558,0.0032531421732502923,
2.0321041800338673,0.000792131169984969,0.0032463115320044817,
2.032104030014579,0.0005614671651100528,0.0032416071020214183,
2.031741897420099,0.0007947645157519407,0.0032359691808569076,
2.031734470185,0.0006580535851248265,0.003244924714040078,
2.0317191322407253,0.0005500703604777373,0.0032437527515873288,
2.031709688345503,0.0005181908322811625,0.0032463034529886386,
2.0311394188901515,0.0005097036561557069,0.003244992009875223,
2.0311377626215803,0.0005060621793792297,0.0032417420199974756,
2.0308065058976563,0.0005055930102800425,0.003238315594012772,
2.030804470972696,0.000505359324479102,0.0032341553623223573,
2.0225641050620293,0.0005052522078059121,0.003229035726774953,
2.022529308087722,0.0005053413946918213,0.0032254713057566294,
2.0218896041172267,0.0005053245034632249,0.0032218113800247775,
2.021807884492024,0.0005053138040555502,0.003217993374985725,
2.0217123786744278,0.0005052712164697415,0.0032160765544134457,
2.021682133863979,0.0005079080339338983,0.0032494799446237312,
2.0174516899861628,0.0005106924728211851,0.0032473299715557254,
2.017410957692587,0.0005131023624592978,0.003243283762763697,
2.017017543175545,0.0004982671015561429,0.0032382711962388997,
2.016861009332339,0.0004977954699745143,0.0032336691413165416,
2.0168006973125854,0.0004974531514654686,0.00322668201541711,
2.01673614545346,0.0004975327828161182,0.0032250243902244447,
2.0144625241724414,0.000498609642308082,0.0032391568804430934,
2.0144286509323712,0.0004982826540355184,0.003233330029076497,
2.0141826370687315,0.0004982952201877976,0.003235961509701271,
2.013999758112932,0.0004988876468818495,0.003670238399440305,
2.0139605314290323,0.0005045122692819276,0.003169268243764379,
2.013888501641345,0.0005129458366191267,0.0031969724998987363,
2.012582773105125,0.0007133279449047491,0.003174396987927877,
2.0125585588669894,0.0005002265151006046,0.0032231236419927394,
2.012414124323946,0.0004996510868755449,0.002988306397667248,
2.0122316917654293,0.0004996547943407704,0.002988079836712918,
2.0122061201531913,0.0004996219828252478,0.004198986345613462,
2.0121427197491664,0.0004996515498232837,0.004758002855545131,
2.0113763043453234,0.0004997422302103502,0.030982622397000115,
2.0113591597584755,0.0004998789625112001,0.013190614260099298,
2.0112616500345775,0.0004998406315961754,0.0055516356323387075,
2.0111155115788653,0.0004996915563539306,0.0032188910036331526,
2.011095123755702,0.0004995951896157353,0.003140735148943373,
2.011045445188741,0.0005025174665122474,0.0031298494494254965,
2.010621881304054,0.0005022696143275167,0.0031189630312073962,
2.0106102108556843,0.000508018102063329,0.0031237028860438667,
2.0105506393572545,0.000511861321954288,0.0031268584248970947,
2.0104329173582984,0.0005023804955328956,0.0031195417343684913,
2.010420593588601,0.0005056481569325475,0.0031192880257547855,
2.0103838385990764,0.0004984595090600863,0.003107963347090592,
2.010067370150733,0.0004982736819010362,0.0030990326610806137,
2.0100598724286542,0.0004982869865974122,0.0030967019411531804,
2.0100169899573292,0.0004982184510191578,0.003093491730264254,
2.0099447098529932,0.0004982402265562353,0.0030905071823875948,
2.009936436868135,0.0004985658468258126,0.0031000176016020608,
2.0099108133330192,0.00049839868422267,0.003095628147772969,
2.0095884854599677,0.0004984662588231238,0.00309098216891006,
2.0095846370783264,0.0004984320573690665,0.0030839796015879324,
2.0095504116808813,0.0004983023907530682,0.003076495253204851,
2.009516541963664,0.0004982364527875028,0.0030695024134350527,
2.009510438488526,0.0004982349628134564,0.0030671925276216576,
2.0094943875858973,0.0004982750710131494,0.003062747184730427,
2.009221540409864,0.0004983085289990942,0.003058863748038228,
2.0092199413139977,0.0004983559112999835,0.003054544948085676,
2.009193693324178,0.0004983519815792153,0.0030495037980534405,
2.0091788481944732,0.0004983188614949913,0.0030446306535937525,
2.009175804604756,0.0004984678588155298,0.003026014523845363,
2.0091668883782012,0.000511347138338153,0.003022071300265174,
2.0088825413567837,0.0005125607534530541,0.003018315335745195,
2.008882015300676,0.0005127496513708443,0.003014864643409421,
2.0088487007851468,0.0005536137234026271,0.0030110195820832065,
2.0088410596265547,0.0005539947388605264,0.00300722503928258,
2.008839852621731,0.0005899299560339395,0.0030043388522467767,
2.008834262291406,0.0007289762673070288,0.0029997506547648715,
2.008653289416686,0.0005920673242742959,0.002995368498511769,
2.008652910961207,0.0009982596713664599,0.0029910216361265438,
2.0086180333176618,0.0005795239866393904,0.0029862646999839317,
2.008609444073569,0.0011076267238242599,0.0029824350379080776,
2.00860908925189,0.0005145722028569701,0.0029802540348550562,
2.0086026037954468,0.0005122938858220501,0.0029759927076181344,
2.0083250008422655,0.0005122699196037046,0.0029763917708083717,
2.0083246154382906,0.0005122704015009577,0.0029646843377450637,
2.008249984965227,0.000512261222706702,0.0029571969461825243,
2.0082360754808226,0.0005123259758799156,0.0029500629881551487,
2.008235806050469,0.0005123816963617915,0.0029643456731993333,
2.008224702496165,0.0005122907864680574,0.002950749095198343,
2.0079493621539592,0.0005122831683744006,0.0029504904545810885,
2.0079489366002727,0.0005123580025894656,0.0029487807504797268,
2.0078653460611853,0.0005132500199623691,0.002946438987371561,
2.007839683135303,0.0005134172079191829,0.0029416142595868424,
2.00783941773301,0.0005134021401689091,0.0029371675072408987,
2.0078201201489256,0.00051341865699426,0.0029322870592237405,
2.007604605882206,0.0005134785545149668,0.00297501989083347,
2.0076041267390163,0.0005134536590937551,0.0029670661131781266,
2.0075111424333696,0.0005134371461051098,0.002962542172842287,
2.0074744526588746,0.0005134649596315793,0.0029554290569665993,
2.007474163061899,0.0005134785803023443,0.0029535368683077617,
2.0074470176012276,0.0005135123946531421,0.002950460642669724,
2.0072625107235083,0.0005134184444234703,0.0029460203593733303,
2.0072620057464006,0.000513595575769019,0.0029471790408268305,
2.007174632102605,0.0005135919122041426,0.0029832742800842203,
2.007122694676345,0.0005135836040250432,0.002952580009226195,
2.0071224071219533,0.0005135352026963319,0.002950120130541309,
2.007087425323542,0.0005135561044190868,0.0029463580640437547,
2.006922270231255,0.0005133834026952229,0.0029429499328139297,
2.0069217474541565,0.0005129181838632107,0.0029393591670860467,
2.0068406213122683,0.0005128253065174319,0.0029359957340285596,
2.0067676827309473,0.0005118690660949178,0.0029321643998634,
2.0067674059691605,0.0005118443009492665,0.002928865202485797,
2.006724581195561,0.0005119331386480374,0.002925089182567069,
2.0065791281321474,0.0005120350323089509,0.0029226704902265057,
2.0065786093848135,0.0005122625280777996,0.0029189540626856723,
2.006504323927121,0.0005126274512835941,0.0029158913933143515,
2.006402071676742,0.0005108347693117672,0.0029133584909649644,
2.006401811053856,0.0005103417677784148,0.0029091886327720115,
2.0063504563029664,0.0005082116378099167,0.0029026078903550546,
2.006233461634329,0.0005085642881834843,0.0028972078427586378,
2.0062329756234023,0.0005083669671739434,0.0028912109236625978,
2.0061682073447837,0.0005077158931097144,0.0028866233830413556,
2.006020149741553,0.0005077187884395398,0.0028850245053795814,
2.0060199316425513,0.000507672778842195,0.0028810409664049635,
2.0059555104457027,0.0005076500675717824,0.0028805472097891013,
2.0058745702246084,0.0005076702247073575,0.004420100188707441,
2.0058741677811285,0.0005077004810905601,0.0031311820724936852,
2.005819918374692,0.0005076757794009218,0.003127359075347347,
2.005628509217533,0.000507684743973953,0.0031277929417859894,
2.0056283527261005,0.0005107915276108933,0.0031221703605533303,
2.0055578193161474,0.0005569423000532206,0.00311414613195849,
2.0054998413160883,0.000577951528684632,0.003110633987679337,
2.0054995519486987,0.0005444154665200343,0.0031069145725584266,
2.005456794085576,0.0005292561348809485,0.003103975569325719,
2.00520193326493,0.0005254258268150802,0.00310014298144404,
2.0052018444426856,0.0005276892493875489,0.003096410306795845,
2.005101945547406,0.0010844069453280383,0.003091266466869532,
2.0050634765637687,0.0005133515028171687,0.0030882800559708995,
2.0050633033084093,0.0004935504393297839,0.0030850206090199464,
2.0050297193524464,0.0004934904609688579,0.0031391977864058916,
2.004766420479934,0.0004934411675997492,0.003090060650655694,
2.0047663762892522,0.0004934483011958839,0.0030853043854755908,
2.0046264096527575,0.0004934690672929947,0.0030807532443511676,
2.004595611210536,0.0004934983365480522,0.003075103890206617,
2.0045955309603296,0.0004934869511547062,0.0030709150535647035,
2.004566700694614,0.0004934760636461312,0.01077578296392837,
2.0042691255050613,0.0004934712358838616,0.0066020341148584835,
2.004269108504015,0.0004934665497532107,0.0035578798300026117,
2.0040785677023036,0.0004935119174129232,0.003931910976756752,
2.004050598146011,0.000493340650242786,0.003654685183075405,
2.004050574073538,0.0004933291251863799,0.003643669453812561,
2.004023444713774,0.000493338068653263,0.0036017970180376078,
2.0037191040594893,0.0004933497542188465,0.0035810488850364186,
2.003719098565536,0.0004933486070092314,0.0035503082841619265,
2.0034881535127904,0.0004933467236828083,0.003537642521138483,
2.0034605267702865,0.0004933607227183139,0.0035241248879594456,
2.003460520463851,0.0004933606670468578,0.0035116237251252317,
2.0034334465675925,0.0004933595639861543,0.0034882530133774885,
2.003090052361789,0.0004933529171095995,0.0034824612090194767,
2.003090049590383,0.000493345823486427,0.0034752428819769415,
2.0028055318569824,0.0004933520820989608,0.003467471299270626,
2.002776995635947,0.0004933514482350907,0.0034606396461005504,
2.0027769899210073,0.0004933490918017035,0.00344655146625152,
2.0027488568751366,0.000493345254006391,0.0034422193428273943,
2.002358977869667,0.0004933450114795546,0.0034555283610156503,
2.0023589663360877,0.000493336806417518,0.0034504288994687536,
2.002048885029765,0.0004933854874335526,0.003445111408167725,
2.0020159806878994,0.000500528674873807,0.0034403439192342263,
2.002015934730034,0.0004936279561327737,0.003435408764316357,
2.0019838976989486,0.0004927991979367984,0.0035040124991991307,
2.001289010156433,0.0004927883640667455,0.003495095574052525,
2.001287896970065,0.0004927903902042169,0.0034911107950042976,
2.000900692155444,0.0004927739155573875,0.00348332158854882,
2.0003752784533413,0.0004927725908136228,0.003479432234982476,
2.000155001851968,0.0004928056422007013,0.0034760594023342094,
1.9890881246103356,0.0004928010406949045,0.003473783764263119,
1.9820719654383505,0.0004928045527141588,0.0035932284240856216,
1.9777568508994257,0.0004928090337274878,0.003335696835055329,
1.9734016779843282,0.0004926696862921877,0.003332415193188548,
1.9733436413718788,0.0004934938432705888,0.003332467533917601,
1.973279723445179,0.0004920116521124186,0.003284006679767509,
1.9732321445888672,0.000491985399674896,0.0032543047127571857,
1.9732308105218364,0.0004919857232636821,0.003223462335153064,
1.9725303169339221,0.0004919766611434345,0.0031895275104748553,
1.972452027591296,0.000492000175165404,0.0031647544493794534,
1.9724154987505107,0.0004920689411164569,0.008232995038830147,
1.9669026763729522,0.000492021382847513,0.009242190195428164,
1.9666455017761637,0.0004918174808672753,0.007312173303821874,
1.966472557114026,0.0004917711440536285,0.007073132818747484,
1.9525700833184338,0.0004917609348345385,0.006779983970514619,
1.952316195277024,0.0004917586970272747,0.007360240098116227,
1.9521521272659634,0.0004917561734004534,0.0068998260676080255,
1.9485122431210717,0.0004917536257634792,0.0068831612900136195,
1.9484959918533706,0.0004917510013173129,0.007084106110114403,
1.9484427567569182,0.0004917529735109887,0.006036483750394905,
1.9479259217089138,0.0004917533101793179,0.005586565292519613,
1.9479258848493668,0.000491740765353877,0.005202888834902133,
1.947451895550102,0.0004917251724593657,0.004845445625226501,
1.947335827557548,0.0004917299363257655,0.0044489951094518875,
1.9472565224472844,0.0004917421917536328,0.004190644685492567,
1.9465231335493278,0.0004916867461616143,0.004376821546896575,
1.9458613133205753,0.0004916553804920508,0.004392555946232894,
1.9455650668154267,0.0004916179199183948,0.003924612248268817,
1.9404663353214175,0.0004917555616284117,0.0037179901546544316,
1.9358408100612634,0.0004917379036917789,0.003529552542664831,
1.9355217061005454,0.0004917472248531641,0.003343746147201602,
1.9348970520133308,0.0004916554689672314,0.0031878037256767404,
1.933679348672965,0.0004915517016412226,0.019694814733626807,
1.9336716734977186,0.0004915575397763032,0.017566712879962094,
1.9336389120188857,0.0004914258581441556,0.01642890551017449,
1.9336217356404175,0.0004914001902725959,0.014684008276603676,
1.9335975520883675,0.0004914494333282343,0.013599648819508852,
1.9335930189403236,0.000491475595647856,0.012520139627299911,
1.933231067846993,0.0004913671250913984,0.011468231811288164,
1.9332263411418722,0.0004912655916660044,0.01033923103213022,
1.9332086084068842,0.0004912330547988432,0.009549310896215229,
1.9331966058356196,0.0004912265507995352,0.008192260420032578,
1.9331793772301926,0.0004912428658391066,0.008320139593183284,
1.9331762955261111,0.0005001765225715676,0.008216386494394181,
1.9330164520784208,0.0005455382433262102,0.007332620232023636,
1.9330138425981847,0.005146190894506281,0.008288740715350611,
1.9330041233262927,0.009321187309322144,0.0067127386846923855,
1.9329973302095267,0.001247359079344912,0.006460530102057446,
1.9329832777624933,0.0011434188183033864,0.008000367321741097,
1.93298170843935,0.0011433258491432645,0.007928814930862197,
1.9328976978683114,0.0011397950293097442,0.007120365761357615,
1.9328962309358702,0.0011236392368440275,0.008132857817813886,
1.9328909579814346,0.001131608238093162,0.004394021012556322,
1.9328871205612868,0.0011243571273003446,0.004384096562286749,
1.9328780211291918,0.001115082968182327,0.009662328608638998,
1.932877060306797,0.0011133725558724967,0.008697105857461675,
1.932825049261113,0.0008789268551217716,0.007502146028260888,
1.932824124782941,0.0006908924651486638,0.006576421629970042,
1.932821028711116,0.0006842481633603391,0.005681681557026579,
1.932818703932388,0.0006793110033644494,0.005264550887402352,
1.9328110913558543,0.0007022951868621029,0.005199228335942481,
1.9328105804319489,0.0006647224061084729,0.004900057135920403,
1.9327725613837181,0.0006880280797373943,0.004645978756814452,
1.932771879278385,0.0006646824383067211,0.004400602419772002,
1.932769691712594,0.001128500504504505,0.004260523452664949,
1.9327681004574382,0.007543993023387581,0.004053463693825648,
1.9327621464491753,0.0007006476069213679,0.003916019620492422,
1.9327617643504857,0.0007546962653953236,0.003856732752307534,
1.9327259080044168,0.0007021297137128574,0.0037161237865063674,
1.9327253127241744,0.0008826602425058577,0.0035515981162867263,
1.9327234607075983,0.0007115430394516762,0.0034730672263182027,
1.9327222096850472,0.0007116905586393398,0.003372049331202345,
1.9327163114057397,0.0007149298204306677,0.0032008687400210734,
1.932716051491384,0.0007650833208317049,0.0030861749580080003,
1.9326783018002123,0.0006829407047444049,0.002992449609068466,
1.9326776270070907,0.000678249718334369,0.0038716236187121217,
1.932675948766925,0.0006760387938884567,0.013076307385244013,
1.932674717530414,0.0006775058414957311,0.01847683011721071,
1.9326683706172665,0.000679680928565861,0.0029406403934226165,
1.932668170663785,0.0006786214899363092,0.0030660423802864865,
1.932634202241323,0.0006786525181014142,0.002406236850640805,
1.9326333410532284,0.0006841553390056446,0.002384568967005678,
1.9326319274686639,0.0006817376085064845,0.002359663362500141,
1.9326304942071193,0.0006843580379644417,0.002344742467362012,
1.932623180782446,0.0007127032572670907,0.0023399719791181604,
1.9326230161867333,0.0006906280097395027,0.0023354455255620685,
1.9325911299099647,0.0006762149092956622,0.0023336953895174623,
1.9325900189185676,0.0006767331477658899,0.0023428256138398034,
1.9325888980028236,0.0006769413874108795,0.0023404823484819586,
1.932587149122863,0.0006755774542498148,0.002341492954176565,
1.932579924463919,0.000675897455106132,0.0023337493727530532,
1.9325797529655868,0.0006763860750990604,0.0023224691077474856,
1.9325506789233367,0.0006763880185197255,0.0023109542610751346,
1.932549372423323,0.0006739251793453419,0.0022972894034885586,
1.9325482561505614,0.0006732696119972429,0.002309916989650493,
1.9325461499340797,0.0006734216473707628,0.0023043518963275465,
1.9325388364372316,0.000672265863070697,0.0024746161233773645,
1.9325386595747296,0.0006743224001717433,0.002747273011844039,
1.9325078912192817,0.0011357416954133083,0.0027061921291177842,
1.9325061161956785,0.000952524155052705,0.00239183509059582,
1.932505426243722,0.000660900599698627,0.002350770983388801,
1.932502721193644,0.0006363584497549934,0.0023128877490120555,
1.9324962671312906,0.0006301725778665711,0.002300008105873265,
1.9324960645632236,0.0006440278400901352,0.00223555291761464,
1.9324698051083562,0.0006288910634650556,0.002234894183927303,
1.932467680581179,0.0006213811818721527,0.0022339772393520914,
1.9324670801970363,0.0006214133565530492,0.0022338459995383006,
1.9324636753731539,0.0006209994644969686,0.0022479617250345534,
1.9324581320194014,0.0006336299739780675,0.002247314617130827,
1.9324578949593068,0.0007015313703108124,0.0023130854240236806,
1.9324362789846958,0.0006247623732842869,0.002287006761749957,
1.9324339622273543,0.000621916562025501,0.0022560497382877512,
1.932433309571682,0.0006160831108891977,0.00224832414754748,
1.932429365720031,0.0006152928170714648,0.0024313479134104978,
1.9324242203984827,0.0006151680380451528,0.0022711204384611426,
1.9324239506921224,0.0006091343560564389,0.0025007510442912146,
1.9324063578036055,0.0006127544478264814,0.0022576933972977237,
1.9324037937375917,0.000613314168184573,0.002218707829499544,
1.9324032243806377,0.0006134149791468151,0.0021889199119617775,
1.9323985699411512,0.000613335277953534,0.002040892216978877,
1.9323940361886789,0.0006131605405808375,0.0020500443450947787,
1.9323937633365442,0.0006128588925786346,0.0020273231257328787,
1.9323785733288878,0.0006135588784038096,0.0020078096144218534,
1.9323759089597639,0.0006135122461021502,0.002005404641898164,
1.9323753343932146,0.0006132427657475255,0.0019997380701924795,
1.9323704456764728,0.0006130260480867628,0.0019915376653920993,
1.9323658891814495,0.0006129068132074815,0.001986725561301198,
1.932365616101601,0.0006129844708464692,0.0019878568420573697,
1.932351085620125,0.0006157586207021135,0.001983017126462935,
1.9323481388376247,0.000616298955133762,0.001977290291506021,
1.9323476874392045,0.0006161316627229524,0.0019713554928210836,
1.932342123951622,0.0006195837105109889,0.0019657760638324973,
1.9323379423990519,0.0006284577163188656,0.001952721027335244,
1.93233767888073,0.000620423499124365,0.0019569758849983256,
1.9323243346249068,0.0006278575903203645,0.0019466501179547955,
1.9323213804269868,0.0006258447765142531,0.0018792473851973592,
1.9323209042335512,0.0006293317361606538,0.0018589021655034635,
1.9323152133523271,0.0006106293672524357,0.0018549896092380726,
1.932311195453184,0.000594833516898137,0.0018477588493356545,
1.9323109117670343,0.0005957440965679376,0.0018496114593933757,
1.9322987729074255,0.0006720446129171343,0.001844451020037426,
1.9322955588360924,0.0005667509014649708,0.0018382429395950935,
1.9322951707272689,0.0005630547004336278,0.001831921340909418,
1.9322881710227358,0.0005619617635531525,0.0018256546448239784,
1.932284554044988,0.0005615680458532113,0.0018242292368893921,
1.9322843123352287,0.0005854365464298228,0.0018215997304600045,
1.9322702204114424,0.0006013965993269258,0.0018195258465921857,
1.9322668596110941,0.0005954946176148092,0.001814266018360362,
1.9322665282430664,0.0006027669547408625,0.0018124667867643709,
1.932256985029878,0.000630491158499712,0.0018102339738368977,
1.932254059058724,0.0005971972185945929,0.0018083590336076475,
1.9322538136025709,0.0005844934473239968,0.00180600896497707,
1.9322451010020436,0.0005831410859801702,0.0018040095866286771,
1.9322414025483108,0.0005671376697891586,0.0018016818582256512,
1.9322411105209758,0.0005590366270888755,0.0017995564299023272,
1.9322251935216934,0.0005538912147691935,0.0017979842503099378,
1.9322230798677102,0.0005531287370857399,0.0017960283492201167,
1.9322228305423665,0.0005560840538662683,0.0017947072544709244,
1.9322182884637729,0.0005547753713722153,0.0017925010260401372,
1.9322141508918862,0.0005573763714877336,0.0017963147904128058,
1.9322138863212648,0.0005559224825976047,0.0017939775561600865,
1.932197887248205,0.0005587725855207302,0.0017933079460367423,
1.9321959489679745,0.0005582372720700711,0.0017912618744572756,
1.932195776426629,0.0005570863224179913,0.001789177457121833,
1.9321832690365208,0.0006585754645055477,0.001784061519847897,
1.9321806437034215,0.0007546880947525786,0.0017768248114085133,
1.9321803972846214,0.0005983498783418284,0.019962478689099065,
1.9321695872908227,0.0005854540512599173,0.004548062560148365,
1.9321674601206058,0.0006311499768036571,0.0008353052049768914,
1.9321673012813405,0.0009831664349925636,0.000805458914852718,
1.9321483934155612,0.0007460395526037676,0.000763419310145804,
1.9321455081641807,0.0016903776794063169,0.0007331497027130582,
1.932145271706761,0.0007767732547049778,0.0007062395836672971,
1.9319423075178843,0.0005667966768217604,0.0006813945476595553,
1.9319387888950625,0.0006640367186001404,0.0006629024997125422,
1.9319381498161774,0.000543971376766705,0.0006668390193305542,
1.9319345791591866,0.0005394152609989485,0.0006542317233980086,
1.931836155855617,0.0005377683744576405,0.0006520959213927433,
1.931835987042901,0.0005317017039765099,0.0006431534347583339,
1.9314431708186213,0.0005322390029512205,0.0006363061376120349,
1.9313986629278315,0.0005324290529783583,0.0006335588527493621,
1.9313945551217586,0.0005322061763507287,0.000633840829601136,
1.931335230541371,0.0005321693567341847,0.0006182814279159032,
1.930418331876333,0.0005319837199442692,0.0006174990782178955,
1.9304070761737093,0.0005319320211540732,0.0006160901812896156,
1.9299830350471776,0.0005328544891160615,0.000614823157210496,
1.9296830768894393,0.002096032576335439,0.0006129551483406598,
1.9296703487186329,0.001006808348807098,0.0006118684673514888,
1.929453964421478,0.0006248856812636647,0.0006108205781950142,
1.929028576070651,0.0005468654842773725,0.0006111480137495518,
1.9290230719390222,0.0005165297264036438,0.0006109403678400542,
1.9289532391592992,0.000509611457671834,0.0006097410894421674,
1.9281380277537583,0.000509672366328419,0.0006070926556777828,
1.9281380030579538,0.000509611267329738,0.0006048208786284152,
1.9274976740978624,0.0005094716626841301,0.0006025225039964437,
1.9274969089000402,0.0005092776020192175,0.0006000390245015241,
1.9274968051057986,0.0005091852270377043,0.0005931567934875611,
1.927496004336343,0.0005091820993184164,0.0005925126987007082,
1.9273842162094068,0.0005092251784661485,0.0005920263042788444,
1.9273842033443342,0.0005092403693269625,0.000591033931804161,
1.9271581339019694,0.000509275993437511,0.0005904412156675416,
1.9271570947748444,0.000509262515989704,0.000589818768853799,
1.9271569851016896,0.0005092476444101894,0.0005894969194758154,
1.9271558979207528,0.0005092305416307171,0.0005889170491204991,
1.9270991600538407,0.0005092389043241136,0.0005877684333992355,
1.927099152551152,0.0005092500927300857,0.0005878340867480991,
1.9270125657006085,0.0005093343426094891,0.0005869250662533935,
1.9270115643218118,0.0005103674107329623,0.0005862616982594467,
1.9270112414788563,0.0005102364729776275,0.0005855778353546275,
1.9270101512207258,0.000509901610889593,0.0005849707013155571,
1.9269555510159118,0.0005099073802000318,0.0005842864283679016,
1.9269555463588814,0.0005098815518386847,0.0005867114500099843,
1.9268866614156706,0.0005098849357702292,0.0005856800014648946,
1.9268853740703682,0.0005098863908822177,0.000584071811049356,
1.9268851799733457,0.0005097437284810404,0.0005821908551352187,
1.9268838178847363,0.000509694464538852,0.0005802045178569664,
1.9268293429356877,0.0005097121358771351,0.0005816901137409515,
1.9268293404425316,0.0005097109626608897,0.0005960606791356588,
1.9267665040707354,0.000509709910166728,0.0005888924380970748,
1.926764927822166,0.0005097140122170826,0.000582231405774211,
1.926764772425604,0.0005097149340750359,0.0005788967651417454,
1.9267631205523958,0.0005096929608295514,0.0005756908362369942,
1.9267071844329307,0.0005099488847814116,0.0005753420939271153,
1.9267071819802302,0.0005101905182685511,0.0005720133416420905,
1.926644385190522,0.0005101705290592598,0.0005694266896891692,
1.9266424642764661,0.0005101561240869648,0.0005668941441239525,
1.9266422105265535,0.0005101462283881482,0.0005644195344744683,
1.926640178421953,0.0005101317498571671,0.000562039889443018,
1.926580996983706,0.0005101224021209661,0.0005631582302247177,
1.9265809934946563,0.00051010090518771,0.0005623406662058788,
1.9265137427957175,0.0005098036647798353,0.0005603446933577494,
1.9265111937611734,0.0005090387755136398,0.0005594230959333696,
1.9265108519323537,0.000509019742265577,0.0005592857786782335,
1.9265081465329374,0.0005088661066352072,0.0005600438302195684,
1.9264445889646284,0.00051182368606878,0.0005585373267086305,
1.9264445827942327,0.0005088122390939385,0.0005578925251426795,
1.9263693848286714,0.0005088506954245725,0.0005572646809279232,
1.9263653146468793,0.0005089104440140854,0.0005570425748607851,
1.9263640656563468,0.0005088510551537561,0.0005563260914784301,
1.9263595924219707,0.0005088140237476842,0.0005714750823399372,
1.9262813732372854,0.00050883232094703,0.0005709309750906438,
1.9262813525538214,0.0005088411473392851,0.0005701158428959856,
1.926180232635671,0.0005088321864568032,0.0005691157290504263,
1.9261649882610479,0.0005084878581042967,0.0005682931403374138,
1.926160549934959,0.000508673162554271,0.0005675829562002827,
1.9261436513725156,0.0005081190358862988,0.0005608628582890151,
1.9259728676215802,0.0005087224945317659,0.0005609126336025914,
1.925972822039766,0.0005218798781602661,0.0005602570046164023,
1.925857389364856,0.0005045104533396769,0.0005597506151030646,
1.9258556719218387,0.0005049798961876955,0.0005579513583783689,
1.925853471401037,0.0005054204822153296,0.0005581704601844387,
1.9258522188896119,0.0005056423357872918,0.0005573846479789451,
1.925774954421448,0.0005056183930995839,0.0005578744990316106,
1.9257748806269654,0.000505636839747395,0.0005570825323694532,
1.9257278640797924,0.0005056400665971039,0.0005566252286038311,
1.9257268899249023,0.0005056263407979631,0.0005566479464844993,
1.92572330440213,0.0005055471722978964,0.000556714481281026,
1.9257227736433977,0.0005055229162635841,0.0005570943339953333,
1.925675221059671,0.0005055109460276317,0.0005566895396988885,
1.9256750829422202,0.0005055141486657389,0.0005556676215552834,
1.9256535768471092,0.0005055167301487734,0.000554928658878964,
1.9256528176101206,0.0005055373558085596,0.0005544646985830654,
1.9256474326979836,0.0005054803362169367,0.0005537470404567989,
1.9256471446754229,0.0005054262014863031,0.0005530827884058028,
1.9256101569030832,0.0005054414353317833,0.0005525893064451382,
1.925609941143854,0.0005052286616074382,0.0005521993000980064,
1.9255977772653436,0.0005052244618075634,0.0005513913160498736,
1.9255970457400378,0.0005052249215282222,0.0005506731337664229,
1.9255889595084996,0.000505240139274038,0.0005501277567540729,
1.925588784635719,0.0005052525858454563,0.0005538162402999448,
1.9255555529338368,0.0005052340865396511,0.0005533266064489231,
1.9255551782186384,0.0005052043228293623,0.0005527831438849734,
1.9255483878269886,0.0005055347227058188,0.0005521741486975116,
1.9255475500350152,0.0005054058234929814,0.0005523366165856917,
1.9255347613464777,0.0005053225539031796,0.0005517913789840044,
1.925534662096832,0.0005056287113562742,0.000550903752721935,
1.92550152616291,0.0005060203354910746,0.0005500551054028488,
1.9255008902900776,0.0005052831042509613,0.0005516384996648316,
1.9254970027158933,0.0005050358637153694,0.0005516237058120579,
1.9254959281708433,0.0005047455202207466,0.0005518456140457807,
1.9254776311567718,0.0005047336231762342,0.000550298080368591,
1.9254775697736237,0.0005385084221709855,0.0005499205962173574,
1.925441906469333,0.0005355129841468243,0.0005496115944714608,
1.9254408378453316,0.0005185181417292186,0.000555151605998419,
1.925438559574219,0.000517583829803766,0.0005582393868055083,
1.925437059217272,0.0005229235192470768,0.0005508705864485364,
1.9254132474800842,0.0005232957595202933,0.0005654451323665659,
1.9254131990516519,0.0005237031068016683,0.000564539548985309,
1.9253727390363289,0.0005232308333304856,0.0005638626283959721,
1.925370893934012,0.0005248917191790414,0.0005648275864966661,
1.925369389975452,0.0005266442764044506,0.0005644823975424553,
1.925367075148095,0.0005269880860555656,0.000564415618691205,
1.925335590821427,0.0005220114825575055,0.0005636392592220872,
1.92533555780358,0.0005235630754341893,0.0005631437529311594,
1.9252888525598135,0.0005234747462458574,0.0005635051567084913,
1.925285621919126,0.0005234413981534249,0.0005634688114422682,
1.9252846157553702,0.0005235307573596766,0.0005600005103976288,
1.9252808587616967,0.0005234790195538784,0.0005771500937197466,
1.925243234200736,0.0005236242573242731,0.0005622603444129089,
1.9252431921275603,0.0005236529007437099,0.000560088568962849,
1.9251879653015482,0.0005235809586084225,0.0005565973502506251,
1.925181142136876,0.0005241519139688935,0.0005559395057671756,
1.9251804751605164,0.0005240166322110774,0.0005561397551749267,
1.925172981578418,0.0005242001515860615,0.0005560724821727674,
1.92512614903896,0.0005242878288105628,0.000555767083669563,
1.9251261145391891,0.0005254921806758904,0.0005556644225943116,
1.925062417807789,0.0005255050341128715,0.0005558093079532803,
1.925048053740908,0.0005254832998453668,0.0006144857122220051,
1.9250472975567248,0.0005253765589298025,0.0005796169881655844,
1.92503180353772,0.0005249004423348264,0.0005786572456448377,
1.9249746733650916,0.0005248447904199421,0.0005784430636678339,
1.924974639605285,0.0005247195272812425,0.000579212820931998,
1.924900153913679,0.0005247117426602819,0.0005789440584932769,
1.9248629125346468,0.0005246167653340106,0.0005772982552742388,
1.9248623383993264,0.0005244986677612534,0.0005763872968993674,
1.924823250675281,0.0005245940600543912,0.0005775500667887976,
1.924753372382192,0.000524743366604373,0.0005761513099592541,
1.9247533591511872,0.0005245570517221507,0.0005761537166723269,
1.9246643495867937,0.0005228968150489369,0.0005756039326723315,
1.9244976899285038,0.0005230159845024268,0.0005770690185236374,
1.924497164962209,0.0005238829795490857,0.0006754647206372753,
1.9243106706116813,0.0005256272013432645,0.0005870285508784638,
1.924196110630125,0.0005252256502021688,0.0005820482013766799,
1.924195034302626,0.0005231958265812693,0.0005778911938069078,
1.9240201545313735,0.0005259958696341138,0.0005643542653159868,
1.9237999723801937,0.0005258393172217975,0.0005644444886190287,
1.9237977313396153,0.0005263377770822145,0.0005662877278904732,
1.9235995624643323,0.0005259039326993776,0.0005593597143367034,
1.9232304031161196,0.000525805049224431,0.0005587448664296415,
1.923229921195724,0.0005257607908631885,0.0005582463902900357,
1.922782945928656,0.0005257587356552459,0.0005576818272124325,
1.9227510352219668,0.0005257258890684879,0.0005569489793269608,
1.9227419932958185,0.0005257521496965845,0.000556149695698497,
1.9227211126225348,0.0005257314351057728,0.0005553149149794855,
1.9189725734698804,0.0005257320860029259,0.0005545925806492347,
1.9189694339644188,0.0005257203104555499,0.0005539319706985875,
1.9163581469406126,0.0005257364393145096,0.0005532783519884999,
1.9163483342791485,0.0005257069005883852,0.0005526018072766305,
1.9163430516052906,0.0005257020465418124,0.0005514730587237979,
1.9163378228873114,0.0005257154936448298,0.0005508049671314394,
1.9158238986599854,0.0005256921823531448,0.0005502973324544437,
1.9158233882101092,0.0005258074005563108,0.0005493009407482425,
1.915406337722676,0.0005260155604099781,0.000548401061788559,
1.9153991946813953,0.000528061374823357,0.0005475881027698051,
1.9153968311429155,0.0005269777964858733,0.0005467365373426102,
1.915392475868522,0.0005290157144621674,0.0005455597829269925,
1.915121021402171,0.0005283288760968127,0.0005451274335080041,
1.9151207306371116,0.0005272736389732963,0.0005463702590429988,
1.914899900486779,0.0005271756903315962,0.0005473690885006018,
1.914893861468409,0.0005272312854951395,0.0005460235827184716,
1.914892566164365,0.0005271466390014799,0.0005438687742267628,
1.9148885208599469,0.0005272532056187764,0.0005547055110336681,
1.914691862556673,0.0005271804051502172,0.0005548985023102279,
1.914691645460576,0.0005270918751722257,0.0005411169963648205,
1.9145311674806198,0.0005270741409429985,0.0005332324298703412,
1.9145257054428424,0.0005269091252831398,0.0005279644077431854,
1.9145250942753091,0.0005269035495093173,0.0005406835920198695,
1.914521003980208,0.0005266326132601855,0.0005345246852427231,
1.9143466407609178,0.000526357452261377,0.0005356170236521063,
1.9143464561832444,0.0005256894720619678,0.0005303846843352113,
1.9142032605115864,0.0005253348459815869,0.0005305472598942886,
1.914197747155929,0.000525384219676329,0.0005302896378993623,
1.9141971833529938,0.0005271279908180964,0.000529793501369732,
1.9141930235808386,0.0005260583020085266,0.000530005400434352,
1.9140303730905972,0.0005245740853743342,0.0005293411379119823,
1.9140301814496175,0.00052396534592505,0.0005284972777213489,
1.9138970775129163,0.0005239450061469025,0.0005278433423810732,
1.913891342021845,0.000524178535499174,0.0005271515763665933,
1.9138906404886553,0.0005241404074320762,0.0005265892820496173,
1.9138864576252719,0.0005240787574615386,0.0005302148356134333,
1.9137337555140994,0.0005239241443671504,0.000523909581626206,
1.91373353799013,0.0005240566613473217,0.0005236927399230826,
1.9136099317279263,0.0005240559130250353,0.0005244193854523683,
1.9136040515642974,0.0005239857721180015,0.0005236589760535337,
1.9136033264463956,0.0005239582782987026,0.0005228875029697396,
1.9135990661413134,0.0005239189743097124,0.0005221709606924242,
1.9134559369359818,0.0005241654252553408,0.0005228358664132453,
1.9134557300100623,0.0005236797149596213,0.0005223110233740421,
1.9133396627537116,0.0005237187186390958,0.0005216142915181226,
1.9133334523521839,0.0005237599754264391,0.0005207062033134129,
1.9133322391833025,0.0005238145967820635,0.0005199285838025292,
1.9133281621668599,0.0005237906663354935,0.0005195084767790039,
1.9132016265016332,0.0005236325240460736,0.0005207532306926555,
1.9132014089280507,0.0005235100708932281,0.0005195846875494471,
1.9130999580121644,0.0005234780253337752,0.000518147067326292,
1.9130940179432692,0.0005234538297960011,0.000517210829198227,
1.9130931148968688,0.0005234427776044389,0.0005170898238368354,
1.9130890229087578,0.0005233749678913569,0.0005306321957823981,
1.9129668913528652,0.0005233484246941343,0.0005194757144257608,
1.9129666237076428,0.0005232915466607246,0.0005179018702433757,
1.91287075375864,0.000523154540829559,0.0005172804546097043,
1.9128645170286283,0.0005232934942207144,0.000516765848409578,
1.9128631793785786,0.0005229032239008881,0.0005171200777093397,
1.9128592269105877,0.0005227316025194703,0.0005160908564481421,
1.9127438734873132,0.0005227459946136006,0.0005156320146772851,
1.9127435452040782,0.000522819978248776,0.0005155554099743697,
1.9126554519664147,0.0005228444542170949,0.0005120094133307108,
1.912649145621234,0.00052280753790807,0.000506725664693,
1.9126476158909422,0.000526376719553031,0.0005117726337925274,
1.9126437687124682,0.000520552386168112,0.00051080362833305,
1.912533933774016,0.0005201574010596434,0.0005092922173902948,
1.9125335462729456,0.0005201636187367782,0.0005083508998642397,
1.9124518372390165,0.0005201147509831579,0.0005072438280134717,
1.9124453515789117,0.0005202750931751427,0.001391634117906038,
1.9124433513926602,0.0005205045942954446,0.0008408177825068135,
1.9124396925029694,0.0005230394685866092,0.0007181565406971669,
1.9123365100566112,0.000526251094106953,0.0006925383113683669,
1.912336052769752,0.0005214181483672232,0.0006816793822493145,
1.9122617259306842,0.0005200603091454802,0.0006769462954171088,
1.9122553546340206,0.0005200139527822431,0.0006766027834910842,
1.9122534320467366,0.0005200061720990923,0.0006758410947367881,
1.9122498307862814,0.0005198950749539132,0.0006752462714347778,
1.912152546911462,0.0005204452451109016,0.0006815646840040552,
1.9121520822689724,0.0005205500039190728,0.0006764323582286795,
1.912082691187165,0.0005203879247017,0.0006725832789653453,
1.9120762827954403,0.0005199835199248262,0.0006824494976010948,
1.9120741449353458,0.0005198951437524981,0.0006600615395075084,
1.9120706625407582,0.0005200763513696688,0.0006785964220837968,
1.911975286212033,0.0005203269276216728,0.0006635084776589158,
1.9119747037599588,0.0005211406913049105,0.0006893138538777667,
1.9119095129484716,0.0006212137995115045,0.0006413373545609581,
1.911902788547713,0.0006423287449744788,0.0006341354034995353,
1.9118998453736336,0.0011310263778260123,0.0006340532032823896,
1.9118965777183523,0.0005549305550543677,0.0006331663131099148,
1.911808500406066,0.0005356531273028203,0.0006329835767706363,
1.9118078890052321,0.000535022983250696,0.0006487531045469167,
1.9117490771386425,0.0005350488796788284,0.0006327230325323735,
1.911742590090272,0.0005347121764772691,0.0006287952987645423,
1.9117397910582459,0.0005346799569963801,0.0006285313573953481,
1.9117366367454256,0.0005346055981203193,0.0006274784381593931,
1.9116562923763964,0.0005346989110247234,0.0006270432989449742,
1.9116557274436006,0.0005347081082769852,0.0006275391863101235,
1.9116020710214603,0.0005344011094109144,0.0006262025261203151,
1.9115958699859206,0.003111923368788273,0.0006253254685969248,
1.9115933222789596,0.0005137206756274851,0.0006244344807625235,
1.9115902596161942,0.0004994832650981349,0.0006229448842855246,
1.911514737136732,0.000499080427429453,0.000624720082053698,
1.911514165380039,0.0004988912088671247,0.0006228282055534411,
1.9114643969075027,0.0004988986793963051,0.0006207821779611013,
1.9114583877222835,0.0004988884555877038,0.0006186735296419695,
1.9114560477042841,0.0004988848629322125,0.0006168235941059453,
1.9114530276010915,0.0004988686520695668,0.0006203012363967881,
1.9113827052913932,0.0004988209079797283,0.0006195467409891448,
1.9113821880951445,0.0004988201544305483,0.00061868821599451,
1.9113354270409366,0.0004988864253559526,0.0006179995111373904,
1.911329529017581,0.0004989181448742977,0.0006378750461013903,
1.9113271817989834,0.0004989057509642785,0.0006091034120797628,
1.9113242576492049,0.0004988826898437994,0.0006037867661654876,
1.9112563357919214,0.0004996718087775747,0.0006035420443794881,
1.9112557674543864,0.0004993750162492505,0.0006036985258094895,
1.9112117836331197,0.000499566750064747,0.0006031064022407266,
1.9112059732928817,0.0004993190309506147,0.0006023207686632528,
1.9112037018959063,0.0005002254317897096,0.0006017963456382928,
1.911200812739191,0.0005000935997649577,0.0006007191855176788,
1.9111372288850108,0.0004998770414869519,0.000599699749130091,
1.9111367190322563,0.0004997820108922846,0.0005988838261705876,
1.9110950331349768,0.0004995952479594383,0.0005979974205229235,
1.9110893446337103,0.0004997203179389162,0.0005999309798682245,
1.9110871277224741,0.0005003289081324234,0.0005984697286255286,
1.9110843078413302,0.0004988254627519132,0.0005975592887433762,
1.9110246688483825,0.000498751765120899,0.0005970721171421745,
1.911024191480137,0.0005018619778488027,0.0005961861584354912,
1.9109849794513187,0.0005015908087476554,0.0005940884463237484,
1.9109794998118932,0.000501655843772347,0.0005929917015786518,
1.9109774989598673,0.0005024083335822293,0.0005920087604985903,
1.9109747202604965,0.000502087647949902,0.0005902611049416717,
1.9109178912021945,0.0005018294019669684,0.0008031883065072742,
1.9109174292408,0.0005019426060625208,0.0005590317082890814,
1.9108801078254045,0.000502017171552202,0.0005618877984576073,
1.9108747313576904,0.0005000625015062861,0.0005566259607126858,
1.91087279484773,0.0005007008152640768,0.0013306745148503921,
1.9108700641934202,0.0005006722467773509,0.0009529954136230099,
1.9108154382284304,0.0005008981822516418,0.0006295657969599029,
1.910814976958266,0.0005018035325254368,0.0007433498988883643,
1.9107793312003067,0.0005018896654413204,0.0007119831910177357,
1.9107740693465276,0.0005016979860781518,0.0007086290735140295,
1.9107722611647557,0.0005041545647608647,0.0007024326509958368,
1.9107695487438954,0.0005044556442348625,0.0006905312588668963,
1.91071724933895,0.0005026594275126558,0.0006933823673667862,
1.9107168146169466,0.0005024777705811085,0.000761762910146567,
1.9106824883735147,0.0005020021716955693,0.0012225870204480335,
1.9106773115577944,0.000501775345846298,0.00213100294853723,
1.910675576477078,0.0005017627038138327,0.0016913877012947123,
1.9106728912200517,0.0005056298400841003,0.0007563051959848965,
1.9106229763892908,0.0005067216973101252,0.0007503560257297872,
1.9106225721322327,0.0005144545425807121,0.0007443511215928005,
1.9105895498557885,0.0005364760315122535,0.0007443862447322708,
1.9105844665571758,0.0005478132695513725,0.0006366194649835089,
1.9105827940746327,0.0005228933566556563,0.000639081131506442,
1.9105801478259015,0.0005226257964052106,0.0006387261510275892,
1.9105322479135507,0.0005133996882329597,0.0008100302666947573,
1.9105318568959424,0.00050270305088101,0.0007392935389613517,
1.9105001575549312,0.0005016336933407438,0.0006326443503791541,
1.9104952294716517,0.000502722145414075,0.0006327697650509472,
1.9104937552949846,0.0005037581420033722,0.0006319645453843972,
1.9104911054739486,0.0005052537041248555,0.0006317456103626417,
1.9104450227077137,0.000499598368961064,0.0006298702441377806,
1.9104446614386936,0.0004992485197523491,0.0006286869648293957,
1.9104138354276115,0.0004991635429529482,0.0006262971616275828,
1.9104089655548466,0.000499176032888831,0.0006251187222268595,
1.9104075312577757,0.0004991719473894416,0.0006325043324619991,
1.9104049063529862,0.000499207881762407,0.000630626992078362,
1.910360664136199,0.0004994101298687256,0.0006282125113442547,
1.9103603258540534,0.0004990885501032881,0.0006256153620158866,
1.9103305156919348,0.0004990747366000449,0.0006251271486331545,
1.9103256967874906,0.0004990684073798412,0.0006220200757310316,
1.9103242520352732,0.0004990635902322511,0.0006199628547550269,
1.9103216793089992,0.0004990663975890787,0.0006098270927181471,
1.9102784831850148,0.0004990998428744534,0.0006078952467521275,
1.9102781276779413,0.0004990819548102363,0.0006060906706250747,
1.9102494241047228,0.0004990770359333991,0.0006042364822692447,
1.910244621604121,0.0004991068414221295,0.0006050810307211791,
1.9102431245246247,0.0004990975107640321,0.0006039211827995424,
1.9102406051972234,0.0004991153149722083,0.0006034654046867513,
1.9101988170593691,0.0004991179910096616,0.0006026509013605121,
1.9101984614374696,0.0004993986304200775,0.0006012262785406487,
1.9101708458355788,0.0004992998759379886,0.0006004054461127155,
1.9101661792017228,0.0004993080410503549,0.0005996549985780277,
1.910164844028329,0.0004993055925648072,0.0006859711241394253,
1.910162324559735,0.0004993046338766825,0.0006028536582439537,
1.9101224713193532,0.0004992943196676781,0.0006024231977284706,
1.910122159396644,0.000499198246193927,0.0006017761406275507,
1.9100952918272844,0.0004995774236467231,0.0006010393949085959,
1.910090774441079,0.0004996996615995716,0.0006002604994480722,
1.9100896173719697,0.0004997373201958426,0.0005995372345513852,
1.9100870899013496,0.0004996512281584471,0.0005997991822561477,
1.9100489540649719,0.0004995788077575869,0.0005990220513147738,
1.9100486812914195,0.0004997600542612715,0.0005989479064624984,
1.9100224496582023,0.0004997294286524773,0.0005986247337453189,
1.9100180391194737,0.0005004215452303874,0.0005966833747737795,
1.9100169885732297,0.000500446187039129,0.0005957253105560508,
1.9100144679322466,0.0005003467901631993,0.0005957554926124241,
1.9099768900053897,0.000500089338336853,0.0005949511195046881,
1.9099766083687706,0.0005000269854215035,0.0005974912078621538,
1.9099509615530497,0.0004999657879477154,0.0006017017271194583,
1.9099465524553674,0.0005001330572998254,0.0005980784302978934,
1.9099454892395846,0.000991268810471972,0.0006254257517424774,
1.9099429856860586,0.0005980009841237876,0.0006934675808651299,
1.9099064349940675,0.0005024933743722303,0.0005965280359947986,
1.9099061654673013,0.0004939600716569623,0.0005937863441727566,
1.9098810967360798,0.0004937980473713764,0.0005922516040613972,
1.9098767315612881,0.0004936865091130181,0.0005912375444014859,
1.909875697198999,0.0004936847549036517,0.0006153497888478797,
1.9098732105638,0.0004936696481994519,0.0005624626982968162,
1.9098371615539598,0.0004936929478697085,0.0005609804496193824,
1.9098368822310878,0.0004937087585124384,0.0005608309412370801,
1.9098123676022685,0.000493597813935457,0.0005587831742902607,
1.9098079632546492,0.0004935608836588808,0.0005565274035708946,
1.9098068370436485,0.0004990257366631013,0.0005541661350494541,
1.9098043968184781,0.0004977047914404265,0.0005511245252695538,
1.909769014727843,0.0005011290910366459,0.0005497011893648159,
1.9097687244014656,0.0004970893656879266,0.000549076346921267,
1.9097449095611287,0.0004972120715230159,0.0005481048903524442,
1.9097405531689402,0.000497079215995171,0.0005471041397037542,
1.90973946482189,0.0004970793498868858,0.0005460167665082853,
1.9097370378727558,0.000497579852148296,0.0005450274080619693,
1.9097026246733813,0.0004976867340587085,0.0005449049456710877,
1.9097023474834234,0.0004975517706792376,0.000544156581699316,
1.9096790581969265,0.0004963672155586128,0.0005434356802193405,
1.9096747623698944,0.000496327362932128,0.0005421590011960897,
1.9096737264702257,0.0004960642138361227,0.0005413648181752206,
1.9096713103970517,0.0004946282881422108,0.0005406945240115047,
1.9096374573121606,0.0004946243033009675,0.0005403882603185026,
1.909637177126602,0.0004946085615671042,0.0005419346056447649,
1.9096143620459032,0.0004946061538032804,0.0005417352830668824,
1.9096101165278805,0.0004946005058631692,0.0005414783248682122,
1.9096091489378528,0.0004945980752857329,0.0005481532402270417,
1.909606722168462,0.0004946016892293352,0.0005457034390655788,
1.9095735242191278,0.000494587543474166,0.0005450650356119198,
1.9095732565235743,0.0004945870438282527,0.0005443965801675978,
1.909550728290475,0.0004945873364757303,0.000543598520823292,
1.9095464671647526,0.0004945864531150641,0.000543119609189786,
1.9095454592155583,0.0004945947047601807,0.0005421100464085,
1.9095430582909392,0.0004945220078554351,0.0005529897510126172,
1.9095105097795806,0.0004945397612251086,0.0005482936396385542,
1.9095102428726645,0.0004945731358115101,0.0005473829030879242,
1.909488200028738,0.0004945714567533896,0.0005494293494398237,
1.9094839905684113,0.0004945421444127187,0.000530424280241035,
1.9094830349481104,0.0004945440490792229,0.0005162791597199541,
1.9094806360697472,0.0004945438178394359,0.0005119675561653643,
1.9094485977581506,0.0004945417564302674,0.000497326773073143,
1.9094483329540854,0.0004945249676843011,0.0004963718822695814,
1.909426640678843,0.0004944559019088534,0.0004945815692477855,
1.9094223910954293,0.0004944520560938012,0.00049145781439723,
1.9094213464983814,0.0004944494112457462,0.00048520723695619303,
1.9094189932381802,0.0004944528634299351,0.00047997552938010475,
1.9093870731266596,0.0004943342007635492,0.00047511711227469697,
1.9093867786523213,0.000494393372527348,0.00047482302856584644,
1.9093656408496595,0.0004944394778407599,0.0004732104524500924,
1.9093613903537892,0.0004944406848955669,0.0004717400813514312,
1.9093603326588966,0.0004948170737813384,0.000469015583716701,
1.90935799369292,0.000494595475437543,0.0004705602390877675,
1.9093263406570038,0.0005023849235756481,0.0005029119980299662,
1.9093260360417972,0.000501271932867214,0.000727709809720426,
1.9093052430229078,0.0004991336799579745,0.0004817416142551611,
1.9093009824898257,0.0004971348587796122,0.0004759056394962752,
1.9092999066865046,0.0004981607191135818,0.00047152172896852164,
1.9092975792670883,0.0004957819007071361,0.000470793315878868,
1.9092664289628098,0.0004950550504915003,0.0004701366231887067,
1.9092661278501157,0.000495047933626173,0.0004693243889857894,
1.909245656129502,0.0004950378048421195,0.00046829818423133187,
1.9092414025993294,0.0004950291051034106,0.00046743416902260567,
1.9092403190594234,0.0004950434952364251,0.000467708048297878,
1.9092380077376563,0.0004950233787074167,0.0004669393651168825,
1.9092074292396728,0.0004950258204831719,0.00047118041100581946,
1.909207132567123,0.0004950173716933444,0.0004693155654689053,
1.9091870252360297,0.000495014615140197,0.0004720136870772047,
1.9091827928739689,0.0004950171644798415,0.00042647851594931267,
1.9091817118041625,0.0004950170159139893,0.00042629815307313097,
1.9091794194749123,0.0004950434735778281,0.00042581254014280556,
1.909149512033881,0.0004951164381976513,0.00042541811490262994,
1.9091492225490683,0.0004950998582222925,0.0004247674190071836,
1.9091295182824624,0.000495133852448276,0.00042276468754686694,
1.9091253494992513,0.0004951478280993927,0.0004225802104755396,
1.9091243314461472,0.0004950932596892375,0.0004221626994688094,
1.9091220422214714,0.0004950996810456858,0.0004211873375089436,
1.9090924793514077,0.0004951022012166204,0.0004203189881417082,
1.909092185886669,0.0004951105859063902,0.000419263298789211,
1.9090727927741113,0.0004951061846369412,0.0004183967602513337,
1.9090686098093341,0.0004951083934150301,0.00041758355571960143,
1.9090675542661784,0.0004951140093761923,0.000416728489216758,
1.9090652881850059,0.0004951512694888038,0.0004154926984397191,
1.9090359175028697,0.0004952767395118375,0.00041418221640928304,
1.909035608971069,0.000495281132083593,0.00041443373136687144,
1.9090165662777714,0.0004962790942479309,0.0004132700696399803,
1.9090123630416005,0.0004971945212623616,0.00041208657287886656,
1.9090112647243276,0.0005958177268971942,0.0004113229722973227,
1.9090090207986463,0.015419756760424277,0.0004107149785648579,
1.9089803070901676,0.0036557743689907196,0.0004101304372830236,
1.9089800100380248,0.0007639678010923972,0.0004085690129404123,
1.9089613002827794,0.0007482543124079314,0.00040801080711739353,
1.9089571633971358,0.0007482391005630241,0.00040755953908805766,
1.9089561355760696,0.0007482582781060334,0.00040677179241071837,
1.9089538910484058,0.0007482035020389041,0.0004061360913870925,
1.9089256531490637,0.0007476645167887643,0.00040549943061898516,
1.9089253624847475,0.0007473656894617927,0.00040487446945442884,
1.9089069175233195,0.0007415689552024147,0.00040444590054796435,
1.9089027901087656,0.0007331506027531631,0.0004039151576122223,
1.908901750704274,0.000704365395367491,0.00040332081956698934,
1.9088995268492654,0.000600015282279822,0.0004002082646147282,
1.9088718462295893,0.0005958209523172437,0.00039946232907316407,
1.908871561029122,0.0006030917409529752,0.000397809925147394,
1.9088534575350589,0.0006088888788540832,0.0003965078290137616,
1.9088493844215846,0.0006161216129675134,0.0003970915828738719,
1.908848396536394,0.0006276737791632308,0.00039443978858887796,
1.9088461769551122,0.0006514444067867102,0.00039402421383952864,
1.908819016847826,0.0006634287891282881,0.0003944236056621968,
1.9088187400074086,0.0013053791641984619,0.0003936733459136972,
1.9088009104270178,0.0005465382436488902,0.0003916046710300949,
1.9087968698356546,0.0008059258290566559,0.0003916716133910433,
1.9087959021529823,0.0005350847406020559,0.00045910483026263577,
1.9087936943432573,0.0005243567161565265,0.0003657603937251519,
1.908767029229516,0.0005231219360300676,0.00036593141552976116,
1.9087667586769255,0.0005231322665044425,0.0003658173415248452,
1.9087492135183521,0.0005231401747230576,0.00036427232578218466,
1.9087452284508013,0.0005231464325031168,0.00036421268951343326,
1.9087443218255147,0.0005231927275834383,0.00036304102204456765,
1.9087421093525219,0.0005231975863574664,0.0003602922281063139,
1.9087158016192667,0.0005229452550401301,0.0003584676506808169,
1.9087155357392458,0.0005227878797209028,0.0003558512101240326,
1.9086981866366264,0.0005226039554215471,0.00035090574562467023,
1.9086942221238379,0.0005220320615212705,0.00034520746249277773,
1.908693338426545,0.0005213846829576726,0.00033903982914020963,
1.9086911266054578,0.0005212810516794221,0.00033903654119308245,
1.9086653067797288,0.0005212295528567095,0.0003402567692892694,
1.9086650534359564,0.0005211597643135026,0.00033898539702232895,
1.9086478941520777,0.000529952056148164,0.00033723214707996054,
1.9086439573709275,0.0005200341278676683,0.0003343979516181031,
1.9086430929624039,0.0005200396225561916,0.00033567080263561714,
1.908640889205996,0.000520038076745722,0.0003328172181130838,
1.9086153297104307,0.0005196472982519338,0.0003312271975782801,
1.9086150728150215,0.000519022032537354,0.0003300943669470021,
1.9085981547080446,0.0005190007246012605,0.00032914631817197704,
1.9085942128462225,0.0005193416512757254,0.00032829255031779453,
1.9085933280392338,0.0005194174222165042,0.00032986344788267995,
1.9085911413427774,0.0005195867025617574,0.00032593762556956224,
1.908565883900898,0.000519754932875613,0.00032788299460515446,
1.9085656256290384,0.0005197233933428655,0.0003274637739231962,
1.908548951001454,0.0005198057486233811,0.0003271988794575022,
1.9085450500972094,0.0005198402605926596,0.00032686167767209966,
1.9085442181098045,0.0005198743890202495,0.00032639413263665245,
1.9085420205648957,0.0005197639179469512,0.0003259236325835903,
1.9085169534712998,0.0005196685260525747,0.00032548015032796243,
1.9085166953950536,0.0005195764910874985,0.000325006254219095,
1.9085001538711415,0.0005195482605569815,0.000324707333468486,
1.9084962545983009,0.0005195947014439096,0.0003242666367868624,
1.908495431285578,0.0005196588549865577,0.0011740714262803223,
1.9084932316752468,0.0005195783103763212,0.03954432399205095,
1.908468459926444,0.0005196509989852024,0.025974623556947185,
1.9084682078938628,0.0016504594016611342,0.0022032787846598028,
1.908451800275374,0.0005294726244620418,0.003946375638090329,
1.9084478824519058,0.0005287763619282321,0.0012813944682384414,
1.908447019936169,0.0005260799193891336,0.0008589793572593622,
1.9084448439563935,0.0005259892355905807,0.0004409246291439219,
1.9084204527000006,0.000526347451617912,0.00042828313541137125,
1.9084202037831823,0.0005283596956398137,0.00041954444907231665,
1.9084040378638913,0.0005292421269302062,0.00039993705227179535,
1.9084001733841423,0.000531566107268707,0.0003756455748626544,
1.9083993713752676,0.0005309544039201885,0.0003809233454844319,
1.9083971862782605,0.0005302196859818892,0.0003707799033523214,
1.9083730906486442,0.0005301682001282521,0.0003229593918625034,
1.9083728465082597,0.000530201875582138,0.00031839069325131453,
1.9083568335964531,0.0005302013281044082,0.00031737123777702224,
1.9083529802725463,0.0005304157924310127,0.00031632536273038366,
1.9083521868510316,0.0005301018485159735,0.00031607774763569874,
1.908350005529808,0.0005300303517787659,0.00031718159241044035,
1.9083261434149483,0.0005298234681041438,0.0003163697321508046,
1.90832590026937,0.0005297058154298585,0.0003157104879748712,
1.908310042725568,0.0005300184500001354,0.0003176120942741113,
1.9083061880625722,0.0005296130349241536,0.00031741538196692503,
1.908305386688333,0.0005294101731229779,0.0003167232755070613,
1.9083032152032495,0.0005288824336983373,0.0003161314039249906,
1.9082797486986671,0.0005290935490869734,0.00031560393987824074,
1.9082795147219027,0.0005292329334973794,0.0003152279047256116,
1.9082638295600955,0.00053095260888125,0.0003147510446259887,
1.9082600108239776,0.000530996422015041,0.0003143535336052322,
1.9082592408902637,0.0005307272517626046,0.0003144123663402198,
1.908257071257687,0.0005306170249406784,0.0003138193338319718,
1.9082337434248267,0.0005306137354433854,0.00030977831422725573,
1.908233502526315,0.0005305107212433233,0.00036343972633047196,
1.908218013114668,0.0005306142960365452,0.0003168532986447785,
1.9082142000566924,0.0005308577293302205,0.0003083487588416097,
1.9082134384218803,0.0005332365384586427,0.00030607301687741735,
1.9082112691733357,0.0005326017255779295,0.00030533436634398085,
1.9081883334102092,0.0005307943637243383,0.0003046136435144568,
1.908188105777619,0.0005300296912679584,0.00030467931916528337,
1.9081727254983694,0.0005296432611410199,0.0003045781139184968,
1.9081689497453311,0.0005296453868075761,0.00030481286481594375,
1.9081682292566384,0.0005312754975606262,0.0003047247610088216,
1.908166052588455,0.0005416380825180514,0.00030405139032012535,
1.9081431994638522,0.0005411101243346695,0.0003009452837924749,
1.9081429659103484,0.000541219908733059,0.0003087387450796055,
1.908127722683525,0.0005407796202542992,0.00030386676212006917,
1.9081239163801305,0.0005391987981079976,0.0003047532432863392,
1.908123155344373,0.0005418796459426875,0.00030453955116590723,
1.9081209971745625,0.0005408157612072438,0.0003041019105009506,
1.90809832400127,0.0005411623955628281,0.00030306343511502876,
1.908098086931476,0.0005377351751996644,0.0003015650665296469,
1.9080830228412022,0.0005304077939980026,0.00030087242581518583,
1.9080792134755582,0.0005330648758365277,0.0002999767278864511,
1.9080784383253298,0.0016388102255745027,0.0002989913042053722,
1.908076294642502,0.0013920903011400247,0.0002935729448753185,
1.9080536193968285,0.0006992188653340089,0.00029074589391883383,
1.908053364982948,0.0005633871742168603,0.00028958272672439174,
1.908038524249674,0.0007442686295613924,0.00028927545831451316,
1.9080346852118575,0.0005571166746800075,0.00028897901348193245,
1.9080338688743388,0.000557006440863623,0.00029447997816981023,
1.9080317433540683,0.0005597401688766671,0.00028638867241165955,
1.9080092240238422,0.0005715459142416857,0.00028643375509495515,
1.908008964706809,0.0005884210815514932,0.00028647440357987015,
1.907994297614472,0.0005671965631676969,0.0002864237731015821,
1.9079904503583234,0.0005527434145284508,0.00028633799273987805,
1.9079896145275217,0.0005552312640593642,0.0002862986045487553,
1.9079875038243044,0.0005627052664899664,0.0002857748615731719,
1.90796516871936,0.0005607465757920733,0.0002852600477516312,
1.9079649054374967,0.0005574914673231921,0.00028472675047461985,
1.9079504226161743,0.0005570469226928079,0.00028397411694901513,
1.9079465804134925,0.0005570161855162263,0.0002832902985529469,
1.9079457409498117,0.0005569649133643095,0.0002837195251330005,
1.9079436405443726,0.0005569554573963949,0.0002834766756499586,
1.9079215014738515,0.0005567002623938305,0.0002831285598394863,
1.9079212359762785,0.0005568587970693963,0.0002829520000301057,
1.907906923934748,0.0005568306557625896,0.0002813001773619254,
1.9079030944350905,0.0005566925657786607,0.00028017816375903683,
1.9079022662198142,0.0005526621825334331,0.00027884689516737937,
1.907900168563963,0.0005522936912377568,0.000277650676882977,
1.9078783060630486,0.0005525463370014669,0.0002761078757112581,
1.9078780471952352,0.0005514709843013725,0.0002748413313608331,
1.907863854290495,0.0005515442626121177,0.004630275477573073,
1.907860050121022,0.0005507536124193844,0.002613343175406115,
1.9078592488326795,0.0005505858333860628,0.0019359494308643682,
1.9078571488691887,0.0005506459964115576,0.001927992698577576,
1.9078354654848697,0.0005511507132332431,0.0019248515004867172,
1.9078352078474738,0.0005547341575698536,0.0019041324246597885,
1.9078211273590193,0.0005541751802582733,0.0019003063068783997,
1.9078173227842388,0.0005592547626171108,0.0018962115482219343,
1.9078165168000107,0.0005804634083580294,0.0018915218098388476,
1.9078144236684458,0.0005558718859399112,0.0018882976049107037,
1.9077929305085315,0.0005558558477119543,0.0018908737104961519,
1.9077926735376243,0.0005563589100866371,0.0018875958631238085,
1.9077787213684687,0.0005578258827671969,0.0018938385101833067,
1.907774923120559,0.0005575991949329608,0.001890614661006614,
1.9077741193031978,0.0005641896008923142,0.0018574751057632392,
1.9077720333394137,0.0005570681900753019,0.0018523747745098768,
1.9077506775450166,0.0005569943825350827,0.0018447496295971027,
1.9077504150867899,0.0005971334548698869,0.0018398948540324885,
1.9077366290293885,0.0005684798428650394,0.001916300980484491,
1.9077328305266588,0.0005683406080472491,0.0019120618125954747,
1.9077320207731459,0.0005680186383312581,0.0019098218079182658,
1.9077299425349168,0.0005668285472549371,0.001913691805479777,
1.9077087391636955,0.0005604694143945416,0.0019118956751130167,
1.9077084751237936,0.0005629984521393152,0.0019107661715453237,
1.9076948141783137,0.0005734391611944421,0.0019059604424937547,
1.9076910291415794,0.000588135043160354,0.001900443699548078,
1.9076902415240518,0.0005533442058775412,0.001901462954826279,
1.9076881563240258,0.0007220459840398879,0.001888874527115684,
1.90766705065234,0.006020917475378529,0.001857271714228182,
1.907666785348087,0.0006472985694194169,0.0018472244766572813,
1.9076532043376506,0.00048678287226179003,0.0018425964286905815,
1.9076494035111582,0.0004866737428452489,0.0018350874319976317,
1.9076485976268338,0.0004865107368950909,0.006531440697410443,
1.9076465203340125,0.00048651056792355655,0.002700938473181348,
1.9076255402034015,0.0004864963718319652,0.002591810432764716,
1.9076252730764838,0.0004864955671915054,0.0022540239120493045,
1.9076118026375617,0.0004864906904231791,0.0022504784278318626,
1.9076079837374513,0.00048648956191062014,0.002194407089147668,
1.9076071437186044,0.0004864904519090949,0.0021926762756197446,
1.9076050873138863,0.00048649227350598445,0.00218335622335611,
1.907584293399719,0.00048649030624587844,0.0021961376468062053,
1.9075840229922412,0.00048648975152286114,0.00217270431328766,
1.9075707252449947,0.0004864893681359663,0.0021701341114375517,
1.9075669260401158,0.0004864889914973202,0.0021675190560785504,
1.9075661060273015,0.00048648835360753896,0.002165492209859468,
1.9075640492851986,0.00048648722335785437,0.0021609246808376443,
1.9075433209273687,0.0004864862981036757,0.002154070857032352,
1.9075430425535553,0.0004864858777234345,0.002153407045479279,
1.9075298781381511,0.0004864863549581062,0.0021530818402059663,
1.907526062454888,0.00048648678613742036,0.002152095103223237,
1.907525219060685,0.00048647704317946025,0.002152941189234626,
1.9075231742654943,0.0004864769668889973,0.0021400679448011443,
1.907502611710882,0.00048647693917482337,0.0021339939360341207,
1.9075023339454635,0.0004864760105775901,0.0021290859033211026,
1.9074892792889389,0.00048647527953007795,0.002123539964110283,
1.9074854632948788,0.00048647587575425307,0.002119859412501116,
1.9074846114231425,0.0004864772014914742,0.0021119611872516325,
1.9074825766048342,0.00048647769347309115,0.0021107265098033296,
1.907462093999559,0.0004864771689279677,0.0021113935346976998,
1.9074618070501763,0.000486476852184961,0.007341512338601769,
1.9074489101125751,0.000486474938307391,0.005204185320852146,
1.9074450949923945,0.0004864759728881526,0.006680303145149871,
1.907444246228081,0.000486475374622729,0.0016986178155090524,
1.9074422129612196,0.00048647454226378783,0.001619945514948766,
1.9074218639969687,0.0004864743884252878,0.0015838539382636743,
1.9074215771478829,0.0004864723961913474,0.001573390264713193,
1.9074087702500946,0.0004864715784663117,0.0015747434800618201,
1.9074049522104304,0.0004864744769945616,0.0015746176343883352,
1.907404098561976,0.0004864748157192266,0.0016185908817923137,
1.9074020704724306,0.00048647421387994623,0.001587118086178308,
1.9073819056173407,0.0004864787026730804,0.0015842842604536112,
1.9073816225907059,0.00048648049118295706,0.0015819841464937458,
1.9073689041559385,0.0004864803790496646,0.0015795212682447755,
1.9073651077180853,0.00048648364368171894,0.0015769470054164717,
1.9073642846955876,0.00048648644140510995,0.0015747471991729338,
1.907362247734452,0.00048648624102575107,0.0015723470813833222,
1.907342235701225,0.0004864855810180705,0.001572685465791158,
1.9073419573893846,0.0004864850941155779,0.001570571049884577,
1.9073292931553392,0.00048648456275001903,0.001568618721697313,
1.907325498253113,0.00048648235456248684,0.0015674614202763554,
1.9073246770510364,0.0004864821183473283,0.0015648049203222307,
1.9073226433521018,0.000486484666010499,0.0015491782601414962,
1.9073028035621646,0.0004864839314551448,0.0016071120164498024,
1.9073025284830802,0.0004864972187631784,0.0015916970278436553,
1.9072899494979305,0.0004864970953683942,0.0015343840020456234,
1.9072861675180606,0.00048649717453359625,0.0015356167927294473,
1.9072853616011416,0.00048650294193158404,0.0015349492029733218,
1.9072833264143678,0.0004864977398734752,0.0015362864292420449,
1.9072636061786943,0.00048649834421550986,0.0015349915678727387,
1.9072633300221502,0.00048649821022987927,0.001533108917486491,
1.9072508450228811,0.00048651191982653766,0.0015308473584949632,
1.9072470566541455,0.0004865093323109722,0.0015290917542632692,
1.907246237284545,0.00048651299731812276,0.001527542692899517,
1.9072442125541798,0.00048651140089040796,0.001527112170712814,
1.9072246207179637,0.0004865113696845586,0.001527109839695288,
1.907224342332794,0.00048651118500264506,0.001525397566883763,
1.9072119714025508,0.00048651156138959,0.0015227263232569152,
1.9072081734971589,0.0005332428204469214,0.0015203667686193563,
1.9072073294786287,0.000488715024922983,0.0015152399892775937,
1.907205323421365,0.00048760786172095087,0.0015123852063990164,
1.9071858056025075,0.00048700309088026275,0.0015111782809112176,
1.9071855157521063,0.0004869620559230234,0.0015091599536274762,
1.9071733155258455,0.00048692007518231947,0.0015092867950967342,
1.9071695230647532,0.0004869153378375219,0.0015131780700782587,
1.9071686908324097,0.0004869179819395888,0.0015108160749267366,
1.9071666808789502,0.0004869179109883444,0.0015073395322448447,
1.9071472947300538,0.00048691662638809786,0.0015045256147632727,
1.9071470078143211,0.00048691624524512466,0.0014965872460801551,
1.9071348683926173,0.0004868867350684864,0.0014955618317326461,
1.9071310850031271,0.00048688378567812935,0.0014989556890385568,
1.9071302683227453,0.00048688218747412184,0.0014980924147884103,
1.907128254122901,0.00048688219783801534,0.001492086158328598,
1.9071090507369712,0.00048688304615323555,0.0014894132099618602,
1.9071087725149318,0.0004868845874970342,0.0014890192915177167,
1.9070966688992697,0.00048688442005601285,0.0015076444958471145,
1.907092900927916,0.00048688267588068313,0.0014953945094575531,
1.907092105430376,0.0004868835871622978,0.0015087604060822846,
1.90709008558107,0.00048688361396672666,0.0015047889328847757,
1.9070709658295668,0.0004868838059680202,0.001502699081888125,
1.9070706862625215,0.0004868841967887914,0.0015008878888129983,
1.9070586491849644,0.0004868845918922742,0.0014986043346358494,
1.9070548800148108,0.00048688504443707365,0.001497165209332537,
1.9070540904303817,0.00048688494702827024,0.0014952747118309028,
1.9070520675439446,0.0004868845300022745,0.001493499019770511,
1.9070331055108893,0.00048688421445245794,0.0014923812062391233,
1.9070328330272661,0.00048688512502245175,0.0014908330275981423,
1.9070208339121337,0.0004868851040213427,0.0014891380780611952,
1.907017074501463,0.00048688436502731494,0.0014874255128701545,
1.9070162969266429,0.0004868839573744166,0.0014857154934158883,
1.9070142724244974,0.00048688414889545893,0.0014839814227311004,
1.9069954130021112,0.00048688481461839535,0.001482204592894195,
1.9069951399193175,0.00048688385571175386,0.0014808431014521873,
1.9069832137672769,0.00048688524574599484,0.0014791122518469277,
1.9069794559454594,0.00048688393836150576,0.0014786277919963335,
1.9069786858328772,0.0004868844179411244,0.0014771333675765508,
1.9069766587858337,0.00048689808835687616,0.0014752173548819368,
1.9069579814624578,0.00048690410686565155,0.0014741429350193004,
1.9069577182616275,0.0004869067921797761,0.0014719375552807886,
1.9069458129808907,0.00048691187341836994,0.0014700593316488725,
1.9069420707725397,0.0004868976157602584,0.0014677166613847028,
1.9069413204317267,0.0004868982668835495,0.0014637125819484005,
1.906939288611019,0.0004869025959330081,0.0014625559330223993,
1.906920715283077,0.00048689577013980956,0.0018997841857735587,
1.9069204519319145,0.0004869039530823911,0.0015421926913954703,
1.9069086200529224,0.0004869059625068819,0.0015402307280800002,
1.90690487516189,0.00048723875206982403,0.0015389097397185086,
1.9069041199969923,0.0004882335422537226,0.001541729434397101,
1.906902093600371,0.00048722321146022174,0.0015414172733460752,
1.9068835416838292,0.0004869021294123968,0.001538670990196046,
1.906883267384743,0.0004869055067778457,0.001533895675503574,
1.9068715639053215,0.0004869370552295927,0.001491538003662965,
1.9068678073230585,0.0004870005873641025,0.0014876243094800782,
1.906867042985079,0.0004903395665945369,0.0014848610811253736,
1.9068650203065292,0.0004936575902087339,0.0014816064062880402,
1.9068466277547584,0.00050544269858618,0.0015290926345103224,
1.906846361132096,0.0005056623772706513,0.0015556385603658197,
1.9068346853643625,0.0005054732349157692,0.0015125930587618931,
1.9068309394784808,0.0005054702581473774,0.0015090287664902657,
1.906830189752514,0.0005049175417381977,0.0015071005645747142,
1.9068281636517426,0.0005066844527282659,0.0015054229674202908,
1.906809821123656,0.000509577457882907,0.0015013776862936802,
1.9068095484637428,0.0005079169045660332,0.0014917297140284859,
1.906797966198046,0.0004941982221774122,0.0014904721652534102,
1.9067942067145205,0.00048790331260305757,0.001487888709065304,
1.9067934421595185,0.00048759259978470786,0.0014855910869166938,
1.906791422877093,0.0004878834863876949,0.001483302042352422,
1.9067731934384888,0.0004885364571873607,0.0014809737686074375,
1.9067729228712282,0.0004899362712757617,0.0014787458496693354,
1.9067613978564317,0.0004900939393598007,0.0014765237977689603,
1.9067576393043475,0.0004918259688688242,0.0014757689928253121,
1.9067568714821477,0.0004900207097287999,0.001475446216623158,
1.9067548598813469,0.000489774379210468,0.001473740937907366,
1.9067367149722911,0.0004899704056599419,0.0014712882355885607,
1.906736438794111,0.0004941308514910355,0.0014690548509197292,
1.906725028599023,0.0004950418922966538,0.0014666705044595098,
1.906721261760481,0.0004890394885211107,0.0014641996575578914,
1.9067204762518244,0.0005048463560482694,0.0014890617566809714,
1.906718478025949,0.0005058566598533864,0.0014687311680671527,
1.9067003952395087,0.0005059287052469515,0.0015006876960688106,
1.9067001099131655,0.0005415865876340586,0.0037399598021293926,
1.9066888351684126,0.000808870389592473,0.0015319568675051535,
1.9066850679914717,0.0005470923928911756,0.0015128328691594234,
1.9066842867825968,0.0007516352869108847,0.0015111259657565482,
1.9066822859335222,0.0005151912152544906,0.001510751556170154,
1.9066642869096841,0.0004929071181632949,0.0015044434114292206,
1.9066640030782023,0.0005096913110507787,0.001505760989940839,
1.9066527647081766,0.0004850927138719568,0.0014967557207681463,
1.9066489951156085,0.00048503296823508373,0.0014512843581746648,
1.906648218045593,0.0004850328369662468,0.0013964557615593737,
1.9066462157738628,0.00048503268879327474,0.0013959614230687352,
1.9066282887481931,0.0004850377403286515,0.0013921896783310275,
1.9066280024989304,0.0004850383622664774,0.0014044004717344856,
1.9066168361791938,0.0004850397518076926,0.0014004972566260927,
1.906613056910859,0.0004850410071925887,0.0013979267323389333,
1.9066122653609572,0.0004850437600488061,0.001387169188401742,
1.9066102725204215,0.0004850472186404157,0.0013677624682982134,
1.90659245215302,0.0004850467159740259,0.0013663152308108469,
1.906592166284634,0.0004850460528429007,0.001366165715593804,
1.9065810669118408,0.00048504613055410343,0.001364749318311464,
1.9065772931664402,0.00048504845124760685,0.0013600024242715124,
1.9065765110816673,0.00048505920839050394,0.0013583830319883275,
1.9065745158877476,0.0004850607286596331,0.0014174014606023605,
1.9065567869900848,0.00048517686967026715,0.0013975487990778809,
1.9065565011997188,0.0004854646940156997,0.001798260291637319,
1.9065454645132804,0.0004854556988936958,0.0020920048417627755,
1.906541688877167,0.0004859633148330347,0.0021674226918548065,
1.9065409032919305,0.0004859137735847909,0.0015540328124008607,
1.9065389134028083,0.00048648537106871074,0.0015416336524064502,
1.9065212840462988,0.0004870803195052477,0.0015416786496685367,
1.906520997145625,0.00048737980035653487,0.0015401407905295398,
1.9065100352700004,0.0004892338919618946,0.0015385768637193953,
1.9065062589896054,0.0004910632494988545,0.0015368626164583056,
1.9065054725334993,0.00048741385605856655,0.0015316643954601699,
1.9065034859367296,0.0004857211429441769,0.0015366440761008769,
1.9064858874909039,0.000485883690983369,0.0015334678397709558,
1.9064855912353158,0.0004854958865393864,0.0015308800001531538,
1.9064747365549777,0.00048547930694266386,0.0015263213089735273,
1.9064709438059178,0.0004854569909506091,0.001524452604373941,
1.9064701350403632,0.0004854544543580436,0.0015221607565860616,
1.9064681603485119,0.00048543756405025525,0.0015220251847723474,
1.9064506472787854,0.0004854726799146304,0.0015197578653168538,
1.9064503489106441,0.00048547328919594583,0.0015146750954157893,
1.9064395708584825,0.0004853738437728467,0.0015111516822104213,
1.9064357780863184,0.00048519055240601626,0.0015934681307220103,
1.906434971732446,0.00048517700882197055,0.0015361242855790613,
1.9064329974758967,0.00048512696543689796,0.0015357755413900826,
1.9064155827804026,0.0004851277046000179,0.0015344249565612353,
1.9064152859774237,0.0004851239150068077,0.0014666343065825637,
1.9064045610179876,0.0004851196906199186,0.0014531836261196646,
1.9064007746835414,0.00048511987644017467,0.001453898306710956,
1.9063999818487858,0.00048512071708025777,0.0014464030490040447,
1.9063980022129707,0.0004851215137920961,0.0014427460037849536,
1.906380663702176,0.0004851238137806209,0.0014407166473553801,
1.906380366958824,0.0004851236712920656,0.0014378355829494855,
1.9063696858511185,0.0004851251926075847,0.0014456800607619731,
1.9063658971240678,0.0004851248295678206,0.001445527689127277,
1.9063651083056863,0.0004851243399422612,0.001442558712008652,
1.9063631265965737,0.0004851251777125454,0.001440668676559651,
1.9063458711683459,0.0004851262782339097,0.0013776016102805555,
1.9063455764805615,0.00048512799556702624,0.001360013493911709,
1.906334929131024,0.0004851277535841013,0.0013557655837225784,
1.9063311400792966,0.00048512715109596193,0.0013516759217274078,
1.9063303539753806,0.0004851270330933829,0.001376087493181761,
1.9063283731659746,0.00048512700963834494,0.0013342250740933502,
1.906311179783124,0.0004851269493110417,0.0013328204708245078,
1.906310880810442,0.0004851268861516947,0.0013314614767610791,
1.9063003139065198,0.00048511394093562614,0.001329033208624438,
1.9062965182561638,0.00048512331091583736,0.0013280075169188929,
1.9062957267309397,0.0004851150276171968,0.0013285310507408542,
1.9062937484772584,0.0004850789773087046,0.0013227616333117954,
1.9062766441055154,0.0004850761842320432,0.0013157203697910186,
1.9062763478600808,0.00048507662122688073,0.0013212872727844654,
1.906265810384769,0.00048507641490901874,0.0013158247910360582,
1.906262016362601,0.0004850760071241257,0.00131159017713152,
1.9062612333972173,0.0004850781253884137,0.0013045569388624818,
1.9062592507591296,0.0004850786102289741,0.001300534565674822,
1.9062422072980842,0.0004850774814466468,0.001296300290792169,
1.9062419094085636,0.0004850795184855734,0.0012920536592173307,
1.906231428462989,0.00048507554080053653,0.0012884023127123592,
1.906227630826955,0.0004850767794798317,0.0012867941938092477,
1.9062268478271183,0.0004850765853910185,0.0012874456449078464,
1.9062248656102303,0.0004850764996001831,0.0012883278159640176,
1.9062078869256418,0.0004850763679057335,0.0012868436318446124,
1.9062075878293592,0.0004850764027740067,0.001285488100967394,
1.9061971570121603,0.0004850771783180243,0.0012839824913598945,
1.9061933527803008,0.0004850770364122299,0.0012825851120593435,
1.906192564429594,0.0004850773460657898,0.0012802121309415848,
1.9061905860965869,0.0004850775389751569,0.0012789249957951348,
1.9061736721011024,0.0004850777827680862,0.0012756453504251136,
1.9061733703924222,0.0004850779997971106,0.001275854117077626,
1.906163002515745,0.0004850783365613855,0.0012744954912732123,
1.9061591901355353,0.00048507856528639935,0.0012721594425290008,
1.9061583945629994,0.00048507556230958037,0.0012704234287267036,
1.9061564184926074,0.0004850757482421851,0.0012671119227929733,
1.906139568435998,0.00048507608348793475,0.001270451112065608,
1.9061392672075537,0.00048507239590312476,0.0012669974931400656,
1.9061289312481144,0.0004850722534866186,0.0012661291771628603,
1.906125118294919,0.00048506937387102764,0.0012654075131570412,
1.9061243322800396,0.00048507103227936636,0.0012641194882437245,
1.9061223511121734,0.00048507058511798677,0.0012636584111198302,
1.9061055861346472,0.0004850703065679904,0.001283887957456618,
1.9061052870349213,0.0004850706756721798,0.0012709650799434837,
1.9060949921383534,0.0004850700492934553,0.0012702993995203974,
1.9060911811895782,0.0004850697719615541,0.0012973302878815497,
1.906090394892245,0.0004850701705650706,0.0012618295905878585,
1.906088419961723,0.0004850695196643833,0.0013292583751863978,
1.9060717409071986,0.00048507156240165547,0.0012777807211440415,
1.9060714370358058,0.00048507091208898533,0.013570647283863091,
1.906061242384031,0.00048507058633411824,0.04214065776365727,
1.9060574322098378,0.0004850723079531823,0.0124676034806866,
1.9060566513237889,0.00048507456380253054,0.012312889847724549,
1.9060546725245138,0.0004853703923267015,0.012235453799591454,
1.9060380217938333,0.00048527740728864497,0.012226209624343258,
1.9060377133162274,0.0004852546613405111,0.01203626446724761,
1.906027571371472,0.00048524089439942877,0.012032360788871975,
1.9060237488532217,0.00048528624694378777,0.01203906687170579,
1.9060229614727175,0.0004852030371798826,0.011944993372587837,
1.9060209835074102,0.00048513802107421147,0.011891291860078446,
1.9060043809750589,0.00048513139712787656,0.01187975886009376,
1.9060040715354933,0.0004851382242865118,0.011864110618076348,
1.9059939649020594,0.0004851153633146997,0.011847383929394158,
1.9059901349599697,0.00048512881261147006,0.011917895329067778,
1.905989348972908,0.0004851318478863598,0.01188758075339076,
1.9059873661779645,0.0004851301371907236,0.01185903461406374,
1.9059708168728724,0.00048512950041785233,0.011827662725142912,
1.9059705098320436,0.0004851319572158751,0.01179673498987669,
1.9059604136104729,0.0004851059954618769,0.011772904058370743,
1.9059565756657721,0.0004851979912734449,0.011751883366487553,
1.9059557838514145,0.0004851807679455219,0.011827364883990292,
1.9059538043578368,0.0004852408517917592,0.01177906333303995,
1.9059373246327607,0.00048522092868312077,0.011737910753259636,
1.905937018962525,0.00048520938890995937,0.011702545062917775,
1.9059269459679824,0.00048520300615262086,0.011682141937412373,
1.9059231093168205,0.0004852019074003638,0.011654589189357667,
1.9059223341424119,0.0004852007758966006,0.011633322920199486,
1.905920343140346,0.0004852019446648244,0.01161379647323196,
1.9059039140478546,0.00048520196597116443,0.011600162318782747,
1.905903608779284,0.0004852014966322165,0.011590431476643785,
1.9058935654938098,0.00048519990397182335,0.01155105906043409,
1.905889722917056,0.00048520017280248134,0.011568781917777632,
1.9058889457818744,0.00048520016389404366,0.01155339195022394,
1.9058869557210685,0.0004852000604603955,0.01156697159952057,
1.905870581150596,0.00048520033959076,0.011552825090169565,
1.9058702738226283,0.0004852007144542028,0.011536236092640297,
1.905860278489466,0.0004852008403367698,0.011527220755434537,
1.9058564342818185,0.0004852360725403933,0.011520548935359174,
1.9058556687349288,0.00048530744763109905,0.011520249732846561,
1.9058536697644595,0.0004853097410878903,0.011671265320075813,
1.905837311485107,0.0004853093992771363,0.011682110730948034,
1.9058369982728078,0.000485309142229324,0.01162587838386112,
1.905827061286131,0.00048530982197763294,0.01159405947200733,
1.9058231978606979,0.0004853118206936561,0.011592340114028822,
1.9058224114453068,0.00048531719106281615,0.011564564544140083,
1.9058204224565756,0.0004853534239940184,0.011550732551796972,
1.9058041135711505,0.000485389923050065,0.011538689102304912,
1.9058037980001203,0.00048519983949022887,0.01152749446522917,
1.9057939049008028,0.0004852111088209032,0.011514227597515546,
1.9057900329914146,0.0004852229389561547,0.01150893401938362,
1.9057892472718778,0.0004852569783181631,0.011494089932325246,
1.905787252938648,0.0004852825456310497,0.01147947428974525,
1.9057709984489217,0.00048524974031611444,0.01146185272925032,
1.9057706869165214,0.000485215617227034,0.0114450548886187,
1.9057607933620864,0.00048517684926061456,0.011446402677545094,
1.9057569200993998,0.00048517035172208114,0.011439392577526991,
1.9057561415039366,0.0004851726536660679,0.011443258113901065,
1.9057541436637708,0.00048527601664304895,0.011357244081310149,
1.9057379437553281,0.00048526995476765207,0.011343118028941309,
1.9057376306191816,0.0004852431620928413,0.011326262185967407,
1.9057277812475018,0.0004852476213712854,0.011309974373408294,
1.9057239039291136,0.0004857397956820562,0.011309009447518925,
1.9057231308262674,0.0004855654223388132,0.011296668167698547,
1.905721127781718,0.00048552633104613496,0.011288351196333011,
1.9057049623968185,0.0004854999206941479,0.011272675671716055,
1.9057046464586178,0.0004854913815456656,0.011261172470574227,
1.905694836206171,0.00048548505191861493,0.011245740595176178,
1.9056909413537526,0.00048534419808905776,0.011213968540766063,
1.9056901493165874,0.0004853008986964,0.011185047710904995,
1.9056881549518712,0.00048530162363162,0.011158123001775908,
1.9056720059105523,0.00048703023391587105,0.011139976353338122,
1.9056716799701472,0.0004851156314394838,0.01112391765747217,
1.9056619607572522,0.000485114767771947,0.011133269422737369,
1.9056580468269178,0.00048511492326678673,0.011115272359359872,
1.9056572319736331,0.000485113965915758,0.011099875635386265,
1.9056552506722713,0.0004851119026356132,0.01107281498886189,
1.9056391405186808,0.00048511137480682044,0.011069949260283549,
1.905638807097892,0.0004851112626786885,0.011342292768491132,
1.9056291645775527,0.0004851115160042867,0.011337439097854991,
1.9056252373549822,0.00048511148259456754,0.011333895008544245,
1.9056244125418729,0.00048511163484253877,0.011331689348398778,
1.905622434425643,0.0004851118464418601,0.011573188460049006,
1.905606366187349,0.0004851111571346007,0.011548750758135789,
1.9056060303775302,0.000485111653078407,0.01463708188018611,
1.9055964294759207,0.0004851117956376501,0.012598773997709405,
1.9055924923003815,0.00048511823771653286,0.01237073813963568,
1.9055916578088703,0.0004851288841611913,0.012331259583018658,
1.9055896871353877,0.00048514285371082717,0.012292963152647223,
1.9055736762106186,0.00048512813695067306,0.012259456133928556,
1.905573333711715,0.0004851112554016001,0.012216750278236882,
1.9055638253297826,0.00048511135110672294,0.012191618536573353,
1.9055598805695952,0.00048511216289663395,0.01216490895183023,
1.9055590355978493,0.0004851091444075174,0.012142635801735297,
1.9055570717055057,0.00048510868127703234,0.012122124965421806,
1.9055411031496172,0.00048510910127473687,0.01210236514178849,
1.9055407531588724,0.00048511032957222663,0.012080886990351595,
1.9055313280853985,0.00048511154573299724,0.012065008959273116,
1.9055273764873946,0.0004851102699333696,0.012054598755500306,
1.9055265342793852,0.00048510834946174626,0.012057214596457278,
1.9055245665146565,0.00048510843121061457,0.01213596281837981,
1.9055086583656229,0.0004851110872158713,0.01212132132209115,
1.9055083126344226,0.0004851142695071089,0.012270657901538378,
1.9054988855825103,0.00048513316632460123,0.012222859490399298,
1.905494929919434,0.00048513571962285396,0.012275861090830165,
1.9054940940437874,0.0004851407756492691,0.012274098976507334,
1.9054921185983857,0.0004851419405291394,0.6546059489298275,
1.9054762308126518,0.0004851475257749353,0.4459233751272917,
1.9054758826757803,0.00048514792152616983,0.30908748353261434,
1.9054664776858405,0.00048514918466577035,0.21269373101250247,
1.9054625082221213,0.0004851498098227084,0.13914624979911228,
1.9054616668755284,0.00048515119233985906,0.09686521644604305,
1.9054596914988287,0.00048516162726300934,0.09393259179679139,
1.905443843152515,0.00048515432109294245,0.08604138026171021,
1.9054434931086712,0.00048516495041523166,0.08183800154761238,
1.905434126624723,0.0004852131097783835,0.05781502641511488,
1.9054301515768872,0.00048530574270986095,0.047479246422763535,
1.905429316590188,0.0004854815081280461,0.04663341426787132,
1.9054273339671892,0.0004855870746028112,0.044726707604949685,
1.9054115349312988,0.00048553515142116943,0.044159822195954865,
1.9054111885797105,0.00048635405461965666,0.045489735732115046,
1.9054018180862597,0.0004858987007792255,0.04492143574128192,
1.9053978408067218,0.00048691740885006195,0.04366933411731118,
1.9053970213708988,0.0004857618610550827,0.04190669986463462,
1.9053950256734917,0.0004858985083289083,0.0421986873424546,
1.905379242708537,0.0004898317665431289,0.04111824393594733,
1.905378892741142,0.0004891920475804433,0.040115067770801566,
1.9053695522629008,0.0004908722447202622,0.03929609618975554,
1.9053655587877378,0.0004955781189101585,0.03866860940060392,
1.9053647309163495,0.0005033324562401473,0.038144300239212815,
1.905362735514905,0.0004968478734204111,0.038030100383985646,
1.905346994175229,0.0004940158014782653,0.03671867306558899,
1.9053466460376973,0.0004936333387353796,0.0368323407706949,
1.9053373113708956,0.000496220200989447,0.036004184859485616,
1.905333311350308,0.0004853468517495343,0.035225595968376856,
1.9053324898003754,0.0004853999720325058,0.03482681067346021,
1.9053304867332204,0.00048530686735960397,0.0349733690737805,
1.9053147749284143,0.00048525551857770327,0.0335637195510159,
1.9053144261699546,0.00048524382117049494,0.03355661381628631,
1.905305107586862,0.00048522272152616276,0.03352926800143303,
1.9053010970386384,0.0006946983942416922,0.03346954370562863,
1.9053002721136871,0.0005822061892536481,0.03349822414022901,
1.9052982705943908,0.0006479441176146951,0.03347544222515449,
1.9052826085444954,0.0008421149061148288,0.033497094836112365,
1.905282258162384,0.0006518889244519033,0.033439249457054294,
1.9052729761799623,0.0005846208430917243,0.03339120103521047,
1.905268956804025,0.00048574888711541274,0.03334493287510657,
1.9052681275106544,0.0004855537015085463,0.03330373510026781,
1.9052661273092661,0.0004855207490736478,0.03325702986220127,
1.905250504559478,0.00048552040225774775,0.03315865949702532,
1.9052501498405423,0.00048551928322400736,0.03317263165535015,
1.9052409211282375,0.0004855190179173321,0.033132831116936136,
1.9052368914300082,0.0004855185499948843,0.03309584918613624,
1.905236060133371,0.0004855182154872027,0.0330804743526676,
1.905234056383229,0.0004855195460232322,0.03311719944713076,
1.9052184591939139,0.0004855199781519251,0.041901998270913975,
1.9052181039075544,0.00048552011096152586,0.03606130540050845,
1.9052088855588891,0.00048552152541304666,0.03603892382207729,
1.9052048428169588,0.00048552224936572344,0.03598804560656776,
1.9052040045019725,0.00048552665536523594,0.03594445250598098,
1.905202004220949,0.00048552940538718433,0.03592434735523375,
1.9051864455222238,0.0004855295252635927,0.03377090261037061,
1.9051860810355294,0.0004855298924715281,0.03364145328267523,
1.9051769606270783,0.0004855303080811623,0.03355265974877567,
1.90517290318818,0.0004855307921001779,0.05462673243741197,
1.905172042703226,0.0004855308759774331,0.051532890487374465,
1.9051700561662706,0.0004855306035678397,0.04230388417364357,
1.9051545363574622,0.00048553010089399804,0.03623449984322973,
1.9051541621316486,0.0004855304596566624,0.0334581553397892,
1.905145131636486,0.0004855327517300078,0.030200853005096166,
1.9051410601419898,0.0004855322008612086,0.028350243834713375,
1.9051401920003965,0.0004855324691425029,0.026731629681805112,
1.9051382054348396,0.0004855328821085603,0.02479772832114482,
1.9051227017965333,0.000485532968088646,0.02465781612245177,
1.9051223209102923,0.00048553329611809414,0.024529344193035735,
1.905113341369516,0.00048553306813210327,0.024421825733523188,
1.9051092525548807,0.0004855348286786455,0.02431329384399359,
1.905108373617572,0.00048553679934733936,0.024229792042984054,
1.9051063899125422,0.00048553763352798037,0.02417157205901394,
1.9050909114424257,0.000485537619696874,0.024111300894124686,
1.9050905266705382,0.00048553912948213015,0.023984678399212794,
1.9050815797929268,0.00048554826379152577,0.02393819719373323,
1.9050774760768558,0.0004855824329829993,0.02390668120170786,
1.90507658531351,0.00048559106541346084,0.023889696473388195,
1.905074609150636,0.00048558983240306984,0.024358370764812218,
1.9050591736840934,0.00048558418200942164,0.02352290036601325,
1.9050587814289779,0.0004855813490999113,0.024039413669978683,
1.9050499080202354,0.00048555266353780683,0.024025987735744842,
1.9050457934383263,0.0004855608883408687,0.02429993046985026,
1.9050449052184684,0.0004855439516008566,0.024187005428299532,
1.9050429199436572,0.00048554649217240326,0.023862158473741884,
1.905027481893006,0.00048555009079814516,0.023849725521411954,
1.905027084752849,0.00048554685202629853,0.023822686930054862,
1.9050182324503349,0.00048554635183480776,0.023792910643009507,
1.9050140947602425,0.00048554646839848564,0.024055977321651264,
1.9050131910768355,0.0004855464023053163,0.025847653308729946,
1.9050112098423737,0.00048554670122394426,0.02704644192879907,
1.9049957994107942,0.0004855470177340756,0.02690936153394175,
1.9049954003447171,0.00048555379754548593,0.02502027069234566,
1.9049865691265586,0.0004855539234538524,0.023649586435454027,
1.9049824199912404,0.000485553758709768,0.02364973245499599,
1.904981525402469,0.0004855538762014456,0.023800058898127,
1.9049795293031404,0.0004855520065190714,0.023775673245777687,
1.904964114434495,0.00048554976605510373,0.02373926326815607,
1.9049637158241592,0.00048554899048713814,0.023817755121776956,
1.9049548622432382,0.0004855485652873952,0.023758617980791836,
1.9049506943950802,0.0004855726464534899,0.02370165014822876,
1.9049498022942795,0.0004855657024095376,0.023674136556382955,
1.904947796406996,0.00048556672917219614,0.023537934195386512,
1.904932381602289,0.00048556563581154694,0.02326497337160511,
1.9049319781762168,0.00048556517082286565,0.02317666798419442,
1.9049231505028965,0.00048556530592140456,0.023109893027879726,
1.9049189618354878,0.00048556998955963816,0.02308455235791981,
1.9049180539528263,0.00048557183511392985,0.023057254664527994,
1.9049160543957475,0.0004855702863280332,0.023069954307738175,
1.9049006788079805,0.0004855688340773838,0.023094990361249915,
1.9049002732994165,0.0004855686427136357,0.023090872756645245,
1.9048914802877215,0.0004855676012829867,0.023063986349197246,
1.9048872799835797,0.0004855667769305448,0.023034877055085452,
1.9048863640729898,0.0004855680447923016,0.02300664340548416,
1.9048843672743154,0.0004856226864043303,0.02293795723523326,
1.9048690125232999,0.0004856204249577639,0.022899048574093105,
1.9048685970425763,0.0004856607004976982,0.022868516861448775,
1.9048598721737149,0.00048570776918589357,0.022908408597998434,
1.9048556514066008,0.0004857532140780313,0.022887182532233704,
1.9048547215530784,0.0004855381529523263,0.022866648923480046,
1.904852728810314,0.0004855380322089743,0.022791595671673152,
1.9048373961478668,0.00048553846360647665,0.022730468953546596,
1.9048369736912776,0.00048554209051028844,0.02451865666735766,
1.9048283030039395,0.0004855387701347152,0.0234463992956202,
1.9048240660687972,0.0004857196465652418,0.023256013881481415,
1.9048231300865774,0.0004858988410659035,0.023292973169547322,
1.9048211354103939,0.0004858318331802509,0.02331113046111093,
1.9048058161303074,0.00048580290167886826,0.023296157637990988,
1.90480539062862,0.0004857740656187813,0.023234179317698847,
1.9047967312123872,0.00048575618690349995,0.023206685768592295,
1.904792473713594,0.00048572202029308596,0.023185702672460135,
1.9047915293293471,0.00048561976307354377,0.02313327758970247,
1.904789532756092,0.0004856190273444479,0.023038016365329955,
1.904774216058129,0.00048561984864458523,0.03147996727198233,
1.9047737812416448,0.0004856297100279332,0.031813286707999475,
1.904765176957652,0.0004856342307415614,0.030614459112926238,
1.904760897338312,0.0004856409508480882,0.09404845194683964,
1.9047599337060226,0.00048562984067108354,0.07047443775731851,
1.9047579478020071,0.0004856261261725944,0.04029373068441548,
1.9047426639125629,0.0004856237986490296,0.03740332860771504,
1.9047422199592199,0.00048562410813850405,0.03650270569859181,
1.9047336846290688,0.0004856227654488226,0.03618498975149687,
1.9047293857546297,0.00048562272998482336,0.036185439402375105,
1.9047284034561425,0.00048562262910466935,0.0360887310461176,
1.9047264244892685,0.0004856226307800925,0.03603307885772266,
1.9047111516541195,0.0004856206289755433,0.03597894164349945,
1.9047106949275971,0.0004856193281628259,0.03591750804815904,
1.904702235698488,0.00048561903914214077,0.0358623045030232,
1.9046979148152283,0.0004914823014334337,0.035809193552283285,
1.9046969250609331,0.0004901069329163504,0.035728517083992786,
1.9046949431029085,0.0004860433344864094,0.03568600692626076,
1.9046796779618793,0.0004859721058082533,0.03562614723039238,
1.9046792180006495,0.000485896713933985,0.0355859117316521,
1.904670771050767,0.00048589491441678465,0.03554401318734398,
1.904666428643616,0.0004858950633803515,0.0354971664775734,
1.9046654261849836,0.00048589342132127436,0.0354655436947138,
1.9046634456476887,0.0004858874786388695,0.03545545635111907,
1.9046481841234628,0.0004858866591904407,0.03548495651840456,
1.904647714923291,0.00048588766359316214,0.03545494934140826,
1.904639314633821,0.000485887740059826,0.0359149476329919,
1.9046349494635466,0.0004858849062783075,0.03580963482487365,
1.904633944506383,0.0004858800845363725,0.03568196564910789,
1.9046319532824272,0.00048587907500680306,0.035497736314168894,
1.904616676619863,0.0004858662744251825,0.03535088612734392,
1.9046162057990574,0.0004858660178977516,0.03525116504095248,
1.9046077930079304,0.0004858635748186435,0.03510428091332002,
1.90460340501079,0.00048586279837373436,0.03036882516773018,
1.9046023971680435,0.0004858632263205979,0.02903776705730459,
1.904600399473721,0.0004858631565025678,0.029048896941640333,
1.904585125976266,0.00048586550860587593,0.029010652812327457,
1.9045846534013127,0.00048586836738868217,0.028996349993544217,
1.9045762351893745,0.0004858714381766618,0.03178419544627058,
1.9045718244468612,0.00048593409178741175,0.030148972046323996,
1.9045708093540343,0.00048587000402401046,0.02925123706353855,
1.9045688081126848,0.0004858756816911015,0.02909963638370511,
1.9045535439219823,0.0004858710632731519,0.031161741508605373,
1.90455306779149,0.00048586250698547903,0.030479359818527823,
1.9045446681040896,0.00048586243157604827,0.030010628514033577,
1.9045402398765057,0.0004858642909778279,0.029335318139611405,
1.9045392237839607,0.0004858678786156969,0.029573834002019118,
1.9045372162651304,0.0004858674081213367,0.027997742166457004,
1.9045219631315202,0.000485870327067098,0.02777975457984639,
1.9045214835878952,0.0004858684518393309,0.02764776925718241,
1.904513100014363,0.0004858715068843394,0.030773900380078684,
1.9045086546741907,0.00048585864358768486,0.029785194892593733,
1.9045076405320112,0.0004858588332893799,0.02885721672089049,
1.9045056255119346,0.00048585411760307417,0.028337878866152858,
1.9044903789841467,0.0004858502999546694,0.02763614614081574,
1.9044898946093367,0.00048584939084603496,0.027214684065095026,
1.9044815261349997,0.0004858482513953522,0.02707444217383476,
1.9044770558318604,0.0004858690751231411,0.026952400838381452,
1.904476030847486,0.0004858652273909217,0.026814536221632542,
1.9044740121353632,0.0004858626515708458,0.026756370288799125,
1.9044587425681925,0.00048586221958734396,0.026760807682215556,
1.904458243838887,0.0004858636505092567,0.026662291583720254,
1.904449929484988,0.00048586185163152656,0.0265704200858576,
1.9044454236743311,0.0004858598807893651,0.02649183140158477,
1.904444376947126,0.00048585508037764675,0.0278721102724354,
1.9044423605793495,0.0004858537112745996,0.027054396518997204,
1.9044270789619497,0.0004858619572338184,0.026677499452343916,
1.9044265720945084,0.00048586537698029495,0.02670921567893047,
1.9044182851745575,0.0004858608533355094,0.026474170079516038,
1.9044137535266867,0.0004858577928334491,0.026520649070254927,
1.904412706518446,0.00048585122072535643,0.02655197297805052,
1.9044106774871898,0.0004858508828085445,0.02656493879069569,
1.9043953754574505,0.00048638236050115187,0.026462604699216602,
1.9043948674726863,0.0004863605355978499,0.026460787123418573,
1.904386556199289,0.00048614178822124304,0.026317157397763944,
1.9043819972509604,0.0004860804658900251,0.02631129787796338,
1.9043809403506597,0.00048596609652849635,0.026282015336149534,
1.9043789096012251,0.0004859454533188562,0.02623718362776254,
1.904363613660967,0.0004859524623260669,0.026262466951453484,
1.9043630994706793,0.0004859648200792681,0.026225271889097426,
1.9043548151282452,0.0004859093666036555,0.026184795974732885,
1.904350233198901,0.00048589020608860777,0.026144462430600847,
1.904349160605561,0.00048588270305051205,0.026101946957016477,
1.9043471364565658,0.00048584645432795754,0.02606552935489038,
1.9043318640066131,0.00048590749734759886,0.026029324026863976,
1.904331337381877,0.00048583444450713004,0.026001551806684436,
1.9043231286393272,0.00048578038518351106,0.025972357871609408,
1.904318524556771,0.0004857791981838489,0.025972881756134398,
1.9043174410435215,0.0004857703260281602,0.025986483918045974,
1.9043154153631066,0.0004857687768683861,0.024669735146965296,
1.9043001385864478,0.0004857694868573784,0.024393431096192814,
1.9042996021854213,0.0004857721714427907,0.024128114838953916,
1.9042914279622107,0.000485774796141298,0.02387929931992026,
1.9042867923048696,0.0004857763656429505,0.023447479359093786,
1.9042856907822536,0.0004857814120704077,0.023021232134901173,
1.9042836634734082,0.00048578135885644257,0.022622313126565173,
1.9042683683295067,0.00048586113719923356,0.02345582428194832,
1.9042678263446986,0.00048585805900508964,0.022938089646590706,
1.904259652380424,0.00048582787967244115,0.022974302498184253,
1.904254989902212,0.00048581278110750107,0.022615638107389213,
1.904253899344027,0.00048578284735642166,0.0225935798781285,
1.9042518507518682,0.0004857697642622247,0.022524689591726602,
1.9042365282539706,0.00048576351541969553,0.022505422792832484,
1.9042359833927929,0.0004857684026521981,0.022532981560646266,
1.9042277946179986,0.00048643607088949775,0.022506538831235143,
1.9042231034883144,0.00048640915583837723,0.022473749836929863,
1.9042220026836887,0.00048647680031528074,0.022447382809982583,
1.9042199531555404,0.00048661238396892613,0.02243724295420521,
1.9042046403808455,0.0004868726574115316,0.022426095252449384,
1.9042040915253602,0.00048692235659561776,0.022439691008585175,
1.9041959147074685,0.0004865868216249951,0.02243299219192884,
1.904191200107347,0.0004865477917166616,0.022409738006420418,
1.904190087852495,0.0004872214754273312,0.022447006584491204,
1.904188039007411,0.00048688230179714284,0.022444927819937684,
1.9041727351789173,0.0004865475080923661,0.022424692224797264,
1.904172176504022,0.0004864351484788211,0.02242455059120988,
1.904164042525804,0.00048645292501602754,0.022484574471608877,
1.9041593001975998,0.00048647174138974667,0.022467373188843013,
1.9041581687502747,0.0004864746541632776,0.022436695435828696,
1.9041561251363375,0.00048639321173117264,0.022426877757525852,
1.9041408299692844,0.00048624784673231505,0.022380479519587437,
1.904140256601862,0.00048621015831023433,0.02236242615528227,
1.904132196549694,0.0004864457726553698,0.02232860445438464,
1.9041274261109824,0.0004862859929995503,0.02310092970164595,
1.904126279725111,0.00048628409704268386,0.02261313269368496,
1.9041242347342822,0.0004862648367656853,0.02328338556740674,
1.904108919663148,0.0004862501289882509,0.023191224946690143,
1.9041083312676204,0.0004861933465495482,0.023107421445301816,
1.9041003158350385,0.00048615673363474314,0.023027551293253457,
1.9040955080244102,0.00048616772073855165,0.022978309282174272,
1.9040943578905705,0.0004862073686758139,0.02292716737905039,
1.904092295951343,0.00048626286987511503,0.022873114073913285,
1.9040769350901936,0.0004862933631472476,0.02282621071611715,
1.9040763512537031,0.0004862394829613695,0.02283831039110185,
1.9040682580463255,0.00048621493267172073,0.0228102365101429,
1.9040634175164894,0.0004861833415806099,0.022792207417813695,
1.9040622675087162,0.0004861519740143111,0.022762135425238847,
1.904060194145475,0.00048616553521429594,0.02282159151768819,
1.9040448161056338,0.00048614513666013915,0.022727648267363895,
1.9040442235145796,0.0004861497289318253,0.022436952563148087,
1.9040361458111021,0.0004861493511904286,0.022349313176994543,
1.9040312697196324,0.0004861568076332772,0.022372045421517873,
1.90403010106898,0.00048615171147787416,0.02227340065711647,
1.9040280260689522,0.0004861290886973165,0.022194027635958676,
1.9040126215582096,0.0004861533277974727,0.022113607283190857,
1.9040120142170318,0.0004862670597249749,0.022656227624957993,
1.9040039801350381,0.0004862342167738136,0.02263015446992464,
1.9039990658894015,0.00048633046622255914,0.022644976399967234,
1.903997878886064,0.00048630699739665045,0.02267059562065543,
1.9039958033796671,0.0004862721603582252,0.022715992225360377,
1.903980375835627,0.0004862778242011295,0.022681366797133454,
1.903979751437993,0.0004862813880442923,0.022646830648218763,
1.903971769061459,0.00048624365577408204,0.022615695177673558,
1.9039668122971705,0.0004862375251845521,0.022584986677171084,
1.9039655920218383,0.00048623523485131186,0.022555726271785027,
1.9039635263673513,0.0004862355876556369,0.022525808019615845,
1.9039480870454406,0.0004862368411701416,0.022502336771085714,
1.903947448580037,0.00048623692865663014,0.022548943003164748,
1.9039395088313467,0.0004862365303617946,0.02252404181453647,
1.9039345159965764,0.000486236699619855,0.02249811360433599,
1.9039332748824425,0.000486236753988809,0.02248289882800678,
1.9039312129606532,0.00048624209065804575,0.02246470110203081,
1.903915766710574,0.00048625957118623097,0.022453569429619936,
1.9039151097762428,0.000539611662238821,0.022597922330110445,
1.9039072391543133,0.0012799881065376658,0.022959605642895724,
1.9039022082847654,0.0004969275979052428,0.02259855787534882,
1.9039009330182266,0.00048740279428495444,0.02509349617849208,
1.90389888538331,0.0004859367830797983,0.02507028265812212,
1.9038834484326976,0.0004859351414428898,0.025066790585108568,
1.90388277233235,0.00048594189045061205,0.02503374045580964,
1.903874982819122,0.00048593923414724165,0.025023574483901526,
1.903869918492819,0.0004859441557004303,0.02501379280526,
1.903868622898427,0.0004859448485786931,0.024943688471661618,
1.903866576551009,0.0004859424560382074,0.02476946596491429,
1.903851123888259,0.00048594056321554286,0.024678596207262857,
1.9038504341073297,0.00048594751401002955,0.02453809796678079,
1.9038426767882421,0.0004859589027362296,0.024409071894213177,
1.9038375728057069,0.000486631595090294,0.02428068457796987,
1.9038362466236638,0.0004945005833725998,0.024183722592685922,
1.903834210975597,0.0004870216883112958,0.024178674479517548,
1.9038187625119138,0.00048652246616395794,0.024146459500399686,
1.9038180561547478,0.0004863364958823641,0.02409709451892383,
1.9038103573422285,0.00048639227025636876,0.024048275899993837,
1.9038052185594296,0.0004863499730054839,0.0240122041307887,
1.9038038873708458,0.0004863229443505997,0.023963621768481692,
1.9038018363069475,0.0004863289208969972,0.023928640356378914,
1.9037863348930089,0.0004863398525356973,0.023933729361704625,
1.9037856116822212,0.0004870027087864172,0.02389647796814178,
1.903777940345057,0.0004866567822440651,0.023875466392892234,
1.9037727536406717,0.00048694595842167993,0.023839652468433253,
1.9037714026808774,0.000489771196189452,0.02383209493809374,
1.9037693456935203,0.00048628136864531444,0.02378823356893657,
1.9037538012433632,0.0004861939562240555,0.023741106918061205,
1.9037530736139991,0.0004862037962127178,0.023668955314967623,
1.903745367298308,0.00048620260000793714,0.023589504248444616,
1.9037401387356276,0.00048620737502091287,0.023515292610032698,
1.903738779499498,0.0004862135160833069,0.02343711970704879,
1.9037367139802208,0.00048624807146689983,0.023366673683391244,
1.903721147877338,0.0004862093854770943,0.02336186479714366,
1.9037204087970507,0.00048620842867228123,0.02335778753503097,
1.903712723398591,0.00048620832178175084,0.023407121765814103,
1.9037074564117897,0.00048620816938031936,0.02391603319515457,
1.9037060763666982,0.00048620843705068434,0.023664967911945764,
1.903704011958376,0.0004862080847401334,0.023250340281475792,
1.9036884251432316,0.00048620737875064944,0.02313726847834194,
1.9036876627491193,0.000486207149361858,0.022686755556014418,
1.9036800463139822,0.00048620728440901555,0.02254060939205956,
1.9036747321221166,0.0004862072547656651,0.022536644224205506,
1.903673314873627,0.0004861944077448987,0.020735938441776878,
1.9036712620182132,0.00048619467384565664,0.02051851941544613,
1.903655664826685,0.0004861956847710779,0.02046991942012987,
1.903654880005067,0.0004861708656050073,0.02042660212317329,
1.903647332649725,0.00048616691886961593,0.020342283037185698,
1.9036419752295974,0.0004861643130336404,0.020291948345024968,
1.9036405337335593,0.00048616770969412825,0.02015690366685192,
1.9036384822408123,0.00048617198528816294,0.020084616220152323,
1.9036228615918545,0.00048617230871370764,0.020186434865300654,
1.9036220575717355,0.0004861736510953989,0.02018367894952982,
1.9036145546076881,0.0004861747381723684,0.020130794795422652,
1.9036091507362407,0.0004861750867439136,0.020577904602278353,
1.9036076894667953,0.00048617065681956945,0.020223375029614524,
1.9036056312746268,0.0004861677402724757,0.019866951968891194,
1.9035899632409061,0.0004861683386658618,0.019814506828423388,
1.9035891539261598,0.00048616792144353906,0.019812712922361787,
1.9035816097335885,0.00048616827317764954,0.019806649518265516,
1.903576158356073,0.00048618606093265936,0.01967305144402387,
1.9035747021580385,0.00048618588103647775,0.01965317596943051,
1.9035726175625365,0.0004864055690086447,0.10118033246861723,
1.903556881399932,0.0004865073146696556,0.08347417738481018,
1.9035560619871827,0.00048652030813682725,0.020443678797661863,
1.9035485030584258,0.0004864545047177867,0.019013806412457267,
1.9035430019517052,0.00048632802137765004,0.018748857151558107,
1.9035415323069234,0.0004862822680183274,0.018827116550141805,
1.9035394368570502,0.0004862392484728739,0.018759396945163154,
1.9035236529554158,0.00048622238139579463,0.0184864483507719,
1.9035228217194449,0.00048622205863809733,0.018334265747465134,
1.9035152577470993,0.0004862195815024769,0.01817811517534675,
1.9035097064920812,0.00048621506905804327,0.01801641178408289,
1.9035082053214007,0.0004862117523830845,0.01788343581289823,
1.903506118661462,0.0004862219642085434,0.017823438178967237,
1.9034903259228784,0.0004862202793574489,0.017816307386343492,
1.9034894702927283,0.0004862220343019191,0.0177734985777521,
1.9034819740637705,0.0004862241912046399,0.017745665369023604,
1.9034763753597925,0.00048622379620389213,0.017721214047116372,
1.9034748397595989,0.0004862221747936615,0.01768479370832059,
1.9034727642201439,0.00048621768560660675,0.0176602710446253,
1.9034569658641571,0.0004862258298908222,0.017698668453948737,
1.9034560778908247,0.00048622511954075307,0.017677887424936308,
1.9034486860668391,0.0004862254343240566,0.017655281980158546,
1.9034430354706091,0.00048622556843364733,0.017633106492034905,
1.9034414489225098,0.00048622189553968826,0.01761318531950774,
1.9034393911415417,0.0004862158373604269,0.017601818562689237,
1.9034235795800558,0.0004861696561394003,0.01758042217894617,
1.9034226676612462,0.0004861661638337234,0.01756079450930535,
1.90341533312171,0.00048616566090910706,0.017539658569664697,
1.9034096329265942,0.00048616291461926064,0.01751973288578728,
1.9034080224340162,0.00048616089570198965,0.017497759741158293,
1.9034059622580637,0.0004861608729903413,0.017477673854404022,
1.9033901156614381,0.0004861618592774184,0.017450180194237698,
1.903389179263807,0.00048617002107230294,0.017434170144923405,
1.903381896772129,0.0004861724490405678,0.01741373329615344,
1.9033761430179208,0.00048635090524802257,0.017404837645719685,
1.9033745030377047,0.00048627307300620905,0.01732741288367314,
1.9033724436431227,0.00048625493781878084,0.017269371932638663,
1.9033565621242505,0.00048625346014603165,0.0172478275286165,
1.9033556037043333,0.00048625186624160746,0.017201124721524783,
1.9033483554841675,0.00048625344277446826,0.01715099989035993,
1.9033425460515057,0.0004862586334634932,0.017966602108658504,
1.9033408757361454,0.00048625883967226167,0.017414374961330425,
1.903338817614511,0.00048625529777743715,0.01712007444610722,
1.9033229036401793,0.0004862623599220793,0.01682154679511799,
1.903321931412662,0.00048625729365982945,0.016756004515137337,
1.90331468086516,0.00048625254250695896,0.016578831591732554,
1.9033088196376515,0.0004862496028551993,0.01652337869293464,
1.9033071429095763,0.00048624692237158565,0.01653261693810096,
1.903305068708684,0.00048624715200501907,0.016565338486559132,
1.9032890985886726,0.0004862488404733107,0.016551702723698658,
1.9032880952868305,0.00048625086007724215,0.016530749166263056,
1.9032809047312116,0.0004862523088556646,0.0165091139957772,
1.9032749790644616,0.0004862556980352603,0.01648621944898806,
1.9032732572699782,0.00048624178385031554,0.016473926126004894,
1.9032711924581673,0.00048623844037729545,0.016452592008184937,
1.9032551920474408,0.00048623545398318715,0.01643088288735035,
1.903254176118201,0.0004862310682246788,0.016408729424561123,
1.903246977147462,0.00048644427692072056,0.016384627333857073,
1.9032409993058201,0.0004864444937841252,0.016365238903454832,
1.9032392685039439,0.0004864387329790091,0.016348323315125923,
1.9032371911760777,0.0004864365836717482,0.016379412448442324,
1.903221147537224,0.0004864288297501082,0.016202791810702076,
1.9032201066680987,0.00048640998283699407,0.016108026844246535,
1.9032129458015774,0.00048640365492743276,0.01603188332647509,
1.903206906784711,0.00048638486115705986,0.015947671907195142,
1.9032051260548988,0.0004863936885430278,0.015904316539549455,
1.903203064020512,0.00048638964189492826,0.015857416490596125,
1.9031870019814527,0.00048648222744302643,0.015966900441737562,
1.9031859260128128,0.00048648706929552203,0.05290231315578591,
1.9031788469549158,0.000486505617643268,0.04171444565678536,
1.9031727471422735,0.0004863880604905768,0.016568063539349275,
1.9031709365608083,0.0004863830579397416,0.01652395942964084,
1.9031688704833138,0.0004863784802946197,0.016595866760044452,
1.903152755736453,0.00048637623691686086,0.016622084416299622,
1.9031516564766195,0.00048637222251891296,0.016604134799429113,
1.9031445984055197,0.00048636386346967284,0.016679931743896405,
1.903138434644125,0.0004863618788490897,0.016955142589658655,
1.9031365764767874,0.0004863749610166998,0.01679735593690609,
1.9031345257375591,0.0004863743709842023,0.016749206739033115,
1.903118397682443,0.00048637199297517494,0.016752477862286435,
1.903117251833012,0.0004863716837179652,0.01672219342079459,
1.903110309484312,0.0004863696225681989,0.016698912041171333,
1.903104077011126,0.00048636875685998207,0.016678304645697473,
1.9031021762143452,0.0004863686680632643,0.01667212523756457,
1.9031001251873045,0.0004863684262470708,0.016724499758000878,
1.9030839284654448,0.0004863674647449818,0.016686088921089078,
1.903082756660224,0.00048636430280951936,0.017541592160393252,
1.9030758238176966,0.0004863640541025685,0.015798105195136438,
1.903069517168964,0.0004863637863520877,0.015807850016532017,
1.9030675743054177,0.00048637153403996485,0.015794094676641897,
1.903065528173978,0.00048637062330479094,0.015773723017529245,
1.9030492943698862,0.00048637861494454807,0.01576593327137046,
1.9030480943784953,0.00048637888596809775,0.015737838982915642,
1.9030412032225847,0.0004863800189960291,0.015720784336120622,
1.9030348348482726,0.0004863807806060027,0.01570122796330603,
1.903032867509411,0.00048638108270601253,0.015680677148148487,
1.9030308172826287,0.00048638747926494356,0.0156733352161655,
1.903014541044499,0.00048639371378820433,0.01566700740122696,
1.9030133124542208,0.00048639307614522733,0.015563475628702514,
1.9030064476112805,0.00048640136800129596,0.015511610142976036,
1.9030000074690483,0.00048639845620257065,0.015282163101247087,
1.9029980254720555,0.0004863904415147447,0.015275494311083632,
1.9029959514897434,0.0004863918630705949,0.015273294124515486,
1.9029795718382159,0.00048639140843175833,0.015273896763499556,
1.902978329899921,0.0004863920718057698,0.016676093251503404,
1.9029714140406069,0.00048639442776166205,0.012785687879267106,
1.9029648958981915,0.00048639377449265366,0.012785870540133745,
1.902962866656225,0.00048639307038134214,0.012787019588077488,
1.902960805480804,0.0004863914779497261,0.01278511616740386,
1.9029444080438072,0.00048639135373597126,0.012756025788972145,
1.9029431356707591,0.0004863916642288101,0.012688332273919805,
1.9029362574645148,0.00048638622128047544,0.012706619531335358,
1.902929671179867,0.0004863819895861588,0.012688769757873187,
1.9029276204291163,0.00048636476907599276,0.012640488131220696,
1.902925547978998,0.0004863688054478095,0.012448657091225127,
1.9029090875377999,0.00048675522571287315,0.012392962847505127,
1.9029077746086371,0.00048656077065757587,0.012744056711077876,
1.9029009581885457,0.0004866317586923718,0.012437373049458593,
1.9028942937818019,0.00048671351638119995,0.03391516141954854,
1.90289219293267,0.0004866415236433368,0.007928230988796489,
1.9028901273122052,0.00048662607714783016,0.002229313712668028,
1.9028736207817776,0.0004866025123341633,0.0011900031581159698,
1.902872273183623,0.0004867027038836687,0.001214592087662751,
1.902865502698103,0.00048680468527186586,0.0011688898259437457,
1.902858766520003,0.00048684966956006795,0.0015984795408855172,
1.9028566453748101,0.0004867447009358307,0.001670075411029702,
1.9028545667126184,0.0004866064983082044,0.0014341107264775979,
1.9028379931975465,0.00048668929548145376,0.001364311276370956,
1.9028366298943535,0.00048639678171712495,0.0013325085471456632,
1.9028298267099601,0.0004863956396035461,0.0019292516985737478,
1.9028230154977508,0.00048639336701616226,0.0012003412826284263,
1.9028208814322614,0.0004864016724499018,0.0011639352891681498,
1.9028187819462623,0.0004864066895130946,0.0011846949938752944,
1.9028021218960547,0.0004864090605500586,0.0011542361211468967,
1.9028007325649157,0.00048640930984094526,0.0010825378124973207,
1.9027939159982195,0.0004864111489040574,0.0009573851605735372,
1.9027870183903068,0.0004864141767594255,0.0009328338606222266,
1.9027848300605261,0.00048641379133329554,0.000934024293434493,
1.902782744686062,0.00048641371030531076,0.0009436976847724597,
1.9027660648448146,0.0004864136954521651,0.0009259798119898937,
1.902764620905054,0.00048641410978372135,0.0009254533384973607,
1.902757922466987,0.00048641354147670304,0.0018189319286063099,
1.9027509494411932,0.00048641274606947305,0.0010976040359879464,
1.9027486974493957,0.000486412700932933,0.001095389971657713,
1.9027466321392839,0.0004864506578490068,0.0010913981431166283,
1.9027299367875468,0.0004864487017155986,0.0010880152911001782,
1.902728450362581,0.00048642627114126513,0.00108422815609586,
1.9027218184285815,0.00048642516888354736,0.0010809776569526716,
1.9027147689665231,0.00048641510913660033,0.0010784079309724734,
1.9027124769541848,0.00048641600151261906,0.0010760988951152072,
1.9027104122142082,0.0004864161781812754,0.0010744627429389443,
1.9026936695367374,0.00048640416490316975,0.0010722089106146775,
1.9026921509428132,0.00048640634110602086,0.0010702840355690441,
1.90268553969334,0.00048640690785512093,0.0010687263233316662,
1.902678410396207,0.0004864107331308732,0.001068456923808472,
1.9026760714448487,0.00048733563306147307,0.0010669218710946421,
1.9026740157825608,0.0004867575884663748,0.001077264880288841,
1.9026572511012245,0.0004867410084867605,0.0010744687378932726,
1.9026556834286406,0.00048674112630619907,0.0010714908182299532,
1.9026491565457706,0.00048668507064568103,0.0010696700439219824,
1.9026419484680654,0.000486684164673872,0.0010679113162931047,
1.9026395773022062,0.0004866888703042358,0.001075597689880582,
1.9026375124259474,0.0004866877349976982,0.0010741914579022185,
1.902620673953339,0.0004866790296632164,0.0010721193433877593,
1.9026190696649434,0.0004866795088854418,0.0010667125609555145,
1.902612555178151,0.0004866800355654214,0.0010648543734107826,
1.9026052538971419,0.0004866788418807178,0.0010659803607573294,
1.9026028520411424,0.00048667871140076717,0.0010612374549999822,
1.902600774525318,0.00048667856438912326,0.0010594439860606233,
1.9025838488460673,0.0004866742960178837,0.0010575658591095655,
1.9025821905143563,0.00048666552006356546,0.001056219602003016,
1.9025757290583947,0.0004866576129433987,0.0010540118237536648,
1.9025683213004205,0.00048665671790544676,0.0010528839286265983,
1.9025658472748204,0.0004866568138858433,0.0010510539104911017,
1.902563782587422,0.00048665610308333107,0.0010492841236929883,
1.902546796031021,0.00048665565072725323,0.0010475770837444478,
1.9025451035352778,0.0004866612818830378,0.0010459799610479513,
1.9025386442035475,0.00048667933236957984,0.0010440722701365892,
1.9025311429861942,0.00048669933454503344,0.0010419629565461533,
1.902528638506115,0.0004867143972818076,0.001040709623591011,
1.9025265646995722,0.00048671607603085505,0.0010410369632085784,
1.902509513181401,0.00048671259652844674,0.0010393503250433732,
1.9025077924321023,0.00048679961744175614,0.0010390614962981443,
1.9025013228768437,0.00048712196299263293,0.0010364786328668045,
1.902493732524661,0.0004870161096377372,0.0010343028258614241,
1.9024912163272116,0.0004869187632113906,0.0010335411182036184,
1.9024891189167434,0.0004869140811280742,0.001019772876273227,
1.9024719795511569,0.0004869015792997346,0.0009727747661792218,
1.9024702514864658,0.00048689037449567126,0.0009721539499744543,
1.902463700614583,0.0004868822751019779,0.0009709111788675979,
1.9024560205504566,0.0004868681947692326,0.0009693141498353245,
1.902453527455488,0.00048725635715467697,0.0009674736185033019,
1.9024513779015202,0.0004866590449174291,0.000966647204981291,
1.902434099009143,0.0004866545205919881,0.0009653935789949683,
1.9024323493435527,0.0004862193959112528,0.0009637047062602964,
1.9024257291658135,0.0004862189989762293,0.0009888547215190502,
1.9024179371980892,0.0004862238478369711,0.000972911625570258,
1.9024154159673086,0.0004862256572583221,0.0010839486778735509,
1.9024132503516729,0.0004862994052084086,0.0011068285782723027,
1.9023958832950505,0.00048770568078435874,0.0011069706168711953,
1.90239412333114,0.0004898848616867053,0.0010713442806852924,
1.9023874288792186,0.0004864485394408046,0.0010519153927175304,
1.9023795446619436,0.0004865872057714161,0.0010450675918329646,
1.9023770447685746,0.0004865859235565625,0.001023494959435251,
1.9023748277705073,0.0004865860374956477,0.0009781325233903305,
1.9023573250928352,0.0004865375028008777,0.0009808900900529086,
1.9023555306939377,0.0004865113300161382,0.000972329958226116,
1.9023488050558124,0.0004865085953401463,0.0009661126418150692,
1.9023408044039745,0.0004864668894458914,0.0009610819884990265,
1.9023382330107,0.0004867458141302733,0.0009602603382683685,
1.9023360377489467,0.00048707222854308123,0.001184964772577558,
1.9023185145516865,0.000487078304464253,0.0009638971410373707,
1.9023166262021682,0.00048711730101669596,0.0009631624088594373,
1.9023100796272565,0.00048726301801195324,0.0009634877956930192,
1.9023019701083124,0.0004872927708345572,0.0009621406899804182,
1.9022993060946676,0.0004873634063511404,0.0009605667333089688,
1.902297136196285,0.0004872525316901908,0.0009593785059591761,
1.902279564255865,0.00048718078648631713,0.000959440561865693,
1.9022776085523354,0.00048717400375654325,0.000975332815141969,
1.902271141522654,0.00048698204634911726,0.0009694789334856502,
1.9022629189488027,0.00048624538280854306,0.000981920292301841,
1.9022602032075138,0.0004862298183460825,0.0009751235665749467,
1.902258029963277,0.00048620643985313464,0.0009724372708775031,
1.9022403735965514,0.00048619061560524924,0.0009702210202491551,
1.902238381986956,0.0004861831119932537,0.0009799939496251125,
1.9022318921208614,0.0004861778846678927,0.0009781941601413355,
1.902223554132341,0.0004861751488770142,0.0009729375885371423,
1.9022207677005578,0.0004861748985125402,0.00157673547657594,
1.902218613597948,0.0004861746514777073,0.0013717778158773698,
1.9022009331690395,0.00048625785341098563,0.0010502945723392253,
1.9021988190078467,0.00048627072423282374,0.0010390141979275801,
1.9021925490549623,0.00048625906818098365,0.0010357341808440337,
1.9021840830943886,0.00048625336546242656,0.001022267685337081,
1.9021811763122216,0.00048624744672911223,0.0010150925416630011,
1.902179061243689,0.00048625182613250034,0.001006866777087891,
1.9021613393762413,0.000486289409958406,0.0010039752031094763,
1.9021591464563452,0.000486156155592028,0.0010079974759534041,
1.902152958209204,0.00048614792730454476,0.001004204606505402,
1.9021443637750681,0.0004861029552523335,0.0010009172980900663,
1.9021413642257956,0.0004860927182864989,0.0009978933697642005,
1.9021392727044173,0.00048613091603548166,0.0009951125779073912,
1.9021215088488028,0.0004861115115295148,0.0009924916522867557,
1.9021192366783874,0.0004861005012263357,0.001003513030552348,
1.9021131403677116,0.00048608276651121885,0.0010001311522607205,
1.9021044256437687,0.0004860957813614351,0.0009973983821819276,
1.9021013358537622,0.00048611077572256034,0.0010007138028328944,
1.9020992706283348,0.00048608363668694687,0.000997280274200359,
1.9020814854499941,0.00048608715358644403,0.0010034442554417236,
1.9020791272345516,0.0004860345087712862,0.0009957182223402931,
1.902073139112761,0.00048600217683422345,0.000996283884660378,
1.9020643048014323,0.0004860018575414959,0.0009929045204277202,
1.9020611502964824,0.00048600941872712435,0.0009908617612361598,
1.9020590890859723,0.00048601497050881264,0.0009887818120986175,
1.902041234725518,0.00048600029042691683,0.0009869586797158023,
1.902038837978895,0.00048601288735443865,0.0009855355009932383,
1.9020328208542412,0.00048598676025820783,0.0009844834276143588,
1.9020238633661135,0.0004859919492320105,0.0009827114750992805,
1.9020207015993464,0.00048598932692318187,0.0009805637784334174,
1.9020186058705566,0.0004859842364377791,0.0009715444604593062,
1.9020006312468418,0.0004859820099086894,0.0009685897525490912,
1.901998144772529,0.00048598172797200757,0.0009657965470130129,
1.9019921977780807,0.00048598142353708916,0.0009649937492009204,
1.901983089330158,0.0004859799203213582,0.0009621865092064995,
1.901979819666736,0.00048597967622484054,0.000959236054838013,
1.9019777537587184,0.00048597909372894685,0.0009568131443169919,
1.9019597398085013,0.00048597881611999697,0.000944659061671261,
1.9019571446637242,0.00048597833480105594,0.0009523997536688657,
1.9019513239544568,0.00048597936135774455,0.0009478591235304949,
1.9019420712939399,0.0004859783733312781,0.000946154712412675,
1.9019386923752992,0.0004859778292481122,0.0009437902672904365,
1.9019366540117986,0.0004860851592527783,0.0009415352811461854,
1.9019185907801024,0.0004862868305006715,0.0009520263559249918,
1.9019159153707477,0.00048608145134029285,0.0009497139206385505,
1.90191014442855,0.0004860302989824724,0.0009482513223425013,
1.9019007484960728,0.00048599740787982714,0.0009587330813349768,
1.9018973278663398,0.00048596340395185055,0.0009496555153745979,
1.9018952715104902,0.00048612377099805526,0.0009482750040609519,
1.9018770941549252,0.0004859189379576135,0.0009470449299124357,
1.9018743421150444,0.0004860111814995665,0.0009457679639866763,
1.9018685953026893,0.0004886697163594597,0.0009445161503145869,
1.9018590427648503,0.0005096277116092307,0.0009433044573318897,
1.9018555329836506,0.0005212586672558528,0.0009417394942300306,
1.9018534923819959,0.0005303502933371561,0.0009401194303724127,
1.9018352603968465,0.0005413278361832706,0.0009386447895316765,
1.9018324394108344,0.0006182207191589513,0.0009370406955763927,
1.9018267196169831,0.0005629634541830942,0.0009296807884988091,
1.901817027025535,0.0005176170130041563,0.0009285205510471012,
1.9018135126924116,0.0004935886734544456,0.0009255902090987168,
1.9018114266690012,0.0004900052385540304,0.0009185897955674593,
1.9017930313830267,0.0004874533172029246,0.000916824372404975,
1.9017901608398857,0.0004875154128939228,0.0009144786546069225,
1.9017843756646835,0.00048773577737050146,0.0009127565196968327,
1.9017745076907626,0.00048693504887654666,0.0009104583773452989,
1.9017709257224622,0.00048735829772532916,0.0009086967995365091,
1.9017688385281224,0.00048739474234181366,0.0009070746097326343,
1.901750355060283,0.0004930908031708267,0.000905183128577609,
1.901747409059194,0.0004948464291148003,0.0009027658898325592,
1.901741636406499,0.0005000088456215166,0.0009007415780867513,
1.9017316068322303,0.0004958357393578764,0.0008994614983783234,
1.9017279855830074,0.000607829371981812,0.0008979982735460677,
1.9017258765247675,0.0006285866246881364,0.0008554722385928265,
1.901707270698042,0.0005346876362567163,0.0013340213215989644,
1.9017042158813189,0.0004887976510026633,0.0008455721584263125,
1.9016985064350516,0.0004884954455131553,0.0008450953727517777,
1.901688293874727,0.0004884666473403368,0.0008438912969986073,
1.9016845985237383,0.0004884792605127184,0.0008422194316167009,
1.901682481830876,0.0004884993734921194,0.0008404748086494893,
1.901663744880942,0.0004884566447644393,0.0008393902082071192,
1.9016606182913536,0.0004884482531086485,0.0008393228631943457,
1.9016548811202099,0.0004884474301811047,0.0008388422605940088,
1.9016444812479067,0.0004884484378643312,0.0007933015986776332,
1.9016406917828843,0.0004884481198714879,0.0007869299707873207,
1.9016385913027458,0.0004884477090783289,0.0007854581560085261,
1.9016197975784865,0.0004884509251341706,0.0007834479832013942,
1.9016165470409756,0.0004884536851808995,0.0007813381108229816,
1.9016109178252256,0.0004884548074916511,0.0007795354880646933,
1.901600346821457,0.0004884567422976423,0.000778987870868547,
1.9015965104971977,0.000488457586359335,0.0007780559782137959,
1.9015943848569263,0.0004884450831555999,0.0007750889534282761,
1.9015754389626345,0.0004884425742531435,0.0007757049008311514,
1.9015721985774436,0.0004897148283256096,0.0007733281621802886,
1.9015663857593048,0.0004894877165422261,0.0007712751637585527,
1.9015556458046718,0.0004887522149757675,0.0007693592846988072,
1.9015518919513559,0.0004914128974071588,0.0007648681016215041,
1.901549659841405,0.0004891000409874551,0.0007628154564753032,
1.9015304628425025,0.0004888876771181149,0.0007617808864561548,
1.9015271355255854,0.0004888782326897393,0.0007604650366376739,
1.9015212785609343,0.0004888737111698236,0.0007592027159455766,
1.9015103067633188,0.0004888635497772822,0.0007575290773257533,
1.9015064220328255,0.0004888688495522184,0.000757277385663547,
1.901504220166653,0.0004888639486951411,0.0007574306010573462,
1.901484951710115,0.0004888413779712935,0.0007559433476450646,
1.9014815213607155,0.0004888041131858815,0.0007821207393420784,
1.9014757073689135,0.0004888170332256782,0.0007489591092874598,
1.901464548139767,0.0004888198840113695,0.0007463372354234561,
1.9014605414974606,0.000488868979413221,0.0007451880150872837,
1.9014583782377827,0.0004889531347065383,0.000742611407910633,
1.9014391024931834,0.0004887958671636268,0.0007410419266429204,
1.901435508475186,0.000488794477976597,0.0007409900119132017,
1.901429868851168,0.0004887936210762307,0.0007380361178551592,
1.9014185285761687,0.0004888081626080992,0.0007379807340688315,
1.9014144452906798,0.0004888094993207612,0.0007352298716264492,
1.9014122761500603,0.000488805249037128,0.0007341366892547528,
1.901392882973402,0.0004888446653119913,0.0007330641758706871,
1.9013892009516542,0.0004888637560127399,0.0007323775776707644,
1.9013835454904697,0.0004888519404118524,0.0007313867140408651,
1.901371996314293,0.0004913850325105733,0.0007292210386954904,
1.9013678784674823,0.0012035944497444696,0.0007282335250576769,
1.9013656736102267,0.0005461797738173566,0.0007270637699859146,
1.9013461167732963,0.000552033606738567,0.0007260736396847182,
1.9013424080445906,0.0004915183982903824,0.0007235817618137841,
1.901336627060882,0.00049024183197015,0.0007302302241840973,
1.9013248798326672,0.000490578241089787,0.0007211333211250729,
1.901320736836384,0.0004903012185675794,0.0007201413548763619,
1.901318506576245,0.0004902124349818602,0.000719103449014881,
1.9012988518806084,0.000491443405456665,0.000718076649105345,
1.9012949798454286,0.0004902772004976738,0.0007167517675535246,
1.9012893125798986,0.0004900779738545879,0.0007157276876366722,
1.9012773372886649,0.0004900784051403279,0.0007153861785127108,
1.9012730921759908,0.0004900805562184407,0.0007143938847767514,
1.9012708632859423,0.0004900807005809121,0.0007136482163546741,
1.9012510782758751,0.0004900806153575523,0.0007153117835334143,
1.9012470803386916,0.0004900804969546513,0.0007113837907710001,
1.90124143734487,0.0004901275084420711,0.0007098431541908458,
1.9012292218553375,0.0004900890699199383,0.0007089314452555494,
1.9012249622114963,0.0004900886480665516,0.0007062845550344599,
1.9012226692185372,0.0004900454176138796,0.0007067608779438427,
1.9012026362919887,0.0004900535507206475,0.0007060197688089715,
1.9011985202147819,0.0004900546094756576,0.0007105173120997423,
1.9011928292301756,0.0004900550536564158,0.0007267347044507404,
1.9011803194570331,0.0004900552684833256,0.0007131151252607796,
1.9011759512341948,0.0004900569868414162,0.0007142330855012451,
1.9011736552650875,0.0004900551944954922,0.0007131819375383461,
1.9011534602311873,0.0004900538743832152,0.0007132275433527505,
1.901149319056224,0.0004900596083959552,0.000712233724673238,
1.9011434757653722,0.0004900664002743272,0.0007081103114590075,
1.9011307367140227,0.0004900599820900439,0.000703659137695082,
1.9011263342191322,0.0004900579588749304,0.0006818165263156033,
1.901124014296845,0.0004900471300889753,0.0006782251691804556,
1.9011037171546576,0.0004900462641962808,0.0008347708997455242,
1.901099343549352,0.0004900477493281354,0.0007936005555008327,
1.901093686703736,0.0004900472693251383,0.0007734353107156646,
1.9010806745174016,0.0004900472575563526,0.0007692942024140548,
1.9010760268285904,0.0004900474215982718,0.002807100049208291,
1.9010738096063495,0.0004900487131687779,0.0015961459219994063,
1.9010535570999696,0.0004900480661919741,0.0020871701426185105,
1.90104883687234,0.0004900473150291531,0.001887963212090163,
1.9010435380937865,0.0004900452378377275,0.001519852781249798,
1.9010302414921803,0.0004900449386301225,0.0006450943856429113,
1.9010253526050986,0.0004900467816973243,0.0005705229020448501,
1.9010232106395508,0.0004900674531702989,0.0005125659836521258,
1.901002908017061,0.0004900688896647312,0.00041489627242909306,
1.9009980086120157,0.00048989562624698,0.0003922219216627594,
1.9009927878119117,0.0004904044924014132,0.00036748879417956376,
1.90097922386812,0.000490378716930297,0.00035429278262739136,
1.900974251281314,0.0004905270975033821,0.0003268625085573191,
1.9009720981998255,0.0004904429693265696,0.0003023625758563109,
1.9009516615640323,0.0004901750216931671,0.0002800298977243739,
1.9009465531985572,0.0004902248246907911,0.00026171080820801626,
1.9009414166950236,0.0004903403510838609,0.0002457272951407716,
1.9009275441195768,0.0004904376136701397,0.0002339052701857124,
1.9009224243555474,0.0004903300680306677,0.00022463802853159182,
1.9009202914682704,0.0004912087706582827,0.00036990488159801925,
1.900899745509826,0.0005055847793681363,0.00014391315376691583,
1.9008943663447118,0.0004924597336614446,0.00013377784209308373,
1.9008893736119534,0.0004908517713213978,0.00013190852212677468,
1.900875159274969,0.0004906553824981035,0.0001325130990982273,
1.9008698747904855,0.0004906193702700377,0.0001327625365922647,
1.900867759047126,0.0004906146575193363,0.0001322636762908795,
1.9008470621127516,0.0004906419680649969,0.00013189822045919558,
1.900841451972548,0.0004906429378819176,0.00012968571196628233,
1.900836521309068,0.0004906772806380834,0.00012948111276657047,
1.9008219478153596,0.0004907228709429387,0.00012924355944113295,
1.9008166274408242,0.0004906977751054674,0.0001290439024787974,
1.9008144354684602,0.0004907448712730443,0.00012886426736114648,
1.90079340485683,0.0004907568194724895,0.0001286592347947427,
1.900787732343378,0.0004907501832750157,0.00012841882135409912,
1.9007825975442323,0.000490766222743409,0.0001282901408928055,
1.900767641091239,0.0004907830609604859,0.00012842191985069432,
1.900762168080231,0.0004907802950389845,0.0001280263127679004,
1.9007600061324117,0.0004907786663359528,0.00012787644509671284,
1.900738910716189,0.0004907752345881595,0.00012770585020360905,
1.9007329935541093,0.0004907775808409517,0.00012752825848126234,
1.9007279725464103,0.0004907792572435841,0.00012760847985590173,
1.90071269334537,0.0004907775064601049,0.000129098184772409,
1.9007071296244415,0.0004907772113750589,0.00012769852315774595,
1.9007049504773554,0.0004907782958426607,0.0001274760010750638,
1.9006836933289344,0.0004907869949074423,0.00017466372107350215,
1.9006776208536051,0.0004916495016525162,0.0001331149471362127,
1.9006725674000164,0.000491540172426091,0.00021858894047253107,
1.9006569444282928,0.0004979131335513836,0.00012815913014076587,
1.9006512583384014,0.0004984709267965532,0.00012789464002109147,
1.9006490921255708,0.0004958342343886723,0.00012837908773601585,
1.9006277558965479,0.0004951072401617691,0.00012820059646051298,
1.900621443456163,0.0004949237702803845,0.00012821457950864024,
1.9006164798366059,0.0004933663960256326,0.00012791086213978717,
1.90060051984985,0.0004929085420485455,0.0001276227179590192,
1.9005946616199036,0.0004917273859342928,0.00012718105793607263,
1.9005925424986156,0.0004912504401011778,0.0001270126888479092,
1.9005711946678665,0.0004913568898104354,0.00012653759678255612,
1.900564559162367,0.0004913155383404333,0.00012639624748396662,
1.9005597784900643,0.0004914309906979862,0.0001262565864142365,
1.9005434678878008,0.0004915040427796984,0.0001261230061728799,
1.900537403655574,0.0004914567209278168,0.00012604465778553247,
1.9005353445064301,0.0004913444093695744,0.00012595458586527698,
1.900513991999633,0.0004911396503780489,0.00012582695778176744,
1.9005071402846516,0.000491177436572027,0.0001256616022801261,
1.9005024309369254,0.0004912025264856905,0.00012552890172379033,
1.9004858097860404,0.0004912047196707897,0.00012539760062994765,
1.9004798902278188,0.000491474487471209,0.00012531891386850105,
1.9004776613955974,0.0004912794137590308,0.0001251419715996426,
1.9004558929870783,0.0004912905169919063,0.0001248843709180051,
1.900448980330216,0.000491282427346247,0.0001247148959525482,
1.9004440263818245,0.00049129310570352,0.00012456661886675556,
1.900426939302201,0.0004916384611842882,0.0001243866457937578,
1.9004208436043137,0.000492947933924449,0.00012427115178330965,
1.9004186584254776,0.0005785663131378521,0.00012411268601249687,
1.9003968592800784,0.0008970148378720329,0.00012423557106593523,
1.9003896970200809,0.0005548289339266501,0.00012406511757823393,
1.900384825054223,0.0005039628220116356,0.00012391203502657677,
1.9003673849313423,0.0005028229601268577,0.0001236070820466837,
1.9003612257043305,0.0005027607473173354,0.00012461495877972044,
1.9003590153086551,0.000502539610699778,0.000122050261924929,
1.900337083836281,0.0005025031538644685,0.00012186929571346287,
1.9003294573437193,0.0005024628673105986,0.00012193696093118099,
1.9003247995129051,0.0005024030562375685,0.00012185079471365231,
1.9003068479175451,0.0005024098319646775,0.000121721156175139,
1.9003003237178138,0.0005023951789198996,0.00012162463665953103,
1.900298245112407,0.0005024319645269557,0.00012152891728280385,
1.900276357217171,0.0005024890727356045,0.00012139841357870274,
1.900268243247613,0.0005024930938301155,0.00012125522572021691,
1.9002638438436261,0.0005024990220792834,0.00012111561321354421,
1.9002454291603648,0.0005024858214050871,0.00012097020116761778,
1.9002386403423006,0.0005024863069137622,0.00012064953472095654,
1.9002366345948558,0.0005024862538160896,0.00012049886656730458,
1.900214723225542,0.0005024520665161269,0.00012035673476386128,
1.9002063242000928,0.0005024797369025639,0.00012023932673770562,
1.9002019851954084,0.0005024793734744463,0.00012016442036931154,
1.9001831553107327,0.0005024825287226422,0.00012019880815651345,
1.9001763109082237,0.0005024850173816684,0.00012001084621402028,
1.90017427177341,0.0005024867738446151,0.00011982736672366012,
1.9001522146265455,0.0005024769660758134,0.00011970529375538103,
1.9001435030425333,0.0005021547020065425,0.00012305480763939088,
1.900139201064641,0.0005020269003183085,0.00011978029292571948,
1.900119881083011,0.0005021272606770815,0.00011932917789132942,
1.90011281059374,0.0005022243851983263,0.00011863395448064047,
1.9001108384430647,0.0005023370182459847,0.00011868076747341847,
1.900088807747807,0.0005023603205291849,0.00011838844157457517,
1.9000797373892861,0.0005022025578153037,0.00011818591778046173,
1.9000755577324033,0.0005021250026309424,0.00011804282066819076,
1.9000558102610692,0.0005020332083775788,0.00011787082499807636,
1.9000487208837664,0.0005019492723671748,0.00011773530552350226,
1.9000466907416398,0.0005016291523808426,0.00011758534552260146,
1.9000244679844873,0.0005016233360540044,0.00011739580636664025,
1.9000149811140694,0.0005015960946849665,0.00011722952777424947,
1.9000108660153316,0.0005015546298085579,0.00011706953050505766,
1.899990521503585,0.0005015653438496303,0.00011693015207686614,
1.8999833831405806,0.000501230416183331,0.00011678855778818895,
1.8999812708094217,0.0005012488592627013,0.00011653283498686231,
1.8999587014304238,0.000501060951994072,0.00011660662704316651,
1.8999488900398773,0.0005010719215396199,0.00011660356537649945,
1.8999446886996578,0.0005010785777407149,0.00011669114925586663,
1.8999236468880074,0.0005010731209524579,0.00011668828116993163,
1.8999163006081898,0.0005010746747981649,0.00011650188500699839,
1.8999142053359122,0.000501061683888579,0.00011626484960513047,
1.8998914697273386,0.0005010542363327937,0.00011689167118758372,
1.8998810085913054,0.0005011298140943703,0.00011684877347919762,
1.8998769871699406,0.0005010979492592798,0.00012640542393942738,
1.8998551954273055,0.0005010137699887762,9.248625087351578e-5,
1.8998474392854412,0.0005010085288109288,9.245218321432353e-5,
1.8998454687789248,0.0005009942960713226,9.396072377960242e-5,
1.8998227283707576,0.0005010094600171999,9.3788349751152e-5,
1.899811536374327,0.0005010150056836665,9.360772103517777e-5,
1.8998077673270937,0.0005010811643180056,9.343339349547692e-5,
1.8997852587764632,0.0005011673129891026,9.356230772580553e-5,
1.8997773951737056,0.0005009765924747034,9.300265330385194e-5,
1.8997753530369577,0.0005004953077264498,9.274885600574117e-5,
1.8997522287369797,0.0005004669707803915,9.242857808052785e-5,
1.899740576994591,0.0005004688922083522,9.23356824995966e-5,
1.899736740123011,0.0005004821100179411,9.268051185110626e-5,
1.899713358030624,0.0005004803792101494,9.220880525277208e-5,
1.8997049426543933,0.0005004391053803241,9.213699060702734e-5,
1.8997031179553188,0.0005004745882344052,9.200044450080884e-5,
1.8996802225516956,0.0005004215594317562,9.187777350017614e-5,
1.899667989438714,0.0005003846548694077,9.171152810940345e-5,
1.8996643774130164,0.0005004828227092025,9.155276613216238e-5,
1.8996404853561668,0.000500539222019431,9.28424897662507e-5,
1.8996321517946644,0.0005006936676115786,9.274874919352883e-5,
1.8996302139212757,0.0005009447027203597,9.242971820726523e-5,
1.8996070467363282,0.0005009177971315957,9.17367982164675e-5,
1.8995944994612326,0.0005009321128595388,9.17128889401498e-5,
1.8995907850903575,0.0005009360161901458,9.164549203441878e-5,
1.899566158297812,0.0005009506582546622,9.151606639702672e-5,
1.8995576923382258,0.0005009391472348105,9.131010044930876e-5,
1.8995557549962137,0.0005009330101408301,9.140261214675348e-5,
1.8995325018724194,0.0005009160113320536,9.140210618232011e-5,
1.8995192709255113,0.0005009151268865688,9.127570143824059e-5,
1.8995156919804665,0.000500908428519287,9.115376648454193e-5,
1.8994902591354574,0.0005009467779657724,9.104582984337528e-5,
1.899481786434261,0.0005011387435907792,9.094273931350146e-5,
1.899479729531591,0.0005011941953290254,9.073828558066428e-5,
1.8994560585125853,0.0005004832620216039,9.078828075797199e-5,
1.8994426537374225,0.0005003960730392964,9.075463993885144e-5,
1.8994388140314222,0.0005004066547579828,9.034470267441032e-5,
1.899412521908993,0.0005004189004176132,9.020506014879108e-5,
1.8994040204002731,0.0005004171175821392,8.998337356564602e-5,
1.899401887431606,0.0005004075107953911,8.997551528293042e-5,
1.8993779662584303,0.0005004274746180158,8.987405119183426e-5,
1.8993640495543866,0.0005004176197238128,8.97701388219953e-5,
1.8993601780258027,0.0005002622034038237,8.971334412857937e-5,
1.899332988830788,0.0005001561835848237,8.94389505402496e-5,
1.8993242428377368,0.00050011546481578,8.928799597577175e-5,
1.899322164555452,0.0005000989082868435,8.919919034511926e-5,
1.8992982186203013,0.0005005433696885209,8.927515540073976e-5,
1.8992832483494826,0.0005005364543234792,8.893430889618145e-5,
1.8992796554455995,0.000500753889344157,8.86314497880655e-5,
1.8992514426223028,0.0005007520049215623,8.84795569913134e-5,
1.8992425007196474,0.0005005105204493118,0.00010931928305276935,
1.899240388939204,0.0005004424670572534,0.00010453861469340701,
1.899216122928963,0.0005004275476489583,9.66622798484e-5,
1.8992008387706898,0.0005004348960438218,9.61082732584413e-5,
1.8991970538921865,0.0005003778025310598,9.581784448091839e-5,
1.899167879584575,0.0005003599494570791,9.546620979170531e-5,
1.899158794474144,0.0005003658436060162,9.498615516753975e-5,
1.8991566882253759,0.0005003626753450727,9.40182507676521e-5,
1.8991323551987385,0.0005003371202244186,9.362693931210679e-5,
1.8991165176842408,0.0005002664405245252,9.34788781820622e-5,
1.8991127477963772,0.000500267147043182,9.384600390220782e-5,
1.89908271325077,0.0005002683874333112,9.376227077763134e-5,
1.8990738507180973,0.0005002716849140796,9.366202251776764e-5,
1.8990714902803205,0.0005002807957111337,9.354580768121191e-5,
1.8990465895162532,0.0005002906589491473,9.344000323767593e-5,
1.899030469354422,0.0005002942589244676,9.333582122295982e-5,
1.899026392058394,0.0005002906684947126,9.325993617984085e-5,
1.8989951762004669,0.0005002910688014274,9.388485183651036e-5,
1.8989860062666706,0.0005002907885096764,9.358379905398116e-5,
1.898983754002443,0.0005002928587372992,9.454948009350878e-5,
1.8989589442112693,0.0005002963692454284,9.400843108921898e-5,
1.8989417858566615,0.0005004816573199726,9.376556732784404e-5,
1.8989379635988852,0.0005003086496383454,9.366659331919836e-5,
1.8989057220015098,0.000500307010960529,0.00013408697102324342,
1.8988961120153667,0.0005002970771801899,9.565628693218772e-5,
1.8988940565780033,0.0005003122599350488,9.59602351442416e-5,
1.898869526316578,0.0005002834797856291,9.578917772539554e-5,
1.8988513044036146,0.0005002775361366,9.523914097978216e-5,
1.8988477796501662,0.0005002731121878106,9.51203128687305e-5,
1.8988146279512559,0.0005397542005897983,9.495439904897106e-5,
1.8988048889036264,0.0005063739156437233,9.481956836673282e-5,
1.898802841886576,0.0005714095592782156,9.473766278061053e-5,
1.8987782954731283,0.0008904111724978792,9.46518719251995e-5,
1.8987593433767531,0.0006157717794188426,9.457432564976321e-5,
1.8987558577289358,0.0005085451965959641,9.445861787937932e-5,
1.8987216638236875,0.0005063518726721901,9.431706571720598e-5,
1.8987119575054034,0.0005063188145606007,9.419492655168894e-5,
1.8987098103816415,0.0005063185357935852,9.407940833608832e-5,
1.898685044947275,0.0005063217305497757,9.396371442459404e-5,
1.8986645443479662,0.000506357370129269,9.390952653450676e-5,
1.8986612687620403,0.0005063667875912429,9.384959389584693e-5,
1.898625358355012,0.0005063338234797633,9.380244664814998e-5,
1.8986151933431923,0.0005063129193478915,9.38043529557082e-5,
1.898613150794411,0.0005063080660441355,9.307935894412247e-5,
1.89858827873792,0.0005421880635052135,9.335933885022706e-5,
1.8985669931160234,0.0005481490068160259,9.326112525861534e-5,
1.8985636692897003,0.0005952395610840177,0.00010177619577972743,
1.8985264173546135,0.0005219830164429086,9.189390962152393e-5,
1.8985165903327066,0.0005428559920762916,8.787584177561234e-5,
1.8985141829415686,0.0005100092760727737,8.793286864571162e-5,
1.8984885197870272,0.0005095049388381537,8.783249218891528e-5,
1.898466025170885,0.0005078456464768797,8.779124678991774e-5,
1.8984625201106369,0.0005083950674283585,8.762153796707955e-5,
1.8984229770860608,0.0005079900678410391,8.786197513021714e-5,
1.8984127325877036,0.000508352303854354,8.764676736002621e-5,
1.8984103661297989,0.0005078966218735378,8.750762089197237e-5,
1.898384385340408,0.0005087227374241428,8.751320067449787e-5,
1.8983592819600497,0.0005089809114482848,8.736287107959238e-5,
1.8983561098984179,0.0005086922580225468,8.725614268067449e-5,
1.8983138447783239,0.0005073651955077184,8.714242394771206e-5,
1.8983029167019363,0.0005075067911867987,8.705236403567791e-5,
1.8983006848096764,0.0005071437363351032,8.700219293490308e-5,
1.898274381732408,0.0005069065765186889,8.703659251037655e-5,
1.8982497519167885,0.0005071091702586855,8.788652833024616e-5,
1.89824601286904,0.0005072720202496489,8.775723205005607e-5,
1.898202552077369,0.000507376016092036,8.767559954326772e-5,
1.8981923693215408,0.0005071720282808964,8.748434239427917e-5,
1.8981895625300504,0.0005071797482833603,8.750613142706244e-5,
1.8981624014623844,0.0005071881645356476,8.724602865196651e-5,
1.8981357358661044,0.0005072078010519012,8.707306470027541e-5,
1.8981319603673374,0.0005072075273761908,8.637281241141804e-5,
1.8980854484651124,0.0005070833809688648,8.596563620590291e-5,
1.8980742077004,0.0005070770707167315,0.0001424451922223223,
1.898071911849667,0.0005071057369810267,0.00010532400284540666,
1.8980452235336542,0.0005075424137296191,9.754067819639901e-5,
1.8980151914639936,0.0005088151589910717,9.722817175269281e-5,
1.89801209430707,0.0005087143681818809,9.706339140004565e-5,
1.8979630333363242,0.000508391574095775,9.69304459443793e-5,
1.897951063772278,0.0005083936355595667,9.679333251716533e-5,
1.8979490405371242,0.0005083964897218871,9.66793297276132e-5,
1.897922567132929,0.0005083819465980248,9.649793365360265e-5,
1.8978888995162166,0.0005098148808092655,9.62855926707347e-5,
1.8978863033115605,0.0005120707180221374,9.626614101571126e-5,
1.8978341054135306,0.000519476643660834,9.60771755336926e-5,
1.897821525059236,0.0005294652875188926,9.593310300525782e-5,
1.897819647463071,0.0005288289213183586,9.565873571652633e-5,
1.8977931182431156,0.0005270499555908238,9.564518978374599e-5,
1.8977567943920564,0.0005393069660849997,9.550590843696818e-5,
1.8977543215574126,0.0005142373371739976,9.561851151685775e-5,
1.897698983003434,0.0005142974028420633,9.548577187429595e-5,
1.897685960524071,0.0005121778615861977,9.626450517907389e-5,
1.8976842031700862,0.0005121526896363785,9.634888388721229e-5,
1.8976577801455408,0.0005121488249590046,9.620989308143748e-5,
1.8976215864607109,0.0005121485170211644,9.614026937035847e-5,
1.8976187905114765,0.000512147505720293,9.600429126091469e-5,
1.8975620840572482,0.00051213305420969,9.591029221102508e-5,
1.897550374242442,0.0005121202016243396,9.579501991184992e-5,
1.8975477298601497,0.0005122729888784003,9.569504549941894e-5,
1.8975199850737412,0.0005122880059585347,9.809426767061966e-5,
1.8974850308240891,0.0005135829331015969,0.00023166099121335812,
1.8974811490480548,0.0005128840092887242,9.693345818889136e-5,
1.8974218004557122,0.0005128910991592265,9.682123201277631e-5,
1.8974102743468837,0.0005128741553003819,9.687089147817442e-5,
1.8974075093522433,0.0005128679860749364,9.687008074686057e-5,
1.8973798205492487,0.0005128618494447307,9.671114431277415e-5,
1.8973427071949651,0.0005127415954022607,9.657529735315074e-5,
1.897338922918695,0.0005124063680169497,9.645032519645741e-5,
1.8972767915918403,0.0005123994059162394,9.632925977786578e-5,
1.8972657143472338,0.0005122853224378078,9.621191614092314e-5,
1.8972623406912188,0.0005122798176691357,9.611954280412696e-5,
1.8972335708984158,0.0005123933526160423,9.600248702830381e-5,
1.8971930021740604,0.0005125368520311489,9.586663027535127e-5,
1.897189021051591,0.000513021862633248,9.573900093361195e-5,
1.8971213079841986,0.0005130634412682398,9.566905903734443e-5,
1.8971096463730173,0.0005133715979481364,9.558573645966842e-5,
1.8971063375796815,0.0005131239996076291,9.552156042974526e-5,
1.8970770953005776,0.0005132690175170532,9.539875833537035e-5,
1.8970327715632005,0.0005128125430040617,9.524984552147672e-5,
1.8970287711324572,0.0005127920153553459,9.513804546750932e-5,
1.896955724328597,0.0005127190770425865,9.499656870355366e-5,
1.8969433553771597,0.0005126273933254847,9.484535394061871e-5,
1.8969403897273531,0.0005125002458586948,9.468965979059223e-5,
1.8969114092017232,0.0005124321782810931,9.434959221823657e-5,
1.8968616359000003,0.0005127697072724415,9.410440383364647e-5,
1.896858101939846,0.0005135208947079923,9.400943982956228e-5,
1.896779549045685,0.0005125576434561563,9.389325447815094e-5,
1.896766555777792,0.0005125360589638642,9.378171578995093e-5,
1.8967638589424547,0.0005125293487535708,9.364470914467179e-5,
1.896735100455536,0.0005125326957434057,9.350610856499922e-5,
1.896675209746173,0.00051242973618465,9.34158906407312e-5,
1.8966725295048876,0.0005124921618187418,9.330509886803781e-5,
1.8965848553635565,0.000512457794706679,9.346659628570167e-5,
1.8965710188935032,0.0005124444270238734,9.348395626996282e-5,
1.8965683855019762,0.0005124742984504574,9.323857394385073e-5,
1.89653894342262,0.0005125976693869345,9.29817236309218e-5,
1.8964722618567027,0.0005122323666124412,9.27684900529229e-5,
1.8964694523317447,0.0005120434293118006,9.267870615604856e-5,
1.896372169604062,0.0005126756529329838,9.243466247358222e-5,
1.896357258074014,0.000512131317914443,9.222836219463154e-5,
1.8963552015842926,0.0005120767031682135,9.181282766627535e-5,
1.8963265957147473,0.0005121291263265041,9.116565166819099e-5,
1.8962505160258325,0.0005121188020329689,9.148804862786766e-5,
1.8962482513812928,0.0005121149339878958,9.156285299613159e-5,
1.8961421135161332,0.0005121219929921062,9.117239274143695e-5,
1.8961271635452366,0.0005121291592305998,9.318984834081449e-5,
1.896124942209558,0.0005121415146925945,9.296262397319695e-5,
1.8960960329242351,0.0005121437950818556,9.291580830625259e-5,
1.8960154784765213,0.0005124967281588882,9.259947892328623e-5,
1.8960127926814025,0.00051256740974169,9.250729958441206e-5,
1.895897928229707,0.0005124251517662924,9.238055870978588e-5,
1.8958838840932122,0.0005123039361252976,9.224343245474654e-5,
1.895880729170373,0.0005122331652650567,9.217830055077968e-5,
1.895850438295481,0.0005123142573590425,9.206642221190755e-5,
1.8957645367695775,0.0005130486712995446,9.196284313371368e-5,
1.895760972863364,0.0005124088531872032,9.198065241530191e-5,
1.8956334711889755,0.0005123592356509205,9.181779829519815e-5,
1.8956200473331104,0.0005125104759237307,9.16778305276033e-5,
1.8956157764213137,0.0005127189170574419,9.154441268062926e-5,
1.8955836818208742,0.0005126615807432629,9.148495818892539e-5,
1.8954881901301108,0.0005126649907477921,9.138920598727638e-5,
1.8954836879465335,0.0005126782445533556,9.13320911127801e-5,
1.89533789955286,0.0005126710956842765,9.132774833297088e-5,
1.8953243384420324,0.0005126679066691913,9.120106368818627e-5,
1.8953195839018835,0.000512659598096183,9.108222688673925e-5,
1.8952864376203233,0.0005126699223667005,9.095197602891031e-5,
1.8951827188373616,0.0005126825131898501,9.084340906854568e-5,
1.8951771329007279,0.0005126473490386703,9.064746473624271e-5,
1.8950138772111025,0.0005121739895432852,9.046392452230015e-5,
1.8950009596032382,0.0005120548607128971,9.0376648853807e-5,
1.8949947942326673,0.0005118903966911995,9.036079619666709e-5,
1.8949597946179142,0.0005119416177956959,9.055216887588361e-5,
1.8948146112833049,0.0005118941133991408,9.046149122198064e-5,
1.894809492837287,0.0005118323531356001,9.178416752785418e-5,
1.8945958299228132,0.0005117243084482343,9.157033841296874e-5,
1.8945818455129584,0.0005118997843824579,9.134609391268454e-5,
1.8945741163568592,0.0005142210601970745,9.119744952237125e-5,
1.8945346653689428,0.0005133445003016938,9.09444353523838e-5,
1.8943330618947591,0.0005132943937439146,9.070612782800959e-5,
1.8943263955227323,0.0005133654937149958,9.046287000019816e-5,
1.8940305309241654,0.0005138832908920662,9.02208765205117e-5,
1.8940136374606327,0.000514620480293065,9.019031855902015e-5,
1.8940089412973207,0.0005145828870777164,9.017068986156926e-5,
1.8939722641627712,0.0005137200414465331,9.011034211986543e-5,
1.8936972381547579,0.0005142792787415934,9.388925993096695e-5,
1.8936916411966913,0.0005141903818395691,9.54528799948525e-5,
1.8933122298985974,0.0005145205874119613,9.350966390848498e-5,
1.8932953201404994,0.0005137071832677615,9.247276584419238e-5,
1.8932899592016554,0.0005130007947262379,9.278458739041768e-5,
1.8932523687229006,0.0005128289803462343,9.20867535865385e-5,
1.8928415635155436,0.0005127969540942552,9.19673807014663e-5,
1.8928335612723421,0.0005127978902702403,9.18077353685865e-5,
1.8922657887853533,0.0005127872506549964,9.207746058506986e-5,
1.8922488696430524,0.0005128821412198815,9.152630597909673e-5,
1.8922379523379596,0.0005125470322010852,9.139043916233232e-5,
1.8921903814413352,0.0005148206052565105,9.122032665191272e-5,
1.8843425681739407,0.0005129968137168611,9.111759743283217e-5,
1.8843204863525793,0.0005130879310170272,9.097827978677554e-5,
1.87346943709111,0.0005134123547569192,9.136659437234716e-5,
1.8734014540172639,0.0005129828357959645,9.598908889620815e-5,
1.8734003761807445,0.000512591693094981,9.123879641357091e-5,
1.873344512494988,0.0005123084545794195,8.9602031639628e-5,
1.8685727701237638,0.0005170816157399107,8.897350334747177e-5,
1.868564309527672,0.0005213623046590051,8.898632856618333e-5,
1.8652485154159055,0.0005211585966367599,8.89691371834794e-5,
1.8652228928266177,0.0005193675114508388,8.904823485595618e-5,
1.865207896645015,0.0005171699122162493,8.846556864323145e-5,
1.865141069196074,0.0005175332256467696,9.13015790639595e-5,
1.861935836053917,0.0005173800847435181,8.973738586363951e-5,
1.8619200683796884,0.0005132286618559569,8.929299755631702e-5,
1.8593972893480992,0.0005130904230078116,8.686802484005262e-5,
1.8546742720811016,0.0005131911816267818,8.641917774922934e-5,
1.8345947937356053,0.0005194436434710809,8.638345876431468e-5,
1.8000619372505402,0.0005193082970226137,8.62480775310882e-5,
1.7810714707557604,0.000519524581101797,8.609267078051878e-5,
1.7677932516466444,0.0005192453879612713,8.596588266607548e-5,
1.7677800051321062,0.0005190335638536911,8.585335661505092e-5,
1.7632108958124135,0.0005190721194923454,8.573877790043623e-5,
1.763129450965787,0.0005206348792018286,8.559412505686785e-5,
1.7630361094720093,0.0005196188206632564,8.546583636983017e-5,
1.7629695050837833,0.000519472955273001,8.459887223599429e-5,
1.7619433612259616,0.0005193090136808901,8.455092171997596e-5,
1.7551795161231571,0.0005193514637893298,8.451064315770072e-5,
1.7551646342762444,0.0005202313587166558,8.441288623411587e-5,
1.7544153773465665,0.0005194266995041155,8.432025441870284e-5,
1.7539773340142257,0.0005191308295413004,8.421034347773473e-5,
1.7539769091920754,0.0005190596660216125,8.41312864390515e-5,
1.7533594922443734,0.0005192432133736807,8.406613619453589e-5,
1.7533194663229466,0.0005191019427060817,8.393541213966299e-5,
1.7533015291029335,0.000519015986169671,8.379008668076338e-5,
1.7532682394083139,0.0005189779413457341,8.371592688939852e-5,
1.7520926934509942,0.0005188973542403181,8.3602293091984e-5,
1.7520923562187452,0.0005199704481708703,8.376383669522071e-5,
1.750641959566458,0.000519651331835937,8.314152320460613e-5,
1.7506322822683744,0.0005197683892628291,8.311215787396442e-5,
1.7506275001134217,0.0005198209423350756,8.134156546755186e-5,
1.7506194324429347,0.000520421958724637,8.133722977815272e-5,
1.7492414970792662,0.0005202516752162589,8.107670918389288e-5,
1.7492412355904987,0.0005201762228276358,8.060647456664663e-5,
1.7471935026334298,0.0005199950381598699,8.036479722560205e-5,
1.7471802300901924,0.0005229779651227818,8.022556867185404e-5,
1.7471739112012148,0.0005233779737413102,8.034896624021174e-5,
1.747162427838436,0.0005231907504413986,8.021296725077265e-5,
1.7457680016246129,0.0005228264384788476,8.014226625216102e-5,
1.7457677976227537,0.0005228644457953271,8.003939893061243e-5,
1.743707111088609,0.0005228546959674068,8.001096430431786e-5,
1.743687749851041,0.000522808266165593,8.010399434082294e-5,
1.7436795967893268,0.0005227835597779182,8.027711726960114e-5,
1.7436621465471618,0.0005227416082260608,0.00010228209866752687,
1.7423047317565274,0.0005226288824033464,8.316731772481393e-5,
1.7423045998736992,0.0005225794558246561,8.113536738167371e-5,
1.7402850757150141,0.0005215678235903664,8.073919120677233e-5,
1.7402586214333593,0.0005215784879295751,8.063121871327981e-5,
1.7402476319869447,0.0005215671962225685,8.13156282208005e-5,
1.7402230157562844,0.0005215687320214202,8.131386232708573e-5,
1.7389282185910606,0.0005214686563026528,8.110888426208169e-5,
1.7389281511386596,0.0005214768033079421,8.09522909463476e-5,
1.7369614480546702,0.0005214859627581759,8.095235693531111e-5,
1.7369274052283012,0.0005215140742260264,8.08739313557693e-5,
1.7369143345484788,0.000521527731856861,8.077268554330527e-5,
1.736881566486702,0.0005214783487193807,8.06727651741664e-5,
1.735687733901878,0.0005214605013289362,8.056092781808285e-5,
1.7356877091764378,0.0005213666675871924,8.052579263703909e-5,
1.733838730588273,0.000521367549521918,8.0236578830529e-5,
1.7337987758171065,0.0005212745493770869,8.0107643384744e-5,
1.7337683180795238,0.0005210891916427703,8.000357949037616e-5,
1.7337285005771794,0.0005214606374189666,7.989914085929068e-5,
1.7328206512005089,0.0005213964490396179,7.972116952933036e-5,
1.7328206162421234,0.0005212940036887053,7.951203589996248e-5,
1.7311321935100374,0.0005213374511309283,7.947805250137022e-5,
1.7310786480448392,0.0005212190993830291,7.943787922769861e-5,
1.7310068707063297,0.0005213953350737249,7.905593528523542e-5,
1.7309476106812804,0.0005214650344354181,7.896734748342171e-5,
1.7304056582772462,0.0005217893521285436,7.893043209443778e-5,
1.7304050568406235,0.0005234955588100987,7.886602594880636e-5,
1.7289005307186345,0.0005228913063938501,7.880523539892685e-5,
1.7288306657106263,0.0005228164734332631,7.87161892937848e-5,
1.728767763424611,0.0005228141215476748,7.862381900556941e-5,
1.7286835171418906,0.0005228434305216411,7.853295234171085e-5,
1.7282144235150134,0.0005228202610434944,7.84350812410557e-5,
1.7282126907600488,0.0005228300381591428,7.835420752498983e-5,
1.7268679145661494,0.0005227087095900535,7.827471344412872e-5,
1.7267807880953927,0.0005226770721622569,7.820282910745635e-5,
1.7267228157592098,0.0005226883405521928,7.813716270112266e-5,
1.726610520052367,0.0005226661247387616,7.813426940624134e-5,
1.7261946049390553,0.000522677459892272,7.798603591743967e-5,
1.726191166233242,0.0005226333172666126,7.78959244186803e-5,
1.7250120096612296,0.0005226909098976973,7.779046518449146e-5,
1.7249088194892315,0.0005226712768993915,8.025021882479861e-5,
1.7248543598552017,0.0005227135531124517,7.95530140099963e-5,
1.7247132602603454,0.0005221500377342595,7.94670513851532e-5,
1.724346649265943,0.0005221369503114258,7.92753505796927e-5,
1.724341191923365,0.0005244018307617388,7.923554437422683e-5,
1.723314879339977,0.0005244535843639432,7.904480955139621e-5,
1.7231974673322767,0.0005241087060716908,7.892671101310005e-5,
1.7231459499640034,0.0005262556975060984,7.880695113850773e-5,
1.7229764998806902,0.0005262270780383044,7.89263141677635e-5,
1.7226555421951986,0.0007652977011626351,7.890658188123661e-5,
1.722648432758201,0.0006256985230562491,7.883646055946982e-5,
1.7217624396969742,0.0006172401450473336,7.873738191473077e-5,
1.721633403764844,0.0005939958176601203,7.854226555347204e-5,
1.7215866937067854,0.0005653757362873144,7.843383507216035e-5,
1.7213922011159704,0.0005586248101433029,7.833255298062321e-5,
1.7211117740396966,0.000832799261037934,7.824018038247974e-5,
1.7211034112734513,0.0027636812666026597,7.834396787033221e-5,
1.7203428784264734,0.000904073542900664,7.789670113367584e-5,
1.7202045324313473,0.0005852134246158545,7.763805707308461e-5,
1.7201600303347953,0.0005851365664425353,7.760055650213076e-5,
1.7199426429236375,0.0005850917459704916,7.730371843875884e-5,
1.7196939868055974,0.0005851475160174519,7.724638390207242e-5,
1.7196836648788891,0.0005852519834865152,7.71589797320903e-5,
1.7190193803446232,0.0005886092780226701,7.706153838485272e-5,
1.7188737817988686,0.000586852894104722,7.696860434466411e-5,
1.7188341996700922,0.0005863458755292762,7.687290149199454e-5,
1.718596490397672,0.0005873273686351593,7.680511617521358e-5,
1.7183819522336183,0.0005801198289411128,7.671072398137247e-5,
1.7183704443622794,0.0006763654496206192,7.660686828812382e-5,
1.7178063560585426,0.001896677940136085,7.653274615597817e-5,
1.7176550530255772,0.0005002096070977087,7.64348899404235e-5,
1.717619257098847,0.0004963825121949561,7.653484966666143e-5,
1.7173619207689546,0.000490551912815079,7.636298197468254e-5,
1.717177794170065,0.0004904176114011228,7.631663985316228e-5,
1.7171656109679445,0.0004904587300358101,7.630708062696971e-5,
1.716691835692607,0.0004904113823267118,7.61983112769162e-5,
1.7165370529532755,0.0004904114554063133,7.610466988070744e-5,
1.716503601764817,0.000490418823083806,7.591996195217364e-5,
1.7162295744676404,0.0004904175127798734,7.58152314992319e-5,
1.7160708878277608,0.0004904120068221503,7.563943419471248e-5,
1.7160567353923122,0.0004904120522817134,7.581888341488954e-5,
1.7156525418464592,0.0004904101511783541,7.540264432361006e-5,
1.7154947254641228,0.0004904118495951894,7.485343979387146e-5,
1.7154631753503615,0.0004904105400528629,7.46819345865497e-5,
1.7151708983293281,0.0004904053239279634,7.448180597019094e-5,
1.7150364541055585,0.0004904052994599248,7.435955724596978e-5,
1.7150219422336248,0.0004904056374088689,7.429507074673598e-5,
1.7146866335734658,0.0004904062887594339,7.420982848663118e-5,
1.7145289713900171,0.0004904069687571152,7.41466909855116e-5,
1.7145000748368138,0.0004904074434176334,7.407762750039834e-5,
1.7141968371140188,0.0004904198673635898,7.396007447253459e-5,
1.7140835962554448,0.0004904599263115394,7.394951426698033e-5,
1.714068096035211,0.0004904486357542431,7.388272702032721e-5,
1.7137879563017566,0.0004904432467738655,7.376192210677244e-5,
1.713631205259033,0.0004904410644095189,7.358514112408443e-5,
1.7136063261644034,0.0004904371320073574,7.355459875124515e-5,
1.7132942100139184,0.0004904464893613175,7.334772624573647e-5,
1.7132004604073419,0.0004903733574553293,7.338286900653566e-5,
1.7131875095710605,0.0004903883966702078,7.315632001741341e-5,
1.712965819819827,0.0004903808078252534,7.30415030532214e-5,
1.7128158469055605,0.0004903144812105384,7.390567838350485e-5,
1.712796910694477,0.0004903144098454295,7.383870909283654e-5,
1.712489877068965,0.0004902897458243984,7.378034089631582e-5,
1.7124135817366428,0.0004902712495155003,7.389930142583753e-5,
1.7124004260058021,0.0004902535824999784,7.37150289615209e-5,
1.7122241697469749,0.0004901688064995474,7.361509032392524e-5,
1.7120744612047007,0.0004901732346713981,7.356035639304253e-5,
1.712057161329055,0.0004902099196002196,7.31873068658665e-5,
1.7117379958037044,0.0005203512354282742,7.319383960404121e-5,
1.711676718403218,0.0005782888775735111,7.302210084397245e-5,
1.7116624047357334,0.0005769515239823946,7.287718505277015e-5,
1.7115207855865981,0.0005188670283792724,6.931474379956231e-5,
1.7113711098246502,0.00049629475470381,6.843710457206993e-5,
1.711355956863027,0.0004959936637415204,6.862530570513645e-5,
1.7110236228907536,0.0004958522345605743,6.838297851687238e-5,
1.710975572764491,0.0004958858060520549,6.841489727120775e-5,
1.7109616688536333,0.0004958936903688,6.832969374864241e-5,
1.7108525746451595,0.0004958990143739773,6.823930502530839e-5,
1.7107050833080713,0.0004959462979168524,6.815331361197448e-5,
1.7106920278918372,0.0004960234628036852,6.806193184471078e-5,
1.7103528671380273,0.0004960774532144112,6.829549384111805e-5,
1.7103159991174715,0.0004960450436418455,6.817773485136462e-5,
1.7103021714914017,0.0004960944132506989,6.808670491264616e-5,
1.710218651304595,0.0004961062717087846,6.804891500536055e-5,
1.710074136033879,0.0004959671991713517,6.798318745560631e-5,
1.710062789624034,0.000495963075236366,6.766912824036506e-5,
1.7097188018791998,0.0004959733291267812,6.748435679345603e-5,
1.7096911974403668,0.0004960717532732908,6.744308594274562e-5,
1.709676894153729,0.0004960741230948309,6.740056145879146e-5,
1.7096132582319483,0.0004960764721470929,6.756895390443725e-5,
1.709470842433155,0.0004960734340311777,6.747839467128286e-5,
1.709460902895252,0.0004960724756362997,6.737521992558847e-5,
1.7091119224955946,0.0004960785521635569,6.736909746533982e-5,
1.709091659261951,0.0004960702664197882,6.734344590308977e-5,
1.709081276468644,0.000496059612373031,6.738761792307437e-5,
1.7090371283411498,0.0004960761779095499,6.71631935592058e-5,
1.708913055390099,0.0004962858816801565,6.7112888862479e-5,
1.7089062848504082,0.0004963330938704117,6.686739141390584e-5,
1.7085841553350511,0.0004965930581376801,6.669261555396379e-5,
1.708570022388379,0.0004966435847533377,6.648196810812782e-5,
1.7085603913213578,0.0004965626283557033,6.635943731534295e-5,
1.7085297882198873,0.0004965525072054124,7.9075222074211e-5,
1.7084088677966183,0.0004965470281765359,6.719191731910632e-5,
1.7084034777782309,0.0004965352125075834,6.714486558202086e-5,
1.7080731770340134,0.0004965248113481233,6.71155597028418e-5,
1.7080635312783403,0.0004965235062246302,6.713068383982746e-5,
1.7080480351265268,0.0004964942472239561,6.708840237956904e-5,
1.7080237894545487,0.0004964789532118035,6.671996854131515e-5,
1.7078731477606697,0.0004964739392704312,6.665520710655622e-5,
1.7078665322514122,0.0004965334697113959,6.654791281242008e-5,
1.707440654577813,0.0004965291779176061,6.644434861225918e-5,
1.7074329717849719,0.0004965288924508976,6.636056246338826e-5,
1.7073966987876048,0.0004965376639593429,6.630844510552884e-5,
1.707370867903164,0.0004965390192497065,6.628354543314714e-5,
1.7070646918596672,0.0004965370897635893,6.629133186480402e-5,
1.7070543804638278,0.0004965385726053673,6.61857326319269e-5,
1.706103922468744,0.0004966080361968568,6.610311583766308e-5,
1.7060373823978092,0.0004965440282931812,6.599432953670854e-5,
1.7059849328203305,0.000496620806529097,6.590024376821422e-5,
1.7058695468820786,0.0004964889132315253,6.593172380460516e-5,
1.7025950723640726,0.0004977236601092805,6.458834029229604e-5,
1.702547324731403,0.0013973656022583164,6.452821778378794e-5,
1.702061826100507,0.0006400401909250788,6.46492083809726e-5,
1.7017675017833407,0.0004993569785728953,6.402838864848348e-5,
1.7017549758498547,0.0004988034887847714,6.407558786742923e-5,
1.701655478882365,0.0004988020804906219,6.402814520093377e-5,
1.700952721501791,0.0004988052761143971,6.408644598160971e-5,
1.700907302275902,0.000498807805282706,6.407620951663707e-5,
1.700603453548954,0.0004988112993288028,6.39771201982873e-5,
1.7000535121525797,0.0004988179061387975,6.387342402931592e-5,
1.7000474663218952,0.0004988201057520626,6.381836853732315e-5,
1.6999125139736648,0.0004988190282457848,6.381119356565717e-5,
1.6996619416380456,0.0004988205256476079,6.380091744000064e-5,
1.6996361687357633,0.0004988200884507257,6.42959073369303e-5,
1.6994553976456956,0.0004988086192609019,6.416885393736533e-5,
1.6974101740666774,0.0004983085398254704,6.34511672589923e-5,
1.6974072402090328,0.0004981823114345429,6.307719118978917e-5,
1.6973658525555126,0.0004977226924321902,6.26822923881586e-5,
1.6973442157934273,0.0004977037735116421,6.233097351912009e-5,
1.6973429939187634,0.0004976664862066232,6.229348358564505e-5,
1.6973340750913364,0.0004976382790455232,6.220638183549323e-5,
1.6966163202687656,0.0004976263380535673,6.209742358172532e-5,
1.696615203149428,0.0004976438717883073,6.196664442556328e-5,
1.6960531580290938,0.0004976317326333911,6.185616584935356e-5,
1.696014891863341,0.0004976358544718653,6.177776016211246e-5,
1.6960084173333607,0.0004976560897533009,6.16733805337134e-5,
1.6959635908100619,0.0004976465615125777,6.163391706828611e-5,
1.6953350864382406,0.0004976424574116293,6.15398763205283e-5,
1.6953266649691263,0.0004976392378397134,6.145559231293657e-5,
1.6946878690651326,0.0004976301700266392,6.140567162882777e-5,
1.6945804820607624,0.0004976284237312137,6.137992059706597e-5,
1.694567869749993,0.0004976304863266091,6.132508794361409e-5,
1.6944470477321751,0.0004976303601047281,6.12544919731475e-5,
1.6940029734717301,0.0004976314437082663,6.118671351814143e-5,
1.6939924202827612,0.0004976331197955084,6.12197663432781e-5,
1.6934472694927158,0.0004976338149631906,6.117271441116895e-5,
1.6933707667198672,0.0004976337260160922,6.097102830818057e-5,
1.6933621768558595,0.0004976350087678853,6.088417060412607e-5,
1.6932886371425897,0.0004976510800780205,6.0807908905734946e-5,
1.6930243079363305,0.0004976643356432716,6.073367120870102e-5,
1.6930198691015543,0.0004976538859356039,6.826441811843345e-5,
1.692682920334715,0.0004995809421925871,6.346222698202604e-5,
1.6926644619944902,0.0005006341358372097,5.982216068237392e-5,
1.6926616861907589,0.0004994744534350103,5.981288734392934e-5,
1.6926446833507753,0.0004984559499823209,5.9736877136947444e-5,
1.6925136051319054,0.0004984637756959382,5.967843269379356e-5,
1.6925126296534017,0.0004984360711611826,5.959364549497952e-5,
1.6921913805658675,0.0004984460947089389,5.9568709916563194e-5,
1.692179691787952,0.000498432520101584,6.086965400844112e-5,
1.692174978246407,0.000498439876354448,5.975302990397761e-5,
1.6921571074685124,0.0004984513775748574,5.9718782774488525e-5,
1.6920870064801998,0.0004984267577596848,5.9651776396443855e-5,
1.6920819644676524,0.0004984269093966714,5.956448787394021e-5,
1.6919381510776244,0.0004984414422779627,5.9482218802079906e-5,
1.6918897968205793,0.0004983499996326575,5.970905273938155e-5,
1.6918769140601908,0.0004984150168269013,5.9567315360644216e-5,
1.691801572700419,0.0004986156356995822,5.949004057546193e-5,
1.6916202854694005,0.0004984735873146857,5.9423183636299035e-5,
1.6915998537658041,0.0004984759892665976,5.931544097903381e-5,
1.6911010343830106,0.0004984772292453309,5.9207382391682843e-5,
1.6909414732159385,0.0004984787583518123,5.91431965374248e-5,
1.6909022338197692,0.0004984760932996602,5.906662088598188e-5,
1.6906572828750632,0.0004984750024514852,5.8954003750305776e-5,
1.690278173960364,0.0004984754245087026,5.883391111288614e-5,
1.6902354787166405,0.0004984779039503986,5.875921513388219e-5,
1.6895033070813306,0.000498477271375353,5.875113198729999e-5,
1.6893187114026955,0.0005092611124695026,5.872271517761411e-5,
1.689277996569568,0.0007644916044251617,5.875594233262139e-5,
1.6890589387587673,0.0005342749102406121,5.8467662724181666e-5,
1.6887952591835278,0.0004965146712569117,5.8409882998158216e-5,
1.6887708188239405,0.0004917417503209272,5.8245723590591195e-5,
1.68829099911666,0.000491429940954236,5.8118928840475564e-5,
1.6882366663920383,0.0004914416490780621,5.820528561255634e-5,
1.6882221323979922,0.000491427266699906,5.8089074655114304e-5,
1.6881722731619413,0.0004914393446373514,5.7932382533401054e-5,
1.6880411372392412,0.0004914349841029004,5.764835298179108e-5,
1.6880358553399544,0.0004914354386080359,5.745215747640839e-5,
1.6878795470284547,0.0004914308504758289,5.743202671547123e-5,
1.6878631813096385,0.0004914310310132072,5.726517748672797e-5,
1.6878577272018882,0.0004914307952181543,5.729102223511087e-5,
1.6878357087587976,0.0004914389731790677,5.724098935656365e-5,
1.6877906675930419,0.0004914350172581457,5.724197587492543e-5,
1.6877862162481823,0.0004914309237046366,5.721206089525531e-5,
1.687745695530489,0.0004914285206190964,5.7147721506115074e-5,
1.687711889979814,0.0004914300119305552,5.7035055714127e-5,
1.6877041255937404,0.0004914298082334056,5.6918294459162924e-5,
1.68766905885421,0.0004923187958355262,5.680150550401385e-5,
1.6875552294722944,0.000492207879624962,5.670821516903556e-5,
1.687541548241803,0.0004925651134141966,5.6578528924231886e-5,
1.6873944344860337,0.0004925008396117817,5.661679555318285e-5,
1.6872700301079833,0.0004925324695757605,5.684743842410109e-5,
1.6872389160197478,0.000492495464256046,5.627776762819712e-5,
1.687018103437362,0.0004926855126180111,5.63038118016942e-5,
1.6867048975528611,0.0005137257956439989,5.634961299343949e-5,
1.6866437691636789,0.0005035137133559052,5.6327067755994505e-5,
1.6861191471444128,0.0004983300373637575,5.620660948444568e-5,
1.6855762029856847,0.0019174069875817843,5.5972601310744285e-5,
1.6854575175719702,0.0007397261594026125,5.581214082522364e-5,
1.6844720411668865,0.0036231405029737824,5.575367359546532e-5,
1.6835714674205235,0.0009025242534502941,5.5569031090763843e-5,
1.6833819073879464,0.0004896968267216688,5.532083663343865e-5,
1.6821360673589245,0.0004698886316174494,5.515896260261848e-5,
1.68085934496698,0.000467993216693844,5.517397187795483e-5,
1.680637571519819,0.00046797513616353816,5.5684180662753343e-5,
1.679178896655774,0.00046797636170658465,5.550388822142212e-5,
1.6780744195606625,0.00046798071551405496,5.571661679380016e-5,
1.6778823017854803,0.0004679706128622585,5.579445049808212e-5,
1.6768306172957903,0.00046797049083332863,5.503623343423733e-5,
1.6759974453807949,0.00046796640914365,5.4910138635080874e-5,
1.675874343885034,0.000468905033801281,5.465292719294377e-5,
1.6751249681643443,0.0004684898479798526,5.447178355843766e-5,
1.674713614246197,0.00047083446737121155,5.448773997307712e-5,
1.6746430595479163,0.00046915440352614436,5.4398680030442815e-5,
1.6742900802692517,0.0004733142306407545,5.798042658897759e-5,
1.674028822688284,0.00047291520201873797,6.476950818295641e-5,
1.673991437339446,0.000484597532418214,5.1652881633527284e-5,
1.6737532292986566,0.0004847636900906966,5.164504657997488e-5,
1.6736312896480068,0.00047949283491783277,5.157409091619997e-5,
1.673607873286715,0.00046970388086141113,5.151371232464053e-5,
1.6734918886652592,0.00047051726979633615,5.16462026144884e-5,
1.6733811282481643,0.00046951679831645516,5.152492321093383e-5,
1.6733641395672527,0.0007981815770180224,5.1442804609679095e-5,
1.6732840068571548,0.000525485084344039,5.136602462766716e-5,
1.673168265384458,0.000481278516427477,5.1252967910662626e-5,
1.6731505870942487,0.00047437217297639084,5.1136389130663245e-5,
1.6730764255169737,0.0004818942807980881,5.11626440942674e-5,
1.6728958630884394,0.00047423278274243374,5.111280549469413e-5,
1.672871240121257,0.0004726615291741846,5.0944655894728895e-5,
1.6727247315646725,0.00047448809922506237,5.089595518422866e-5,
1.672508338827362,0.0004740899211845603,5.082947884802699e-5,
1.672463053354813,0.0004958591981702614,5.0644170634301256e-5,
1.672268280699467,0.0004944119358837632,5.062986416745745e-5,
1.6716932149671917,0.0004753157092090774,5.0444893866646676e-5,
1.6716091379596296,0.0004747701265290726,5.04351369933564e-5,
1.6711633518799127,0.0004746872283728771,5.017820205905226e-5,
1.6703025231085822,0.00047488562639762374,5.012070042737007e-5,
1.670141701357641,0.0004756397811115966,5.006626853361299e-5,
1.6694111105409606,0.0004755892393789587,5.004259257238949e-5,
1.6677219347400558,0.0004759481927184428,4.988407629746173e-5,
1.6674625230851547,0.0004753945791247101,4.9870949038552736e-5,
1.6662478238828458,0.00047524239254413274,4.982785315474484e-5,
1.6641119432099425,0.00047527946450198934,4.9776191491935446e-5,
1.6637790334387765,0.0004752453900673818,5.018397373834516e-5,
1.662345765736949,0.00047523717436081213,4.936959261484077e-5,
1.6601027213797708,0.0004752508880232259,4.907536139201509e-5,
1.6597954777011572,0.00047541961006607723,4.889470890213646e-5,
1.6585836948713542,0.0004744124042058559,0.00013371696734429923,
1.656854020497722,0.0004738326317648757,0.00013522404424307058,
1.6566431862918913,0.0004738566512150695,3.0009093232596285e-5,
1.6558154570609755,0.000473597837144124,2.9963583267963737e-5,
1.6548530247941395,0.0004733876663730888,2.9772083451441194e-5,
1.654731293497476,0.0004739786748084495,2.9641838153480336e-5,
1.6542882621408381,0.0004705227100645941,2.9550006972248747e-5,
1.653733116114051,0.0004703172360709655,2.955979420335017e-5,
1.6536703003078312,0.0004740771016760992,2.9742126049641727e-5,
1.6534413815858267,0.000473749342650989,2.9565313064736812e-5,
1.6531527228888396,0.00047411768608879057,2.9348922233500993e-5,
1.6531189114247482,0.00047236963756690546,2.928208665180491e-5,
1.6529841910849306,0.00047127235927443557,2.9013761100632976e-5,
1.6528342857996483,0.0004713061154025514,2.8908035881540728e-5,
1.6528129118430612,0.00047130536570607576,2.928279824924231e-5,
1.652738030462012,0.00047062027007874083,2.8938241234253188e-5,
1.652601952019473,0.00047061730936753305,2.8927400208857014e-5,
1.652586025430078,0.0004709747657274749,2.8922668932099984e-5,
1.6525235043129654,0.00047095626850312487,2.874999369934316e-5,
1.6524075123953554,0.0004709191750737289,2.9170014494786177e-5,
1.6523899476891846,0.00047150588569895254,2.8711323141118515e-5,
1.6523369511240884,0.00047054082838126243,2.853033296460196e-5,
1.6520623894955033,0.0004705257638428703,2.857261440682877e-5,
1.6520374689081587,0.0004705275425599641,2.8278900447879453e-5,
1.6519553152608106,0.000470535809745223,3.253594451726227e-5,
1.6515547622293205,0.00047054051989371963,2.925643810447853e-5,
1.651508214461211,0.0004705562194430289,2.8985116793016784e-5,
1.6513614405303667,0.0004705761284835908,2.8505235007732684e-5,
1.6504378885889903,0.0004706762674255866,2.829533601429429e-5,
1.6503417928394892,0.0004706672165833404,2.824934856711152e-5,
1.6500139784191479,0.0004706579937115842,2.8214329225123598e-5,
1.6484446278784084,0.0004706543616259539,2.8174859675780403e-5,
1.6482514057491966,0.00047064288403838683,2.8134348624750533e-5,
1.6475987412044362,0.00047146283336296633,2.810874769688593e-5,
1.6446500400990558,0.00047091535425793015,2.8031539007761594e-5,
1.6443028545918652,0.00047090424208479906,2.8015989853987586e-5,
1.6431544167618335,0.0004710748532056839,2.8257768987315276e-5,
1.6384697664100725,0.0004712594559669939,2.8339930281422534e-5,
1.6379613898395244,0.00047126323913467547,2.8843368872996887e-5,
1.6362907989802373,0.0004710940194109226,2.8206597877052544e-5,
1.630947946756921,0.00047112641022445915,2.8106065519839572e-5,
1.6303891298550217,0.000472661109375979,2.8076013128510855e-5,
1.6286901170677435,0.00047124550500949,2.807991867605485e-5,
1.6235493271493344,0.00047110075490315915,2.8041439305627298e-5,
1.6231079510772068,0.0004710999033664499,2.8040968819700702e-5,
1.621771133778587,0.0004710977239724561,2.8002519114960738e-5,
1.6185528740561914,0.00047109575788839797,2.7977462293505157e-5,
1.6182669182667804,0.00047108201867984153,2.782333751282125e-5,
1.6174613390559645,0.00047108779714178696,2.8171202900869102e-5,
1.6153300473048628,0.0004710881001317135,2.8183723116138987e-5,
1.6151721032098059,0.00047109965743552697,2.8167642813762038e-5,
1.6147144686570456,0.0004710946905359837,2.8198301506359423e-5,
1.6136448227444222,0.00047110290076588326,2.809507156647693e-5,
1.6135520073463223,0.0004711043889674994,2.8081822920935203e-5,
1.6133015769914802,0.00047110097941058005,2.80671520692647e-5,
1.6124922543533553,0.00047127188583916905,2.835330018925217e-5,
1.6124345301710419,0.0004710977439691201,2.8169954044803114e-5,
1.6122768739148985,0.0004710928028319468,2.818860845338015e-5,
1.611673918505883,0.00047109533211935805,2.8156093751934912e-5,
1.6116257906251408,0.0004710946743810775,2.8130510077713435e-5,
1.6115002152035025,0.0004710943814924729,2.8104324113791877e-5,
1.610735467924415,0.00047101157993386506,2.804882130361658e-5,
1.6106803571754547,0.00047098785788173497,2.802510693659524e-5,
1.6105330488887908,0.000470980727356937,2.8022705319190447e-5,
1.6095020782522238,0.0004710140949322697,2.825194353666496e-5,
1.6094153081120148,0.00047094494869334686,2.804564798232276e-5,
1.6091824431709747,0.0004709589796094677,2.8179278330668194e-5,
1.6073392073408037,0.00047095277619453206,2.8217362482194896e-5,
1.6071772425173887,0.0004709299581366467,2.817001075001667e-5,
1.606740256998881,0.0004709276664950682,2.8713529628338196e-5,
1.6031195516311172,0.00047092247033280734,2.8411238841791498e-5,
1.6027962774616658,0.00047091819490154664,2.8355313149598804e-5,
1.6019105769801625,0.0004709359644890696,2.832195756152108e-5,
1.5951407250400729,0.0004709283010146159,2.8290234732054535e-5,
1.5945151943029852,0.0004708745679102148,2.8252846439654587e-5,
1.5928285928379653,0.00047087111067348463,2.8224609229663292e-5,
1.5800764867900028,0.00047088149053905673,2.8207469935258438e-5,
1.5789894237625026,0.0004708819214174306,2.904153330971921e-5,
1.5760765653695648,0.0004708810938565533,5.721875887895975e-5,
1.557203912207355,0.00047088152157682083,5.8682983090575666e-5,
1.5556800335670238,0.0004708815317538304,6.227943160041503e-5,
1.5517790380686278,0.00047087777688498427,2.8074176422893695e-5,
1.5278895427027894,0.00047087782299696357,2.7947041879170642e-5,
1.5263214511648295,0.0004708771470945062,2.790181923674826e-5,
1.5223932627373058,0.00047087695232257595,2.787691154829713e-5,
1.5027301640238722,0.00047088538076795307,2.7842058488649452e-5,
1.5015361916905845,0.00047088540398345833,2.780943261970908e-5,
1.498650228925696,0.0004709134938771965,2.779257315980927e-5,
1.4852896294936122,0.00047092248514844234,2.7755330778182423e-5,
1.4845764898464209,0.00047092384790740536,2.772843786993375e-5,
1.4828846870047383,0.00047091250961645844,2.7725583801902464e-5,
1.4754541256783302,0.0004709050856050998,2.7869692556877268e-5,
1.4750762077885882,0.00047097985219208264,2.7708492276562277e-5,
1.4741895363134783,0.0004709723889546543,2.7675830460697197e-5,
1.4702588686469409,0.0004710085046456925,2.7645532427905784e-5,
1.4700630977549964,0.0004710092956361921,2.7682670594864513e-5,
1.4696033649503821,0.00047100114910642103,2.7623429976978694e-5,
1.4675121234870758,0.00047097392110355136,2.7671792823190626e-5,
1.4674010284220966,0.00047098958891188096,2.7645401110998834e-5,
1.4671440426656157,0.00047098987760608253,2.761468444756509e-5,
1.4657638196126466,0.00047098970513672695,2.772090569576269e-5,
1.4656890437147079,0.0004709697895389506,2.7694922644780827e-5,
1.465510379794378,0.00047095537784439743,2.7647251835705154e-5,
1.4645435854737239,0.00047095570385488486,2.768027098896944e-5,
1.464475194291989,0.00047095612109871365,2.76194567275261e-5,
1.4643168514434288,0.0004709594805292088,2.764039927365148e-5,
1.4630544460448762,0.00047096263435824525,2.7616300091310723e-5,
1.4629714085326615,0.0004710000734503242,2.7595644748295937e-5,
1.4627715118381643,0.0004712862545122944,2.755439402299758e-5,
1.461224649665686,0.00047136706310013497,2.7508263255712123e-5,
1.4610956606716257,0.0004712304813581165,2.7460547192582696e-5,
1.4607902601027034,0.0004712080657817065,2.7383817607881584e-5,
1.4579924784554303,0.00047297851863228895,2.7348543242197547e-5,
1.4577649359812535,0.00047143402725365535,2.7463633635020695e-5,
1.457223459231598,0.0004711741945815831,2.7342041407939465e-5,
1.4522624741362826,0.00047316877455652926,2.7332786767136204e-5,
1.4518472430457758,0.00047208196484727197,2.7393793561676613e-5,
1.4508745891731092,0.00047220829042108513,2.7523298822032894e-5,
1.4416504525801495,0.0004718589669926759,2.7728347634933528e-5,
1.4409317530897718,0.0004717148533051565,2.7383283960906884e-5,
1.439252373387531,0.0004719877075918778,2.7375874167339113e-5,
1.4251578174700614,0.00047238935165367887,2.737800737654015e-5,
1.4240954115890099,0.00047107388691189903,2.7473906464570485e-5,
1.4216859586707218,0.00047087828235603513,2.7427581127003652e-5,
1.4026331843866016,0.0004710615811683601,2.7399255115090812e-5,
1.4014120426524743,0.0004708748932148565,2.7371856502484364e-5,
1.3986851980394583,0.0004708226095102967,2.8082687538242742e-5,
1.3807162748665882,0.0004708106072739586,2.7919900120122005e-5,
1.3796558384362199,0.00047079744426153106,2.7659647198346324e-5,
1.3773687488788895,0.000470736302670936,2.764038558821443e-5,
1.3632190481105624,0.00047070933768211045,2.7777589407305587e-5,
1.3625099384372148,0.0004707128109144544,2.7704144201407523e-5,
1.3609950990184807,0.00047069809116206593,2.7675748533801273e-5,
1.352630294684935,0.0004924265678080749,2.7736986037088148e-5,
1.3522157297313935,0.00047662198384558463,2.7688383960632094e-5,
1.3513520538694936,0.0004672933634495026,2.764391142214736e-5,
1.3462966529694607,0.00046735494131489085,2.7609522495235777e-5,
1.3460729962277815,0.00046749543008394633,2.7303649639271786e-5,
1.345599805782381,0.0004674977064182898,2.7169639870014298e-5,
1.3430648932363407,0.0004674964495599016,2.7178318617373604e-5,
1.3429326141039828,0.00046749689321756336,2.7214942448077665e-5,
1.3426605889280243,0.0004674994864376127,2.7186636056198688e-5,
1.3408324485771808,0.00046749865385485535,2.7165853821293864e-5,
1.340745351536043,0.00046748789893132173,2.715235523382671e-5,
1.3405619793975518,0.0004675077745658609,2.709965651666083e-5,
1.3393566567133817,0.00046750775003458493,2.705054461809857e-5,
1.3392799650878047,0.0004675077589899062,2.7047555554716397e-5,
1.3391252232156736,0.0004675073922285616,2.713574070294317e-5,
1.3375383857667267,0.0004675071267747276,2.683127472759718e-5,
1.3374483309602845,0.0004675061876610827,2.683835365851631e-5,
1.3372589730108064,0.00046750611747665543,2.6847041983460452e-5,
1.3355071358459176,0.0004675057049383319,2.7108637812091366e-5,
1.3353687479436036,0.00046750503701189626,2.716430321107844e-5,
1.335085219188539,0.0004675093642097112,2.71210871744567e-5,
1.3317219012418129,0.0004675263056658447,2.7081293011443946e-5,
1.3314704287778454,0.00046992455759866406,2.717433938701462e-5,
1.3309480771340418,0.0004677891370395339,2.7117378217352885e-5,
1.3249278180962103,0.0004676159779579083,2.727653091229747e-5,
1.3244385072826348,0.0004676147307073243,2.688577090189422e-5,
1.3234369353767588,0.00046763434472059346,2.6839588000527563e-5,
1.3108365218890377,0.0004676193894164141,2.6802605552566765e-5,
1.3098759472187917,0.00046757695596312326,2.6775559678877618e-5,
1.3079010793739865,0.0004675744081532698,2.6663730308600322e-5,
1.285228108873801,0.00046754864031939606,2.660486064790033e-5,
1.283494588826377,0.00046757750355236083,2.6560145894525312e-5,
1.2799853425857501,0.0004674666242751599,2.6538016141537545e-5,
1.241824957274684,0.00046746738520750804,2.646182540603882e-5,
1.239188973754382,0.00046746194309901285,2.6449979177134015e-5,
1.233924323161385,0.00046754845158890893,2.8011320337480456e-5,
1.1841373849933277,0.00046912837243725153,2.7461706933403875e-5,
1.1810528159312572,0.0005494871338351416,2.741950116062603e-5,
1.175036463484828,0.0005374679650545827,2.7525435694754575e-5,
1.1254698166488808,0.0004764175472232224,2.7402621514245637e-5,
1.1228013408715773,0.00046873724756715996,2.7332799269108528e-5,
1.1177337854271177,0.00047144367739147326,2.728236183728394e-5,
1.0805013401696217,0.000480332465753959,2.723590705961946e-5,
1.0787229181160487,0.0005060373373930517,2.697230208977975e-5,
1.0754129641684032,0.00047220985957829273,2.696172777448248e-5,
1.0523155439698026,0.00046887697290192966,3.644563469635502e-5,
1.051306581214377,0.00046883960837403694,2.6790606555359703e-5,
1.0494414638098974,0.00046890148902323703,2.7415713768237417e-5,
1.0374539154184985,0.0004687690297073875,2.6702954763886525e-5,
1.0369013635054851,0.00046876518184136223,2.6227127490698484e-5,
1.0358875163156216,0.000468724908608451,2.619974242649827e-5,
1.0289773392431667,0.0004687239784890522,2.618987890773753e-5,
1.028661374010131,0.0004687329500964874,2.5655148256805606e-5,
1.028080571921176,0.00046872710045708503,2.525379420470429e-5,
1.0241812845881173,0.0004687256429512216,2.5123414552851594e-5,
1.0239651986138707,0.00046870398477794837,2.510467336291388e-5,
1.0235681728424577,0.00046869756832943274,2.507726922564538e-5,
1.0206381101972413,0.00046868588864944135,2.505371127517417e-5,
1.0204488046000817,0.00046868191138292045,2.5026349544782625e-5,
1.0201052324922104,0.0004686772466675762,2.4987051714108706e-5,
1.0169887407295597,0.0004686802150988642,2.4981817094782487e-5,
1.0167675134092982,0.0004686864976931828,2.4951177453370363e-5,
1.0163593757348042,0.000468686161714221,2.490810722645235e-5,
1.0122025667717454,0.0004688042665483589,2.4884801165837828e-5,
1.0118624151421698,0.00046880940957933387,2.485199716929642e-5,
1.0112341921985153,0.0004689430066343808,2.4879891324755343e-5,
1.0044892728701733,0.00046896364836554157,2.4868817277874638e-5,
1.0038817279061392,0.0004689688117911771,2.4842243518165075e-5,
1.002764633665669,0.0004696094930396121,2.4835702782823332e-5,
0.9906964257372642,0.0004696219315096492,2.483557006303922e-5,
0.9895771110486193,0.00046962389258671376,2.4822050017198656e-5,
0.9875516903493959,0.0004695712074135356,2.4791394403299913e-5,
0.964314934374814,0.00046925567202787266,2.4796767485375638e-5,
0.9623457433005164,0.0004691783551440266,2.4800537146670533e-5,
0.9587846874764969,0.00046877569147595955,2.478001658230128e-5,
0.9251552232895007,0.0004685314504037968,2.4747196268774e-5,
0.9222783402440374,0.0004685952326430127,2.4704861952108883e-5,
0.917255556811506,0.00046987098598772826,2.4674988354018258e-5,
0.8724392603401594,0.0004698445630012646,2.4650343209729272e-5,
0.8692849263031218,0.00046977880256581395,2.4643361283568e-5,
0.863883352425092,0.00046975488993737104,2.4462367189964216e-5,
0.8213363467223794,0.0004697609423348059,2.4381929155331108e-5,
0.8187860966122494,0.0004697554928461776,2.4392442560940666e-5,
0.8144635013176634,0.00046975662171086686,2.426121094971925e-5,
0.7878620065428639,0.0004697583420776235,2.4310131309629456e-5,
0.7862152921530937,0.00046976549787577606,2.43015429172335e-5,
0.7835129637823097,0.0004697639389838503,2.4256323701467198e-5,
0.7666293920529313,0.000469762761292555,2.4259517720715273e-5,
0.7657556422023194,0.0004697653540800906,2.436362720472371e-5,
0.764313805821389,0.0004697595338457107,2.446163805781052e-5,
0.7557122687681848,0.00046976744815807207,2.4149161388830043e-5,
0.7552714999481874,0.00046974048302680113,2.4111956619601228e-5,
0.7545455583842646,0.00046972332820763687,2.4119209882001604e-5,
0.7496969810859614,0.0004697173852351537,2.409478282700762e-5,
0.749473856265088,0.000470201514674345,2.399437906561992e-5,
0.7490879896148251,0.00047020604068275933,2.399059323399944e-5,
0.7471683504195047,0.00047017066274746786,2.3966518744564957e-5,
0.7470292205852253,0.0004701523498409392,2.3930727519513586e-5,
0.7468013227850415,0.0004701649904334219,2.3939400712727037e-5,
0.7448796806093544,0.00047016165306809876,2.3866362407182424e-5,
0.7447770137855281,0.0004701594652491098,2.3944280677994152e-5,
0.7445917581370783,0.00047015300549568687,2.3776325289127093e-5,
0.7437592452987124,0.00047014431734947984,2.3633630730787998e-5,
0.7436461390085898,0.0004701467730906766,2.467463513555344e-5,
0.7434745892370634,0.00047013220826664536,2.4009624968054904e-5,
0.7417329301539274,0.0004701233235925953,2.7644207784105417e-5,
0.7415749184248357,0.00047011638351366166,2.3919888280637284e-5,
0.7412939110697405,0.0004701227540871749,2.372457987537164e-5,
0.7398347887821638,0.00047013391793181397,2.3677984597750326e-5,
0.7395720230054091,0.00047012030478356897,2.3652750192193278e-5,
0.7391662190050217,0.000470120570915335,2.3638354109169304e-5,
0.7345877996803001,0.00047012221026339736,2.358312435672036e-5,
0.7340720814373972,0.0004701221774416956,2.3580789593212467e-5,
0.7331787127097379,0.00047007999660918535,0.00024327920812122837,
0.7277474637796117,0.00047003965902569594,2.3130320699041965e-5,
0.7267592878829015,0.00047016453039471547,2.2901878032760705e-5,
0.7252682140154022,0.00047019380093726897,2.2660908081114054e-5,
0.7119820879851096,0.00046999654899876895,2.1897835680292456e-5,
0.7102972876356374,0.0004699465284998744,2.1699497698365207e-5,
0.7076021421557888,0.0004697846735027556,2.154611640845183e-5,
0.691249474187035,0.0004695646462396075,2.12806331149888e-5,
0.6888362203772922,0.00046930297730782375,2.0958651811657777e-5,
0.6852978882129515,0.00046913971978056646,2.1046120905305717e-5,
0.6616726298763626,0.0004690516326296561,2.1110770846197674e-5,
0.6591649791224601,0.00046901329305960984,2.1788589851232713e-5,
0.6554318241603021,0.0004692710266349024,1.9492846301365707e-5,
0.637697344923519,0.000469243446728281,1.950908992459981e-5,
0.6356746045404967,0.00046923738985720203,1.950193686048097e-5,
0.6328917575113799,0.0004691939702755895,1.9413118247572062e-5,
0.6177557038400491,0.00046913130457506744,1.9310804206622407e-5,
0.6165574268160056,0.0004690202727639744,1.927854195225597e-5,
0.6148171079246209,0.00046901468499797205,1.9272773949109724e-5,
0.6083968844683288,0.0004689774356762462,1.9779431878706495e-5,
0.6076820097139427,0.00046897201044819505,1.9695577451362182e-5,
0.6067504386321114,0.00046896894981448715,1.966367641699131e-5,
0.601294389892066,0.00046895200352118326,1.9686886287997004e-5,
0.6009350139152593,0.000469009616920559,1.970245421424428e-5,
0.6003729180932185,0.00046898674980241776,1.956804318557268e-5,
0.5989845350807285,0.00046898540491513354,1.9490718095820886e-5,
0.5986947275685249,0.00046896007946391254,1.9484115239743853e-5,
0.5983732514994108,0.00046896178868857473,1.9290030052742643e-5,
0.5966302610824437,0.00046895265038785535,1.9300979420465135e-5,
0.5964285528373569,0.00046895022833633464,1.9284607294469822e-5,
0.5961367369711844,0.00046895813316760705,1.92904194385285e-5,
0.5953999969669289,0.00046894909120079905,1.934749045728448e-5,
0.5951707404644133,0.0004689476292912383,3.542803813553121e-5,
0.5949334025981194,0.00046916429735690575,1.8768317572963644e-5,
0.5928339857501778,0.0004689350627557014,1.9747072208846913e-5,
0.5925496745364106,0.0004689322421023403,2.02780512882582e-5,
0.5921270736374172,0.00046891895543667327,1.9345473039733766e-5,
0.5904423581596332,0.0004689190842002038,1.930066096163947e-5,
0.5899016967573112,0.00046907320908592406,1.9188749999918304e-5,
0.5892652231541708,0.00046905174697429384,1.8826657513389413e-5,
0.5849619618187525,0.00047334502880852784,1.8666922466093296e-5,
0.5839319436755077,0.000468895218068599,1.8614111533319982e-5,
0.5825464193145142,0.0004688628934959291,1.8580338856479397e-5,
0.5769264372735114,0.00046886642138190254,1.8569401491053797e-5,
0.5749266048331881,0.00046888496369378534,1.8444154102272092e-5,
0.5726472819791831,0.000468884798038874,1.848121476717082e-5,
0.559257367016735,0.00046887687908739973,1.8483941523113365e-5,
0.5558995396328009,0.0004688715907500695,1.860219395919572e-5,
0.5516830267743343,0.00046887548809145706,1.8542833492244498e-5,
0.5364314676420231,0.00046888273205598,1.8500595249813042e-5,
0.5314630908741897,0.00046887719130233604,1.8279878583643615e-5,
0.5262358541924219,0.00046889010719910963,1.8256611599964754e-5,
0.5035571919687781,0.0004688698821809724,1.8270264872975515e-5,
0.49861987589001394,0.0004688789087548515,1.8268813173001176e-5,
0.49312593699267643,0.000468869359947807,1.845884626962664e-5,
0.4767025113557443,0.0004688643247207422,1.8382244529529507e-5,
0.4725845068425771,0.00046886756912453405,1.834347383777864e-5,
0.4686399446874877,0.0004688685660866477,1.8286526403779145e-5,
0.45513958981256925,0.00046887053510997237,1.828245253165366e-5,
0.45280127342190307,0.00046887583512631185,1.8290689737232196e-5,
0.45036037902970666,0.00046887668719228107,1.8286212102655373e-5,
0.4440816918864929,0.00046887115708642117,1.80572267695521e-5,
0.44266904155122755,0.0004688564917326149,1.8032679755781536e-5,
0.441372766752253,0.0004688403154670488,1.8015331406038848e-5,
0.43796237160311674,0.0004688244836350631,1.7971230970112473e-5,
0.4372613461769933,0.00046881956412427137,1.797417439897794e-5,
0.43660752328174585,0.00046880704774240146,1.7951924087487152e-5,
0.4347755878699529,0.00046885223131990536,1.7927171815810887e-5,
0.4344215902574592,0.00046884983677938284,1.7934219623897466e-5,
0.4340885412248818,0.00046906216227439473,1.7937817169740486e-5,
0.43303741218275216,0.0004691129850475592,1.7922195318358176e-5,
0.4328370406131361,0.0004689040406971077,1.7967271209826826e-5,
0.4326338297417293,0.00046888989919293756,1.8001176871450153e-5,
0.43206297742286404,0.0004688797669144078,1.7977994490151258e-5,
0.43191654068499724,0.0004688907330908049,1.798691652744801e-5,
0.43178068327332403,0.000468881074098672,1.8445405230791835e-5,
0.43114539568444127,0.00046891207794651414,2.8647352659575572e-5,
0.43100842752979146,0.0004689276910339833,1.8188497804518516e-5,
0.4308538133930411,0.0004689263849217465,1.8302700679101733e-5,
0.43037413102897926,0.0004689196480898134,1.8294351206209424e-5,
0.4301616429956126,0.0004689171899452263,1.8279933083316517e-5,
0.4299627211299018,0.0004689177972053132,1.8219921560224873e-5,
0.42915378942591104,0.00046892315850471136,1.8107621618554514e-5,
0.42881095893483595,0.0004689658576543638,1.817325994723321e-5,
0.4284594682664051,0.0004689706961568013,1.8162539408528288e-5,
0.42722417112262634,0.0004690752637301886,1.8148501431554146e-5,
0.4266008019546483,0.0004690842742614599,1.8148330580741847e-5,
0.426005404110543,0.00046910047980510316,1.8135701753003345e-5,
0.42338102060647936,0.00047237396652266756,1.8141832359088854e-5,
0.42232801321639785,0.0004987584932287804,1.814200894830361e-5,
0.42125326656537787,0.000683258262127772,1.81376531633416e-5,
0.41737651893007827,0.00046993480403904674,1.813442092796646e-5,
0.41574145165820253,0.00046945510900422744,1.8286474738121638e-5,
0.41425151504352087,0.00046945265267192543,1.887732480294546e-5,
0.408721937330877,0.0004694525310892845,1.8163685071366245e-5,
0.406930853020147,0.0004694533365756192,1.818990342025649e-5,
0.40531307436688485,0.0004693896196723373,4.890536361304184e-5,
0.4003445220645975,0.0004693802177538357,1.9597760079477475e-5,
0.3988101792238859,0.0004693816342943635,2.0213771527092974e-5,
0.39755802557047065,0.0004693702737509332,1.931872108447607e-5,
0.39426462683652996,0.00046934670329972536,2.020503779383143e-5,
0.39323107264038315,0.00046932630299694573,2.0652809895693002e-5,
0.3924403028828994,0.00046930202210180644,1.9506369393006877e-5,
0.39086669358056564,0.00046928965163127434,1.9398938693683008e-5,
0.390311133625107,0.00046928352786787867,1.9328020787083262e-5,
0.38994326423761577,0.00046928514894622737,1.927680115459841e-5,
0.3884952695613567,0.00046928430446840355,1.9245932963408754e-5,
0.38827949183266725,0.00046928431226466924,1.915539765103647e-5,
0.38803266579641865,0.0004692867049591034,1.91459731145455e-5,
0.38777652614960656,0.00046929001713760343,1.914989930627253e-5,
0.3875530265864769,0.0004692945310513425,1.9113118194741803e-5,
0.38746498537067053,0.0004692941983729244,1.907368556409638e-5,
0.3870655347019746,0.0004692903905880812,1.920170417238826e-5,
0.3869728462730126,0.00046929269445439753,1.9196666041471708e-5,
0.3868152053185958,0.0004692959202494833,1.914354278649124e-5,
0.38674469791030747,0.0004693198310229417,1.905468513858804e-5,
0.38618148997119367,0.00046932346828918863,1.9014896932191718e-5,
0.38613148067605446,0.00046933462697268597,1.8978192236316753e-5,
0.38582427729391894,0.00046934962796951724,1.896270510056722e-5,
0.3856501631444811,0.0004693649099332524,1.8937622842957906e-5,
0.3854277083735245,0.00046937086282910866,1.8956793472461807e-5,
0.385264511389302,0.0004693730060773868,1.893129928859251e-5,
0.3827412875459207,0.0004694069866539187,1.9062526566689562e-5,
0.382476064267076,0.0004694534268064492,1.9021666221931023e-5,
0.38151788502794337,0.0004694276703934353,1.9016964055707625e-5,
0.38058722894799424,0.0004694268685073456,1.9009685559082634e-5,
0.37992813050350926,0.0004694965260653488,1.8996657871582808e-5,
0.379081199067435,0.00046949194012626606,1.8937948938222073e-5,
0.3753024518211881,0.0004695880338405087,1.8938843415074147e-5,
0.3745444116933924,0.00046960149179085364,1.893156032968344e-5,
0.3729421353759823,0.0004696615453990436,1.8922708124405714e-5,
0.3704311378456007,0.00046963373134670266,1.877788133710909e-5,
0.36942682627031087,0.0004696505931746211,1.877614449604692e-5,
0.3682493066672625,0.00046991925325223896,1.849749741428274e-5,
0.36373868469975745,0.0005042054018489057,1.903450781763694e-5,
0.3631540022864639,0.00048268476127603666,1.8515290318924298e-5,
0.36219748469208707,0.000470622421321139,1.8470629836050062e-5,
0.3607355938361215,0.00047202711884095457,1.8458367614970164e-5,
0.3603059189189054,0.000470881000845045,1.8377466709912992e-5,
0.35989835488513355,0.0004708444724493042,1.829691228945236e-5,
0.3579034758648731,0.00047259786098459834,1.827795647929739e-5,
0.3577949342108881,0.0004721517561390207,1.8271169474864913e-5,
0.35720714592514896,0.0004722095289179596,1.8257571752314874e-5,
0.35709179205246694,0.0004711034361166289,1.8227454234408418e-5,
0.35692735256316144,0.000470338929361698,2.09309998758698e-5,
0.35686345397402675,0.00047032128146664735,1.980793929928754e-5,
0.35549655815719305,0.000470265933634492,1.8501589084505888e-5,
0.355484113713591,0.0004702605874412474,1.8532043303773997e-5,
0.35516815754748243,0.00047019753235890696,1.852072422356328e-5,
0.35511893981999515,0.00047017304382341907,1.851406410312171e-5,
0.3550945488254137,0.00047021309052833264,1.8517645478169892e-5,
0.3550279819716671,0.0004702176459930753,1.8514195079767904e-5,
0.35475143712791823,0.0004698129657798289,1.8499726453346344e-5,
0.35472537482639327,0.0004697323958069015,1.8462665919866257e-5,
0.35433821824407113,0.00046974315203468194,1.8461231782669387e-5,
0.35417931859099416,0.00046972898733853936,1.8461956440653522e-5,
0.3541274603844489,0.0004697125522124617,1.8321637302423938e-5,
0.3539165418484544,0.00046973992190448596,1.8322196054126863e-5,
0.3533875861487303,0.0004699315589607971,1.8401891781535812e-5,
0.35332035210263935,0.0004700555879453789,1.844477184272483e-5,
0.3524549240607872,0.00047040894843879653,1.8394843581705507e-5,
0.3520593503784067,0.00047108665954828985,1.8621412540243344e-5,
0.35193868462371475,0.00047187195304847674,1.850399787104519e-5,
0.3514455324730718,0.00047649182843905526,1.844084407760047e-5,
0.3504436224907338,0.0004791275993337326,1.8484193566145447e-5,
0.3503115485797018,0.0004811861515172377,1.8562752377282037e-5,
0.34872509082620906,0.0004774553382921871,1.8418346279204494e-5,
0.34818146376939524,0.00047130801025954477,1.843564097766874e-5,
0.3480195395754447,0.0004706282055893956,1.8410964663118213e-5,
0.3473643254870608,0.00046998942136233053,1.8396973055428718e-5,
0.3463977463701413,0.0004699833400495555,1.8393706769242783e-5,
0.34627884803602327,0.00046998334135398657,1.8372420923156478e-5,
0.3444833275247688,0.0004699819579750325,1.8341192600894685e-5,
0.344177255490193,0.00046998265019864864,1.8298158426281473e-5,
0.3440765626665566,0.0004699872277011325,1.828879014802476e-5,
0.34371477845900666,0.0004699993296564912,1.8293460154298372e-5,
0.34321217487787153,0.0004700052529210845,1.8287873958573916e-5,
0.34315921251458226,0.0004700275818428934,1.8637655550904123e-5,
0.3423944864028533,0.00046987186792466157,1.8444988140314536e-5,
0.34228272948645766,0.0004698569949985564,1.8427240079774337e-5,
0.34224349709876484,0.00046985540064562055,1.8377604694107097e-5,
0.3421407109867772,0.0004698318528694238,1.834289582707423e-5,
0.3418451249436897,0.0004698532912736538,1.8363261655215083e-5,
0.3418292982497172,0.00046983590090193437,1.8407643492720404e-5,
0.3416781589818106,0.0004698070014615624,1.8352906421019984e-5,
0.34163712118942446,0.00046980517242335235,1.834663371021534e-5,
0.3416242575010395,0.00046987323951534695,1.834875086248699e-5,
0.34159396923668994,0.0004699843133639944,1.836339098871047e-5,
0.34143753827319634,0.0004700265914283928,1.8354158685103148e-5,
0.3414321639837971,0.0004700215992095536,1.772612832874989e-5,
0.3414037668769233,0.00047002981841395326,1.7865760052823382e-5,
0.34137214455093695,0.00046995467387822055,1.7691866670649472e-5,
0.3413662238933576,0.0004699509158542091,1.7697344079699818e-5,
0.34135283705955966,0.00046985463582741656,1.817814048510143e-5,
0.34082953941171257,0.0004697643579684862,1.782805247349804e-5,
0.34082607651245583,0.000469726204746024,1.7883167395822313e-5,
0.34080288660789826,0.0004698788362782859,1.7867732633020538e-5,
0.3407207775082812,0.0004698255553072609,1.789713108875612e-5,
0.34071845145084767,0.0004700449060279609,1.8449235612991112e-5,
0.3407032679350415,0.0004709490309353315,1.7971840276660265e-5,
0.3405018245244033,0.0004713941695475872,1.79647725511666e-5,
0.34049868457031046,0.0004704194685418894,1.784269659616649e-5,
0.3404729389738205,0.0004774621871290074,1.784377740756214e-5,
0.33981457246178703,0.00047694670366782915,1.7914271974357954e-5,
0.33980789318860183,0.00047543411357982616,1.7804729399274555e-5,
0.3397375262265924,0.00048890426705615,1.921420880048536e-5,
0.33897236720663465,0.0004892267525014241,1.7947587101181943e-5,
0.33896048419600233,0.0005206485056864997,1.7785210986831233e-5,
0.3388473496286684,0.0005424634295960681,1.7686126139704645e-5,
0.3296022350238409,0.0005405074446339192,1.8289121006773094e-5,
0.3296019954383825,0.0021495612460812673,3.293042462476637e-5,
0.32951538141790226,0.0020748990189638373,1.7689270121371183e-5,
0.3295145301856288,0.0004996179671411702,1.7733519741670256e-5,
0.3295140237421109,0.0004745665742387565,1.88316283099842e-5,
0.3295132988377822,0.0004744850283896028,1.784286654552465e-5,
0.32912148174830946,0.0004744866821224082,1.7854352467249373e-5,
0.32912142777635994,0.0004744539969188411,1.7866228061013655e-5,
0.3290223345915242,0.00047443655657939104,1.8578202756015533e-5,
0.3290195641499085,0.00047445070012065195,1.7969703108122028e-5,
0.3290195353520231,0.00047445405566159775,1.849618498908371e-5,
0.3290169963837724,0.0004744566122504672,1.8431276792491895e-5,
0.328896511558235,0.0004744710078573618,1.8381062347813716e-5,
0.3288964792047459,0.0004744662950504617,1.8382245048134007e-5,
0.3288379421042171,0.00047446639889859346,1.828596148592837e-5,
0.3288352794142673,0.0004744680053179727,1.8283066965351535e-5,
0.32883527146819563,0.00047445281687647444,1.8060221426547657e-5,
0.32883284897389625,0.00047443691255000974,1.7986430957874693e-5,
0.32871545070613095,0.0004744444184436764,1.7981431598829453e-5,
0.32871543300481987,0.0004744825783717454,1.8128145326642606e-5,
0.3287057423001083,0.0004744786680857754,1.8112224231088387e-5,
0.32868838837286235,0.00047456052138326773,1.8113381036171187e-5,
0.3286883812358189,0.00047459298889486836,1.8027029949925734e-5,
0.3286849222451195,0.00047470143703280367,1.8011213346970303e-5,
0.32866380968563774,0.00047473719605634773,1.7960910404786485e-5,
0.3286638083958457,0.0004747562297759409,1.7948430124005682e-5,
0.328662189426654,0.00047471261089848313,1.7903524938180057e-5,
0.3286584375281719,0.0004747170796855262,1.7902058501587027e-5,
0.32865843660446553,0.00047593848332587707,1.78904892785863e-5,
0.32865706664610644,0.00047613243891460815,1.787290283583508e-5,
0.32853388619665935,0.0004755706997907052,1.7822890754644808e-5,
0.32853388398491506,0.0004751923064615483,1.7820916799694957e-5,
0.328458107601676,0.0004751266773693165,1.7821493623115996e-5,
0.32845471454332426,0.000474440291350696,1.782080955854061e-5,
0.32845471437570317,0.00047498080886219685,1.7821621119961173e-5,
0.3284513871563269,0.00047482969615760104,1.780964021408161e-5,
0.32836697237713075,0.0004749399055701983,1.888981746271561e-5,
0.3283669713012334,0.0008269427976233945,1.8226717594513126e-5,
0.32829215276946755,0.0004792458507283798,1.8267196584085364e-5,
0.32828869016272966,0.00048095824553412864,1.8290478306094777e-5,
0.32828868991719007,0.000486030014462221,1.8236994862043088e-5,
0.32828526836152067,0.00047292654265604546,1.822397538535223e-5,
0.3282112786517842,0.0004717971177651824,1.810055059393716e-5,
0.32821127726326904,0.00047175348923035544,1.8096501589206172e-5,
0.3281428713062019,0.00047223166185076857,1.8130876781613175e-5,
0.3281394381828535,0.0004764549250845595,1.8099360592630165e-5,
0.32813943781845817,0.00047655688939154614,1.806793267157464e-5,
0.32813606241588555,0.0004880067981295826,1.8018676053347048e-5,
0.3280667592992027,0.0004725222453394015,1.7974926038973393e-5,
0.32806675610976244,0.0004723743571247457,1.7963174285292857e-5,
0.32800543713800795,0.00047224633751627974,1.7960074437630373e-5,
0.3280015064597354,0.00047244755632656725,1.8944588758887726e-5,
0.3280015056077037,0.00047235125503434074,1.8233556426598715e-5,
0.32799768034744414,0.00047234561927916424,1.8188764727370447e-5,
0.3279340747279186,0.0004723325375939929,1.846751051248236e-5,
0.32793406676565895,0.00047233244908302283,1.8238485643447278e-5,
0.32788484517145705,0.0004723292616337818,1.824424041016108e-5,
0.32787793611103844,0.00047230435353422235,1.8253546484967718e-5,
0.3278779346464564,0.00047230970212596145,1.8250243063600093e-5,
0.32787188011032947,0.00047230881405239527,1.822469917083809e-5,
0.3278049204924895,0.00047230764935606804,1.8114013160720004e-5,
0.32780489877130536,0.00047230549041382073,1.814455127298533e-5,
0.3277648661239481,0.00047230648489334713,1.80319700450217e-5,
0.3277284871990299,0.000472321683230798,1.91168729473734e-5,
0.32772848533184507,0.00047231912625155415,1.7952381562815862e-5,
0.32716692145742543,0.00047232646032745206,1.7273558002873964e-5,
0.32712505455833957,0.0004723337375794314,1.6991463694014938e-5,
0.32712461072792876,0.0004723579529790183,1.678379045472437e-5,
0.3270688043927485,0.00047238812621168815,1.673672445065144e-5,
0.3270328753160017,0.0004722633929062157,1.671796139488616e-5,
0.32703277789875335,0.0004723113246829787,1.6714845825297497e-5,
0.326868081654136,0.00047236488049127865,1.6688834455654166e-5,
0.32682214759346956,0.0004723897527480409,1.6657571294473124e-5,
0.3268218083640003,0.00047251258085330775,1.665047111377295e-5,
0.3262709301961835,0.00047260788678263316,1.662893554032277e-5,
0.32627063262280287,0.0004728021884811949,1.6596513368657356e-5,
0.32611754128573517,0.0004729061617599168,1.67559806708499e-5,
0.326116961427105,0.0004833028008824648,1.6503054603921873e-5,
0.32605515939951196,0.00047697524365366466,1.6492044484803357e-5,
0.3260548397781657,0.0004743346152319465,1.6491444927440717e-5,
0.3260501424920645,0.00047379812891433276,1.6489115350179272e-5,
0.32604964750989696,0.0004734955497431687,1.648453783533347e-5,
0.32600273618350833,0.00047250959720533653,1.650010418686204e-5,
0.32600258977665253,0.00047383076038696645,1.6573749682863774e-5,
0.3259886695411197,0.00047532411289086436,1.661422976386745e-5,
0.32598838890603526,0.00047609165471205166,1.6660271356413078e-5,
0.3259847941456028,0.0004749996234257065,1.651291702109108e-5,
0.3259844407728634,0.0004750513217841136,1.8680444868401266e-5,
0.32582561021016293,0.0004748117343658914,1.6080795164765194e-5,
0.32582520113854624,0.0004747852705419214,1.6077958470133053e-5,
0.32582269264859776,0.00047477405648960837,1.6051456255528583e-5,
0.32580850601160927,0.000474751115633047,1.6041411672521394e-5,
0.3258077618117316,0.0004748480168906715,1.6020023916502692e-5,
0.32580394593638007,0.0004748498995175931,1.5964952101460326e-5,
0.3250484991088676,0.00047487860847255444,1.6033823737620365e-5,
0.325045410725636,0.00047491511737055107,1.6068184378930773e-5,
0.3249992326165554,0.00047515922628554614,1.61533578997386e-5,
0.3249836491667144,0.0004750002518650164,1.5924462640375786e-5,
0.32498064212479855,0.0004750025995999566,1.5926575112549024e-5,
0.32497207339339895,0.00047501352783381554,1.5949316919879174e-5,
0.3242912895553844,0.00047502430664318225,1.5924995096715313e-5,
0.3242907259294334,0.00047509297849218944,1.5908075353246504e-5,
0.3242760495988117,0.0004750855356336613,1.5872548159344433e-5,
0.3242707593331849,0.0004750773855281843,1.586247942950936e-5,
0.3242689907041641,0.0004750350697249074,1.5863859408747804e-5,
0.3242660349470234,0.000475019244280916,1.5881802650543895e-5,
0.3241884967675713,0.00047503006107757587,1.5874794189504235e-5,
0.3241881301481815,0.0004750001343951835,1.5858581420001808e-5,
0.32417743545827776,0.0004750943966311345,1.6210405336839806e-5,
0.32417414761916746,0.0004746935628596401,1.5677403666502706e-5,
0.324168035869481,0.00047467783934808714,1.566670009495059e-5,
0.3241667646479099,0.0004746771646660524,1.565195328771179e-5,
0.3241361628981048,0.00047467684673117605,1.5613945748973816e-5,
0.3241359601794349,0.0004751661446342632,1.5630337807175307e-5,
0.32413249974043473,0.0004750535907280664,1.561435071901099e-5,
0.3241314870168787,0.00047494788246913756,1.5616005697060117e-5,
0.32413120265743156,0.00048185495536675493,1.5612291327414743e-5,
0.32413051416208905,0.0004872452995030999,1.5608287807029643e-5,
0.3241119604900026,0.0004962247131416074,1.5951167694847e-5,
0.3241119197314064,0.0004989841756972771,1.5634636999633813e-5,
0.3241092611686052,0.00047325473752850945,1.5636386964580324e-5,
0.32410855009221046,0.0004731232562233453,1.559535409632436e-5,
0.3241084649852594,0.00047311954220630284,1.5601052530229883e-5,
0.3241079258014254,0.0004731252610355993,1.5603297374712944e-5,
0.32409551841246076,0.00048012965228127867,1.5568516005470165e-5,
0.32409550497100276,0.0004757834361662119,1.555162771848346e-5,
0.324090020636069,0.0004750689752522522,1.555813460673167e-5,
0.3240893732335916,0.0004746127760047166,1.5549235059889393e-5,
0.324089341992805,0.0004746659222395959,1.5548047691934814e-5,
0.32408877514391093,0.0004745114783156042,1.5554064220557526e-5,
0.3240762025778096,0.00047441332412243546,1.555616573636965e-5,
0.32407618526321524,0.0004744438424197309,1.558332636110409e-5,
0.3240675284627337,0.00047451474273033046,1.5554658857384866e-5,
0.3240668107259358,0.0004745632259480282,1.5543734522860927e-5,
0.3240667382400845,0.00047456441517153384,1.5565074585208873e-5,
0.32406612307239485,0.0004744260785592574,1.5561142194066104e-5,
0.32405415533008197,0.00047440041198094164,1.5560551693964005e-5,
0.32405414758587775,0.0004744157056543008,1.553381789207318e-5,
0.32404486301860785,0.0004744047831034563,1.5510369090365573e-5,
0.3240441357727998,0.000474405404667642,1.606771415883578e-5,
0.32404410844219256,0.0004744114406086164,1.527774155999062e-5,
0.32404344956447373,0.00047439539450843467,1.5265456562347716e-5,
0.32403188249817183,0.0004743983833704557,1.5257063239754797e-5,
0.32403187876987954,0.0004743955208276792,1.5245813429226285e-5,
0.32402184845622917,0.00047437131677322214,1.524691021500351e-5,
0.3240211264104122,0.0004921484653387004,2.425416832870189e-5,
0.3240211174917125,0.0004993037671911285,1.7163318351949963e-5,
0.32402043555471727,0.000491624832703982,1.690847684065278e-5,
0.3240091024961206,0.0004945708668905008,1.6765355921158912e-5,
0.32400910130542065,0.0004857921119116297,1.670577575922515e-5,
0.3239987376110511,0.00048115991347234854,1.6682823480949172e-5,
0.323998025560045,0.0005541783383370534,1.6671415621663676e-5,
0.323998024133694,0.0006668041847779428,1.7823669742560827e-5,
0.32399732949244137,0.0004764944647241851,1.8480671817535907e-5,
0.32398576065070217,0.0004760453131736606,1.811828074824203e-5,
0.32398576016576247,0.00047604786696026893,1.720204929818286e-5,
0.3239749898278806,0.0004759865210319176,1.701693156542503e-5,
0.32397427065311796,0.0004759976186735087,1.7034093778146713e-5,
0.32397426970058996,0.00047600395334986863,1.700443259211287e-5,
0.32397356477387557,0.00047602938205630043,1.7004318174164345e-5,
0.32396191821394243,0.000476039720867733,1.698498661135914e-5,
0.32396191782905215,0.0004760669414178085,1.698305550764775e-5,
0.32395091843591534,0.00047606249552765566,1.6933144574162573e-5,
0.32395019363267086,0.00047607739399353917,1.6926785921234193e-5,
0.32395019266660446,0.00047607285894274334,1.694160850228968e-5,
0.32394948195049855,0.0004760726386140889,1.687848819587461e-5,
0.3239377217252211,0.00047607128405055137,1.687982086351768e-5,
0.3239377213146464,0.00047606428280431117,2.001730904297621e-5,
0.323926667421747,0.0004760880649090294,1.7590435400458057e-5,
0.32392593213403686,0.00047606433710848376,1.7570593406680516e-5,
0.3239259308096366,0.00047611281403241585,1.7694751439679856e-5,
0.32392521239966604,0.00047618706446688245,1.766726679380518e-5,
0.32391329042195316,0.0004761460340442578,1.7510112569295895e-5,
0.32391328980522704,0.00047624296105851265,1.749261202268576e-5,
0.3239023285360017,0.0004761987637779133,1.74635937592377e-5,
0.3239015702209069,0.0004761892242260871,1.7472246172796078e-5,
0.3239015691031916,0.00047618506260630155,1.74798563016691e-5,
0.32390082947064514,0.0004761543418626267,1.7422802257198902e-5,
0.3238879523191527,0.0004761339230513116,1.746718037966524e-5,
0.3238879512177605,0.00047616204360683133,1.744662588939835e-5,
0.32387724288859915,0.0004761558508945613,1.7430663020941793e-5,
0.32387640028146397,0.00047607773115471234,1.7415260461182277e-5,
0.3238763990260888,0.00047607624100640415,1.737350399695503e-5,
0.3238755894655778,0.0004760112085533958,1.736541609371925e-5,
0.3238591935251264,0.0004759579978413882,1.7395198752791367e-5,
0.3238591904475163,0.00047598453203603436,1.738423648325498e-5,
0.323832944244089,0.0004759660352394406,1.7375291719904796e-5,
0.3238324544747734,0.0004758436174208835,1.7362508821661014e-5,
0.3238324154668487,0.00047581026940909715,1.7346275557762216e-5,
0.32383188656073497,0.00047578944330045305,1.732896909546785e-5,
0.323817622517593,0.000475786203511093,1.7307836967247382e-5,
0.3238176086491829,0.00047578572595734334,1.729738917584823e-5,
0.32381069236627463,0.0004757611176412551,1.7326197997904994e-5,
0.3238099806626527,0.00047575646606843187,1.7321718882032586e-5,
0.32380996829129866,0.00047574120304125217,1.7317076631804987e-5,
0.32380868918447364,0.0004759614819378648,1.7821813089747e-5,
0.3238072005541194,0.0004800147646940538,1.7402087655635965e-5,
0.32380718243842027,0.0004795119205299917,1.7905995586907622e-5,
0.3238063536435708,0.0004763097545921359,1.7500333734905446e-5,
0.32379861051733816,0.0004763165951755813,1.7464276203877767e-5,
0.3237985929812718,0.000476326811836432,1.7412193745311002e-5,
0.32379612471522207,0.00047632241848230203,1.739679075645172e-5,
0.32379493335398335,0.00047640393829726847,1.7410714937313382e-5,
0.3237949022405798,0.0004765081588386666,1.7405392237766335e-5,
0.3237939966225126,0.00047651206416334814,1.7404789075405255e-5,
0.3237883785709503,0.0004764930947732052,1.736137118999861e-5,
0.3237883326477278,0.0004764910046246175,1.7352467868078748e-5,
0.323785906854698,0.0004764896167550477,1.733412982162402e-5,
0.32378444419068,0.0004764939859559084,1.7319273040619453e-5,
0.32378441469562463,0.00047649063996953606,1.7306755839918686e-5,
0.3237832939626276,0.00047652810146385223,1.724774333131481e-5,
0.3237785873577955,0.0004765168000355596,1.735329085531942e-5,
0.32377854000424466,0.0004765341239331589,2.425222763346495e-5,
0.3237758108379474,0.00047653828209570984,1.9129686947185607e-5,
0.3237741361573422,0.00047655219982090867,2.162425024459092e-5,
0.32377409641707083,0.0004765471526256276,1.723295079473312e-5,
0.3237728005531902,0.0004765508675596535,1.7239228262695338e-5,
0.32376844543123373,0.0004765434091099641,1.7150279487987112e-5,
0.323768408759273,0.00047654514420174813,1.709110016184985e-5,
0.3237655933825617,0.0004765450241929591,2.9864803157900623e-5,
0.32376352830841976,0.00047654477859094657,1.830456388167821e-5,
0.32376349628822354,0.0006759287821727674,1.82108862863856e-5,
0.32376189474776423,0.000640185763958843,1.8343639726221765e-5,
0.32375774095148036,0.0005563878374301091,1.8255445280156596e-5,
0.32375767565177715,0.00047369783343701317,1.8245863796919672e-5,
0.32375488943519476,0.0004735973467838073,1.8219857432463663e-5,
0.32375252505363195,0.0004736221354826639,1.8241588461603034e-5,
0.3237524838989245,0.00047359730623661243,1.8198498698456663e-5,
0.323750692649471,0.00047361763759748605,2.4950174366525206e-5,
0.32374615066939455,0.0004736522492149347,1.720747104433307e-5,
0.3237460443828381,0.0004737985912275548,1.7116515634935825e-5,
0.3237432359046647,0.00047366368837104705,1.6942481509753776e-5,
0.32374015955640806,0.00047363441077242797,1.6943057603792315e-5,
0.3237400520855451,0.00047365137185992887,1.6926331900696536e-5,
0.32373804372898923,0.00047361635152623705,1.6904114986240608e-5,
0.3237335699480221,0.0004736024734993768,1.6894002905402692e-5,
0.3237335068866504,0.0004736027274670473,1.7218378495825583e-5,
0.32373011931499407,0.0004736348911440939,1.724094208680283e-5,
0.32372676832557057,0.0004949681446661076,1.7200226480849572e-5,
0.3237267302187586,0.0004906261063226955,1.7196715320271365e-5,
0.32372409513030526,0.0004942574844952374,1.7188070826042146e-5,
0.32371919883401457,0.0004932901362702709,1.7188897272642016e-5,
0.32371915404219637,0.00048012783981246356,1.7209400024356563e-5,
0.3237152274391387,0.0005050518942819654,1.7201897682847317e-5,
0.32371148327730864,0.00047437451176006137,1.7158141059026876e-5,
0.32371127650323855,0.0004732484485842473,1.719093609609258e-5,
0.323709038785126,0.00047324847948674887,1.713107875270082e-5,
0.3237032210999779,0.0004732412657939063,1.7240520466781673e-5,
0.32370288926493396,0.0004732061972477455,1.7332881284232435e-5,
0.3236994570161485,0.0004732066146990375,1.717068417994574e-5,
0.32369455748862824,0.00047320659736875044,1.7183668922767354e-5,
0.3236941036238611,0.0004732070160741369,1.7168553526839343e-5,
0.3236916076434671,0.00047320925211008513,1.7182769874529798e-5,
0.32368407675978617,0.0004731927230324351,1.7175547201825587e-5,
0.32368368158590133,0.0004734720434364527,1.717854894316109e-5,
0.32367889067922706,0.0004734555187117482,1.714152766418346e-5,
0.32367234131889006,0.0004734518619341171,1.7122291934327698e-5,
0.3236712584177826,0.0004734508205263395,1.71112497104845e-5,
0.3236588790959377,0.00047344967267251814,1.7071440402762764e-5,
0.3236529562996468,0.00047348590608636636,1.703634295390893e-5,
0.32365185094325566,0.00047348458318358295,1.6998887392307276e-5,
0.3236423161687672,0.00047354348211871446,1.697393004153903e-5,
0.32363889956755854,0.00047334682796182066,1.705683248429495e-5,
0.32363767649413394,0.00047333197479854626,3.608494988380278e-5,
0.32363679250586624,0.00047329511320395493,6.0761650930805395e-5,
0.32361147432526216,0.00047335117682697987,1.678633917334924e-5,
0.32187764812018393,0.0004733490834428158,1.677884212538148e-5,
0.3218217175810526,0.0004735235600813548,1.6790270081339976e-5,
0.32180929652391244,0.0004736421730816549,1.6845147811647368e-5,
0.32180893600463706,0.0004736521252796471,1.671505086221646e-5,
0.3218065671274681,0.00047365128799065493,1.672197761407487e-5,
0.32180297470364344,0.0004737274147911198,1.6715496937314644e-5,
0.3218026530788898,0.0004737447334367447,1.665294309091153e-5,
0.3218000562489826,0.0004736129993981799,1.6646153791811764e-5,
0.32179277918596694,0.000473778202239393,1.664279796031614e-5,
0.3217927649417709,0.000473758656734787,1.6643620009109506e-5,
0.32178660773506923,0.00047390287787306033,1.9764162713195266e-5,
0.32178263724896944,0.0004738807705447062,1.7572482818130068e-5,
0.3217825092804237,0.00047360389661366885,1.7547028297930124e-5,
0.32177893783528233,0.00047359237236943726,1.774136611692497e-5,
0.3217694234331256,0.0004735943231835591,1.754951733161952e-5,
0.3217694071739466,0.0004736033995439498,1.7537743120949614e-5,
0.32176106097247287,0.0004735970010876305,1.753698810605058e-5,
0.3217564671727083,0.00047359594551770113,1.7496399211587178e-5,
0.3217561220586425,0.0004736017808091716,1.7458253337547346e-5,
0.32175192979462613,0.00047360613040456514,1.745624677662286e-5,
0.3217364506792603,0.00047359796099679036,1.744316657840204e-5,
0.3217364278640589,0.0004735969128402122,1.7437674807904755e-5,
0.3217220953732045,0.00047359616885617943,1.7440659525143268e-5,
0.32171587066192014,0.0004735950291747511,1.7443747497731033e-5,
0.3217121321156804,0.00047359485703602345,1.7455562815194194e-5,
0.32170392580307194,0.000473602212247093,1.7768448371259683e-5,
0.32170185431172693,0.0004736098299274319,1.8906602132294215e-5,
0.3217017996880702,0.00047359227742055403,1.7622041668219556e-5,
0.32170031760937445,0.0004735889548050753,1.75577671178633e-5,
0.32169745486277346,0.00047358902929709194,1.7585174822551345e-5,
0.3216974214076787,0.0004735593680715689,1.747559063299473e-5,
0.32169517593515007,0.00047355414121632666,1.7683019114251902e-5,
0.3216924481643505,0.0004735548767628612,1.7824737125427673e-5,
0.32169240198327165,0.0004735521663371442,1.758692553491363e-5,
0.3216903312574589,0.00047354965882745616,1.7566232859526875e-5,
0.32168637751076734,0.00047353807658323863,1.8034325853742488e-5,
0.3216863460778366,0.00047358736289118057,1.7668521282822634e-5,
0.3216831487483465,0.0004735885231905869,1.7649784032775504e-5,
0.32167912579262914,0.00047358439812521794,1.7642589892010525e-5,
0.3216776926960874,0.00047358575655184277,1.767640700059215e-5,
0.3216667479231154,0.00047358497561238253,1.7563016513114214e-5,
0.32166595416909105,0.0004735850483881407,1.754650514125412e-5,
0.3216654339339595,0.0004736242795822751,1.7511827686970088e-5,
0.32166413444288333,0.00047369997374000275,1.7501538553494366e-5,
0.32166258423657423,0.000473692515922729,1.749418777609191e-5,
0.3216622923798098,0.0004736984268920336,1.7432041645966073e-5,
0.32165596937592883,0.0004736934512687321,1.737656810518102e-5,
0.32165523430044596,0.0004736894465655623,1.73743009791457e-5,
0.32164498287651644,0.0004736904102403507,1.7318543872478692e-5,
0.3216433733413093,0.0005168958015973888,1.7310797669546567e-5,
0.32164147923388753,0.0006024344284095707,1.7348986071349405e-5,
0.32154685970005326,0.02729014785903615,1.733793970365873e-5,
0.3215467545683793,0.0008971982092933271,1.7327802889720164e-5,
0.3210588215532908,0.0008883134607785368,1.732412773960425e-5,
0.32105611284486063,0.0008885279156924979,1.735184313490613e-5,
0.32101215715670034,0.0008871542536053239,1.734505727818871e-5,
0.3210092158766597,0.0008893669418441813,1.7331294850663356e-5,
0.3209724495781742,0.0008905836978063112,1.732698281728857e-5,
0.3209722667574907,0.0008918708500419771,1.7433824936366583e-5,
0.32069364335077893,0.000891049081015336,1.7366673912549306e-5,
0.3206918889591206,0.0009048358310196423,1.735889613761334e-5,
0.3206512012196297,0.0008918569039800597,1.736445115182528e-5,
0.32064685413634814,0.0008888407970002159,1.732080927295341e-5,
0.3206422496614927,0.0008820942167745819,1.7284068305908766e-5,
0.32064033920280083,0.0008782437468290653,1.728485486398643e-5,
0.320444947111502,0.0011431769594700907,1.7289733273740755e-5,
0.32044376114010936,0.00108302784945853,1.7269008018856196e-5,
0.3203968043712059,0.0010532797845788464,1.8024361178001538e-5,
0.3203909497733385,0.000987587255420136,1.729548715511351e-5,
0.32038822188605115,0.0009436020727098674,1.7370625319341665e-5,
0.32038510549202565,0.0009756485265297807,1.7333909703998158e-5,
0.32024726072097853,0.0009679040614595011,1.735088598959708e-5,
0.32024601287536547,0.0009013723746583146,1.7345221249771282e-5,
0.3202124156738132,0.0009761012681844945,1.7312631205709167e-5,
0.3202056651750645,0.0008397644392799722,1.7314339972772496e-5,
0.3202027823492238,0.0008340965120796999,1.7321816516980306e-5,
0.3201993909850305,0.0009578290908998789,1.7637631511443268e-5,
0.3200780237794574,0.0009306805544467362,1.7627851411362107e-5,
0.32007719703860477,0.0009086831337582182,1.7608935406832536e-5,
0.32005236959912403,0.0009064413339966998,1.7579529789821e-5,
0.3200452290576815,0.0008954742170437642,1.7566907049883253e-5,
0.32004380559660356,0.000877879600080029,1.7734880787700204e-5,
0.32003988840641195,0.0008762764914155142,1.771934098064767e-5,
0.31996404522409433,0.0008304152293206264,1.776702414202126e-5,
0.3199631067433462,0.0008297646677447833,1.7651238835945566e-5,
0.31994880912041357,0.0008270683565340121,1.7568997585032137e-5,
0.31994163654707153,0.0008291333778411944,1.7498607096640118e-5,
0.31994041991726485,0.0008306098428836518,1.7487156482014253e-5,
0.3199367632211055,0.0008331328555424447,1.7486402491956663e-5,
0.3198904933479664,0.0008346418153252195,1.748448603331206e-5,
0.31988978467600954,0.0008534082061712483,1.7487020607646066e-5,
0.31988047723033736,0.0008528819057362542,1.745680107710099e-5,
0.31987342114122197,0.00085755245613294,1.7371867033317135e-5,
0.3198724064158773,0.0009578607410654816,1.7331759752855233e-5,
0.3198692254471884,0.000918702047035645,1.7336805683812158e-5,
0.31982050583765725,0.0008919736174675073,1.7274832347625246e-5,
0.3198199927792816,0.0008687521240003899,1.7248661966993907e-5,
0.31981049712364695,0.0008684518352842588,1.724413611557446e-5,
0.3198058778255329,0.0008679341246715718,1.7088580007571986e-5,
0.3198049313816777,0.0008772754512897234,1.718068628156904e-5,
0.31980248759155644,0.0008941463133187716,1.7037814580446823e-5,
0.3197647374408451,0.0018966647254961054,1.703270210968661e-5,
0.3197643295165101,0.001688236803032977,1.7028427418632765e-5,
0.3197578399107163,0.0017369850561424435,1.7058272023443306e-5,
0.31975436839408394,0.0014588859205710415,1.704980916986832e-5,
0.3197534079873164,0.0013715029571151982,1.7026990623289043e-5,
0.3197516664050555,0.0013981585338273493,1.844535624840075e-5,
0.31972324831218996,0.001369594277464964,1.726978394715716e-5,
0.31972278173877294,0.0013210092409174214,1.7246752205907832e-5,
0.31971956611437063,0.0013305576810967476,1.7272020568307965e-5,
0.31971656402331866,0.0013500101852698225,1.7193677944866006e-5,
0.31971554438587607,0.0013431448406336325,1.8100827084950247e-5,
0.31971433169877556,0.001329303192959561,1.974153427355509e-5,
0.31969560287666665,0.001330680770188393,1.711775343140019e-5,
0.3196946090792258,0.0013357160906034534,1.712114679359104e-5,
0.31969383843366644,0.0012432165985964956,1.7123650808309484e-5,
0.3196891555322523,0.0012159841597513443,1.7120829086293534e-5,
0.31968704577300316,0.0012357217064035632,1.7164957055241068e-5,
0.3196863123429091,0.0012506946895463364,1.718344963720487e-5,
0.31967929261460115,0.0011513392615546331,1.7168003742132918e-5,
0.3196781423986654,0.0010010675032690155,1.715198118632999e-5,
0.3196773510050973,0.0009538108465194297,1.71098291071034e-5,
0.3196694581000895,0.0008529626110257542,1.706440847609883e-5,
0.31966823857352417,0.0007466301952991897,1.7036723302253138e-5,
0.3196676685168575,0.001834369008246296,1.7037745403182622e-5,
0.3196564327563434,0.0005579897460573974,1.7034879918008505e-5,
0.3196502975971653,0.0005473712823015221,1.704341714132798e-5,
0.3196383896501171,0.0005522933966364786,1.7108635835924523e-5,
0.3196368050264169,0.0005547459136209928,1.7070139359533212e-5,
0.31951319867184996,0.0005555327334881368,1.7108316752978352e-5,
0.3195131925727796,0.0005552563019370105,1.707409209903592e-5,
0.3193975144055168,0.0005551769584416302,1.7079340526251294e-5,
0.319396721442295,0.0005551489509067371,1.7081209581968857e-5,
0.31929140028319103,0.0005568592323841383,1.710212726056384e-5,
0.3192901506500632,0.0005550473741902232,1.7092921068868154e-5,
0.3188033729160468,0.0005445549473212171,1.7068179365556648e-5,
0.3188024671106064,0.0005441466074602048,1.7030038804713157e-5,
0.31879726255487484,0.0005425744858774192,1.7009612855946573e-5,
0.3187964554279277,0.000540451680280636,1.6990165647964155e-5,
0.3187626607922946,0.0005409035415456358,1.6962647290171168e-5,
0.3187626581729205,0.0005407075305271972,1.696371986622869e-5,
0.318719463029606,0.0005405650973394178,1.6949270472189763e-5,
0.31871859301646466,0.000540110687800738,1.695163950539051e-5,
0.3187185873335485,0.0005393410831877686,1.696063056709678e-5,
0.3187177155377532,0.0005401027221729347,1.6963483331767696e-5,
0.3186098520433414,0.000537899254344734,1.693609945205072e-5,
0.31860985144506127,0.0005373881377785898,1.691086483503045e-5,
0.3185389238738451,0.0005365456496459971,1.688831331401182e-5,
0.3185384494581488,0.0005363309480461608,1.6869065892897896e-5,
0.318538437789567,0.0005358331553149406,1.6851643509273034e-5,
0.3185379683890198,0.0005368521556704673,1.6834587678573114e-5,
0.31848122185466293,0.0005364394307341669,1.6806698638723098e-5,
0.31848122133268086,0.0005369306829652282,1.7125760279773707e-5,
0.31842314675222466,0.0005339085428328954,1.6722841165297264e-5,
0.3184226982551272,0.0005613368062496762,1.6721295093831056e-5,
0.31842250237125186,0.000559711428453196,1.6794160525882584e-5,
0.31842207131844324,0.0006307422035184756,1.6835727207240986e-5,
0.3183742905654328,0.0005360156736858092,1.677062610423042e-5,
0.3183742702603734,0.0005363215797574003,1.6843269629721935e-5,
0.3183143399411615,0.0005359328844458244,1.6778064281323954e-5,
0.31831382283233967,0.0005354023800460343,1.6881870240191777e-5,
0.3183074680317765,0.0005361275404441724,1.6865300473583144e-5,
0.318307106404616,0.0005368546487870642,1.6848407628612334e-5,
0.3182656082629647,0.0005324836475049961,1.6826307084555356e-5,
0.3182650105415106,0.0005459722028171644,1.6819523632702315e-5,
0.3182048508586751,0.0005428988888253309,1.767870201440104e-5,
0.31820333337973444,0.0005419693928629168,1.6779708651623917e-5,
0.31819325118939784,0.0005417401422861143,1.6747205957187585e-5,
0.31819275902167,0.0005452075959842002,1.6721059440328515e-5,
0.3181446879253588,0.0005446678766287035,1.6887882645780147e-5,
0.31813617000421146,0.0005469294924157706,1.6750300063106975e-5,
0.31796045236889825,0.0005348970685026552,1.672373042337232e-5,
0.31795450926622093,0.0005345147084372332,1.6703201492262588e-5,
0.317906539739797,0.0005355341605919894,1.6704078962395766e-5,
0.31790653407594965,0.0005407910761673523,1.6772616790577794e-5,
0.3178526263134328,0.0005412330008569801,1.6826829288062182e-5,
0.3176354598562652,0.000542106133370433,1.6654953878024277e-5,
0.31763512190910487,0.0005400340235168196,1.6651104524014268e-5,
0.3174344348151484,0.0005397078039493776,1.6662634698585658e-5,
0.3173347424486185,0.0005390769479767994,1.68457873427625e-5,
0.31733461074825314,0.0005745211758296611,1.6730356830184596e-5,
0.317200527419874,0.0005600153392189766,1.7025470032700167e-5,
0.31702799768508944,0.0005458891764392621,1.7160232025990094e-5,
0.31702527526481705,0.0005349344502519814,1.6708453148228854e-5,
0.31687960903161183,0.0005298783893077501,1.6683593429915162e-5,
0.3168051426444639,0.0005284090287668152,1.6675532671024926e-5,
0.316805039377037,0.0005329286940669245,1.6671854565135527e-5,
0.31670464831723455,0.0005370232805433078,1.6646181441013116e-5,
0.3165945074611143,0.0005331374243091688,1.6624588418413206e-5,
0.3165922310350929,0.0005286838324230764,1.6608335314302353e-5,
0.31649787637094395,0.000528846964501303,1.6589920322569242e-5,
0.31644254701239327,0.0005341404664576967,1.662963269446304e-5,
0.31644243766943675,0.0005293019326722296,1.664118359031894e-5,
0.31641108259871664,0.0005293288108204173,1.658811796956552e-5,
0.3161746317943984,0.0005299998329885353,1.6615670191047003e-5,
0.31616525698352166,0.0005303831621384103,1.6603804102820827e-5,
0.31595367341537917,0.0005309759415978989,1.687797001587003e-5,
0.3159037465758185,0.0005322477674373615,1.683536910937335e-5,
0.31590374421136325,0.000533635164073843,1.6835554084116395e-5,
0.31584324869253777,0.0005358918813144958,1.6817534653723385e-5,
0.31546827446425996,0.0005407465518174222,1.678506138312418e-5,
0.31545836077325207,0.0005211873098377994,1.6760204603102597e-5,
0.3152066834882458,0.0005235359794602479,1.674659674344368e-5,
0.3151449642590049,0.0005228854506053915,1.6758379142888256e-5,
0.3151449096386485,0.000523113072080325,1.6755305189626563e-5,
0.3151138127469054,0.000523405076385685,1.675689433111218e-5,
0.3151086128744003,0.0005237105047854718,1.6699549382265955e-5,
0.31510051598051986,0.0005316632212883111,1.668664766687976e-5,
0.31509615885451614,0.0005409390951808506,1.6675884518654317e-5,
0.31504782212673205,0.0005425738956864971,1.666519000263535e-5,
0.31504778107093534,0.0005448164228723043,1.6646853721040963e-5,
0.3150248865833063,0.0005415620282563414,1.6645770530384083e-5,
0.3150230098755634,0.0005280565131392024,1.660421949623389e-5,
0.3150081684986572,0.0005293436945029181,1.6897455139843868e-5,
0.315006848171778,0.0005294214452943502,1.6678116584929063e-5,
0.3149495467556061,0.000530113997087707,1.6676545810114574e-5,
0.31494946458596346,0.0005350823473968962,1.667631310094097e-5,
0.3149339017649874,0.0005281391112860737,1.667706960105354e-5,
0.31493297319516533,0.0014339616829362229,1.658958243190449e-5,
0.31490456996683824,0.005321154142142011,1.6607239433320605e-5,
0.314904053401682,0.0010450573925447355,1.6514059003129065e-5,
0.31483065508610014,0.0005597364908734391,1.6504117975865235e-5,
0.3148305474474092,0.0005596656472209451,1.6500794103790677e-5,
0.31481786391564176,0.0005602513285403682,1.6489093774050232e-5,
0.3148171788176727,0.0005601717532164769,1.6434400733747213e-5,
0.31473000427319325,0.0005588692652735445,1.6393872216848714e-5,
0.3147297206959439,0.0005578749992408401,1.6423011268873413e-5,
0.31458118264154117,0.0005585076396143561,1.6391473892013253e-5,
0.31458099765584274,0.0005590022765619509,1.6426531783068527e-5,
0.3145726156987616,0.0005599645352304016,1.6308688926010332e-5,
0.3145720244823718,0.000559626435062739,1.6317615858330902e-5,
0.31362931309421554,0.0005598487838346579,1.6292758337249993e-5,
0.3136292364229003,0.0005620606955870147,1.6325182632018063e-5,
0.3129326853423109,0.0005614589565165792,1.6304358844545877e-5,
0.3129325208300528,0.0005614182011644411,1.6288701869015954e-5,
0.3129325201065868,0.000560855496844938,1.6263792022351207e-5,
0.3129323578891047,0.000560154783843358,1.5116250154635058e-5,
0.31217464040256987,0.0005598371053679261,1.4749119168863576e-5,
0.3121746276978742,0.0005599639797179985,1.5898855513859623e-5,
0.3116342103737093,0.000559805933186913,1.5863835638655295e-5,
0.31163405640278996,0.0005591195545883942,1.6340375620984413e-5,
0.31163397705162355,0.0005598110918019759,1.4933552671888637e-5,
0.31163383903000064,0.0005588583919446754,1.4911818477694064e-5,
0.3100035541043494,0.0005581505620854578,1.4896231217558515e-5,
0.31000348346675294,0.000558110187122738,1.4894212312000732e-5,
0.3085036506296251,0.0005580742909518753,1.4892434441282576e-5,
0.3085031380438286,0.0005580424217042437,1.4895098119464985e-5,
0.3084926208042246,0.0005579396581965772,1.4907305276629398e-5,
0.3084923989625704,0.0005577472413046914,1.4912632048920164e-5,
0.30833371573679297,0.0005574458721233363,1.4806494896274162e-5,
0.30833349004884403,0.0005572864931840355,1.4794733540133245e-5,
0.30824477687458246,0.000556762370729735,1.4756717682681703e-5,
0.30824440390377306,0.0005566490306506907,1.4750465693502017e-5,
0.3082271071206966,0.000556587602061031,1.4726774718842114e-5,
0.3082270811230628,0.0005565227786072443,1.7880685396208625e-5,
0.3081986197715707,0.0005565238004836387,1.4437301025040897e-5,
0.30807275103230064,0.0005564947916813235,1.4419105082578363e-5,
0.3080673433750687,0.0005565509245583821,1.4399522797059969e-5,
0.3079939506676456,0.0005562279263586485,1.4402274671911013e-5,
0.3039894344085933,0.0005558256711356069,1.4443142445847483e-5,
0.30345652949765367,0.0005555587993185934,1.4401307373544399e-5,
0.30224312798031727,0.0005562981859691102,1.440193030830469e-5,
0.30221490626730557,0.0005558436700101575,1.439040668876945e-5,
0.30088833913874846,0.0005557649010347512,1.437582112999845e-5,
0.30074992325019356,0.0005550940760087012,1.4386664998626223e-5,
0.30064596564587376,0.0005590799824847892,1.434996457831377e-5,
0.30057214661275655,0.0005594979736151994,1.4330706806177642e-5,
0.30050551987729734,0.0005603671210889356,1.4380657653776306e-5,
0.30044995462849927,0.0005588268281919737,1.433484361486539e-5,
0.3002637415776722,0.0005587491924424475,1.4332135573716037e-5,
0.30026094839179485,0.0005580216651521243,1.4451366111616566e-5,
0.3001082308976768,0.0005596156079724841,1.4238804914330556e-5,
0.3000460237278718,0.0005578935859591051,1.4162771042539941e-5,
0.2998398001449583,0.0005578127655334167,1.416388518411579e-5,
0.2998063585694694,0.000558428253493242,1.4227079834600537e-5,
0.29940712463178326,0.0005590287062546628,1.4598140911121792e-5,
0.29933811250721565,0.0005584303604483899,1.556200822740274e-5,
0.2992690012812667,0.0005589062533691158,1.4206567144854811e-5,
0.29926484529057845,0.0005597059630413696,1.4114330427009085e-5,
0.29920028250739134,0.0005597625477739797,1.410907760213168e-5,
0.29916944776103344,0.0005594770871739954,1.4095451650334308e-5,
0.29916756145736473,0.0005588794221133682,1.4097022717412814e-5,
0.2991366910562635,0.0005587939618598517,1.4018602312096654e-5,
0.299098115149236,0.0005581191564362172,1.4863158327925252e-5,
0.2990827131994424,0.0005562941696783284,1.3901109831221132e-5,
0.29903537638290134,0.0005553919551211705,1.3904534372640546e-5,
0.2990332497711529,0.0005549935296343528,1.3903364123904513e-5,
0.2989856259769338,0.0005543274850199441,1.3887029888439305e-5,
0.2989590136663045,0.0005538444699832705,1.3888242733212009e-5,
0.29891990479406677,0.0005541769610666006,1.3903320410886974e-5,
0.2989013603433616,0.0005545892978078018,1.387310210389034e-5,
0.2987898955681385,0.0005543566604707213,1.3858531737416182e-5,
0.2985576484210796,0.000554317460802911,1.3857796192685969e-5,
0.29851299182619406,0.0005537012263570966,1.3696432612963091e-5,
0.2984838438907222,0.0005532738651366887,1.3702830763949333e-5,
0.2984511765678971,0.0005533941504961727,1.4037408225557224e-5,
0.2984016801710116,0.0005554320722206659,1.6143276277488173e-5,
0.29840113254343126,0.0005547978820284774,1.6824005372192922e-5,
0.29835298281470435,0.0005543972531567189,1.3933024675963174e-5,
0.2983258423728973,0.0005541210334183414,1.3750293750372172e-5,
0.29832514569677715,0.0005540442754717859,1.369676421591482e-5,
0.29830109840784846,0.00055404950630137,1.3688035312570244e-5,
0.2982674810627637,0.0005539472816987062,1.3682369181556806e-5,
0.29826730744713525,0.0005532685978289251,1.3681205845729088e-5,
0.2982398354373407,0.0005633611318815099,1.3679253017772824e-5,
0.2982191997940995,0.0005621309199517574,1.367410189491682e-5,
0.29821848964218534,0.0005503775841002368,1.3673605100259122e-5,
0.2982011157324244,0.0005446667408900854,1.366410598989502e-5,
0.2981830914448478,0.0005524925473295605,1.364960732795675e-5,
0.298172384216213,0.0005589725291099504,1.3639682385834167e-5,
0.29815210796106284,0.0005664737911896195,1.3657887402001135e-5,
0.29810524338561994,0.0006155450455629696,1.3692915344372957e-5,
0.29809632574113026,0.0005802262288669793,1.3642487955249793e-5,
0.29808428883324767,0.0005651688660988416,1.3612468283012013e-5,
0.2980824283873997,0.0005645187085504029,1.3611210156598618e-5,
0.2980620785655863,0.0005635969571925016,1.361198598808018e-5,
0.2980400504604325,0.0005465224818913177,1.3613061870739069e-5,
0.298039334935256,0.0005473069506066408,1.3620679560621974e-5,
0.29802612965939695,0.0007262299181938147,1.360888843293961e-5,
0.298018133407224,0.0006842038024965478,1.3600595452365446e-5,
0.2979480915634394,0.0005622553185567459,1.3584501947922516e-5,
0.2979479575421892,0.0005628028669368776,1.3579260024910967e-5,
0.29788864021896305,0.0008399242531696294,1.3598226288918851e-5,
0.29505173018756675,0.0005311255601806121,1.3584340322801438e-5,
0.2949891090442211,0.0005218774272503869,1.3566237214765143e-5,
0.2949871945823139,0.0005215598164672143,1.3556909823088776e-5,
0.29489799082446355,0.0005223680397452073,1.3501119083107897e-5,
0.2948568592246677,0.000521650335504363,1.3487555437782405e-5,
0.2948538105109227,0.0005214052799182759,1.729010936017217e-5,
0.29481307383147687,0.0005213534408932307,1.532490329158514e-5,
0.29476482972700907,0.0005216700498235589,1.5585004802239953e-5,
0.2947645652980836,0.0005208513526122275,1.3652210813696646e-5,
0.29470199928388785,0.0005209972481779296,1.3572892281986194e-5,
0.29466492117837195,0.000521193889845292,1.3488277132030942e-5,
0.2946611326316533,0.0005209331991609677,1.3347452763616705e-5,
0.2946183913048867,0.0005207486890186884,1.3302909536939991e-5,
0.294582574500209,0.0005208048545729209,1.4291309458750699e-5,
0.2945786531015924,0.0005219525793876458,1.2918277393045524e-5,
0.2945061710189324,0.000521152521875071,1.2654968761980401e-5,
0.2944793720489287,0.0005207273985729388,1.2644348958094357e-5,
0.2944387460363175,0.0005224899177224682,1.2644179998025836e-5,
0.2943909443016487,0.000520777539677833,1.2622295251763102e-5,
0.2943866502115906,0.0005207652924880319,1.261511619827355e-5,
0.294357605512792,0.0005207592300566004,1.2620874096943804e-5,
0.2942936711296002,0.0005189727685614128,1.2739268806128377e-5,
0.29429075139641514,0.0005191036061738302,1.2521140933490322e-5,
0.29423190221957424,0.0005188526224316592,1.2549542169072564e-5,
0.2941847899272039,0.0005179601828424155,1.2600667860616748e-5,
0.29418374863596214,0.0005177826935051661,1.2588304890275365e-5,
0.2940860926071441,0.0005177841882243929,1.2494797012170269e-5,
0.2939363507322633,0.0005177773443559957,1.248892230752739e-5,
0.29353974567418706,0.0005177047802326937,1.2473437399150496e-5,
0.2934710009094882,0.0005176669965436546,1.2460387733899637e-5,
0.2933593588071529,0.0005182012681195984,1.2459597105671897e-5,
0.2927313848767896,0.0005183631520110015,1.2465920912100011e-5,
0.2925242667208508,0.0005214185505822867,1.3339754883496257e-5,
0.2921090312615575,0.0005232612812338466,1.2564443671225657e-5,
0.2920747789804636,0.0005245546763374717,1.2551195548611438e-5,
0.2919232647694595,0.0005254231428103791,1.2556596301181628e-5,
0.29187833346186703,0.000526259578845176,1.2553064693614215e-5,
0.2918540721903062,0.001108148798004226,1.2550238243153995e-5,
0.2918530353821167,0.0020495778739860657,1.2584178078670152e-5,
0.2918522677119498,0.0010674880773822483,1.2577780218665423e-5,
0.29185112301874194,0.0010690889483401134,1.2572904307304316e-5,
0.2918358055467506,0.0010702747503713778,1.257156752270336e-5,
0.29183541379135886,0.001068162905529716,1.0867618262641813e-5,
0.2918169032484525,0.0010537270351824548,1.0137664759842523e-5,
0.29181669788582154,0.0009834958618597108,9.423705556779825e-6,
0.2918079666882842,0.0009689056129931925,8.808414498049657e-6,
0.2918070823980064,0.0009621698521878006,8.605572813825896e-6,
0.2918035059618639,0.0009431816212654618,9.24243672397695e-6,
0.2918026587184343,0.0009830711508627859,8.578095339153766e-6,
0.29177797375221426,0.0010446108639265855,8.251093319533502e-6,
0.29176855675540514,0.0010532136998168135,7.5735556827340665e-6,
0.29160042580793943,0.0010413714216326096,1.9101671177733673e-5,
0.2915692022593254,0.001001126958749863,1.074204214089618e-5,
0.29145093495683905,0.0010042690728722414,9.89844185330271e-6,
0.29144535900657287,0.0010124957803484729,1.513883429590218e-5,
0.29144251057983417,0.0010054120322036868,1.378940859366256e-5,
0.2914329160114931,0.0010123497623674997,1.3215623659955505e-5,
0.2913019067055711,0.0010056664846968444,1.3951334578790818e-5,
0.2913007949734193,0.0017093692583446069,1.1501608083481521e-5,
0.29118110141458836,0.0007899930629621919,1.2043347573285657e-5,
0.2911771526222938,0.000955381395198928,1.1789192859942804e-5,
0.29117563787440226,0.0009892616454342848,1.1179112224654146e-5,
0.29117125462074595,0.0009557945807263834,1.4549567296519096e-5,
0.29105893862203197,0.0008699072095818346,5.946215178135415e-5,
0.29105805276447677,0.0011834291475542658,4.321619397221244e-5,
0.2909677025631866,0.0009263260711958879,1.9235592614291527e-5,
0.29096641695770137,0.0009259881642621334,1.7738467943316432e-5,
0.2909150003786468,0.0009272805495244297,1.6807852951517532e-5,
0.2909106482108931,0.0009278431644418659,1.5601021943316262e-5,
0.2906328538443981,0.0009354255415951859,1.4260122954443917e-5,
0.29063031360498354,0.0009275901735514997,1.2676116930119706e-5,
0.29053795634281204,0.0009173423292804773,1.3530505261700198e-5,
0.2905376880531697,0.0009083936923193225,1.4352930605306114e-5,
0.2901562211710204,0.0009054038091389136,1.3848398037297784e-5,
0.290152141598013,0.0008918588260934113,1.2574071812450878e-5,
0.29002933029510736,0.0008911145399442595,1.711821718595518e-5,
0.29002582795018,0.000891281186963083,1.5272304609387632e-5,
0.28995327714883856,0.0008924792807829427,1.2796459104605213e-5,
0.28995318154880007,0.0008940881331595009,2.2791114623726884e-5,
0.2897987984972387,0.0009192245287224126,1.8251654160044677e-5,
0.2897929338130856,0.0009191423732283127,1.866877618777107e-5,
0.2897640640793842,0.0009210446532134282,1.3578865621279147e-5,
0.2897593953503169,0.003025941715732696,1.330132269207138e-5,
0.2897135131881158,0.0007622695589845738,1.2293047095025639e-5,
0.2897124790822778,0.000545758098532992,1.1642364175361682e-5,
0.28958851374249706,0.000545503047283759,1.0812140645685854e-5,
0.2895781734924695,0.0005471237685929516,2.1995447869937546e-5,
0.28950710249178696,0.0005413990041292898,2.0079112045642237e-5,
0.28950217822775,0.0005416927073407826,1.8389014886942837e-5,
0.28949472412931365,0.0005413494458512738,1.7263423099317816e-5,
0.2861706769469322,0.0005407651982515206,1.6293867887149444e-5,
0.28581121320328545,0.0005400903779327305,1.5156152647831477e-5,
0.28295643141253257,0.000540075905290822,1.3940929795175286e-5,
0.28255130269682543,0.0005401955475041552,1.2924645327610732e-5,
0.28253751232926855,0.0005485619192307634,1.2557659471843059e-5,
0.2825347522216576,0.0005469568689510452,1.0552438201113369e-5,
0.2825109666167864,0.0005439498492448935,8.502254452513905e-6,
0.282380482808705,0.0005430012423378655,6.354358588571554e-6,
0.2823732474873984,0.000542926287431475,5.115370750919156e-6,
0.28221969607760533,0.0005430617175551226,5.130251852456238e-6,
0.28221488797726907,0.0005431798314184599,8.323559359437146e-6,
0.28221375183389236,0.000543456914669133,6.688547623862263e-6,
0.2822061095381765,0.0005434990447390867,3.328508475928443e-6,
0.28211929749805065,0.0005434222791995274,2.8321407156107344e-6,
0.2821180642508494,0.0005434943276875577,2.7859086527889865e-6,
0.2820193793672069,0.0005437772727732744,2.789644075962171e-6,
0.28201672990797094,0.0005383219247359115,2.6803449511133128e-6,
0.28201576583025845,0.0005437561340371703,3.554165316807262e-6,
0.28200892600702215,0.0005450317671181023,2.3599626530988625e-6,
0.2819079483964785,0.0006865792584632546,2.3601030518115243e-6,
0.28190691496500736,0.0005693655993526903,2.3650503273597276e-6,
0.2817906646745678,0.0005530321737190238,2.3644158583159766e-6,
0.2817881500693647,0.0005521053209765081,2.3580912746551315e-6,
0.2817867950877617,0.0005516899062681143,2.353168917340366e-6,
0.28178082062754795,0.0006833975482306812,2.354276547409008e-6,
0.2816841577760515,0.0005485870135433533,2.353690143156584e-6,
0.2816829498575029,0.0005498410105011478,2.354353773529328e-6,
0.28156455693059096,0.0005489509594682718,2.3553005174961917e-6,
0.28156274573900675,0.0005487801137364571,2.3550671613702367e-6,
0.2815595086323108,0.0005488537150586313,2.3564167542903426e-6,
0.28155132427576135,0.0005504245774024083,2.3550057813877675e-6,
0.2814180737877654,0.000551161716680958,2.3519993528746486e-6,
0.28141528255056447,0.0005500778663840082,2.3523114862306177e-6,
0.28123696283817734,0.0005493206698070902,2.3522175558850067e-6,
0.2812354999210231,0.0005477338336162642,2.35183394388438e-6,
0.28122731666656514,0.0005464844885402688,2.3533584495311783e-6,
0.28121970823830394,0.0005455854847652629,2.353480813155677e-6,
0.28111128855518247,0.0005455171622477471,2.352894406358913e-6,
0.28110741724948357,0.0005454728787275153,2.3454026242355944e-6,
0.28093302511381174,0.0005454680918049779,2.3447530962042257e-6,
0.28093239878520776,0.0005454938511492333,2.3420189691476377e-6,
0.28090784276645825,0.0005460612476344338,2.3421385165556464e-6,
0.2808989627183449,0.0005457315087491215,2.3448929780599834e-6,
0.2808008519816846,0.00054604920206289,2.3461856224859494e-6,
0.28079463499157326,0.0005460786704414819,2.34283122536625e-6,
0.2805740867368025,0.0005460890263867604,2.3392918259565654e-6,
0.28057383129307517,0.0005464323115701915,2.340734618301347e-6,
0.2805506103280073,0.0005462053701829876,2.3426565459978076e-6,
0.2805462606846284,0.0005440610554918319,2.34122031736856e-6,
0.28050797964365737,0.0005417283595660496,2.342200572637184e-6,
0.2805047652454652,0.0005404051584524821,2.3407074882677144e-6,
0.2803830211720196,0.0005404213090020699,2.3451984177442985e-6,
0.2803829119112341,0.0005404265558433141,2.3378903693154323e-6,
0.2803457379707871,0.0005403398019443108,2.345661585964768e-6,
0.28034149714583234,0.0005402927759179567,2.3413515347635586e-6,
0.2803051284567165,0.0005403037094506737,2.3346428210409107e-6,
0.2803017972449072,0.0005421753619125375,2.333783020223139e-6,
0.2801559256359253,0.0005422023502607289,2.334587793302834e-6,
0.28015584561138707,0.0005422862662384509,2.3334091203999707e-6,
0.2801112899570076,0.0005422422972203956,2.3328702994267624e-6,
0.2801074076227382,0.0005423638402592332,2.3437748518527875e-6,
0.28004692677096465,0.0005446965081170201,2.3359867741120085e-6,
0.2800440609133387,0.0005445936617134061,2.3319836090436726e-6,
0.27984172726411655,0.0005449757158126373,2.333578838683685e-6,
0.2798416097503143,0.0005442818127055936,2.335399031367751e-6,
0.27982033117549787,0.00054384284786137,2.3330073252275975e-6,
0.2798182636750085,0.0006393030269623698,2.3326705728292754e-6,
0.2797115518564241,0.0005840636669850286,2.329558885652876e-6,
0.27971001096122994,0.0005469289814517851,2.3286950858935673e-6,
0.27947213298584705,0.000543716071003606,2.3291651196774975e-6,
0.27947195027983046,0.0005321558211805582,2.3293671377234904e-6,
0.2794081549861222,0.000531805803115148,2.328576191809902e-6,
0.2794033324082725,0.0005317149285192233,2.329025554915256e-6,
0.27628363831054775,0.0005313330768040907,2.3283638930956637e-6,
0.27628023428273357,0.0005311388797985032,2.327234452305571e-6,
0.2740526221556604,0.0005310728526659972,2.3263367712256493e-6,
0.27405127172006283,0.0005310535328796139,2.3272553000866733e-6,
0.27403637934365166,0.0005309588396034927,2.3266836876595607e-6,
0.27403619123936934,0.000530941600935009,2.327154998218152e-6,
0.2740209560379353,0.0005309279730869384,2.32604704457466e-6,
0.27402043998609943,0.0005416733182786945,2.327128791052155e-6,
0.2740188349940441,0.0005366776422375492,2.3369943951080644e-6,
0.27401824184889134,0.0005361305974455199,2.3242316995085328e-6,
0.274011866509614,0.0005356830143556008,2.32523656310083e-6,
0.27401144008844824,0.0005351453401980625,2.325549553523599e-6,
0.27399742543073824,0.0005346137110339517,2.325242648697323e-6,
0.27399737235569444,0.0005339945845780944,2.325137505343752e-6,
0.2739862792231596,0.000534274980485998,2.324797376025992e-6,
0.2739855433578946,0.0005343340932850625,2.3249847570431333e-6,
0.2736081064953914,0.0005347009482610062,2.3250862951440485e-6,
0.27360744126467235,0.0006051627625682127,2.324846478857147e-6,
0.2733586659487774,0.0006143186770266687,2.3258109507850233e-6,
0.2733577403650278,0.0005400876447788106,2.3250067127488817e-6,
0.2733274172044574,0.0005365497697043802,2.326485116805008e-6,
0.2733272257318656,0.0005368503189906436,2.3265252327767217e-6,
0.273295432267607,0.0005363435073661891,2.3269399506823816e-6,
0.27329350274365627,0.0005363744063901529,2.3265608376495896e-6,
0.273291191705718,0.0005363777100427305,2.3262767924088206e-6,
0.2732899364569176,0.000544166442046991,2.3270112354845254e-6,
0.27327442907236976,0.0005305462116307324,2.3312669194446787e-6,
0.273272500400109,0.0005304691799949743,9.338989342632604e-6,
0.27324350257263913,0.0005306023660994834,1.4909108002391916e-5,
0.27324339295118377,0.0005303974826406083,1.1154235850042713e-5,
0.2732179861296272,0.0005303887305877551,2.4466349638270822e-6,
0.2732167940621405,0.0005305404457637468,2.4271880504641693e-6,
0.26932529912771724,0.0005305787981031007,2.4287125424012472e-6,
0.26932490377867185,0.0005307109410235361,2.614593059973986e-6,
0.264749513678431,0.0005307169705699484,2.4014392755704808e-6,
0.2647487557155814,0.0005306649892625025,2.401238076329055e-6,
0.2646528145948538,0.0005306688624078215,2.402187028723509e-6,
0.2646513827384432,0.0005307819224913183,2.4019463828539004e-6,
0.2645054208217802,0.0005308973668244702,2.402299058662478e-6,
0.2645020019342465,0.0005311406815980783,2.396705515990589e-6,
0.2644934715611267,0.0005309100687187217,2.3963562785244485e-6,
0.264491481126177,0.0005311030388501875,2.396772867397518e-6,
0.26438877183787074,0.0005311703490799629,2.395135565083002e-6,
0.26438811006550833,0.0005312483372844544,2.395439102632629e-6,
0.2642691003966733,0.00053119632293495,2.394146208357402e-6,
0.264264190019267,0.0005313507900750071,2.3959851966844976e-6,
0.26426288487559735,0.0005311127493083588,2.399022276223544e-6,
0.2642602761551301,0.0005310925505185695,2.394729738533752e-6,
0.2641818228787944,0.0005311347216884262,2.394385322073766e-6,
0.2641797011773224,0.0005311907616780099,2.3866187473405687e-6,
0.2640902300466783,0.000531575571188891,2.3856418715487702e-6,
0.26408097467750374,0.0005313268173765285,2.39037935980636e-6,
0.2640768470865368,0.0005361880283682391,2.3713175132954345e-6,
0.2640735460651917,0.0005355831870234379,2.3783162253498763e-6,
0.264006856167547,0.0005344738550519401,2.378129528630856e-6,
0.263989346488242,0.0005357460055628271,2.3780280458130363e-6,
0.2638877689412017,0.0005311129662505034,2.379224566635474e-6,
0.2638821027438571,0.000530986414736713,2.374780471038316e-6,
0.26385859431042136,0.0005308028352917043,2.3733882846098983e-6,
0.26385528343421016,0.0005304408991684989,2.364821549842784e-6,
0.26382190046051157,0.0005304738811620862,2.3633799944574043e-6,
0.26381752753954113,0.0005305569451837377,2.3634907227875326e-6,
0.2637070190224224,0.0005300972272869933,2.362912623386604e-6,
0.26370689862119745,0.0005309396882348449,2.363412594228456e-6,
0.263633446758033,0.0005317648170842152,2.3613562306884622e-6,
0.2636297090610939,0.0005325206606974542,2.3551454138033227e-6,
0.2635708042924152,0.0005539985573538563,2.3541390698907286e-6,
0.2635667638669312,0.0005617904967417709,1.5955748668400494e-5,
0.26331095449546976,0.0007248040936989491,2.498655974817308e-6,
0.2633108135943225,0.005318200517566987,2.5220676018706153e-6,
0.22492102080648818,0.000761026091784293,2.5305822904220192e-6,
0.223843754545208,0.0006921454055792139,2.6609735851954967e-6,
0.14164094029630064,0.0006927219123179665,2.324809436803579e-6,
0.14159659781178435,0.0006936292978375327,2.3206184646251335e-6,
0.126201961718517,0.0006952368088611505,2.3164188562815463e-6,
0.1253102687491512,0.0006954902168218152,2.3179007646551458e-6,
0.12182422860121138,0.0006880669133441479,2.316972565841889e-6,
0.12079951293593898,0.0006836062103428216,2.3784996481567695e-6,
0.11078728867516402,0.0006838122668608688,2.38628870104752e-6,
0.11078261540064795,0.0006841710396229601,2.5805487233192064e-6,
0.106031044343559,0.0006839157229815218,2.377378326650468e-6,
0.10554553956640496,0.0006610360094946487,2.371201533702501e-6,
0.08420537814410069,0.0007190000353569089,2.540202811270274e-6,
0.08406619483167231,0.0007510369467070187,2.457327477900094e-6,
0.06775291953862113,0.0007116905401038973,2.425040738091166e-6,
0.06771981511945924,0.0007146707718936475,2.7627235947062604e-6,
0.06712607185575793,0.000712913755077807,2.311952007929912e-6,
0.06694718357865884,0.002791245037127739,2.934528098933536e-6,
0.0603457756052361,0.0010011330883356808,2.2526169737226147e-6,
0.06033186281601775,0.0008424107538932228,2.250376593998304e-6,
0.05660731839223738,0.000842323128191718,2.2550710139485808e-6,
0.056591189300390574,0.0008683708327711904,2.2328317616199044e-6,
0.056518622901063846,0.0008637439167334676,2.2573161598727364e-6,
0.05647154079341899,0.0008659128153616389,2.23507684780852e-6,
0.05522035607699584,0.0008665959743689485,2.230383606102484e-6,
0.05521881758189147,0.0008637946839243273,2.231691770090066e-6,
0.05460993458377711,0.0008732872504104566,2.2289223604434795e-6,
0.0546056364084939,0.0009032959318858608,2.230488411476062e-6,
0.05459612285949059,0.0008675058154786596,2.2297866081118722e-6,
0.05458613795788779,0.0008624084033422373,2.179850790851242e-6,
0.05439186738357812,0.0008744861092549224,2.1302414737328355e-6,
0.05439168422966411,0.003099349301626341,2.1400102765661507e-6,
0.054303446512714376,0.0009249583504588068,2.1962042180541755e-6,
0.05430249688202172,0.0007655024195632695,2.1673681572413394e-6,
0.054301576724061745,0.0008510177575388676,2.124022575018952e-6,
0.05429980740093183,0.0007472096621466113,2.114353643765063e-6,
0.054271885726715895,0.0007433489267486444,2.1123431812856677e-6,
0.05427187010719889,0.0007441855340830251,2.2216965554443193e-6,
0.054260019019380365,0.0007451668317954339,2.113266572012558e-6,
0.054259837838707234,0.0007458610209139873,2.112404993847826e-6,
0.05425976538732344,0.0007779498042659529,2.110996529650726e-6,
0.054259485950196716,0.0007776286334166603,2.119916387806612e-6,
0.05425520563400483,0.000784069124574055,2.118439608074372e-6,
0.05425520451175556,0.000775003992299654,2.127068638428875e-6,
0.054253213496339936,0.0007678033682697185,2.149547539794539e-6,
0.05425317037654998,0.0007689666940696943,2.1129539496081807e-6,
0.05425316626101406,0.0007692593915596465,2.113761411435899e-6,
0.054253118834892415,0.0007686627915016358,2.113891900952472e-6,
0.054252170502448994,0.000880596436571739,2.1517299687940476e-6,
0.05425216823093557,0.0008945967538310912,2.170751557691e-6,
0.0542513009824127,0.0009516370940935269,5.47125104135263e-6,
0.054251299956752826,0.0008543124030589064,6.546080630690519e-6,
0.05425088920813102,0.000776109720277649,4.44889338689412e-6,
0.054250847887933454,0.0007612984917718987,2.7965176416138356e-6,
0.05425046674249215,0.0007535249566936989,2.1050559945741903e-6,
0.054250459653123445,0.0007459387785551631,2.106161632482287e-6,
0.054249725761192504,0.0007448185857932488,2.1048460410434915e-6,
0.054249703329654585,0.0007460824743441778,2.1078766862935804e-6,
0.05424970315849651,0.0007563278230191486,2.1096266526783254e-6,
0.05424967961718081,0.0007561361915238301,2.295404338469522e-6,
0.05424906074847217,0.0007570926842556227,5.869409160941362e-6,
0.054249060714042015,0.0007585765185319164,2.639998227615409e-6,
0.05424850532701737,0.0007502504583981624,2.106626903175732e-6,
0.05424848097677092,0.0007410284491874658,2.1065615791116215e-6,
0.05424847878945138,0.0007404160481388494,2.1063988897047843e-6,
0.05424845671548875,0.0007381831136373616,2.1079448154590324e-6,
0.05424790389850735,0.0007266359446902489,2.107019008454566e-6,
0.05424790388898715,0.0006510881195798783,2.106704039979036e-6,
0.054247708757758695,0.000687626590851505,2.1060682774738278e-6,
0.054247664026394006,0.0006620607214805052,2.1131178373540343e-6,
0.05424766390260217,0.001144545274382052,8.603266653614479e-5,
0.05424761487577072,0.0010861590152754011,5.3553644983652315e-6,
0.05424742081796332,0.0010583640385699218,4.44048678454654e-6,
0.054247420644026635,0.001042168019916688,4.229623690471254e-6,
0.05424720852615502,0.0010389343220599252,4.172609440734642e-6,
0.05424716278717091,0.0010180386542866999,3.966284180758123e-6,
0.054247162742053025,0.0009890469827523508,3.82587026631227e-6,
0.05424711935044275,0.001970900617686695,4.900755552539211e-6,
0.054246922802416386,0.001405480739671167,4.43725878199987e-6,
0.05424692275344876,0.0006735684983918448,4.3162072834164265e-6,
0.05424671411255692,0.0006396203348826232,4.439758011276411e-6,
0.054246672057503574,0.0006174917498049564,3.330051120657956e-6,
0.05424667193679917,0.0006093813226423838,3.4998613858079205e-6,
0.05424662873387664,0.0006081361858762098,3.574309304551543e-6,
0.054246438050388895,0.0006240767142577331,3.4034683925389084e-6,
0.05424643788309188,0.000941344887431338,3.2854713737576777e-6,
0.05424621869701694,0.0009868925719427914,3.0884508700078694e-6,
0.05424617934594191,0.0007762061346676121,3.404044810755663e-6,
0.054246164753816425,0.0031683596409952056,2.9424451981247195e-6,
0.05424614608373085,0.0011052167043931074,2.7778429505317114e-6,
0.05424594439687654,0.0011073070164035618,2.854090925468796e-6,
0.05424594435253409,0.0011063751285939826,2.722208375581061e-6,
0.05424578218758553,0.0010654630148649253,2.771418359948122e-6,
0.054245742225600316,0.0010656566979069051,3.2405297666705535e-6,
0.054245741965992855,0.0010635717901633858,2.7157057816693515e-6,
0.05424570391137779,0.0010705911152185615,1.9022766391484553e-6,
0.054245532555181046,0.0011250780408762287,1.923959652848922e-6,
0.05424553240834506,0.0010746069827986566,1.9268487324401684e-6,
0.05424537959082992,0.0013108074622462222,1.911952973209462e-6,
0.05424533797678079,0.001290089883206953,1.8703275789933005e-6,
0.054245337886829476,0.002575555136699254,1.8631105779271309e-6,
0.054245302790549364,0.0016528573132740336,1.7800452134172562e-6,
0.054244862464875976,0.0016077708963455233,1.7792395785326046e-6,
0.054244861136182744,0.001668245307405212,1.784302532509032e-6,
0.0542445238856387,0.001716869574412033,1.7471635530716605e-6,
0.05424448449527039,0.0017494773298188382,1.7448160827865896e-6,
0.054244482202107196,0.0017758050258419133,1.7483447295073111e-6,
0.05424444590124753,0.0018072389165345632,1.7558422305924537e-6,
0.054243935835849875,0.0018178521531339868,1.7429770412405784e-6,
0.05424393521779759,0.0018147702265024909,2.00056155442233e-6,
0.054243486738013456,0.04081772334187776,1.7364803576751704e-6,
0.054243441997614446,0.013490271115037313,1.7336119859195872e-6,
0.05424344046186348,0.00793960848361811,1.7360323404358058e-6,
0.05424339983910804,0.011071419195344498,1.7522457367478605e-6,
0.05424284414072997,0.013249111270309102,1.731515709557032e-6,
0.05424284394889839,0.013742023912480025,1.7338081332876016e-6,
0.05424155534929011,0.006808885245983451,1.7117253606374564e-6,
0.05424097340807917,0.004939559858476557,1.7084204517974474e-6,
0.05424091421825672,0.007008896084558715,1.678113525376937e-6,
0.05424021257916078,0.004505871257316505,1.674431897916842e-6,
0.05423955788401579,0.0032377364975112828,1.6771549001127482e-6,
0.054239557189306564,0.0004630395960986308,1.673582939082682e-6,
0.054238980957389604,0.00045099405020525355,1.7215766979944089e-6,
0.05423857038375334,0.00044587009304655235,1.6720261305730802e-6,
0.05423849310906523,0.0004488059235598531,1.6742303355395003e-6,
0.054237956324899445,0.00045571215137095103,1.661293128079047e-6,
0.05423765719230934,0.00046397433551975713,1.6595862740662108e-6,
0.054237657153891304,0.00046368803684739506,1.6670812673004642e-6,
0.054237374403692244,0.0004636725065509688,1.6773626102535942e-6,
0.0542371525087892,0.00046368182820842493,1.7013328574584354e-6,
0.05423715200220954,0.00046370287009142244,1.6798969645605368e-6,
0.05423692278389044,0.00046316547570991176,1.9807985314797307e-6,
0.054236675363242386,0.0004631478652494489,1.9977375191446993e-6,
0.05423667201429182,0.0004630726515496143,1.6280148569823528e-6,
0.05423628358133436,0.0004631962830590728,1.6265695323806552e-6,
0.05423603207500611,0.0004626550677879543,1.6207228091619777e-6,
0.05423595406664575,0.0004624294188886724,1.6751937433039554e-6,
0.05423557048131171,0.00046275942429606706,1.680371550013863e-6,
0.05423540948168369,0.00045956986190293623,1.6313808710218085e-6,
0.05423540943139484,0.00045689837162753334,1.6292977562577264e-6,
0.05423526133902525,0.0004549353883792121,1.628771952689318e-6,
0.054235144064103014,0.0004542927968990481,1.6325050616089704e-6,
0.054235143782751884,0.0004546378688943953,1.6332240186054822e-6,
0.05423502315460184,0.00045425316302177116,1.6347417722987681e-6,
0.05423489347673807,0.00045361319819090944,1.633425171114395e-6,
0.05423488723253344,0.0004534759171617604,1.6286666686907107e-6,
0.054234618064267916,0.00045361734322005174,1.6269061943590635e-6,
0.0542344645972442,0.0004535892330329222,1.6193149172901294e-6,
0.054234456129289454,0.00045363379822039196,1.5995908334412968e-6,
0.05423431405375342,0.00045347329269263166,1.6011834067005729e-6,
0.05423406016912905,0.0004533769626112422,1.5982896259349609e-6,
0.05423405362947703,0.00045328893248294057,1.5989570840283513e-6,
0.05423393852405968,0.00045327149222412034,1.596840172944442e-6,
0.05423378855609253,0.00045328144352896007,1.5917651090199683e-6,
0.054233772751605555,0.00045325084870631696,1.5917361035494414e-6,
0.0542336533631989,0.0004529062609295752,1.5916529614990575e-6,
0.0542334028320468,0.00045273536675083473,1.592140848556863e-6,
0.05423340253254638,0.0004527158206090427,1.5912456968550796e-6,
0.054233029161243125,0.0004527031163480656,1.5909459749373893e-6,
0.05423271245405998,0.00045270611164364207,1.6123575407720006e-6,
0.05423271022532153,0.0004526761785730671,1.6088338762864695e-6,
0.05423240823890904,0.000452631637648262,1.6085206837006105e-6,
0.05423199434430622,0.00045264705826061354,1.6093500461161838e-6,
0.05423199406892888,0.0004526424867112451,1.6089020699321402e-6,
0.054231531135741966,0.0004527071290684265,1.6064532107239649e-6,
0.05423114586934317,0.00045269949584364564,1.606582025013172e-6,
0.054231142672730666,0.00045234856984140164,1.6065341792845757e-6,
0.05423079822194263,0.0004511360126106617,1.6049149522606383e-6,
0.05423031721505392,0.0004508822765220553,1.6177429719964357e-6,
0.054230313341046464,0.00045044707759332356,1.6175777119797233e-6,
0.05423010159864884,0.000451057229605134,1.6886217519723219e-6,
0.05422987415959827,0.00044940970593730867,1.6289000406443004e-6,
0.05422987136608397,0.0004488696775864442,1.6277291731172913e-6,
0.054229640315051356,0.0004490417905929858,1.615360110830259e-6,
0.05422931128152692,0.0004479885358142539,1.6139927963931815e-6,
0.05422931114586122,0.00044779616961179486,1.6124900823701011e-6,
0.054228953207878426,0.00044823637772555593,1.6119598489602425e-6,
0.05422865182685302,0.00044902607129812647,1.6034440758532896e-6,
0.054228651563018794,0.0004470929570535217,1.6159882305759339e-6,
0.05422833992199524,0.00044625964059970735,1.6210727813228221e-6,
0.05422795266113452,0.00044610655745154655,1.6532568372907362e-6,
0.05422795265581067,0.0004458777512312461,1.630261294425815e-6,
0.0542275392104308,0.00044558461503122615,1.607458393440029e-6,
0.054227204372545794,0.0004455071054518836,1.6052671753387259e-6,
0.05422720434170188,0.000445498643628766,1.6048848108994703e-6,
0.05422687445116083,0.000445469401140092,1.6064850649593682e-6,
0.0542264665820617,0.00044545159032097215,1.6055750539124046e-6,
0.05422646657725746,0.0004454681779188002,1.604201765950555e-6,
0.054226072289635836,0.000445464160431817,1.604188211517045e-6,
0.054225756143547243,0.0004454535211706143,1.6050401001199186e-6,
0.05422575584611939,0.00044548403834451404,1.6042331693550897e-6,
0.05422545757674226,0.000445363787106346,1.6036694504763634e-6,
0.0542250619931383,0.0004453669890955329,1.605175739121414e-6,
0.0542250619685575,0.00044601456092318426,1.6074216093296366e-6,
0.05422449712887624,0.0004502009290965219,1.6047500471118162e-6,
0.05422407989303652,0.00044747809086120616,1.6049122406316255e-6,
0.054224079024603154,0.0004457026241478448,1.6042372190819109e-6,
0.05422367809332313,0.0004447514875350672,1.604038449491272e-6,
0.0542231241961012,0.0004439368674777941,1.6056898845748189e-6,
0.05422307905678072,0.0004437873879722212,1.6052505369664528e-6,
0.05422298937908072,0.0004437564090256546,1.607061415301018e-6,
0.05422274219076805,0.0004437752465070986,1.605914039792011e-6,
0.05422274176594971,0.00044382748825057435,1.604999808819346e-6,
0.05422245610778737,0.0004438013353052945,1.6046228095490373e-6,
0.05422214375029491,0.00044393728159113093,1.5986591768850342e-6,
0.05422214373339592,0.0004439028906618987,1.5996520185019368e-6,
0.05422195419353251,0.00044398791257579853,1.6007269198146461e-6,
0.054221778632128646,0.00044397863576165717,1.5992996700964152e-6,
0.054221778533813575,0.0004440544891686596,1.5967237692487654e-6,
0.05422161672876609,0.00044400715709180653,1.5933918259349854e-6,
0.054221459760095785,0.0004439588850951236,1.5880476008100766e-6,
0.054221459661802966,0.0004439393141277382,1.5862600024320824e-6,
0.0542213517208854,0.00044394662457346686,1.5864111460360262e-6,
0.05422125379047233,0.0004438530269249029,1.5862756200354225e-6,
0.05422125375432676,0.0004437987553412851,1.5886507059660067e-6,
0.05422118127591108,0.0004440073736319175,1.5893819710046757e-6,
0.05422111023178459,0.0004449894803122064,1.5880799891528308e-6,
0.05422111014453727,0.00044489274334309846,1.5979689276128377e-6,
0.05422104224601555,0.0004448736787623385,1.5909552029251828e-6,
0.054220981124167386,0.0004446595251530434,1.588230805772151e-6,
0.05422098111526647,0.0004446896537977488,1.6878905260791157e-6,
0.05422092027118664,0.000444611085827601,1.5887296858955859e-6,
0.054220861193277105,0.00044453151887691536,1.588775600255462e-6,
0.05422086119137979,0.0004447702166310346,1.5882330312838405e-6,
0.05422080186650677,0.00044476789508718465,1.5880077342611534e-6,
0.054220737916284886,0.0004448415662622786,1.5889083366252561e-6,
0.05422073790169082,0.00044478208253895805,1.5878082687938094e-6,
0.05422068193708058,0.0004447540128342491,1.5874638411138964e-6,
0.054220632870560406,0.00044480905280121463,1.5876829311483153e-6,
0.05422063232101914,0.00044481665871306863,1.5768466256161906e-6,
0.054220569417792255,0.00044479926541598624,1.5771588566466133e-6,
0.054220512343522716,0.00044500057264099607,1.5774202445329507e-6,
0.05422051195418975,0.0004457658902608488,1.576900772869571e-6,
0.05422045350233222,0.00044598046433696467,1.5771198242856977e-6,
0.05422040913287408,0.00044643910404562175,1.5770377846403613e-6,
0.054220408467389805,0.0004997261485511487,1.5768060021725174e-6,
0.054220356600591366,0.00047746156893037003,1.576603237164924e-6,
0.0542203116249465,0.0004660481261417233,1.578002000586706e-6,
0.05422031116374877,0.00046417899078259885,1.5778300447839719e-6,
0.054220262343692774,0.000460125980630903,1.5756411740342911e-6,
0.05422020795709401,0.0004582837174095092,1.5779911318967295e-6,
0.05422020771560643,0.0004580860286844022,1.57530203994026e-6,
0.054220174691963365,0.0004564218765866992,1.5757116714502182e-6,
0.05422014479132376,0.000453867380723999,1.580636171277447e-6,
0.0542201348478094,0.0004834852761460731,1.577233949734806e-6,
0.054220112024699375,0.0005086278717133459,1.5745116679948588e-6,
0.05422005148423728,0.0005280109067657965,1.5740846619072157e-6,
0.05422004906946567,0.0005703258826909844,1.5732273822718667e-6,
0.05421999931125848,0.001212566072094725,1.573413299163449e-6,
0.05421992300780044,0.0012095901821843572,1.5735607621127717e-6,
0.05421992207580166,0.00042125537549848944,1.5735804648696863e-6,
0.05421987869862455,0.00042109466976469076,1.5758754844462555e-6,
0.05421984899973633,0.00042109608823399935,1.5728094741450951e-6,
0.05421984735956966,0.0004215349207589619,1.57280075242613e-6,
0.054219799738174916,0.0004366627603669991,1.5724219498934036e-6,
0.05421976595573738,0.00043099414673877963,1.5731348687975015e-6,
0.05421974981800941,0.0004630084290514276,1.575827616410168e-6,
0.054219680110811505,0.0005576846079387194,1.5743363359618691e-6,
0.05421966258420398,0.0005289070868167282,1.5736552182236758e-6,
0.054219661064833134,0.0006193612403362398,1.5722801057996238e-6,
0.05421962861082005,0.0005580819192235613,1.5726005511665798e-6,
0.05421957969291581,0.0006582466289698248,1.5747318746571325e-6,
0.05421957754417977,0.004313422206795566,1.5729137171735184e-6,
0.05421953498499494,0.005043354994077322,1.5723428991997327e-6,
0.05421947389393847,0.00043445769006806683,1.5724121633778446e-6,
0.05421947378953229,0.0004344037183919223,1.572392660414274e-6,
0.05421944961714736,0.0004352976532976983,1.5747910328828775e-6,
0.054219427823768325,0.00043641229167051923,1.5748961690441708e-6,
0.05421942677297289,0.0004363134372745017,1.5758720474931127e-6,
0.054219394298062086,0.0004363088625450229,1.5745336679322167e-6,
0.054219373071913636,0.000436311853626185,1.5757645043537131e-6,
0.054219372001960274,0.00043631073888649916,1.574995236722042e-6,
0.05421933417394516,0.0004363115007164311,1.5759480227466506e-6,
0.05421928160159434,0.00043631081877486386,1.575425169208624e-6,
0.05421928143702818,0.00043631347539759355,1.5750263251535417e-6,
0.054219209442965204,0.0004362784067785433,1.5759514786963115e-6,
0.05421913393046972,0.0004362372415634462,1.5744052543393243e-6,
0.05421906335220293,0.0004362498482783266,9.80074477942507e-6,
0.05421904030634663,0.0004362650378799718,2.030660397689882e-6,
0.05421886392677327,0.0004362696089287109,1.8794690711790508e-6,
0.05421886390194414,0.00043627416532988683,1.8667670708763789e-6,
0.05421881634993846,0.00043626749426189915,1.6848582525306294e-6,
0.05421877336836341,0.00043628787385262464,1.6580601067159865e-6,
0.0542187733634002,0.00043633551703187244,1.5892190403256566e-6,
0.05421872309054847,0.00043653776770314164,1.581071637625522e-6,
0.05421776277101508,0.0004364898442069476,1.5920865778865054e-6,
0.054217762436580275,0.0004364633319205755,1.4465436203133792e-6,
0.054216875717785905,0.00043644160248922635,1.4305302272816196e-6,
0.05421684243503671,0.00043643881580726764,1.429814670485228e-6,
0.0542168407605956,0.00043643493001966477,1.404559197203473e-6,
0.0542168017836,0.00043619581634754475,1.3977920404615147e-6,
0.054215978106930816,0.0004359329700215765,1.385142256634799e-6,
0.054215973043204524,0.0004358842579839622,1.38297481742908e-6,
0.054215370738644325,0.0004358838300293323,1.382717371300481e-6,
0.05421531801983347,0.00043588444868201867,1.3806587202171277e-6,
0.054215317934604,0.000435882112323787,1.5976885586422318e-6,
0.05421519534246223,0.00043587856899542803,1.4405236645426096e-6,
0.05421338584018323,0.0004358766217756573,1.4376426808310927e-6,
0.05421338565514381,0.00043587599267810417,1.4369397057331628e-6,
0.05421227122417961,0.00043587561019574225,1.2822829202836187e-6,
0.05421222094020589,0.0004358620429692469,1.2332827480714123e-6,
0.05421222090303934,0.0004358594235210532,1.2198090913242186e-6,
0.05421218261209837,0.00043587075710773635,1.2179417467886686e-6,
0.05421152272283203,0.00043585975206091986,1.2251828397940939e-6,
0.05421152266106098,0.00043589484980699613,1.2285697365517997e-6,
0.05421106626754114,0.00043590007083495983,1.2044157734103993e-6,
0.05421104507151257,0.0004384416181493347,1.2232434000107292e-6,
0.054211045004112925,0.00043678864350022134,1.2173486260259713e-6,
0.05421102330725586,0.00043673627657805583,1.2063396488129156e-6,
0.05421062418619578,0.00043643063606220873,1.20275526232827e-6,
0.054210611174553995,0.0004364157070484201,1.2059248068311032e-6,
0.05421008915034007,0.0004363700509748327,1.2018108902653108e-6,
0.05421008692138769,0.00043632203513782006,1.2049701570462806e-6,
0.0542100558799358,0.0004362452429352023,1.204120735669157e-6,
0.054210049723028994,0.0004448548955092468,1.2027445336128874e-6,
0.05403385571306385,0.0004317696062034318,1.2022041801461698e-6,
0.05403384028864758,0.00043813925724232986,1.1985799243905972e-6,
0.05396794423946672,0.0004309618849340706,1.23438195174847e-6,
0.05396780591512289,0.00043069611436017833,1.8595050321979029e-6,
0.05389943662523559,0.0004306860304434591,1.7845529234628697e-6,
0.053899436578994896,0.0004320760209679326,1.1812781349426252e-6,
0.05389411450648691,0.00043274793077558647,1.1818545353429954e-6,
0.05389356604470413,0.0004321329171240271,1.181797576449507e-6,
0.053874530488170085,0.00043019798219820705,1.1814040837696882e-6,
0.05387453020101254,0.000430180565176137,1.1823716392000277e-6,
0.053873716113823994,0.0004302868542535758,1.181162330382183e-6,
0.05387370722518527,0.00043028954444585677,1.1822501452201146e-6,
0.05387356669155008,0.00043026489566024673,1.1822609777264194e-6,
0.053873558232566454,0.00043026164456928063,1.1829165124397627e-6,
0.053872710820784174,0.0004302637912013675,1.182118646129276e-6,
0.05387271080532874,0.0004302890105799365,1.1814123890458168e-6,
0.053871993348431235,0.00043026294377884804,1.1824906311060207e-6,
0.05387198188641915,0.00043017815715495374,1.1819844523834224e-6,
0.053870675458876895,0.00043014595413160234,1.1813565416736259e-6,
0.05387066705484313,0.0004301404998487979,1.1811818870020793e-6,
0.05387017707990934,0.0004301412215908111,1.1830077534827709e-6,
0.053870162980624955,0.00043012100380894133,1.180270460587084e-6,
0.05386725139245459,0.0004301686160246026,1.180626532745047e-6,
0.05386723867320872,0.00043018206027770723,1.1791594889515605e-6,
0.053865808678101895,0.0004301702628144536,1.1804342837165047e-6,
0.05386580814962856,0.00043016114285656683,1.1796717445719957e-6,
0.053864400737841094,0.0004301604180338387,1.1784532150639766e-6,
0.05386439103826522,0.0004301824506608804,1.1805731012713279e-6,
0.053863785665311595,0.0004301806544504759,1.179938912448119e-6,
0.05386377586890462,0.00043018299406392946,1.1801328872300039e-6,
0.053863648477864116,0.00043018612025487327,1.1803619650342866e-6,
0.0538636483807832,0.00043020546680975705,1.1800980813397763e-6,
0.053863496335744665,0.000430204430675296,1.1806719533418182e-6,
0.05386347498172296,0.0004302038111782897,1.182706805356564e-6,
0.05386326817758778,0.00043021198067145166,1.1799138026597137e-6,
0.05386325228511399,0.000430178029616529,1.1778897655738003e-6,
0.053862718737848765,0.00043013457731873805,1.1791422117827853e-6,
0.05386271805622968,0.00043013309140291423,1.1795850611455683e-6,
0.05386248963281979,0.0004301361443769983,1.2013672619359062e-6,
0.05386215722631311,0.0004301378851550784,1.2173500172016822e-6,
0.05385915240757881,0.000430135665528032,1.1826716123632554e-6,
0.053859145530798375,0.0004301471918429527,1.181550907952875e-6,
0.05385901910532107,0.00043016011614140185,1.1894617683173517e-6,
0.05385899804985186,0.00043013501829776706,1.1795586119768776e-6,
0.05385893426726091,0.000430136151116934,1.1791489527306345e-6,
0.053858934104641945,0.00043013629647813107,1.1788525927464518e-6,
0.05385885916202468,0.00043008447076274233,1.1801992171325132e-6,
0.05385885779358733,0.00043009882996140544,1.178145298748302e-6,
0.05385880991163329,0.00042956805929978976,1.1775281315816959e-6,
0.053858805718607294,0.00042956119751946575,1.1793331698483772e-6,
0.053858791709794004,0.0004297252265907491,1.1789819032080738e-6,
0.05385878325972902,0.00043263746674392393,1.1790253255336743e-6,
0.05385858266896001,0.0004308617851173261,1.1805111005773988e-6,
0.05385858170322133,0.0004306883036626612,1.1784840730331632e-6,
0.053858581688111765,0.00043055051952771114,1.177675617225009e-6,
0.053858580787318235,0.0004304396485324736,1.1766290084540493e-6,
0.05385852448570447,0.00043005767757724634,1.175735156338332e-6,
0.05385852403596105,0.0004301785081208292,1.1758668757529317e-6,
0.05385852352877539,0.00043011266866642466,1.1813004106687194e-6,
0.053858521990796444,0.0004297570362168588,1.1774059678388937e-6,
0.053858424891713615,0.00042958738163663906,1.178405512340274e-6,
0.05385823693909354,0.0004295460609809961,1.1722006003644254e-6,
0.0538568028169158,0.000429189734904236,1.1713895524635027e-6,
0.0538565635588465,0.00042903232899537574,1.2169795413176388e-6,
0.053856287840748474,0.00042909804690572056,1.2079471528989542e-6,
0.05385624851417893,0.00042930023587285063,1.194679895236387e-6,
0.05385234604480102,0.0004289789505031299,1.4137412459589482e-6,
0.05385232250020889,0.00044279345836006515,1.186648709097943e-6,
0.05385050827818549,0.0004307337491771486,1.1846530097454497e-6,
0.05385049642264294,0.0004297133483066432,1.2463062203612258e-6,
0.05385037223804403,0.0004291656620460032,1.2134168877033743e-6,
0.053850372186599056,0.0004292471941941199,1.2613317721072079e-6,
0.053850175377408174,0.0004291371279491246,1.259115262184711e-6,
0.05385017530629868,0.00042914957491624594,1.2558087586930573e-6,
0.053849987887865776,0.0004291344166131004,1.220854318270981e-6,
0.05384998703464134,0.00042912733561870233,1.1708236347481125e-6,
0.05384935873408045,0.00042912868462329233,1.1720713180657756e-6,
0.05384935402275636,0.00042985488712348266,1.1727423070406077e-6,
0.05384907076272164,0.0004294230502567823,1.1726738069116057e-6,
0.053849068724766413,0.00042949120349131803,1.168912464945947e-6,
0.05384887710225841,0.0004294895353650672,1.1689643028968728e-6,
0.05384887078142048,0.0004296097282919075,1.1684934153197118e-6,
0.053848385565430756,0.00042960072935265177,1.168309863944227e-6,
0.0538483790478131,0.00042955551121809577,1.1685510277572822e-6,
0.053848228996561005,0.0004295788882447755,1.168399395262329e-6,
0.05384822889128496,0.00042955819805296885,1.165473030233447e-6,
0.05384795455294112,0.000429600952905234,1.1655384965765321e-6,
0.053847949663589856,0.0004295584510989944,1.1728240708495792e-6,
0.05384781636109914,0.00042956249015370954,1.1699760764368766e-6,
0.05384781248520229,0.00042955977990820083,1.1617489872114495e-6,
0.05384772429387116,0.0004295869830411653,1.1616070550257774e-6,
0.05384772425737597,0.0004295834204655969,1.1651235139867183e-6,
0.053847643204880224,0.00042958544164487764,1.1563374425443802e-6,
0.05384764191298101,0.0004295873978489425,1.1563082747307292e-6,
0.053844858755969824,0.0004296073404120299,1.1562169654451718e-6,
0.05384485862319333,0.00042955213108333465,1.1562352304924742e-6,
0.053844005309849396,0.0004295118582952468,1.1567340734597624e-6,
0.05384400342511161,0.0004297005218158119,1.156272162691934e-6,
0.053825860697024795,0.00042978436323723543,1.1561942089019247e-6,
0.053825665089105815,0.00042962809224599306,1.1563075040357494e-6,
0.053818793286170515,0.0004296137343048919,1.1560790904922396e-6,
0.0538187812430983,0.0004295584124742554,1.1569418574012495e-6,
0.05381545918643897,0.00042947083981005325,1.1559034303498383e-6,
0.05381539312772791,0.00042937671776363225,1.1580278684836872e-6,
0.053804686164972935,0.00042935422823924284,1.1600504874842131e-6,
0.05380468615371218,0.0004293212340001007,1.160074783595461e-6,
0.053804305920355094,0.000429320496783881,1.1576397905131947e-6,
0.05380429951484252,0.00042988768568519433,1.1551835425802624e-6,
0.05380429885752088,0.000429774162726198,1.158815818092709e-6,
0.05380429288857236,0.00042975790012180035,1.156006212683966e-6,
0.0538038172912818,0.00042974012635763856,1.1561085835206889e-6,
0.053803815400624615,0.0004297333694916548,1.1552350561711621e-6,
0.05380362095565645,0.00042972977825414765,1.1538455379592265e-6,
0.05380361460820437,0.0004297181917954591,1.1559169108887287e-6,
0.05380345546343625,0.00042967639296975866,1.153436473330608e-6,
0.053803452868285556,0.00042970560516846905,1.1583433414306235e-6,
0.05380303072155733,0.00042968136528054746,1.1558924217105803e-6,
0.053803026807712026,0.00042968741402014764,1.153787520064681e-6,
0.05380289057303511,0.0004296066040572149,1.1531236075100337e-6,
0.053802882071314166,0.0004295938864808975,1.1527418337378491e-6,
0.0538027288356495,0.0004295981893035179,1.1531313481527071e-6,
0.05380271037630389,0.0004295568521583023,1.1522180331150335e-6,
0.053801388717347576,0.00042958327921227226,1.1536100308822162e-6,
0.05380135039805233,0.00042953980115041575,1.1550008910507302e-6,
0.05380126613241395,0.00042954056870795655,1.1520905921028591e-6,
0.053801243850356756,0.0004295427237021466,1.152049860854293e-6,
0.05379900335146128,0.0004295372047320082,1.1570417112478786e-6,
0.053798699089064345,0.00042955962292492707,1.1481771546283053e-6,
0.05379774275447536,0.0004295527475977021,1.1432730555945393e-6,
0.05379774097756725,0.0004295451359774744,1.1437722373754414e-6,
0.053797720532874044,0.0004324046924839613,1.143772214178278e-6,
0.053797716681187095,0.0004393164809960356,1.1449371726488596e-6,
0.05379771392051172,0.0004389917858168349,1.1434165078011123e-6,
0.05379770876916031,0.0004501658728377159,1.1448423753552995e-6,
0.053797706747995715,0.0004441405417424739,1.1468544476894863e-6,
0.05379770122277691,0.0004459850407665718,1.1446795070621874e-6,
0.05379765747030144,0.0004441131233148136,1.1434392176059123e-6,
0.053797651497034735,0.0004447463303710564,1.1429921473800272e-6,
0.05379763934824719,0.0004343535117999519,1.1430262225302381e-6,
0.053797623065812206,0.0004335958063324119,1.1445785834109882e-6,
0.05379761822807127,0.0004331529974509103,1.1435464102113925e-6,
0.05379760882554433,0.00043824226597326857,1.1452175241024737e-6,
0.053797567730762816,0.0004405222991789725,1.1451099122718711e-6,
0.05379756511165601,0.0004285166623426166,1.1459173535104685e-6,
0.05379754118365415,0.0004282583848882434,1.1474655401654037e-6,
0.053797520815663,0.0004282483517691624,1.1428246313783651e-6,
0.05379751848001609,0.0004282440788455176,1.1441435610720278e-6,
0.05379751798251868,0.0004282430479625684,1.1431726866754448e-6,
0.053797513545307166,0.00042824327582995867,1.1431440633538812e-6,
0.05379751057204611,0.00042824390958704585,1.1466350341255282e-6,
0.053797509921682855,0.0004282417692473036,1.143447353165012e-6,
0.05379750852583254,0.00042825229563020386,1.143351493428187e-6,
0.05379749853390711,0.0004282601230763482,1.1464451508385256e-6,
0.0537974971173284,0.0004282542790456101,1.147154997289392e-6,
0.053797495557446104,0.0004282476640450575,1.1431874407150102e-6,
0.053797489963435204,0.0004282458617346653,1.1446419700210628e-6,
0.05379748351956979,0.0004282466698254894,1.144055965235479e-6,
0.05379748325140941,0.0004282489368325014,1.1431139831874888e-6,
0.053797477688141346,0.00042824577508124084,1.1440985793180075e-6,
0.053797476704844305,0.00042824483693871965,1.1822573293822888e-6,
0.05379747590422352,0.00042824471296148,1.1424441969487882e-6,
0.05379747387627744,0.0004282445479769872,1.1433156944118523e-6,
0.05379747385234236,0.0004282449997824673,1.1436208961369885e-6,
0.053797472122765345,0.0004282494313953203,1.14320723212638e-6,
0.05379746906543166,0.0004282506965448825,1.1414950943424463e-6,
0.05379746883618661,0.0004282508499447527,1.141481549191253e-6,
0.053797463034538764,0.0004282523894927585,1.1417024484059928e-6,
0.053797459206796516,0.0004282533920872764,1.1416640723507366e-6,
0.05379745840136711,0.00042823889455260755,1.1434534010380146e-6,
0.05379745657385439,0.00042822615361866,1.1419685338487127e-6,
0.053797450665817745,0.00042823570024154894,1.1458450192976222e-6,
0.05379745043402653,0.00042824548289658855,1.147788995266572e-6,
0.05379744751436529,0.00042823654180427335,1.141960692229289e-6,
0.05379744501262383,0.0004282222798376597,1.1413236853438954e-6,
0.05379744501105465,0.0004282263034620593,1.1476728000059505e-6,
0.05379744137264999,0.0004282273779038148,1.1422499814518364e-6,
0.05379743937348091,0.00042822833564069515,1.1421562835816632e-6,
0.053797438916428846,0.0004282424783762693,1.1429154172732456e-6,
0.05379743480498363,0.0004282412212458631,1.1417709730067569e-6,
0.05379743268956148,0.00042824043431024454,1.1415956223571885e-6,
0.05379742774125502,0.0004282381702073159,1.14182789374821e-6,
0.05379741354726497,0.0004282383827706437,1.1427883713794845e-6,
0.05379741222539957,0.00042823901969430767,1.1411539685560658e-6,
0.05379732702709093,0.00042823802597902335,1.1404504061189853e-6,
0.053797274821853376,0.0004282384338309125,1.1362561607763167e-6,
0.05379726697478418,0.0004282413568714049,1.1368745294622461e-6,
0.05379725209867764,0.0004282458290805006,1.135846138061513e-6,
0.05379724968892566,0.00042823964129403173,1.13580806874157e-6,
0.05379724547350659,0.0004282391475778686,1.1356547834257344e-6,
0.05379722158510466,0.00042823856888548066,1.1386245328350365e-6,
0.0537972160292368,0.00042823540828043394,1.1426701605638847e-6,
0.05379719697819485,0.00042823447519818006,1.1356964626003215e-6,
0.053796572259610806,0.0004282338878714095,1.1351139772694612e-6,
0.05379620351926256,0.000428234724523889,1.1411799930935702e-6,
0.053794658321788855,0.0004282339659726489,1.1378491704498016e-6,
0.05379462988894127,0.00042823350723791517,1.1390004053874768e-6,
0.05379458358747589,0.00042823367366593334,1.1405410268035049e-6,
0.053794574171883075,0.0004282327400958718,1.1361053226088497e-6,
0.05379445802291921,0.0004282329314019679,1.134622164197434e-6,
0.05379445768074415,0.00042818560127463705,1.1352643190559739e-6,
0.05379443499100573,0.0004281612588812889,1.1349991770316318e-6,
0.05379443065000524,0.00042815841669540425,1.159737786783606e-6,
0.05379442859605528,0.0004281664018845857,1.1368187134070208e-6,
0.053794423511628414,0.00042816331403921153,1.1375391677197182e-6,
0.05379436297309214,0.0004280858102022211,1.1352966353547579e-6,
0.0537943627962766,0.0004280146556642194,1.140744040796654e-6,
0.05379388664869772,0.0004281539724823809,1.190876137750989e-6,
0.05379383623226893,0.0004281488329961704,1.142502692261956e-6,
0.05379383350402983,0.0004281495842212012,1.1330032753084912e-6,
0.05379377362270458,0.000428150177065709,1.1333744200527415e-6,
0.05379375256017575,0.00042815085562977637,1.132558567042917e-6,
0.05379375237365863,0.0004281512272609913,1.1334399483635943e-6,
0.05379375127318998,0.00042815162038765806,1.1357172986912084e-6,
0.05379374945465688,0.0004281516858675763,1.1346323040454204e-6,
0.053793749403777485,0.0004281523962119227,1.1343994881422996e-6,
0.053793748296236094,0.00042815497035329666,1.1326724000317417e-6,
0.05379374645812215,0.00042829277701900034,1.132621260418452e-6,
0.05379373587042459,0.00042827649377375876,1.1337105083143215e-6,
0.05379373561237213,0.00042822438294440237,1.1329369933321278e-6,
0.05379372874985999,0.00042823060544188227,1.1328283816469317e-6,
0.053793724903092484,0.0004282357373266056,1.1336666292468036e-6,
0.05379372487786441,0.00042824092961833097,1.135463286757955e-6,
0.05379372069666123,0.000428252401437785,1.1324627504744265e-6,
0.05379370281230941,0.0004282455819526941,1.1327152381780501e-6,
0.05379370264831647,0.0004282510680069214,1.1322900939216497e-6,
0.05379277371924849,0.0004282456457744523,1.1319791310902335e-6,
0.05379254344509147,0.0004282215702946089,1.1357097678276657e-6,
0.05379242235106452,0.0004282134679985066,1.1323531128230821e-6,
0.05379235782610863,0.0004282132002686476,1.1333699913916413e-6,
0.05379224930053545,0.0004282129593151033,1.1335042187583525e-6,
0.05379224754748162,0.00042821369516379934,1.1328055781412007e-6,
0.05379193898774892,0.00042821537569871294,1.1345498302638783e-6,
0.05379193565612669,0.0004282238754028943,1.1319026000567019e-6,
0.05379192594962058,0.0004283775604063754,1.1319901029652176e-6,
0.053791890422193234,0.0004285030166989582,1.1366767191679611e-6,
0.053791383037679455,0.00042824755962011645,1.1320626952527392e-6,
0.05379138200136698,0.00042824402759472077,1.1321348805871794e-6,
0.05379106001049779,0.00042826428148021374,1.1318366103530306e-6,
0.05379102936720035,0.0004283631369579379,1.13145530828066e-6,
0.0537910289182059,0.0004297580026134853,1.131756557829096e-6,
0.05379102783808532,0.0004299545530832035,1.1324433291358293e-6,
0.05379101729451044,0.00042998447625817955,1.1335163115720192e-6,
0.05379101725062971,0.00042976625096194924,1.1321332367708487e-6,
0.05379100293418716,0.000430022609352354,1.1316003739584212e-6,
0.05379100227980921,0.0004302612115509354,1.1320012437370323e-6,
0.053791002010127834,0.00043064396296918484,1.1326316088027014e-6,
0.05379099339621278,0.00043068794809335623,1.1330693292129325e-6,
0.05379086564554505,0.0004306778295394865,1.1314835570689488e-6,
0.05379086263024458,0.0004314466089925807,1.1287803971215529e-6,
0.05379073887042773,0.00043146011662432277,1.12929542720877e-6,
0.053790737239996195,0.0004313005062225182,1.1287615070218938e-6,
0.05379072977768642,0.0004312289958308081,1.1293223875153706e-6,
0.053790726702911955,0.000431149301799852,1.1284416027741085e-6,
0.05379071001763395,0.0004310863426259502,1.1284785014846533e-6,
0.05379070983782364,0.00043099695896154944,1.2523239665021037e-6,
0.053790688668832715,0.00043078506991656114,1.1350208206414613e-6,
0.05379068797555782,0.000430695872441495,1.1298847585425085e-6,
0.053790687670191586,0.00043103956847123003,1.1291882222532067e-6,
0.05379068732807289,0.00043097327356264744,1.1286637848164311e-6,
0.05379067810700788,0.00043842261120269886,1.1289942113043573e-6,
0.05379067046638491,0.00044584674375407223,1.1286934614458978e-6,
0.05379065037875738,0.0004429205250571145,1.1297331144639543e-6,
0.05379064729216554,0.000444119565271884,1.128423590814916e-6,
0.05379064548981951,0.00043077068723351204,1.1345985506258281e-6,
0.05379064299850293,0.00042843134111483105,1.1320183267707025e-6,
0.05379058093479676,0.0004284169453601983,1.1303945967250603e-6,
0.05379058092750453,0.00042841814730099,1.130424809554923e-6,
0.05379052349606962,0.0004284825694657611,1.1309647769013125e-6,
0.05379052000337683,0.0004284410393058387,1.1350502871389152e-6,
0.05379051970193214,0.0004284383397852142,1.1301940198471448e-6,
0.05379051519663956,0.00042843977603698903,1.1309794504282197e-6,
0.053790449587569976,0.00042844313753453083,1.1293811527425658e-6,
0.05379044958246044,0.00042878580581474175,1.1297364399444493e-6,
0.05379037957082242,0.00043949520023871106,1.1291897686565019e-6,
0.05379037600716869,0.0004315075696200482,1.129329710392278e-6,
0.053790375516360435,0.0004302094134574689,1.1303438050620737e-6,
0.05379037083077296,0.0004319285895800679,1.1289272177316866e-6,
0.05379031103068139,0.0004314579819071651,1.1339783631138942e-6,
0.053790310512823916,0.0004319374257244896,1.1317871088955785e-6,
0.05379022705165536,0.00043172657844239517,1.1313427444732135e-6,
0.05379022439023452,0.00042824785098338774,1.1320952816946838e-6,
0.05379022394822441,0.00042824846459573373,1.1321415535088663e-6,
0.053790219946854116,0.0004282494818068697,1.131096145475368e-6,
0.0537901537142718,0.0004282722199977741,1.1312389189702491e-6,
0.05379015354278015,0.0004282597748745776,1.1319732227358643e-6,
0.053790104715849905,0.00042826281094648287,1.1608026049627274e-6,
0.0537901004253305,0.0004282582094641685,1.6849941732062384e-6,
0.05379009771709939,0.00042825785777192627,1.1711868213264775e-6,
0.05379009591914776,0.00042825734183441676,1.1527148977616958e-6,
0.05379004334615218,0.0004282574434519989,1.1300887292596087e-6,
0.053790043324808336,0.00042825798310270897,1.133570729218631e-6,
0.05378997932125552,0.00042825693119388065,1.1302956754072247e-6,
0.05378997692681179,0.00042825673445043283,1.1302731363540517e-6,
0.05378823992333325,0.0004282551929668596,1.1312647230659338e-6,
0.05378793475945573,0.00042825635504604407,1.1309819870646655e-6,
0.053785944161225875,0.00042826179065307354,1.1310066541874571e-6,
0.05378416728291206,0.00042822350471784075,1.131602185709923e-6,
0.05376918140144912,0.00042823011239077473,1.131608355794218e-6,
0.05376913346823135,0.0004282317309867859,1.1307452451590575e-6,
0.053768000037504524,0.0004281608067236391,1.13065591403871e-6,
0.05376792413824109,0.00042811367688054444,1.1306118837018825e-6,
0.05376789033607189,0.00042808802076512386,1.1307824203614974e-6,
0.05376787766060307,0.0004280303844197159,1.1301774029376932e-6,
0.05376785931913201,0.00042800866698282564,1.1312256062887364e-6,
0.053767853404656334,0.00042807217607900515,1.131059833900778e-6,
0.05376773746053607,0.0004279941181291703,1.1319527197220662e-6,
0.05376773510649139,0.0004281253715543468,1.1340994876458186e-6,
0.0537676954280357,0.0004281710777009255,1.133977192596081e-6,
0.053767573389988985,0.00042783063867375513,1.1336640949117143e-6,
0.05376655608969721,0.0004277506084243867,1.1324739457608645e-6,
0.05376504859816156,0.00042779123297157233,1.1305658564666964e-6,
0.05376485384649457,0.0004277840527301281,1.1304262935685747e-6,
0.053764851518232834,0.00042777701276101827,1.1305421956854335e-6,
0.05376485112026076,0.0004277734189040115,1.1323009269924305e-6,
0.05376484559773902,0.0004282146796258294,1.130708974342337e-6,
0.053764845548812314,0.0004281147132710208,1.1300154317735295e-6,
0.053764841653951304,0.0004284685535457903,1.1322856805518473e-6,
0.05376484062437721,0.00042844017371660326,1.1295830001410188e-6,
0.053764839963966936,0.000428487012996818,1.1295961811490663e-6,
0.05376483957573542,0.0004282272603058533,1.1294827932150347e-6,
0.05376483524077619,0.00042819814341721275,1.1396553642948826e-6,
0.05376483522904575,0.0004281306672725271,1.138694441948486e-6,
0.05376482549583929,0.00042816677133358447,1.1364482788061145e-6,
0.053764825223681825,0.0004282351390675042,1.136264664732673e-6,
0.053764809859572875,0.0004282484285346415,1.1350685009079867e-6,
0.05376480922855425,0.00042817328613858836,1.1354458489605994e-6,
0.053764805484790935,0.0004280369680838361,1.1352995652334973e-6,
0.053764805484223646,0.0004279127449081162,1.1348108759992978e-6,
0.05376480123518941,0.00042777631671576727,1.1346974165007765e-6,
0.05376480056576279,0.0004276491463385074,1.135550990674273e-6,
0.05376480056466,0.00042761037385806997,1.1390786130678895e-6,
0.05376479956227059,0.00042761316493759703,1.1369792087710097e-6,
0.053764793428943754,0.00042758648187178985,1.135062837718139e-6,
0.05376479341797345,0.0004275798287005557,1.1369632727517634e-6,
0.0537647866147773,0.00042756600359090984,1.1371355437876714e-6,
0.0537647857643816,0.00042756856673400843,1.1356350975135933e-6,
0.05376478573606745,0.0004275738087510139,1.1364539818107895e-6,
0.053764784936877794,0.0004276089995029064,1.1347995654843016e-6,
0.053764779928392174,0.0004275826618777703,1.1161290462581199e-6,
0.05376477991485543,0.0004275739993290407,1.1166823590519433e-6,
0.05376477579620016,0.0004275743141438401,1.117184629390056e-6,
0.05376477507754075,0.00042758098711701237,1.1160049046542055e-6,
0.05376477494043929,0.0004275525946385656,1.116237549178394e-6,
0.053764774370817996,0.0004275482760443525,1.1158770984575595e-6,
0.05376477219038465,0.0004275487777256276,1.1157416603304334e-6,
0.053764772167400436,0.0004275564299785855,1.1169523714601106e-6,
0.05376476919139131,0.00042756501084347247,1.1155257144623657e-6,
0.053764768873458275,0.0004275737339032218,1.1166074493822205e-6,
0.05376476880451556,0.00042757976533060004,1.119125519241241e-6,
0.053764768567586434,0.0004275822381936106,1.121924397617846e-6,
0.05376463777513577,0.00042760081114451553,1.11935902667902e-6,
0.05376462013605209,0.0004275939802740032,1.1217859222205208e-6,
0.053764533760967195,0.0004275967751597076,1.1190546259678527e-6,
0.05376450087003405,0.0004275975667922904,1.1149685327818767e-6,
0.05376447337671228,0.0004275992466413458,1.1147844289444252e-6,
0.053764472648576075,0.0004275912183595364,1.1153939003345768e-6,
0.05376446017143203,0.00042759020459393917,1.114805266107381e-6,
0.05376445985170674,0.00042758481236593765,1.1159254472906427e-6,
0.05376445833325002,0.00042758268182283243,1.1175526757128274e-6,
0.05376445785529665,0.0004275810326553233,1.1178640504540829e-6,
0.05376445782563633,0.0004291044847900401,1.1151401403470453e-6,
0.05376445736506139,0.0004275752113371555,1.1147268809748775e-6,
0.05376445190446163,0.00042753957088755967,1.0912938675316251e-6,
0.053764451721999354,0.0004275582011568497,1.0743656191154611e-6,
0.05376445001999299,0.0004275446788326489,1.0706241494742074e-6,
0.05376444942727795,0.00042750429520986555,1.0766700983027856e-6,
0.05376443923066332,0.00042749956455416245,1.0703096728463256e-6,
0.05376443922848742,0.00042748235579602456,1.0691040839759846e-6,
0.053764436372529825,0.00042741886664539406,1.0691718606499896e-6,
0.05376443595951149,0.00042741748027526024,1.0696256812011807e-6,
0.05376443593649306,0.0004274232572916362,1.0693832739443973e-6,
0.05376443537353332,0.0004278123809818731,1.0735129809898148e-6,
0.05376443274236981,0.0004276824724164432,1.0712000844257614e-6,
0.05376443271812269,0.0004276545769111025,1.074845029664148e-6,
0.05376442985391407,0.00042763922261550774,1.0717241869224768e-6,
0.053764429555580126,0.00042763939972306325,1.0765246827682866e-6,
0.05376442874484244,0.00042763723110621785,1.0763434569920372e-6,
0.053764427403105254,0.00042763593760703557,1.076283737376373e-6,
0.05376442351218065,0.0004276365752707765,1.0726482213277505e-6,
0.053764423343677696,0.0004276375030774516,1.0707449648934082e-6,
0.053764418176402436,0.00042763831226789263,1.0694074926239513e-6,
0.053764417794312486,0.0004276389635142074,1.0737477210839435e-6,
0.05376441719135715,0.00042765354242267395,1.0703241420045923e-6,
0.05376441711240668,0.0004276566963779298,1.070008430810611e-6,
0.0537644148865397,0.0004276595648628683,1.0693834251840475e-6,
0.053764414885956874,0.00042772870377146845,1.0685528094452145e-6,
0.05376441339995633,0.00042768617309659417,1.0707946802582726e-6,
0.05376441300437077,0.0004276852547528569,1.0686543597803826e-6,
0.05376441292514562,0.0004276851497178878,1.069632821951667e-6,
0.05376441258962045,0.0004276953166596635,1.0715340342847905e-6,
0.05376441020939965,0.0004278194942906076,1.0697591685845101e-6,
0.05376441018010335,0.00042774555628502796,1.0685810701231437e-6,
0.05376440712751241,0.00042782150716695383,1.0682514089104612e-6,
0.053764405367618937,0.0004277592874474134,1.0728705067145903e-6,
0.05376440405845936,0.00042780092385217525,1.0702718326092941e-6,
0.05376440375920861,0.0004276711745159264,1.0683772955630852e-6,
0.053764400951378515,0.0004276690684578061,1.067808135048312e-6,
0.05376440091466262,0.00042766123184201984,1.0695813374477406e-6,
0.053764399829430626,0.00042760754321836925,1.0672135781473272e-6,
0.053764399209986026,0.0004276071061759903,1.1983991808260139e-6,
0.053764398227582826,0.0004276064573834523,1.0747574985582668e-6,
0.053764395597897335,0.0004276132042934426,1.0716781736553405e-6,
0.053764378106026266,0.0004273820863269596,3.941094308006432e-6,
0.053764377768648855,0.0004273986801842643,1.0527859358793206e-6,
0.0537643777646902,0.00042733099616580064,1.0530418654051512e-6,
0.05376437741501186,0.00042730596126460963,1.05407580022658e-6,
0.05376437666640731,0.00042721937063441157,1.0561585710904262e-6,
0.053764361862179096,0.0004272146878969087,1.0527067601839163e-6,
0.0537643116744319,0.0004272090622255532,1.0523122854097567e-6,
0.05376430874118558,0.0004272322468846382,1.0522642492654896e-6,
0.05376421751821788,0.0004272339617182633,1.052584842768417e-6,
0.05376420746463873,0.0004272340291197715,1.0515921574436554e-6,
0.05376136027071133,0.00042723339749826754,1.0517452820400729e-6,
0.05376135737169628,0.00042724334077420676,1.0571269601455946e-6,
0.05376007886375934,0.000427245969522791,1.0526416301538016e-6,
0.05376006768460883,0.00042725218360112837,1.05421440070288e-6,
0.05375996315608294,0.00042725108951374344,1.0551718503520297e-6,
0.05375995998759107,0.0004272873667728411,1.0523629700904125e-6,
0.05375992786318588,0.00042728076479414527,1.0518069702492673e-6,
0.05375991156945723,0.00042726759694578924,1.0521473277209651e-6,
0.05375990481253816,0.0004272647488670888,1.0518396950097616e-6,
0.05375989766475335,0.00042744073663990973,1.050755276749508e-6,
0.05375981427083138,0.00042733037597147153,1.049311587486891e-6,
0.05375981055072311,0.0004273163468970981,1.0514553124918298e-6,
0.05375974412641935,0.00042736339834159473,1.0491078305042415e-6,
0.05375971690972571,0.00042736277016829614,1.0484916713610541e-6,
0.05375971003181595,0.0004273563650790254,1.051330515688071e-6,
0.05375970646931797,0.00042736940253824593,1.0492183939958117e-6,
0.053759655053421285,0.00042737654368710937,1.0524687355645007e-6,
0.05375965134671846,0.00042723046210135107,1.0494692122274751e-6,
0.0537596469872444,0.00042786683488672594,1.0496601983402511e-6,
0.05375963981057534,0.0004272131745384068,1.0519772250684997e-6,
0.05375963054569153,0.0004272083410984865,1.0491726488137608e-6,
0.05375963005962304,0.00042717413029911086,1.0513639487531244e-6,
0.053759608658960054,0.00042715932638047715,1.050876405776081e-6,
0.05375960611192674,0.00042716832331745594,1.0521149734757027e-6,
0.05375959921079304,0.0004271584891377209,1.0490078952056551e-6,
0.05375959216547298,0.00042715592733984627,1.0489576862900123e-6,
0.05375958479478553,0.0004271610116506197,1.0498888596534696e-6,
0.05375958401588143,0.0004271612151446137,1.0486351043425402e-6,
0.05375956109655248,0.00042716302021922,1.0688315698601659e-6,
0.0537595586299288,0.0004271624753965883,1.0495096291790104e-6,
0.05375955222865449,0.0004271626559145974,1.053858367958979e-6,
0.053759545375014955,0.00042716276842964405,1.0499127228781793e-6,
0.053759538917190354,0.00042716280913246494,1.0496762032998874e-6,
0.053759538355653606,0.0004271626607586885,1.050202087279073e-6,
0.05375952088995995,0.00042716278246755416,1.0550029494823932e-6,
0.053759516684082576,0.0004271620360971678,1.0522844046671717e-6,
0.05375951658926679,0.0004271542188709851,1.0505661666207577e-6,
0.05375951284812596,0.0004271591025198559,1.0509140281158021e-6,
0.05375943050093787,0.0004271574772175076,1.0504684755657397e-6,
0.053759421012887165,0.0004271569661728102,1.05180442846283e-6,
0.05375941618029795,0.00042716329816348776,1.0504813786289918e-6,
0.05375930389798832,0.0004271637749613892,1.0500339425239977e-6,
0.05375900422736615,0.00042716140607548976,1.0568352111972913e-6,
0.0537589902345406,0.0004271617851625963,1.0565765359866734e-6,
0.05375875943945484,0.00042716205739354996,1.056043169326995e-6,
0.05375873736238371,0.00042716413059414894,1.056280312984333e-6,
0.05375873663824282,0.00042716280497496405,1.0553148636581348e-6,
0.05375873479036199,0.000427161073262453,1.058277629753503e-6,
0.05375873050913874,0.0004271373743406131,1.0554484392733237e-6,
0.05375873050476473,0.00042713093939778115,1.0560864897973262e-6,
0.05375872604290522,0.0004271252832809373,1.0558877490212381e-6,
0.05375872455343238,0.00042712000694173106,1.0559004554448625e-6,
0.0537587245289839,0.00042711476334156046,1.0566740043986539e-6,
0.05375872318901635,0.00042711097033748427,1.0557540814150628e-6,
0.053758443069748744,0.0004270992059158916,1.0574521808624352e-6,
0.05375838211264662,0.00042710887531147016,1.0599376055913033e-6,
0.05375785964410989,0.0004271520787288769,1.0564646266094222e-6,
0.05375785160720035,0.0004271051100866581,1.058002790001549e-6,
0.053757849586325804,0.0004271019219323424,1.0566430108827222e-6,
0.053757847224077636,0.00042710456659557914,1.0574631882623976e-6,
0.05375775971565039,0.00042710454503250343,1.0558826296110925e-6,
0.05375775947245692,0.0004271015130006107,1.062193073042886e-6,
0.05375476377456286,0.0004270996335788443,1.0581502226037595e-6,
0.053754676980778925,0.0004271012972932097,1.0525481313865033e-6,
0.053754542686280875,0.00042714140073260717,1.0519551231124284e-6,
0.05375446430226333,0.00042728990880952505,1.0577616700791706e-6,
0.05375268545334936,0.00042755047566752095,1.0525510684639473e-6,
0.0537526854234487,0.0004291085576229002,1.0558489257866431e-6,
0.053752305487346816,0.0004278514795177161,1.052834204797072e-6,
0.053752296394605686,0.0004272068390232152,1.0556268519059166e-6,
0.05375223019688898,0.0004271826665311721,1.0570473156059115e-6,
0.053752220156109295,0.0004271690208834291,1.0514647313040339e-6,
0.05375156835819949,0.0004330691089664689,1.0509942765919542e-6,
0.053751568356873336,0.0004312650342530775,1.0517681418287116e-6,
0.053751129544131394,0.0004302400111557818,1.0506115852224282e-6,
0.05375111917278496,0.00043004996504464234,1.0502672037390041e-6,
0.05375099019396289,0.00042939448870738705,1.051147997191407e-6,
0.05375098453870642,0.0004316459914797508,1.0502192021410453e-6,
0.053750959792081714,0.0004304484340570199,1.0513720581083737e-6,
0.05375095979050488,0.00046167157128423404,1.0545992448580222e-6,
0.05375092858183846,0.00050821926322366,1.0505433275624965e-6,
0.053750927851969076,0.00045208779292484216,1.0504421361368673e-6,
0.05375092785178557,0.0007899768348744747,1.0528653831728273e-6,
0.053750927119997925,0.0008909474140302738,1.053293016708781e-6,
0.053750882366095584,0.0005684794201383822,1.050286580775944e-6,
0.05375088235265852,0.0004896739863012662,1.050307114988419e-6,
0.05375085170516622,0.0004316097296657455,1.0545138926473979e-6,
0.05375085129582699,0.0004337734890801149,1.0518580911676794e-6,
0.05375084893584927,0.000426476961624684,1.0503853493107353e-6,
0.05375084858116876,0.0004263365096888098,1.0491344255993305e-6,
0.05375081459425722,0.00043185553011743826,1.0503319497694717e-6,
0.053750814588590226,0.00043445818511147,1.0502638635846537e-6,
0.0537507383459729,0.00042865703893339057,1.0490852305946536e-6,
0.05375073682226273,0.0004405627916683728,1.0486173719861535e-6,
0.05375073637451187,0.0004402048829846991,1.051369809751812e-6,
0.0537507345453838,0.0004393343234087814,1.0529189150426799e-6,
0.05375061779674552,0.0004469794534379564,1.0508703920084707e-6,
0.05375061775759422,0.00043784579222108563,1.0532527881214366e-6,
0.05375037097593007,0.00043773559046839767,1.054833760488128e-6,
0.05375036573293393,0.00043768388259827405,1.0507785746705013e-6,
0.05375036117001601,0.00043714139089562603,1.0506354811829826e-6,
0.05375035563626134,0.00043712621968379457,1.0507183571138454e-6,
0.05374997602054726,0.0004438021990250371,1.048371024150037e-6,
0.05374997601918881,0.0004469347530845356,1.0483751363026337e-6,
0.0537495290777144,0.0004463965322488423,1.049068449349858e-6,
0.05374952085872859,0.0005071958696523157,1.048142723346081e-6,
0.053749520740788,0.0004946529780222484,1.048000167578008e-6,
0.05374951257054916,0.0004512266048138904,1.0514163002764417e-6,
0.05374911085983146,0.0004307631908163532,1.0473014397414091e-6,
0.05374911085558524,0.000427093625421408,1.0479107049670423e-6,
0.0537490168480998,0.00042681327985285926,1.0518105594585245e-6,
0.05374901553669523,0.00042666047877510586,1.0472879185733487e-6,
0.05374901396217733,0.00042665479793709454,1.0484064115085608e-6,
0.05374901245742481,0.0004266558980370264,1.0474058756485235e-6,
0.05374891317705142,0.00042665745595389675,1.0473547850588564e-6,
0.05374891309442471,0.00042665551169883805,1.0497656702702675e-6,
0.05374861748031987,0.0004266535479538761,1.0514090973488303e-6,
0.053748612348792614,0.0004266493578215222,1.047811591307665e-6,
0.05374859845255962,0.0004266471439800381,1.047439537689593e-6,
0.05374859318665547,0.00042665192012407595,1.047811908109081e-6,
0.05374835570434362,0.00042665184195813755,1.0474911435539366e-6,
0.053748351283663634,0.0004266413557467655,1.0477922406002761e-6,
0.053747753617563426,0.00042665293121679255,1.0485978868180726e-6,
0.05374772811205997,0.0004266841847900136,1.0479902870489807e-6,
0.05374762215836476,0.0004266847778678644,1.047321967395437e-6,
0.053747611711739876,0.0004266869780724804,1.0516220524954533e-6,
0.05374733721200818,0.0004266864028263819,1.047805237922845e-6,
0.05374733674158358,0.0004266863881194612,1.0470259772314037e-6,
0.053747215928996964,0.0004266861462549894,1.0468537424564974e-6,
0.053747215472853674,0.0004266858867161345,1.0484712692543668e-6,
0.05374721543990029,0.00042668401501101027,1.0469971478807275e-6,
0.05374721479678406,0.0004266849275720287,1.0512137961487096e-6,
0.05374716551858118,0.0004266826435742644,1.0468128121376246e-6,
0.05374716512119099,0.00042669323030119436,1.0476632868807385e-6,
0.0537471107892918,0.0004266882238218346,1.0467407337969597e-6,
0.05374710977614504,0.00042668991034112633,1.0499962062659742e-6,
0.053747067340377576,0.00042669040859912136,1.046696015834398e-6,
0.05374706697722662,0.00042669031461480873,1.0471978170939818e-6,
0.05374700907746893,0.0004266911175115464,1.0482958867050648e-6,
0.053747008677686094,0.0004266907136335365,1.0472912114692996e-6,
0.05374700634014873,0.00042668563847548136,1.0547702784022005e-6,
0.05374700575110672,0.0004266850735348356,1.0510421945928802e-6,
0.05373442509999655,0.0004266855994933294,1.046765898157305e-6,
0.05373422304443942,0.00042668487364835996,1.0467846734722984e-6,
0.05371225613901163,0.0004266788476986129,1.0476417499887598e-6,
0.053712104667037,0.00042668333242209226,1.047733749867739e-6,
0.05371024799990122,0.00042668755102508903,1.048467591925749e-6,
0.05371024147208532,0.00042668529362294665,1.0470963923273093e-6,
0.053708216588238794,0.0004266816358782251,1.047062904973468e-6,
0.05370820860604181,0.0004266767422938588,1.0466375938207046e-6,
0.05370698414023232,0.0004266679484115236,1.04662827429233e-6,
0.053706963991510155,0.00042666705192392034,1.0467536494724536e-6,
0.05370689650070826,0.0004266699204679418,1.0465758450437632e-6,
0.05370689643494788,0.0004266837832577709,1.0462700240645322e-6,
0.05370677926715704,0.0004266725770055693,1.0469337408334132e-6,
0.05370677919136711,0.00042667262929493285,1.046678208698873e-6,
0.05370664069474701,0.00042667476268607943,1.048524837310658e-6,
0.053706640374811494,0.00042666696820991434,1.0475111992432486e-6,
0.05370663771586657,0.0004266770386132623,1.0463101891618977e-6,
0.0537066374939775,0.0004266825592415179,1.0470582221198003e-6,
0.053706613983019846,0.0004266829703597713,1.050669229560487e-6,
0.05370661379838687,0.00042669673841923625,1.0479668180485169e-6,
0.05370657548313211,0.00042668396589916655,1.0508226105492217e-6,
0.05370657548277383,0.0004266834337760906,1.0514435759275275e-6,
0.05370654102808871,0.0004267500642466208,1.0527698914700589e-6,
0.05370654073333848,0.000426663543023044,1.0484720156440921e-6,
0.05370653010398502,0.0004266603280758369,1.0481941614700907e-6,
0.053706529711910596,0.0004266604536357607,1.0490805488075945e-6,
0.053706522211620006,0.00042666237264055206,1.049190923049786e-6,
0.05370652194699595,0.00042667150569357186,1.0499121280974821e-6,
0.05370647759956332,0.0004266612381077433,1.0476646006523882e-6,
0.05370647655124214,0.00042695215814180626,1.0467564162496004e-6,
0.05370643054224474,0.00042659598166519357,1.0444174783061622e-6,
0.05370642816399037,0.0004265998494787494,1.044536908585895e-6,
0.05370640568252901,0.0004265975121183639,1.0455863568011742e-6,
0.053706405086024124,0.00042659311744657966,1.0473809148963133e-6,
0.053706368487106824,0.00042659220215348763,1.0461498972569075e-6,
0.053706365648394115,0.00042686347933349643,1.044470408201174e-6,
0.053706178352202795,0.0004268877434778519,1.0442975551118207e-6,
0.053706177540091035,0.00042691662700144035,1.0442538932538749e-6,
0.05370612503809695,0.0004267560657353936,1.0441080465567552e-6,
0.05370612051546808,0.00042666320502131316,1.0461526150698239e-6,
0.05370463073479458,0.00042666299956875466,1.0448046090973817e-6,
0.05370463069625805,0.00042666179459994145,1.0452512854790356e-6,
0.053703996241806204,0.00042666230228480636,1.044130322356564e-6,
0.05370399493526128,0.00042666086055233283,1.0529335817033794e-6,
0.05370257726129376,0.0004266605777853218,1.0522157214984308e-6,
0.053702540106925656,0.0004266641400517765,1.051592013792514e-6,
0.05369607699875618,0.00042665428057712815,1.0518776526295541e-6,
0.05369607698259625,0.0004280124863203941,1.0514931847938988e-6,
0.053695072033431365,0.00042702763203326325,1.0517251128712097e-6,
0.05369506051211369,0.000427018731458671,1.0499271894090542e-6,
0.05369505980346346,0.0004270213910662829,1.0492070756156204e-6,
0.053695048912496886,0.0004270348777520253,1.0480685996292905e-6,
0.05369415410628791,0.0004273845491532348,1.0475785970253495e-6,
0.053694153384900405,0.0004271901508201672,1.0479669498035008e-6,
0.05369350252815728,0.0004275979131944925,1.0467235611489047e-6,
0.05369348959843742,0.00042764059074393545,1.0497232027671188e-6,
0.05369346120649258,0.00042743144605281543,1.0470254801349472e-6,
0.053693451662614154,0.0004271905035528344,1.046896518510035e-6,
0.05369258957604145,0.0004273671190769852,1.0954673697705269e-6,
0.05369258876413734,0.0004272437309793723,0.0001498191935311029,
0.05369185691729076,0.0004289291326456271,0.0021440933444702133,
0.053691840680133066,0.0004282942480222809,0.0011335235155532602,
0.05369182975722184,0.00042818261367660914,9.297785786361077e-5,
0.05369181471294356,0.0004279648253885711,5.150116179299233e-5,
0.05369078578795212,0.00042779566606372524,2.159721020709916e-5,
0.05369078197448974,0.0004282713270185496,9.303164748074636e-6,
0.05369003384841168,0.0004286720993214613,3.886932013278616e-6,
0.053690007112198915,0.00042698055459944995,1.267876239323945e-5,
0.05368972742910133,0.0004269756723964891,6.449101274253634e-6,
0.053689712049053366,0.00042699122613365444,6.036641631481483e-6,
0.05368806140464529,0.0004269878401968321,3.071628380880118e-6,
0.053688040579207605,0.0004277318772163085,1.1125414535754639e-6,
0.05368608938576468,0.00042905387321573674,2.2431104738907614e-6,
0.05368601274948717,0.00042928640777788066,1.7394705523551407e-6,
0.05368550756968314,0.0004289190436331629,1.7371858633355205e-6,
0.05368548898282008,0.000537748167589775,1.787315230538065e-6,
0.05368463639102134,0.00045627463639372694,1.8436624929565286e-6,
0.05368462516201542,0.0005186697634207121,1.917601578781601e-6,
0.05368361406640971,0.0005341143891802946,1.945753300739933e-6,
0.05368361116864216,0.0005902953163303006,2.4091661788122683e-6,
0.05368336486829517,0.0007169320787572434,8.756096627452131e-7,
0.05368336391542222,0.00043210058174414335,8.696570584243521e-7,
0.05368324262258721,0.0004930375155791875,8.692487537181246e-7,
0.0536832384699133,0.0005225550456262462,8.464667632148329e-7,
0.05368323841990311,0.000504706447194362,8.451465454301814e-7,
0.05368323420077327,0.0004672869806718203,8.455876123411705e-7,
0.05368287981620128,0.00061637871200134,8.49569440666158e-7,
0.053682878036043026,0.00044075750889820353,8.451223438487802e-7,
0.05368263961111379,0.00043502623005709277,8.455044504463752e-7,
0.05368263259483631,0.00043382201691915834,8.529668532684762e-7,
0.05368262259622337,0.00043311815205037703,8.48262528355806e-7,
0.05368261347874279,0.0004330992742749296,8.471989152121768e-7,
0.053681955059777256,0.00043309520387689295,8.465506631234487e-7,
0.053681950298024445,0.00043310016580998907,8.47604037396409e-7,
0.053681585549685176,0.00043316059908011335,8.612961116626987e-7,
0.05368158497265849,0.0004331025667848501,8.611247267014748e-7,
0.053681584970654825,0.00043308616676428067,8.551616989420324e-7,
0.05368158439302529,0.00043309075093026774,8.904486581432146e-7,
0.053681558219712606,0.000433071388103563,1.072097426337033e-6,
0.053681558087667475,0.00043307341904642556,8.477534351469344e-7,
0.053681545454105174,0.00043306827578865287,8.597874073556838e-7,
0.05368154465637085,0.0004330624693525898,8.91470537889109e-7,
0.053681512936184964,0.0004330773010276461,8.506417863438038e-7,
0.05368151285217678,0.00043309729402854193,8.457230025272322e-7,
0.05368149073780678,0.0004331136311282511,9.623488921280957e-7,
0.05368149067506663,0.00043313436093665134,8.733695772889515e-7,
0.05368148316227278,0.0004330948449414151,8.616382990235702e-7,
0.053681482447630435,0.0004330883051165003,8.611461544283984e-7,
0.05368148183549974,0.00043298835108368587,8.455955387808805e-7,
0.05368148096161959,0.00043297033415067157,8.473464890742338e-7,
0.05368146325997638,0.0004329736505186129,8.45307990489021e-7,
0.05368146317867111,0.0004330014011708193,8.459314806523502e-7,
0.05368145518975355,0.00043296883945932225,8.496630530821406e-7,
0.05368145501165977,0.00043296829497782064,8.456897198442495e-7,
0.05368124548520301,0.0004329124605777175,8.509121267239434e-7,
0.05368123978190701,0.00043295919394266077,8.454004648889792e-7,
0.053681072879778316,0.0004329600262398312,8.482775984457265e-7,
0.05368106987242913,0.00043297819689041845,8.458967543566248e-7,
0.053681065165164854,0.00043297739211866043,8.46021218525652e-7,
0.05368106487724481,0.0004329766288750862,8.45317246111556e-7,
0.05368106476149507,0.00043297783927930217,8.478606232883011e-7,
0.05368106450010095,0.00043299262044579185,8.454244546273306e-7,
0.05368105789728943,0.000432983782425713,8.452771470160064e-7,
0.05368105780045821,0.000432983991563046,8.46451163907831e-7,
0.05368104752537324,0.00043297943504084206,8.512037751574745e-7,
0.05368104500603028,0.0004329749128509135,8.470869238588085e-7,
0.053681037959854475,0.00043297726835124246,8.472276402602982e-7,
0.05368103438449828,0.00043297954119869627,8.465063320607673e-7,
0.053680820825579345,0.0004329796450492215,8.456065103127432e-7,
0.0536807794639622,0.000432973759579932,8.456099783791451e-7,
0.0536797068734302,0.00043295920404406557,8.452659393345863e-7,
0.053679703985807056,0.00043295326381638283,8.475983247664343e-7,
0.05367949988752591,0.00043294425388635643,8.458466873406925e-7,
0.05367949634311591,0.0004329250650057032,8.453303334356744e-7,
0.05367944571362124,0.0004329125502996865,8.45401682585674e-7,
0.053679440828972295,0.0004329061437840546,8.473783852243653e-7,
0.05367942345166861,0.00043291350774904235,8.470867088516426e-7,
0.05367942271775481,0.00043291211559848443,8.479747760664033e-7,
0.0536793776688748,0.0004329073891946961,8.45977987210761e-7,
0.053679377446596906,0.00043289224457741755,8.460181604643594e-7,
0.05367937625227806,0.0004328582115115263,8.448576001482561e-7,
0.05367937419521233,0.0004328483845023592,8.462743873887626e-7,
0.053679320379316164,0.0004328432579772846,8.471188260379966e-7,
0.05367932029645557,0.00043284864878317,8.487728127980638e-7,
0.053679268473448435,0.0004328433901926435,8.464303762911027e-7,
0.05367926526094301,0.0004328337202393013,8.477890238295966e-7,
0.053679265242146994,0.00043283303500966003,8.491754323776386e-7,
0.05367926080756503,0.0004328681883034382,8.483859106249909e-7,
0.05367916165229108,0.0004329935424769432,8.47194588487806e-7,
0.05367916140457352,0.00043349142497184557,8.475972212200385e-7,
0.053679089044546574,0.0004338441377184629,8.476349847210988e-7,
0.05367908429960355,0.00043456860729089143,8.461504610778094e-7,
0.053679083542625794,0.00043530087419913654,8.460874819937609e-7,
0.053679081455785864,0.00043565906540704114,9.205861921408184e-7,
0.05367902755509967,0.00043551192410363094,8.48868829242241e-7,
0.05367902744257472,0.0004356130329555184,8.466329897309046e-7,
0.05367895363310496,0.000435553565000499,8.459865724520668e-7,
0.053678949315262896,0.00043492019743347727,8.458268601071279e-7,
0.0536789490582718,0.0004345873778469939,8.582212665033013e-7,
0.05367887576875328,0.00043406748563433635,8.546576769072973e-7,
0.05367827035896429,0.0004341200002927479,8.592981649300198e-7,
0.05367826731623524,0.00043333794709902914,8.530876388548624e-7,
0.05367794458251274,0.00043298802425857175,8.521091341222337e-7,
0.053677935200174456,0.0004329714659650255,8.50665075928431e-7,
0.05367793439468122,0.0005306282942385674,8.519120882540513e-7,
0.053677895886307156,0.000635710370140539,8.500927475028702e-7,
0.053677312615509246,0.0006172327518780089,8.512465211202648e-7,
0.0536773099957868,0.0005873392705776619,8.516967805657954e-7,
0.053676806240671164,0.0005200155317537162,8.532729846116783e-7,
0.05367678901314916,0.0004325613599845562,8.528421634636831e-7,
0.05367678856286365,0.00043140703351092664,8.525144172919523e-7,
0.05367675658845403,0.00043139921277990525,8.495412409548511e-7,
0.05367631731979013,0.0004313829754869823,8.48681051135443e-7,
0.05367631643871372,0.00043139439818351284,8.707490816696594e-7,
0.05367585102365297,0.00043139268962491425,8.51950369831152e-7,
0.05367581201896532,0.0004314096566862163,8.5233621231051e-7,
0.05367581201509978,0.00043141469972061617,2.0321689290458656e-6,
0.05367575818875274,0.0004314543839918408,1.3471889791825268e-5,
0.05367491339816062,0.0004314255425744572,3.636929072975366e-5,
0.053674913387303215,0.0004317771782385977,4.782098561671452e-6,
0.05367408790540749,0.0004318565045564323,8.046620990412994e-6,
0.053674038591699925,0.0004322267374935029,3.979561689770541e-6,
0.05367403858846543,0.000432446935411696,3.753353754509629e-6,
0.0536739927700234,0.0004440257116937771,3.5901531967047683e-6,
0.05367327982941656,0.00043434522861642575,3.6189333959875137e-6,
0.05367327955267256,0.00043293615110254636,3.2183627886515357e-6,
0.05367266310451052,0.0004328709765984743,3.0255770636837553e-6,
0.053672621100956226,0.00043252658906835505,3.585020265610547e-6,
0.05367262067039388,0.0004323135862071738,3.0896185791644665e-6,
0.05367260300190074,0.00043229241389116253,2.6781067718762525e-6,
0.05367232716680547,0.0004320005857533619,3.2313880177547078e-6,
0.05367232601953064,0.00043200197644315783,2.8929715161004544e-6,
0.053672056940121726,0.00043218842700611804,2.96863676103707e-6,
0.05367203126164217,0.00043206958270562115,2.762621487695642e-6,
0.0536720312173478,0.0004320242250978855,2.5636672282153647e-6,
0.0536719800137228,0.00043200417132795133,2.4225919757857697e-6,
0.05367111975673836,0.00043198518768444434,2.2130304118624673e-6,
0.05367111539426187,0.00043201275245766715,2.0326199713870017e-6,
0.053670267324593575,0.0004320015114893007,1.9635869548507345e-6,
0.053670242255809054,0.00043199874588322005,2.7061845939232574e-6,
0.053670242243862396,0.00043200786694743283,2.053636911916899e-6,
0.05367022968190783,0.0004319928047204331,2.3828068299728423e-6,
0.053670018923398684,0.00043192378583081244,1.214901815053749e-6,
0.05367001892178642,0.0004319103707624315,1.175801714427991e-6,
0.053669805105182954,0.000431907181219178,1.1734255505754892e-6,
0.053669791740284946,0.0004319077040045095,1.1224217637210486e-6,
0.0536697917400687,0.00043190765587912985,1.0338091590345406e-6,
0.053669777639071395,0.00043190869231786227,1.030328744214718e-6,
0.053669527536287835,0.00043190924874822966,1.0863733707542206e-6,
0.05366952696412683,0.0004319075024982821,1.0708370998445395e-6,
0.05366934163177342,0.00043190702727299765,1.0914502147895146e-6,
0.053669335547077424,0.0004319062710064169,1.0067555244901893e-6,
0.05366933550789737,0.00043191227001473535,9.8091254690114e-7,
0.05366933237247021,0.0004319089784844174,1.002314982127233e-6,
0.05366927813712847,0.000431910487465271,1.003999499946081e-6,
0.053669278014745046,0.0004319114115742715,9.873461922956866e-7,
0.05366922625309276,0.0004319127620204593,9.867231168429517e-7,
0.053669224451004284,0.0004319121595199948,9.791264585592358e-7,
0.05366922357122838,0.00043199359774398054,9.557665013510737e-7,
0.05366922146951366,0.0004319218319315795,9.518741394990515e-7,
0.05366917109229849,0.0004319125304685455,9.380585466265217e-7,
0.05366917092475803,0.0004319817273814116,9.39042682992538e-7,
0.053669128302314045,0.00043125693983070385,9.381117723372838e-7,
0.05366912700912957,0.0004312201666289069,9.596062604252003e-7,
0.05366912613262146,0.00043130409308747054,9.647061592793653e-7,
0.05366912500087194,0.0004313478461722202,9.368062883422057e-7,
0.053669111491222214,0.00043134678604857984,9.227389218544065e-7,
0.053669111433714736,0.00043146090823479954,9.225489332835168e-7,
0.05366909877522745,0.00043153304174504064,9.092735871102e-7,
0.05366909846514052,0.00043150739143049606,9.060539884764952e-7,
0.05366909840054579,0.00043143798045701924,8.890039646560516e-7,
0.053668962302199426,0.00043295323683291827,8.914422768556099e-7,
0.053666319849329826,0.00043326936928605184,8.891199216403987e-7,
0.053666204171985865,0.0004363362462552608,8.883984015019159e-7,
0.05366358012303045,0.0004374929135372724,8.880039966953715e-7,
0.053663579595304156,0.0004368344497969395,8.877668418904487e-7,
0.053663579169411994,0.0004392146021846682,8.906506242407562e-7,
0.053663578835400044,0.0004381484033520368,8.9095148132712e-7,
0.05366353471578083,0.00043700481217065105,8.877976214450369e-7,
0.05366353359826587,0.00043572922119095156,8.872686942851376e-7,
0.053663484250849894,0.00043834214519011165,8.901446188177221e-7,
0.053663484159382435,0.0004460859011198987,8.868921309077677e-7,
0.053663452797376464,0.00043970718537690394,8.907332003237456e-7,
0.053663416008062154,0.00043904511775078226,8.860415449403786e-7,
0.053663415892988175,0.00043734143888696193,8.857625102163323e-7,
0.053663375873930594,0.0004372998697299515,8.874256079027962e-7,
0.053663325687702115,0.00043719486697239515,8.852111659087961e-7,
0.053663318847858965,0.00043811542680108936,9.41736654611436e-7,
0.053663315900880595,0.00043496986508774585,8.944505916052007e-7,
0.053663314707112705,0.0004321318949194607,8.843219842402966e-7,
0.05366329367212486,0.0004302086277524652,8.833664709006386e-7,
0.053663293661923184,0.00043028104280687715,9.062502270580531e-7,
0.05366199058088771,0.00043041188187779557,8.699525925321006e-7,
0.05366181100916859,0.0004304106773291196,8.684544720601287e-7,
0.053661776701400384,0.00043026121169618893,8.76076059341322e-7,
0.05366162139633481,0.00043016623565763783,8.7941692077589e-7,
0.05366086407823547,0.00043015597207144736,8.823766843305414e-7,
0.05366086404559925,0.00043018583941200424,8.792732393956397e-7,
0.05366084368921237,0.0004302953979563455,8.82037325221512e-7,
0.05366084264982292,0.00043025845359792635,8.85630742200461e-7,
0.05366083847440321,0.00043014917050626547,1.1323880996209587e-6,
0.05366083795137361,0.0004300914095201385,8.754354900210056e-7,
0.0536608336147276,0.00043006946118711784,8.658698223341771e-7,
0.05366083358964466,0.0004300501257618478,8.493416924969494e-7,
0.05366082701724045,0.0004301899586897023,8.470528218134273e-7,
0.053660826808617355,0.00043030964336831167,8.489792250649842e-7,
0.053660821846230417,0.000430324451497799,8.441398250411108e-7,
0.05366082018567896,0.0004303280201496121,8.444488900870392e-7,
0.05366081795800905,0.0004303280394613158,8.4285023679023e-7,
0.053660817937277186,0.00043032950119356817,8.497441603668107e-7,
0.053660779353091416,0.0004302897109426883,8.435108438271684e-7,
0.05366077236096424,0.0004303497595990034,8.428849636118481e-7,
0.05366076871665445,0.00043319728356230603,8.427481883389285e-7,
0.05366076471128641,0.0004316716488758987,8.472755462884258e-7,
0.05366071772826549,0.0004321036572993195,8.444976812063279e-7,
0.05366071763271029,0.0004312936728073821,8.437704581195036e-7,
0.053660700347233935,0.0004306572160435844,8.445727224638005e-7,
0.053660696655229295,0.00043057801128304073,8.435052032413521e-7,
0.05366069075355163,0.00043036798368007535,8.442691145705402e-7,
0.05366068575870626,0.0004300096760235593,8.441339404410115e-7,
0.05366067506893488,0.0004316336928536471,8.731261573938872e-7,
0.05366067506877354,0.00042932956398097693,8.484879836335392e-7,
0.05366066402424483,0.00042932987607020525,8.422963597087367e-7,
0.05366066227587314,0.0004294014600538153,8.415579389951647e-7,
0.053660661535033946,0.00042937282185200206,8.416261708202963e-7,
0.05366065988334468,0.0004294459897720072,8.996964508307384e-7,
0.05366065426316862,0.0004293599727772419,8.834369358613934e-7,
0.05366065424910185,0.00042937685637999776,8.558613178798319e-7,
0.05366064516869952,0.000429398702458511,2.015440672760679e-6,
0.053660643644719216,0.00042937991494992813,8.580531684217353e-7,
0.05366063811953178,0.00042938341695182856,8.487413868343899e-7,
0.053660634781503076,0.000429355669425906,8.501498561362158e-7,
0.05366062910531653,0.0004293617688661566,8.354325845748679e-7,
0.05366062906272622,0.000429350523141795,8.335908699237213e-7,
0.053660027990594154,0.0004293522753181329,8.349822106031008e-7,
0.053659937573181,0.0004293610177846403,8.330211429994074e-7,
0.053659683385227336,0.0004293582378404951,8.331537150548479e-7,
0.05365960032878287,0.00042935748863343076,8.333550850064785e-7,
0.05365953737785301,0.00042935420150990437,8.329814484231654e-7,
0.053659537342693193,0.00042935106152117624,8.332262604619301e-7,
0.05365950300128823,0.0004294563363381318,8.331574072491882e-7,
0.053659498542315276,0.0004293754704524611,8.347898406603414e-7,
0.05365949807713931,0.0004292868324889714,8.332709999361759e-7,
0.05365949422269393,0.00042926717479850444,8.337471940358402e-7,
0.053659475114996996,0.00042938535184048915,8.522508501033162e-7,
0.0536594751145341,0.0004297866892979972,8.388939106077936e-7,
0.05365945954943527,0.00042957941413301144,8.396957860368943e-7,
0.05365945713339232,0.0004292081836742793,8.451337399239759e-7,
0.05365945708287305,0.00042920897887714946,8.408685747683568e-7,
0.05365945482837865,0.0004292089984438145,8.436239046642907e-7,
0.053659438148637155,0.0004292084616567776,8.37427019442762e-7,
0.05365943808766918,0.0004292095803356995,8.381420797499743e-7,
0.053659426929711054,0.0004292085292763913,8.359195711638349e-7,
0.053659425642100626,0.0004292073697683098,8.360357402861578e-7,
0.05365942559119103,0.0004292074598648925,8.365901563581797e-7,
0.05365942441189402,0.00042920418715860766,8.341453090661934e-7,
0.05365941523250436,0.0004292041224807964,8.334890877246054e-7,
0.053659412665431665,0.0004292078698511679,8.329749177132843e-7,
0.05365940136715771,0.0004292100541636174,8.340396589298132e-7,
0.05365940117051035,0.0004292157511756402,8.32971665374597e-7,
0.05365938717916623,0.00042921681090436124,8.333122680865556e-7,
0.05365938609966076,0.0004292133074497318,8.332893374554885e-7,
0.053659385277498264,0.0004292103513772576,8.328371490928926e-7,
0.05365938419303567,0.0004292101253325396,8.358335342468155e-7,
0.05365937986664603,0.0004292083171327952,8.325920556898443e-7,
0.053659379526085814,0.00042921053855013636,8.335388915451102e-7,
0.05365937139525243,0.00042921966947079716,8.462568703918934e-7,
0.05365937121608735,0.00042921972548029194,8.356091724436537e-7,
0.05365936779663281,0.0004292181364305157,8.342946639490961e-7,
0.053659366533694054,0.00042921779188057947,8.33393019857095e-7,
0.05365936463820152,0.00042921835156341963,8.332639920239931e-7,
0.05365936458392302,0.00042922032319816106,8.331887557950121e-7,
0.053659363414144956,0.00042922764958092265,8.365367082165092e-7,
0.053659363154356474,0.00042922453408820354,8.331848771477121e-7,
0.05365935761900974,0.0004292611575583182,8.338845718849315e-7,
0.053659357263800486,0.0004292315451735655,8.3248628531901e-7,
0.053659357197357135,0.00042922745250063865,8.310320137874178e-7,
0.053659356735420494,0.0004292268145687747,8.332818641115556e-7,
0.0536593564945252,0.0004292264675554409,8.339043510010302e-7,
0.05365935016245731,0.0004292278039965703,8.303402001987371e-7,
0.05365929855892598,0.00042925627382302847,8.308536237064588e-7,
0.053659255015496544,0.000429256277327178,8.304385878453347e-7,
0.05365924285974679,0.00042922468147465066,8.301676599898206e-7,
0.053659213875927314,0.0004292232936330088,8.419209358163289e-7,
0.05365830033222882,0.0004292231338449984,8.338259856727312e-7,
0.053657982170317864,0.0004292236172803421,8.306030650946641e-7,
0.053657493319612906,0.0004292234793571774,8.350095396658416e-7,
0.053656738878879076,0.0004292246616781873,8.363252320101689e-7,
0.05365315838145336,0.00042921928098560707,8.308775466120186e-7,
0.053653114476695796,0.0004292224970508799,8.308877300116059e-7,
0.05365289328227446,0.000429215370456865,8.313604595310538e-7,
0.05365287854311913,0.0004292152973121628,8.318666606040634e-7,
0.05365286316207539,0.00042930941865677733,8.307589457409834e-7,
0.053652657506336354,0.00042929789019715333,8.306236769396613e-7,
0.05365235497074948,0.00042929248267973056,8.303519856136592e-7,
0.05365228573262865,0.00042929161465759207,8.200738572218852e-7,
0.05365176139763319,0.00042929307175045196,8.213075786402114e-7,
0.053651705893873344,0.00042929920767681515,8.193273105564913e-7,
0.05365170284236501,0.0004292919902671865,8.137858593006561e-7,
0.05365170236249236,0.00042928009671231403,8.183992336933587e-7,
0.05365170234882542,0.00042928023595203984,8.143955636310762e-7,
0.05365170180146505,0.0004293061701213869,8.135487019252032e-7,
0.05365170109541392,0.00042925269518112033,8.132061505842151e-7,
0.05365170096816067,0.0004292417273116393,8.132387317965489e-7,
0.05365169743156663,0.0004292379495644144,8.137185868103382e-7,
0.05365169679271228,0.000429238629568831,8.156025003655518e-7,
0.053651696781370176,0.00042924263855729486,8.179452507385608e-7,
0.05365169607564805,0.00042924025392521734,8.136131869991881e-7,
0.05365167748612883,0.0004292409393830005,8.140316505365512e-7,
0.05365167527163226,0.00042924130200879126,8.19763604932994e-7,
0.05365167468720874,0.00042924139474836325,8.131436170178824e-7,
0.05365167453247666,0.00042920117383681814,8.14143298050316e-7,
0.05365167288931035,0.0004292630581553178,8.132719235900281e-7,
0.05365167286616927,0.0004292510515428566,8.135054934860024e-7,
0.05365167020516681,0.0004292064671694901,8.133556991903873e-7,
0.05365167020219872,0.0004292227448822191,8.175071771115063e-7,
0.0536516679040848,0.00042922553262204525,8.154275919234641e-7,
0.05365166736922609,0.0004292450130754344,8.140895301273903e-7,
0.05365166703898875,0.00042938525965748004,8.149038585569815e-7,
0.05365166685658161,0.00042935015519532155,8.152951713081357e-7,
0.05365166343023363,0.0004293957451950645,8.157262179735892e-7,
0.05365166143076377,0.0004294370479169782,8.13545754732269e-7,
0.05365165573188032,0.0004293786945106775,8.151279361928557e-7,
0.05365165541796601,0.00042934805423370127,8.138273071628647e-7,
0.05365165204261222,0.0004292506812625145,8.140617364812003e-7,
0.05365165192019797,0.0004286623351662434,8.134591528562499e-7,
0.05365165165361205,0.00042890409509830035,8.137549279426331e-7,
0.05365165133886104,0.0004295026722968881,8.166816775826899e-7,
0.05365164654857313,0.00043059109517348175,8.134154194861433e-7,
0.053651646441170514,0.00043438389460807104,8.141936625177861e-7,
0.05365164427515313,0.023156600062816952,8.134025881363326e-7,
0.05365164379967269,0.0011149019403934133,8.152754661080259e-7,
0.0536516437587392,0.000559513548464651,8.144314193064337e-7,
0.053651643384211266,0.0005599010959044268,8.132633393248922e-7,
0.05365164329256836,0.0005600166933326248,8.158924465173381e-7,
0.05365164281328701,0.0005598256729126272,9.501146008410381e-7,
0.05365164187987154,0.0005599222752208654,8.115644651023003e-7,
0.053651641676134454,0.0005597501177957994,8.115698480697829e-7,
0.05365163866985244,0.0005596706732131847,8.14476968511603e-7,
0.053651637181718954,0.0005607585680695315,8.10896210095095e-7,
0.053651636604454406,0.0005610750337490645,8.14084468817514e-7,
0.05365161900124737,0.000561839565086586,8.109188005108559e-7,
0.05365152609095428,0.0005626389116490374,8.106907467981164e-7,
0.053651522025802645,0.0005625806860115638,8.10900639455869e-7,
0.05365113225906847,0.0005614989150186555,8.150328340688484e-7,
0.05365109177349646,0.0005607886161592484,8.180137953793424e-7,
0.05365104795463778,0.0005599800725408396,8.132510834780249e-7,
0.05365100378581979,0.0006172545177579677,8.124392356805917e-7,
0.05365092172743175,0.0006284471960784184,8.109696125224262e-7,
0.05365092139028165,0.000575152597068551,8.104868954649159e-7,
0.05365083260537768,0.0006273625268385863,8.134898553143849e-7,
0.05365082010798569,0.0006031634288584341,8.088358238860122e-7,
0.05365081374542422,0.000587720817506415,8.0947967119562e-7,
0.05365079470955167,0.0005876231202311462,8.103903922319233e-7,
0.05365073994835463,0.0005876972337947878,8.097844256815817e-7,
0.05365073966804276,0.0005893031846599455,8.106656054640961e-7,
0.0536506755620967,0.0006004527993361553,8.091322868543146e-7,
0.05365066698404165,0.000599556592342678,8.196118826169715e-7,
0.05365066236483643,0.0006023696942509075,8.087479467316923e-7,
0.05365065069455865,0.0006007437236425139,8.093753120357422e-7,
0.05365061906163648,0.0006004953882936911,8.100099721437687e-7,
0.0536506108919647,0.0006050469561356187,1.051985821316893e-6,
0.05364993575644744,0.0006079516674221915,8.131077724369509e-7,
0.05364987832050442,0.0006189086901104835,8.187603883589819e-7,
0.05364967412975378,0.0005993228482263672,9.485128351258748e-7,
0.05364959454191416,0.0005981170050943022,8.105106421468672e-7,
0.05364951265887394,0.0005927147468351282,8.102841049436654e-7,
0.053649511778210195,0.0005929080970781748,8.06001299587204e-7,
0.0536494516441963,0.0005940046359581815,8.156104740113577e-7,
0.05364944684628001,0.000596125128895465,8.099912034624477e-7,
0.053649441342843676,0.0005840805524585767,8.139454990068822e-7,
0.05364943398282632,0.0005721557101551193,8.084457939806097e-7,
0.05364941277445708,0.0004690854486204755,8.076073491226056e-7,
0.05364941271380228,0.0004651729126240823,8.075400429711518e-7,
0.05364939265020467,0.0004626205011331185,8.08244422892347e-7,
0.053649390247311864,0.00046067302780882034,8.097447730612532e-7,
0.0536493893980108,0.00045926355249502316,8.082539318442325e-7,
0.05364938577502904,0.00045717183336856993,8.089573265834584e-7,
0.05364936928063023,0.00045688656224936386,8.086432336068962e-7,
0.05364936927981761,0.00045675713099099156,8.074918532387054e-7,
0.05364935104383944,0.0004567877132555173,8.082179110222547e-7,
0.053649347848558245,0.00045664868591986944,8.088692553555354e-7,
0.053649347591832375,0.0004560617574165825,8.077468708257888e-7,
0.05364934436394281,0.0004562459404502596,8.081207848366473e-7,
0.05364931763964318,0.0004546590166334343,8.081250331318561e-7,
0.05364931756890026,0.0004543527811600816,8.095621090112161e-7,
0.05364925250297078,0.00045327269119228034,8.082339000851818e-7,
0.053649250704046296,0.00045350539469007006,8.078005195480662e-7,
0.053649229996445766,0.00045369010377435426,8.07535783964542e-7,
0.05364922587932596,0.0004537578089253166,8.081442534071308e-7,
0.05364909907009574,0.0004535035499435467,8.075803445165093e-7,
0.053649059044585994,0.00045350220182458064,8.077348751282832e-7,
0.05364094917541375,0.00045356773602927446,8.137829020665989e-7,
0.05364077374355802,0.0004536549676954371,8.071312402827595e-7,
0.05364012882971408,0.0004538694308841511,8.070518615935556e-7,
0.053639915196730684,0.00045376856602013767,8.071516474286851e-7,
0.053637689221548795,0.00045818037668655573,8.072670822087167e-7,
0.053637688190246106,0.0004560532114485983,8.079923471433872e-7,
0.05363716699343583,0.0004643688273197695,8.097079301974143e-7,
0.05363711124401177,0.0004484802168681254,8.075042732149548e-7,
0.053637050503941165,0.00044826588770843117,8.07066666124365e-7,
0.05363701224264114,0.00044825057071976553,8.122626679988481e-7,
0.053636844282719115,0.0004482735835846298,8.092031396648354e-7,
0.053636825556525006,0.00044827646803431525,8.078468718477901e-7,
0.053636677011726516,0.00044832224717090285,8.103692275352938e-7,
0.05363662026732955,0.0004484541349426554,8.077311678237998e-7,
0.05363661604359386,0.0004484492196532902,8.124710411907231e-7,
0.05363563459909978,0.0004484453547472366,8.090736194970255e-7,
0.05363443141321226,0.0004491068315149131,8.073735605227202e-7,
0.05363442730580755,0.0004491545581914659,8.118361915751534e-7,
0.05363420229591847,0.0004490135742561782,8.067150767632578e-7,
0.05363419665021294,0.000449016720705658,8.066073710591951e-7,
0.053634194851410064,0.00044903773137335365,8.069154356364684e-7,
0.05363419139838681,0.00044901083630367075,8.117746823786627e-7,
0.05363415630760982,0.0004490117556115375,8.077801390964448e-7,
0.05363415627926204,0.0004489879079365376,8.089848816617658e-7,
0.05363413604942414,0.0004487380393758502,8.092951509958983e-7,
0.05363413514876773,0.0004488047244976292,8.08234768841588e-7,
0.05363412535425721,0.00044899325925153215,8.07225216432145e-7,
0.0536340616547011,0.0004491380911445649,8.075959649386205e-7,
0.053633341035383454,0.0004490415819439594,8.065377494502628e-7,
0.05363327132415847,0.00044904990539797646,8.0628636696123e-7,
0.05363251094062972,0.00044866346178991655,8.099052208468296e-7,
0.05363251036809398,0.00044865841377209157,8.062734461581119e-7,
0.053632510366942346,0.00044851651098375746,8.066709458621652e-7,
0.05363250982402844,0.0004484498879424142,8.075618459217089e-7,
0.053632503473747525,0.00044787003183560675,8.06638315752379e-7,
0.05363250347171854,0.0004478459669867719,8.066559324795926e-7,
0.05363249426898887,0.00044808034620868873,8.100523925907599e-7,
0.05363249344812668,0.0004482958693459213,8.061940671559773e-7,
0.05363249343945117,0.0004484252450342115,8.121242997726544e-7,
0.053632492621807186,0.0004482374592091783,8.123771963830611e-7,
0.05363248097127319,0.0004484428899063716,8.07639003346446e-7,
0.053632472141591794,0.0004480071969137471,8.073207546150923e-7,
0.05363245228075931,0.00045012951793788015,8.070208115576436e-7,
0.05363244902473487,0.00045237940944324487,8.072929314294043e-7,
0.05363244845324066,0.0004735860113717609,8.067027119954046e-7,
0.05363244547600405,0.0004540591891772523,8.113091184600313e-7,
0.05363239585852123,0.0004530627769582619,8.081351077985009e-7,
0.05363239585604066,0.0004563600910175834,8.098890059170745e-7,
0.0536323449913103,0.00045607108390350015,8.072882475345799e-7,
0.053632342509517955,0.00045611432040545513,8.06653758181086e-7,
0.05363233953894281,0.00045445544583684014,8.07499033503118e-7,
0.05363233382486362,0.00045380397290397236,8.054495284117086e-7,
0.053632280069802474,0.0004531867922883194,8.088461987438819e-7,
0.053632279786605896,0.0004529894168838773,8.092010657644508e-7,
0.053632209432399616,0.00045323977180656134,8.067321979055905e-7,
0.05363220654927019,0.00045361110565391897,8.067461029429819e-7,
0.053632181564537584,0.00045245786399950814,8.076872950875949e-7,
0.053632143791964494,0.0004522557226905255,8.060865955325143e-7,
0.053631874928336896,0.0004523166412262789,8.061194377775698e-7,
0.053631865668039014,0.0004523181523949147,8.106145148425454e-7,
0.05363150842141684,0.0004523918038238699,8.123492039605649e-7,
0.05363150202621245,0.00045263084678548335,8.078252022481772e-7,
0.053631474094397426,0.00045203268475278426,8.066461760063158e-7,
0.0536314403767745,0.0004525709624612023,8.077055035891732e-7,
0.05363124033025251,0.0004530557441367884,8.070448200192451e-7,
0.05363102103038338,0.00045372653647850886,8.060094538964182e-7,
0.053631019604238536,0.00045478893405676154,8.065658864726582e-7,
0.05363083533435913,0.0004544670570335498,8.065057018020916e-7,
0.0536304756642022,0.00045404859221640734,8.057554515419848e-7,
0.05363047346474899,0.0004537679355128003,8.057991063071928e-7,
0.05363034871217466,0.0004533362327265118,8.058960171173633e-7,
0.05363032624399112,0.0004530196874616173,8.063576562213575e-7,
0.05363002953594649,0.00045473941836037066,8.054387043055666e-7,
0.0536300282294499,0.0004547332282458338,8.054536529133198e-7,
0.053630027099139964,0.00045413447757425073,8.09820976819366e-7,
0.05363002640868669,0.0004546506504017696,8.053744781320547e-7,
0.05363000159188349,0.00045479303701384625,8.117438378382731e-7,
0.05362999990681737,0.00045468048467320126,8.081672338481187e-7,
0.0536299992051619,0.00045431107484036746,8.03357738120451e-7,
0.053629996991181025,0.00045426150253058796,8.035618315000743e-7,
0.053629969723000534,0.00045412871949804023,8.036321428340698e-7,
0.053629969448404306,0.00045418460833731965,8.061062336308525e-7,
0.053629958949864706,0.000454173090031904,8.069685339468664e-7,
0.05362990787221124,0.0004541268675070002,8.031240902399108e-7,
0.0536295181125211,0.0004541229118570973,8.036403674353571e-7,
0.053629511512725596,0.00045409215336973907,8.028128120690393e-7,
0.05362918472032477,0.00045407081123656235,8.042976963412615e-7,
0.053629139535812304,0.00045403964482258123,8.040016804498868e-7,
0.05362892984975622,0.00045402063953268323,8.060786055917614e-7,
0.05362889415738953,0.00045400152113129794,8.035622235619272e-7,
0.05362869086279614,0.00045418957722518114,8.04768348260075e-7,
0.05362869051432496,0.000454231111237643,8.040927568433983e-7,
0.053628689161608706,0.00045433826139196313,8.040672312182764e-7,
0.05362868916030253,0.00045432738153404603,8.137361641250205e-7,
0.05362868775914128,0.00045478181362110367,8.164599891370126e-7,
0.05362868738615009,0.00045475985786153024,8.127098600410454e-7,
0.05362868284082538,0.0004548019794490017,8.10458368144189e-7,
0.05362868246579182,0.00045461314465830555,8.105971710116744e-7,
0.053628679583764854,0.00045456147006078427,8.106169772460947e-7,
0.053628679445941296,0.00045455938061276873,8.164504675395891e-7,
0.053628678313017555,0.00045454742665163294,8.154511995992804e-7,
0.053628678078176985,0.00045449814258373633,8.146200527331929e-7,
0.05362867796712236,0.0004544618668691285,8.104571105249318e-7,
0.05362867742736267,0.0004543619648719969,8.150114209932289e-7,
0.05362867602895623,0.00045439278142837076,6.2082388911018784e-6,
0.05362867602795439,0.0004544280290795377,9.713591587508852e-7,
0.05362867470819094,0.0004541378203448439,9.590419253436269e-7,
0.05362867430963353,0.00045389900787785577,9.614351182002876e-7,
0.05362867430042044,0.00045388443298789667,9.623792325694072e-7,
0.053628673866349834,0.00045388785729980535,9.485227368950366e-7,
0.05362867314748519,0.00045401571267792345,9.498739652000444e-7,
0.053628671671361136,0.00045384465853323284,9.451818273943141e-7,
0.05362866363897756,0.0004538892835320498,9.447701698097616e-7,
0.05362866315342177,0.00045388582631060654,9.473850017512245e-7,
0.053628610036231796,0.00045388260489801575,9.432835033428188e-7,
0.053628585580803766,0.00045387981383599867,9.471851331774415e-7,
0.053628540101591085,0.0004550209260235038,9.201225372864284e-7,
0.053628512464257184,0.000455007862079503,9.168614661668143e-7,
0.053628509690419005,0.000455033341997563,9.162527754154161e-7,
0.05362848873622139,0.00045576248266140197,9.030667188988483e-7,
0.053628426065806076,0.0004574971156655786,8.992407314285352e-7,
0.053628425642995727,0.0004569531961800289,8.867943608224548e-7,
0.053628377996951686,0.0004575358774372662,8.849089454073814e-7,
0.0536283443437751,0.0004597360198402314,8.819404183443264e-7,
0.05362833860673518,0.000458804520508201,8.854708366490178e-7,
0.05362816449882029,0.00045912229611838173,8.811848646492417e-7,
0.05362800974422922,0.0004592463493232541,8.785870051183366e-7,
0.05362800762410622,0.000459233823441585,1.1177133810749527e-6,
0.05362799309810721,0.00045973493175185807,1.1030928885170775e-6,
0.053627970535401887,0.0004601279990290152,1.127753627995215e-6,
0.05362796867563979,0.00046047542848441745,1.0193619402608994e-6,
0.05362755465037122,0.0005077352625558558,1.0214492633264613e-6,
0.05362747971688424,0.0004664144257982768,9.779768554950118e-7,
0.05362732803259695,0.00047268402704901506,9.733747105790891e-7,
0.05362725716289514,0.0004605641560800812,9.240674573789124e-7,
0.05362713812699346,0.00045269482422374824,8.572245851371156e-7,
0.053626730034592944,0.0004458965903212565,8.549835605752479e-7,
0.053625133855802136,0.00044788522995144154,8.301099420926602e-7,
0.053625132435831106,0.0004483983438226403,8.299158710048704e-7,
0.05362428144246728,0.0004460961158043514,8.385294161422305e-7,
0.05362198981185076,0.00044607601083301445,8.190439968174524e-7,
0.05362179190801257,0.0004461064744628157,8.888615578937506e-7,
0.05359085505190279,0.00044611630857307994,8.136015504799921e-7,
0.05358802234858634,0.00044615478115318303,8.123258545921043e-7,
0.053578268558779375,0.0004462569593762507,8.111342758867752e-7,
0.05357538537551312,0.00175530794306814,8.120410597395604e-7,
0.05357192694555396,0.0011934507733074977,8.111807059980017e-7,
0.05357192618575166,0.00041933834131950435,8.108841370041955e-7,
0.053567039864158866,0.00041416882699343193,8.121474248893543e-7,
0.05353611234233507,0.0004162325306294592,8.107567541682936e-7,
0.053535660256581685,0.00041431099753214096,8.09913851060774e-7,
0.05353544728285095,0.00041380008447630586,8.29464881913084e-7,
0.05351401593105976,0.000413799148518163,8.354900014272324e-7,
0.05347725607798018,0.000413799920177656,8.74933287979333e-7,
0.05347715457076922,0.0004138007284172709,8.108004333231174e-7,
0.05345356514945327,0.0004138028130384219,8.10990012423241e-7,
0.05344543106449619,0.0004138016070539197,8.102495230920093e-7,
0.053445424000520235,0.00041380243114475304,8.10696990613479e-7,
0.053442858098570904,0.00041379631806094197,8.108345213654451e-7,
0.05344063408789048,0.0004138172366147517,8.104867687137018e-7,
0.0534406055080773,0.0004138359684704824,8.182839992831335e-7,
0.05344012212765401,0.00041383796854188457,8.110321757109113e-7,
0.05343993000011454,0.0004139992856339226,8.103065797956816e-7,
0.05343992534720661,0.0004139993892798385,8.14063819416202e-7,
0.053439538720713664,0.0004139976910672092,8.108432930515752e-7,
0.053439362282364636,0.0004141703464108381,8.10376371406255e-7,
0.053439358751329005,0.00041412534376712663,8.100424521571877e-7,
0.05343930719797245,0.0004141300806863076,8.254962667183307e-7,
0.05343926264012293,0.00041412300453032866,8.632365004629938e-7,
0.05343926257175678,0.0004140849423603549,8.156068116231927e-7,
0.05343924782238932,0.0004140763551085648,5.3007907322659455e-6,
0.053439238878353085,0.00041409750875190154,8.971236561377368e-7,
0.0534392388215319,0.0004139308031301075,8.723417309610696e-7,
0.053439230411948126,0.0004138736183260896,8.527755740746305e-7,
0.05343922058804434,0.00041387903229800864,5.845502891104664e-6,
0.05343922056454181,0.0004138714852578982,1.2630749381302978e-6,
0.05343882308736204,0.0004138711569874075,1.263383926280117e-6,
0.05343876020359483,0.0004138728599974552,1.1518091597170473e-6,
0.05343862454519072,0.00041387703601194976,1.1446725740660316e-6,
0.05343862449975662,0.00041387921414359774,1.1392305248299384e-6,
0.05343861671952704,0.0004138510093573144,1.1203162598883818e-6,
0.053438615074215066,0.0004140030381387692,1.094914119115158e-6,
0.05343861114634719,0.000414240760187572,1.0937653478617978e-6,
0.05343861072499311,0.00041386295885331996,1.116816012105849e-6,
0.05343860905713558,0.00041395769325838083,1.0972783379545608e-6,
0.05343851313571012,0.0004138885612124172,1.053580111045693e-6,
0.05343844364638649,0.00041388980650763083,1.1166595425497051e-6,
0.05343843488330274,0.0004138669145632005,1.2337514161381355e-6,
0.053438418492417865,0.0004138609290619037,1.2379554165780035e-6,
0.053438414697369166,0.00041386155065610043,1.0878437903919097e-6,
0.053438409458624506,0.0004138621261487165,1.0585071729228353e-6,
0.0534383789182722,0.0004138625060928555,1.0437530440939264e-6,
0.053438373699958484,0.00041386575286491464,1.0458772755473125e-6,
0.053438368680866405,0.0004138696858724023,9.958897338489707e-7,
0.053438358977617166,0.00041387262660197015,9.891737063527934e-7,
0.05343835623463507,0.0004138476160351983,1.011759001380648e-6,
0.053438355613674285,0.000413849318888802,1.0349479263525263e-6,
0.053438345399804944,0.00041385187216874474,1.040634257966235e-6,
0.05343834111982158,0.00041385681815405274,9.82757730467243e-7,
0.05343834080887598,0.00041380821262328475,9.79138585211713e-7,
0.0534383351600014,0.0004137706307639025,1.0122424351876317e-6,
0.053438330668528884,0.00041376939052403724,1.0108516022824149e-6,
0.05343833022281544,0.00041375835829583004,1.0177488860442146e-6,
0.05343832091357395,0.00041376044462085874,1.0225300149770072e-6,
0.0534383173035714,0.0004137516598214674,1.015825402782664e-6,
0.053438315732517054,0.00041375123870044343,1.0142592008555073e-6,
0.05343830811018032,0.0004137508745768948,1.0124507337641092e-6,
0.05343830415148564,0.0004137507563705217,1.0190426708025875e-6,
0.0534383036343466,0.0004137387602274942,1.0148120256780674e-6,
0.053438296558248645,0.0004137380606087354,1.0311279702754094e-6,
0.053438293251237716,0.00041373799223491013,1.0439107310596419e-6,
0.05343829321862414,0.00041376007421129216,1.1151065727265017e-6,
0.05343828943278853,0.0004137605721908158,1.4951749371555408e-6,
0.05343828623208695,0.0004137598196790376,1.5777562010109746e-6,
0.053438285970695276,0.00041374303419426434,1.3912990048635e-6,
0.05343828020714354,0.00041373937498754865,1.3862516897666395e-6,
0.053438278304884,0.00041373792108198414,1.4404171585678695e-6,
0.05343827671366257,0.0004137368246007726,1.435323980403287e-6,
0.053438271349749225,0.0004137517103159237,1.8078741159054394e-6,
0.053438269187125326,0.0004137583819053421,1.697476782618869e-6,
0.053438268508261826,0.00041378051456005227,1.6399766336063765e-6,
0.05343826044824452,0.000413784465346988,1.8259953009256809e-6,
0.053438257302001614,0.00041377978132425304,1.7467501034800728e-6,
0.05343825678841667,0.0004137719805706797,1.5908238702806985e-6,
0.05343825190953874,0.00041375130800999014,1.5968419124441054e-6,
0.05343824819740325,0.0004137524659451408,1.5233252866653286e-6,
0.053438248113632285,0.0004168540301867848,1.4113505065941534e-6,
0.053438242836604644,0.0004170905442424556,1.425614785046653e-6,
0.05343824089207366,0.0004177519624171929,1.5956494923970628e-6,
0.05343823963019976,0.00041789431416726955,1.5026403614550674e-6,
0.05343823473687638,0.0004171885474002532,2.910220465782076e-6,
0.053438232242568266,0.00041717879485361363,1.544686607865476e-6,
0.05343823047456168,0.00041678108132765286,1.5614971682544736e-6,
0.05343820946494822,0.00041688237195452554,1.4819982767481165e-6,
0.05343820350747567,0.0004166899552832681,1.4868738978970254e-6,
0.05343819650823909,0.00041670155086190644,1.3908020833826068e-6,
0.05343817934905582,0.00041609498910305564,1.2306133442265905e-6,
0.05343817355631568,0.0004158065165067656,1.1519842869921321e-6,
0.05343817345868764,0.0004155382580047863,8.402183683320243e-6,
0.05343816087983608,0.0004151553670815086,4.69341726166321e-6,
0.05343815444649248,0.00041507994583726745,4.584349717984503e-6,
0.05343815439102485,0.00041508581481167813,7.097723448122459e-6,
0.05343815435293482,0.00041456530518186756,6.4763961098263456e-6,
0.05343805927708763,0.0004145583965739272,6.257743745224353e-6,
0.053438002802098976,0.00041451307709820253,6.330687659238965e-6,
0.05343799683594192,0.0004145154525843596,4.6186844115092225e-6,
0.053437936782071045,0.00041451887826267944,4.313918989841642e-6,
0.05343779940708453,0.0004145059140880924,3.7874393868877133e-6,
0.05343779939602507,0.00041450579002013055,3.492412105478795e-6,
0.053437797360930336,0.0004145042781949549,3.53632812561178e-6,
0.05343779731043703,0.00041452175079191507,3.7211178509578884e-6,
0.05343779600769664,0.00041451381472946535,3.5070090721183812e-6,
0.05343779288643508,0.0004142374528675822,3.140834147873808e-6,
0.05343778916695833,0.00041419771873632533,3.10015392067509e-6,
0.053437789146937933,0.0004141916790273877,2.829864843765975e-6,
0.0534377874093835,0.00041419355551442784,2.7211173565817477e-6,
0.053437786362087326,0.00041418416879858086,2.631382606236116e-6,
0.05343778635396338,0.0004141950687080776,2.477937538101384e-6,
0.053437786290646785,0.00041418500396490606,2.288493975477392e-6,
0.05343746752566362,0.0004141847499004243,2.231205648682093e-6,
0.053437238565882735,0.00041418499348491,2.2420166996391037e-6,
0.053432621520613885,0.00041413880483637884,2.1384670411948986e-6,
0.0534325955651794,0.0004141403350363463,1.8148301743328183e-6,
0.05342958252437242,0.00041415011329830624,1.0129547158418146e-6,
0.05342957884743169,0.0004141497592960277,8.627683586859768e-7,
0.053423064577234905,0.00041414245583377615,8.522638359998526e-7,
0.05342213093256463,0.0004141421007111341,8.541007773767857e-7,
0.05342059042408476,0.00041414570890814035,8.542562686975065e-7,
0.05342020659825575,0.0004141439494836729,8.527879325146681e-7,
0.05341824021083003,0.0004141464859669359,8.519845606008056e-7,
0.05341823770287227,0.0004141301220221172,8.51984214594001e-7,
0.05341755184885226,0.000414128444287969,8.541608828312617e-7,
0.05341729274890984,0.0004141385879064727,8.543050457841144e-7,
0.05341709125545168,0.00041415393951147215,8.520903846529826e-7,
0.05341676596277392,0.00041416978946060413,8.528522106109165e-7,
0.05341659383553281,0.0004141804414103915,8.569665859984724e-7,
0.053416593501173865,0.00041417694486583145,8.526399143441843e-7,
0.053415808891464724,0.00041418262316675954,8.516322690792699e-7,
0.05341558447223507,0.0004141717609410897,8.621160260698135e-7,
0.05341555607353099,0.000414596437784669,8.630453395143528e-7,
0.053415401200029154,0.0004203011274382309,8.525067584815599e-7,
0.05341510433230167,0.0004153636114169371,8.990193224856515e-7,
0.05341510348372777,0.00042257468036886677,8.574670969180329e-7,
0.05341492794848524,0.0004149166444898568,8.681010472512006e-7,
0.053414889656733855,0.0004147445667634978,8.403629794385149e-7,
0.05341488538012387,0.00041458075751719817,8.382566539610573e-7,
0.05341465955163123,0.00041496708973234094,8.595681179557241e-7,
0.05341414829286577,0.0004146274122257334,8.416904599608721e-7,
0.05341414747249933,0.0004147229014224911,8.391171194648662e-7,
0.05341391976467925,0.00041463470946693777,8.091303534106299e-7,
0.05341384970398691,0.00041542875515659044,8.603749954262483e-7,
0.05341384924895787,0.00041520293715433735,8.025386361074414e-7,
0.053413052462771435,0.00041518319396151076,8.009258019929109e-7,
0.05341303406842944,0.0004138885419590578,8.016881412538585e-7,
0.05341301772670231,0.0004139024627834573,8.018076079023365e-7,
0.053412994576518935,0.00041383388183972993,8.01239908518404e-7,
0.05341296761633053,0.0004137897439534908,8.016598380525422e-7,
0.053412964243920426,0.0004137687522196565,8.013804248096844e-7,
0.05341293681150181,0.0004136461933443502,8.011155485981608e-7,
0.05341293146726369,0.0004136642941200122,8.009914814535861e-7,
0.05341292819240025,0.0004138660731471882,8.001683278952651e-7,
0.05341292476743041,0.0004139824295785855,8.123913631672908e-7,
0.05341290786391552,0.0004141237346947695,8.019932437333673e-7,
0.05341290785539091,0.00041418486800404446,7.994953692779944e-7,
0.05341252583270466,0.00041419999645300726,8.001454880616617e-7,
0.053412323496462355,0.0004141760258855714,7.906839251735178e-7,
0.05341232339148639,0.00041403530608817953,7.946150949696991e-7,
0.05341213466068408,0.0004137805172474919,7.899046866172425e-7,
0.05341184102103283,0.0004137783286825177,7.997982682488525e-7,
0.0534118409859054,0.0004137914793210158,7.900254541434426e-7,
0.05341036382142988,0.00041381753448616537,7.908324355404056e-7,
0.05340946272070327,0.0004137399470658027,7.949785802878137e-7,
0.05340944311039037,0.0004137502210246157,7.909509049110915e-7,
0.053408534325769766,0.0004209989802029569,7.90226152946138e-7,
0.05340667783615521,0.000423683942139563,7.900836448313157e-7,
0.05340667783439817,0.00041506716469316875,7.90073684940537e-7,
0.05340649375449291,0.00041506081820869527,7.918564096206642e-7,
0.053406388020727974,0.00041514985981306625,7.901080906680823e-7,
0.053406387986548405,0.0004159414628064679,8.528292714664985e-7,
0.053406255518795104,0.00041606613703869364,7.942443959901863e-7,
0.053406036045761676,0.0004155084751135931,7.92827899299179e-7,
0.0534060359697272,0.0004157996239341224,7.931834982577738e-7,
0.0534047534041905,0.0004140871020536361,7.931192599265262e-7,
0.053404115653491034,0.00041403424695409723,7.929146884227054e-7,
0.05339384785192926,0.000413919698767211,7.950257406830005e-7,
0.05339383370978686,0.0004136915653654317,7.960335452124113e-7,
0.05339311478101948,0.00041339258316049364,7.993617051829093e-7,
0.05339311345429454,0.00041338477677625035,7.947142737384276e-7,
0.05339226722736442,0.00041338539486889436,7.930097294476879e-7,
0.05339188635836201,0.0004133847864718777,7.918848535410317e-7,
0.053391829588862454,0.0004133841758082383,7.923795337691207e-7,
0.053391548032443795,0.0004133805780132023,7.907874674622595e-7,
0.05339069745386455,0.0004133809989562976,7.791186185117795e-7,
0.053390696834262716,0.00041337351890063955,7.76694744383075e-7,
0.05339016350669108,0.00041337643511517335,7.758079469561008e-7,
0.053389923555701005,0.00041337214828879976,7.762359204278985e-7,
0.05338992143658391,0.0004133648014088694,7.792161483255459e-7,
0.053389728111688406,0.00041336528146404495,7.762017220655304e-7,
0.05338942873691877,0.0004133387864945178,7.750585598628706e-7,
0.053389428218804116,0.00041333262581776423,7.758247754329942e-7,
0.053389116274777895,0.00041332753877825265,7.758484224281734e-7,
0.05338897339906118,0.0004174097936959468,7.784381526970513e-7,
0.05338895989277749,0.0004174918233642483,7.75102470101323e-7,
0.05338878848290359,0.0004126397417311415,7.813549743002152e-7,
0.05338836873552207,0.00041261683049699033,7.78693356380089e-7,
0.053388368607971096,0.0004147891796669759,7.756762300469432e-7,
0.053388127179305626,0.0004893645928020471,7.752252193180921e-7,
0.053388003144568576,0.0005492115122392831,7.759081655845557e-7,
0.053388002161062986,0.000615754076849071,7.799108318250185e-7,
0.053387871158572735,0.0005300175871771535,7.749130622838308e-7,
0.05338768059110764,0.0004602140167805746,7.778004026825364e-7,
0.05338768058155738,0.0004192625671360701,7.757401151968295e-7,
0.05338753580397233,0.0004099836925674143,7.790073960074119e-7,
0.05338741848847476,0.0004099722473174174,7.797999330703601e-7,
0.053387417007373185,0.0004099732154917705,7.788318341228826e-7,
0.05338731679714041,0.0004099625761660993,7.777986705340589e-7,
0.05338715745756677,0.000410154705552394,7.750951797727334e-7,
0.053387157413053506,0.00041018412925865853,7.752369305049547e-7,
0.05338697018869167,0.0004109438704926314,7.776854108306929e-7,
0.053386838078020596,0.00041059955597128473,7.796294013556148e-7,
0.05338683802520073,0.0004105496516712119,7.813081938874934e-7,
0.05338670146687613,0.0004108884264863629,7.781756229036613e-7,
0.05338651399323536,0.0004100007811573629,7.749134903348132e-7,
0.05338651391369559,0.0004099448013928675,7.744582684152097e-7,
0.05338635006672352,0.0004099708018640721,7.752451506260801e-7,
0.053386232917083415,0.00041002056424311933,7.744122895223897e-7,
0.053386232839916586,0.0004099985625749398,7.832578253121884e-7,
0.05338611565524986,0.00040997027297853426,7.768193447648018e-7,
0.053385953034787964,0.00040989073814273324,7.772418611066942e-7,
0.05338595302174067,0.0004099262561171322,7.786185814095145e-7,
0.0533857901802188,0.0004099207910929057,7.755127176216714e-7,
0.05338567918529379,0.000409945440361168,7.767876655849033e-7,
0.05338567915513913,0.00040994642206078704,7.756518263520479e-7,
0.05338556774698313,0.0004099447462701811,7.784348824709697e-7,
0.05338541188065803,0.0004099446163550403,7.753972911391031e-7,
0.05338541187381522,0.0004099226734561003,7.749306225236444e-7,
0.05338524285436661,0.00040992413378802513,7.780670535418833e-7,
0.053385134632298326,0.0004099218761246485,7.751075981141764e-7,
0.053385134017768794,0.0004099256621161796,7.78085917400216e-7,
0.05338505175960506,0.00040992534266311577,7.749187192601417e-7,
0.05338495123132364,0.00040994740734766647,7.748670467254164e-7,
0.05338495110160789,0.00040994105476380773,7.76751568480495e-7,
0.05338481070132918,0.000409950549781721,7.7542047876086e-7,
0.05338471906880649,0.00040996071175456394,7.780600924080957e-7,
0.05338471866684857,0.0004099582452408963,7.75757083879571e-7,
0.0533846428888377,0.0004099593880891668,7.748534371161616e-7,
0.05338454670605967,0.0004099592004640963,7.757855037475976e-7,
0.05338454667027553,0.0004099589388120194,7.756537075175342e-7,
0.05338446729612997,0.00040995974074800633,7.749669683333443e-7,
0.05338441983287019,0.0004099561523921637,7.747812772770705e-7,
0.05338441899257915,0.00040996029176843066,7.750801135228902e-7,
0.05338437354272607,0.00040996135623675345,7.7530922568512e-7,
0.053384320850914935,0.00040996110912575284,7.755975455926642e-7,
0.05338432083275315,0.00040996447087457107,7.748105502548244e-7,
0.05338336268256559,0.00040996516928765484,7.747718957782845e-7,
0.05338330152325305,0.00041005620088222595,7.782038827937634e-7,
0.053383299703595025,0.00041004062272347725,7.763887605798794e-7,
0.05338327649451475,0.0004100401882452444,7.749946414902193e-7,
0.053383202245411564,0.0004100395264317897,8.381897940624925e-7,
0.053383202244346145,0.0004100380063658156,7.877105571881536e-7,
0.05338318761234105,0.0004100261206060873,7.906763573052067e-7,
0.0533831837981616,0.0004100368143408821,7.893501713126671e-7,
0.05338318379475886,0.00041003767796831336,7.88164367952e-7,
0.05338318032973763,0.00041001580284476485,7.968143570758776e-7,
0.053383167354206264,0.00041001531581576884,7.901043106843788e-7,
0.053383167354143515,0.00041001399582492906,7.892653373996819e-7,
0.05338316174743139,0.00041014386319511203,7.907543335920481e-7,
0.05338316033824594,0.0004103569191713449,7.885594628722727e-7,
0.053383160308943106,0.0004103063176003451,7.885267972906648e-7,
0.053383159567415024,0.0004103227408078043,7.878773146854664e-7,
0.05338315735993893,0.00041026591016788246,7.874830970270936e-7,
0.05338315735153659,0.0004102296945382543,7.91196065036944e-7,
0.05338315269490749,0.0004101920887695491,7.900174252677129e-7,
0.05338315177321741,0.00041017331689172576,7.871138680261316e-7,
0.053383150763524734,0.0004102057779811823,7.884009492759958e-7,
0.05338314900883587,0.000410102981757036,7.883462564607935e-7,
0.053383146341594745,0.00041007269979604846,7.880268632432566e-7,
0.05338314633626339,0.0004100729013290595,7.873503588464444e-7,
0.05338306760801561,0.0004100766479016648,7.887877109836642e-7,
0.05338304733217555,0.00041007729745486473,7.873810220187745e-7,
0.05338304730901212,0.000410053351065679,7.867736735555898e-7,
0.053383026914543164,0.00041015196035918647,7.867664322798431e-7,
0.05338296347068498,0.00041009203980906954,7.86912212565651e-7,
0.05338296347012117,0.00041007012290173513,7.887773052955774e-7,
0.05338293913906217,0.0004100171066152955,7.887253451033738e-7,
0.053382931528481406,0.0004099240878483916,7.871928562639312e-7,
0.05338293152772781,0.0004098436094908003,7.94205518764854e-7,
0.05338292398763166,0.00040983645034532284,7.863105637024786e-7,
0.05338289793393871,0.00040983700061935946,7.996806754695679e-7,
0.05338289793387118,0.0004098369007285267,7.949218133639084e-7,
0.05338284535553829,0.00040983259337369355,7.92240272847656e-7,
0.05338282901478137,0.0004098280980343003,7.919704435752194e-7,
0.05338282851558752,0.00040983558596095255,7.872718095152421e-7,
0.0533828158106648,0.0004098356845988229,7.866816344491896e-7,
0.053382765112176774,0.00040983691201560053,7.939725703675123e-7,
0.0533827650971531,0.00040982385677910374,7.878529009151258e-7,
0.05338273214429677,0.00040966647304881636,7.874690670149199e-7,
0.05338272285990954,0.00040994083885022764,7.893019078191622e-7,
0.05338272153951087,0.0004096858421403668,7.871946213695309e-7,
0.05338271032878412,0.0004096642001429293,7.871896444240374e-7,
0.05338268643806241,0.0004096640773231126,7.870185271866853e-7,
0.05338268643718938,0.00040967830381635436,7.866674353086271e-7,
0.05338264427298123,0.00040970854655815106,7.865234608259307e-7,
0.05338263101048138,0.00040970472314291517,7.8977557727258e-7,
0.05338263100514267,0.00040971653077047934,7.888313794072518e-7,
0.053382616527771154,0.00040970543462499773,7.865474703517163e-7,
0.053382568708797914,0.00040970551332015576,7.874651748981354e-7,
0.05338256870860396,0.00040970596414392963,7.859605251606701e-7,
0.05338252339345009,0.00040971640118115315,7.874334767452866e-7,
0.05338250933729681,0.0004097151875391419,7.880008919480807e-7,
0.05338250930718808,0.0004097164301251049,7.888262940762622e-7,
0.05338249431922443,0.0004097161727076914,7.883102088802638e-7,
0.05338244310047446,0.00040971649424565354,7.873803265821813e-7,
0.05338244310015743,0.00040970728889126425,9.202095814581879e-7,
0.05338238686316403,0.000409704174130586,7.918447246703902e-7,
0.053382368386230644,0.00040970095404321865,7.915596087237228e-7,
0.05338236829433066,0.0004097023123888346,7.919462387510892e-7,
0.05338234894159164,0.00040973593550574177,7.908239899667552e-7,
0.0533822857024109,0.0004100554657743198,7.906632640405519e-7,
0.05338228570009953,0.00041032831591355975,7.906771933035555e-7,
0.053382217543627174,0.0004100888644081307,7.905032782732619e-7,
0.05338219806355366,0.0004102901404007228,7.91435399616491e-7,
0.053382197971544816,0.0004103548132487823,7.910690676680416e-7,
0.05338217832688278,0.0004103348982105951,7.949876414697722e-7,
0.053382115401051665,0.00041023795790763384,7.949634657623791e-7,
0.0533821153998884,0.0004103264229033982,7.903403742565451e-7,
0.05338203568665108,0.00041036020717625225,7.908537775494521e-7,
0.05338201190694039,0.00041038410577404357,7.900963229415768e-7,
0.053382011904488574,0.0004103198667631044,7.908062277837679e-7,
0.05338198842626814,0.0004103317253819331,7.904642718247831e-7,
0.05338191578291973,0.0004104289038098338,7.900387668525092e-7,
0.053381915764487926,0.0004103858218856008,7.923458600900961e-7,
0.053381792352621284,0.00041048315373233053,7.907134370784408e-7,
0.053381750861488726,0.0004114258054562764,8.401716756672773e-7,
0.053381750859735705,0.0004105461540697803,8.120579471498002e-7,
0.05338170954347883,0.0004107908751535979,8.057685574776037e-7,
0.05338160092634166,0.00041110153261357334,8.007582062670031e-7,
0.05338160092374456,0.0004432466806378256,7.980176464757833e-7,
0.05338150122369865,0.00041443885561063154,7.997615317844861e-7,
0.053381464132145076,0.00041329818039785436,7.995098291745039e-7,
0.053381463901036943,0.00041274946084826077,7.985592074228145e-7,
0.05338142746085662,0.00041252534037280103,8.004638062621561e-7,
0.053381340730333036,0.00041246794801093686,8.020789812427044e-7,
0.053381340730197305,0.00041243887628750176,8.023806755085726e-7,
0.053381218989267065,0.00041223807006395956,8.032416534522178e-7,
0.05338117258089167,0.0004120184890644454,1.6728827155126936e-6,
0.0533811725728202,0.00041212775249530124,8.047993545897026e-7,
0.05338112741331628,0.0004120683448589077,8.12862303713792e-7,
0.05338101212160082,0.000412086013118145,8.054498987554989e-7,
0.05338101212108272,0.00041207325804331946,8.011455365771916e-7,
0.05338085399815394,0.0004120707369102297,7.999686719186508e-7,
0.0533807870781625,0.000412054374996704,8.01623151617604e-7,
0.05338078675330938,0.00041207385979833165,8.022157117362514e-7,
0.05338072806320377,0.00041216077582621074,7.997101126581473e-7,
0.05338057403657177,0.0004121577480763463,7.993984433710857e-7,
0.053380574034960195,0.000412139339551658,7.991476297195465e-7,
0.053380443556431095,0.000412062086166128,8.003094002636013e-7,
0.053380390763609016,0.00041233700194627374,8.029045680203498e-7,
0.05338039065952417,0.00041218363675277886,8.028109800812781e-7,
0.05338033246164628,0.0004201171118391311,8.049216207998342e-7,
0.0533801785932787,0.0004159083972605702,8.056999363553013e-7,
0.05338017859172052,0.00043910544225831,8.00874911278325e-7,
0.05338011664853427,0.00047449761276398527,8.006138052278654e-7,
0.053380092881060506,0.0005149527219492787,8.025073055300263e-7,
0.053380092850947074,0.0005871477173650809,8.059601179291092e-7,
0.053380013312180404,0.0004845663254427521,8.054124912739793e-7,
0.05337979873671038,0.0005235840192918345,8.03768131779896e-7,
0.05337979870937643,0.0005622279306152498,8.017970306670556e-7,
0.05337951874267532,0.0005113647471085974,8.037370592589113e-7,
0.05337941640336999,0.0004468383599676446,8.070793340904509e-7,
0.05337941635974049,0.00043654714512733763,8.074441071557508e-7,
0.053379276234954136,0.00042699649333695545,8.060975542979263e-7,
0.053378894371043165,0.0004158084784912348,8.013827596232289e-7,
0.05337889436618734,0.0004160634247374357,8.032430496721861e-7,
0.05337859000512695,0.00041489427020622454,8.023119719726258e-7,
0.05337847811337434,0.0004148611155920135,8.032511000660254e-7,
0.05337847810711189,0.0004148606907592827,8.011792475810597e-7,
0.053378372552406975,0.00041482696323603296,8.033650968565334e-7,
0.053378084895291986,0.00041480788867046025,8.01505052500314e-7,
0.053378084893419296,0.0004147963431219596,8.050099503869718e-7,
0.05337779703336522,0.0004147921439099243,8.016541296299108e-7,
0.05337769240085968,0.0004324475050057188,7.961664686095893e-7,
0.053377692392279644,0.00042711240911893735,7.975211449156082e-7,
0.053377587232218277,0.00042423585666723164,7.955097284952504e-7,
0.05337732431975835,0.0004237208731263863,7.8719410194386e-7,
0.05337732086227629,0.0004207719700873469,7.866759136003002e-7,
0.05337710557579514,0.00041779342496610854,7.868605650598479e-7,
0.053377058654975065,0.000416745041226556,7.833116445539589e-7,
0.05337705843073264,0.00041757512842048404,7.837733213564668e-7,
0.05337700484629444,0.00041692049773975684,7.847450726344935e-7,
0.05337682524386541,0.0004159663473999022,7.845007000643367e-7,
0.05337682520670744,0.0004152188235397529,7.878543041136394e-7,
0.05337649470508638,0.00041444705274639755,7.867992430411485e-7,
0.05337638501703268,0.00041440616857810084,7.837439852642183e-7,
0.05337638429990123,0.0004143503746952938,7.87115312726123e-7,
0.05337599529951411,0.0004141427303391053,7.837653917774134e-7,
0.05337471944240069,0.00041538725452261856,7.873088835219285e-7,
0.05337470787768797,0.00041565178639205874,7.8519394342833e-7,
0.05337339698628064,0.00041401636405841966,7.860320464815179e-7,
0.05337310783549459,0.0004143323991823126,7.849196664984459e-7,
0.053373107662061214,0.00041422703374097326,7.860011542681369e-7,
0.05337189795124824,0.0004142312364289135,7.843105034302932e-7,
0.05336801687983044,0.0004141988186942334,7.839681417523657e-7,
0.05336801584258988,0.0004141946172111953,7.836347255444166e-7,
0.0533643310244369,0.00041419551030735607,7.864787300851913e-7,
0.053363238279712295,0.00041419092975022857,7.860126988515271e-7,
0.05336323762596303,0.00041373561180476753,7.863443710082031e-7,
0.053363089585007385,0.0004136374547001633,7.860159930621488e-7,
0.05336265509764677,0.00041358671704997264,7.884087918992077e-7,
0.05336265500522304,0.0004133870196889212,7.888182217085255e-7,
0.0533620902436569,0.00041341070164232466,7.867242367253978e-7,
0.05336190341283496,0.00041351106214358805,7.869235473288969e-7,
0.053361903032222935,0.00041359202606443854,7.865818656993592e-7,
0.05336179580266646,0.000413732282958282,7.863537367726717e-7,
0.05336147886768021,0.00042222539284278416,7.871006515736062e-7,
0.053361478838868034,0.00042268261696811675,7.864623331226503e-7,
0.0533609338217104,0.0004277202169127777,7.865923149629046e-7,
0.053360755227273904,0.0004268380032603816,7.856627061879961e-7,
0.05336075497863349,0.0004261185981328775,7.855591254502809e-7,
0.053360588157929316,0.0004282762964907022,7.880581497296904e-7,
0.053360093043218315,0.0004302640318334455,7.886055978177905e-7,
0.05336009304032504,0.0004494747537718192,7.880288047387121e-7,
0.05335949007479729,0.0031597691671031197,9.316555068444745e-7,
0.053359292910636916,0.00054653927492647,8.096099233506075e-7,
0.05335929284413848,0.000450156497394266,8.036973066734041e-7,
0.05335911294952772,0.0004473097151763435,7.969385304898506e-7,
0.05335857510741092,0.00046251754481823525,7.954345218082422e-7,
0.05335857494558189,0.0004457402868389486,7.938581067661138e-7,
0.05335823157791906,0.0004455435562224203,7.955790235410753e-7,
0.053358107734429734,0.0004446331380457946,7.948162740080684e-7,
0.053358107128971294,0.0004424743919947505,7.981545896760389e-7,
0.05335799577354693,0.0004425672986805399,7.937440084104868e-7,
0.053357698533665725,0.0004427207603194101,7.931890348728668e-7,
0.05335769853256077,0.0004427730510933646,7.92632935842449e-7,
0.053357027814007904,0.0004430027385071302,7.872746452120104e-7,
0.053356796814621875,0.0004431966694993127,7.86551760733704e-7,
0.05335679650195156,0.00044340466964626097,7.806449209859197e-7,
0.05335655721515787,0.00044346098420717064,7.856689712902694e-7,
0.05335589252048513,0.0004440689315210765,7.803453337593445e-7,
0.053355892506614225,0.0010053089155391492,7.807211418109926e-7,
0.05335451428498933,0.0009163084250961938,7.81555989866239e-7,
0.05335403379682771,0.0007393563068210265,7.798927981374084e-7,
0.0533540321672657,0.0008394143643420475,7.838462865976419e-7,
0.05335358576004011,0.00224184451649252,7.80508943679432e-7,
0.05335238626798262,0.0006062612470162685,7.801687544955858e-7,
0.05335238626530425,0.0005701743294906573,7.797629468725493e-7,
0.05335230472764132,0.000570130888080891,7.797730902195669e-7,
0.05335227685741925,0.0005701442565157445,7.793361301839835e-7,
0.05335227685054048,0.0005701725205267169,7.787958113186124e-7,
0.053352259351982984,0.0005702043583775353,7.802642309750786e-7,
0.05335221041003885,0.0005702184286571569,7.885178980984018e-7,
0.05335219214892611,0.0005702009212446742,8.043212240613226e-7,
0.0533521406068353,0.0005702765761708376,7.776821441127607e-7,
0.05335213444557546,0.0005705134862225858,7.760098737810167e-7,
0.05335211817002872,0.0005705746359930694,7.757970575331317e-7,
0.053352118122893866,0.0005706919685775891,7.754055857103193e-7,
0.05335207888771311,0.0005706214407163332,7.754611021583005e-7,
0.0533520652476788,0.0005704690660521308,7.746318392955475e-7,
0.05335206518028716,0.0005703479106968309,7.749387433318575e-7,
0.05335206092467582,0.0005701883007261277,7.763879593172383e-7,
0.0533520494968795,0.0005702402185197612,7.750507003805951e-7,
0.05335204949668433,0.0005711275638341348,7.769093628890384e-7,
0.05335159631035939,0.0005809564329350624,7.803458924751447e-7,
0.05335144925938904,0.0005791776569438406,7.756770316300682e-7,
0.05335144923682448,0.0005823607369224842,7.768523822003965e-7,
0.05335130470404526,0.00058516617584822,7.74552060281854e-7,
0.05335087292143535,0.0005837540150616798,7.814277984422366e-7,
0.05335087292129429,0.0005923864108951943,7.811813122122514e-7,
0.053349042155487754,0.0005959386124073995,7.814802635112726e-7,
0.053348488949382426,0.000590555847569474,7.812922796898757e-7,
0.05334848881390639,0.0005867043791117333,7.816160975890192e-7,
0.05334792818824443,0.000585102287180069,7.839316128831506e-7,
0.053346154520252854,0.0005848264940650852,7.817078272268517e-7,
0.05334615451777141,0.0005854814875045298,7.786982644161464e-7,
0.053343254082043934,0.0005848321235460395,7.788370085763989e-7,
0.053342341565996786,0.0005928596439747218,7.785086673465477e-7,
0.053342338164089405,0.0006040853333205182,7.79155802664416e-7,
0.05334116822232023,0.0007898919183375091,7.789801222372115e-7,
0.05334065455817137,0.0007361552024921804,7.787021617675259e-7,
0.053340654398234155,0.0006716048770147633,7.77855829974211e-7,
0.05334052666969551,0.0006518241432940597,7.785970292280005e-7,
0.053334829238689374,0.0006515290109576344,7.810987959882824e-7,
0.053334828395083966,0.0006536807228621578,7.77560181928529e-7,
0.0533296618595501,0.0006510478192604109,7.777705241803658e-7,
0.053329567076831556,0.0006562080904883274,7.784109318911147e-7,
0.053329536231390494,0.0006588054565592821,7.787977842883449e-7,
0.05332947804509244,0.0006491254943463514,7.781651308877867e-7,
0.05332840430119869,0.0006464149192812661,7.811967006997914e-7,
0.053328401842593645,0.000646273811268137,7.807761317813527e-7,
0.05332157599831962,0.0006396839979270134,7.77785265134163e-7,
0.0533203301056509,0.0006325686399106844,7.771410394608875e-7,
0.053320237126924686,0.0006308494819749388,8.007445205065085e-7,
0.05331886010367733,0.0006292757440204328,7.668006025499995e-7,
0.05330694572636176,0.0006278242946117305,7.678420994969182e-7,
0.053306944562855986,0.0006272719025860982,7.65594418903446e-7,
0.05329700070031155,0.0006274166095904983,7.685722886986045e-7,
0.05329572598854801,0.0006276693531176417,7.691684513391846e-7,
0.05329570081217156,0.0006281834421255614,7.655678279090576e-7,
0.05329435400685785,0.0006278891506614555,7.650790717668832e-7,
0.05328280108453735,0.0006300061955717644,7.657368963157155e-7,
0.05328279929930518,0.0006323508475573235,7.659494045054697e-7,
0.053272849785707135,0.0006259305132950762,7.654817661713162e-7,
0.05327168892958684,0.0006259366212312233,7.754683384814397e-7,
0.05327167487115205,0.0006259443916886956,7.652065258112815e-7,
0.053270434239530144,0.0006259538015285432,7.685087913850586e-7,
0.053259427852256826,0.0006187889642560987,7.659642765560949e-7,
0.05325942748070505,0.0006177745691419716,7.663694298985877e-7,
0.05324994267440731,0.0006160228620114705,7.65159770403857e-7,
0.053248841537002406,0.0006350972349067458,7.657999552425245e-7,
0.053248838964495095,0.0008961178137732392,7.654057221847636e-7,
0.053247699612680596,0.0006523101496453308,7.693088413568443e-7,
0.05323772142041673,0.0006132287500517086,7.656785419460132e-7,
0.05323772120880002,0.0006050633579516528,7.729198680054808e-7,
0.053228072924776396,0.0008296487406963696,7.690341721213609e-7,
0.053226979365995616,0.0006139368115705327,7.655990997944734e-7,
0.05322697046827502,0.0006382374889736369,7.653702171114984e-7,
0.05322586428546182,0.0006445125279625904,7.662314574404867e-7,
0.05321542520240565,0.0006187254232441664,7.696596986401829e-7,
0.05321542436372595,0.0005777438926838137,7.672687746354871e-7,
0.053205945889015616,0.0005675215166481249,7.672210275819586e-7,
0.053204950076520784,0.000565889359286848,7.693332161155645e-7,
0.053204944978691965,0.000571144250481461,7.644674768662026e-7,
0.05320389063798453,0.03994006305348166,7.655583251806409e-7,
0.05319370782343307,0.03492633392788767,7.679245884413055e-7,
0.05319370695169255,0.005567944842043078,7.644391939590109e-7,
0.053184166082431324,0.006123028108782531,7.640108631320408e-7,
0.05318321499776599,0.006545181368881968,7.650119123667071e-7,
0.05318321210745916,0.004617073655066864,7.644722687508485e-7,
0.05318222785234007,0.007881485131254466,7.646373782950955e-7,
0.05317189061986219,0.014881664012086765,7.665951050966797e-7,
0.053171889809636275,0.0006303051297744964,7.644816080747339e-7,
0.05316296606551536,0.000520842375033961,7.64996827333692e-7,
0.05316220730392011,0.0005126286017615502,7.649334253432986e-7,
0.05316220162520516,0.000513076968645641,7.655980391343789e-7,
0.05316148845500326,0.0005461129433637834,7.652404253239418e-7,
0.05315742433098758,0.0005548093357600582,7.651665540096782e-7,
0.05315742432097797,0.0005799987718279723,7.682539168775631e-7,
0.053154188672964786,0.0005144591777098147,7.646942549304481e-7,
0.053153651035115684,0.0005144252547114687,7.725269321242072e-7,
0.053153650928181286,0.0005117667554359,7.65346331674707e-7,
0.053153111115259395,0.0005122019502147949,7.662267104052269e-7,
0.05314948251214017,0.0005109345735303529,7.649298413316913e-7,
0.05314948248961933,0.0005106853615091476,7.656561650376188e-7,
0.053146059097358735,0.0005114308347075821,7.69439092304426e-7,
0.0531455578357541,0.000511643603003997,7.648824054530412e-7,
0.05314555776926705,0.0005115787040351183,7.661413632058404e-7,
0.05314506324623981,0.0005113935185692538,7.645186157682838e-7,
0.05314230454986656,0.0005108789100003498,7.647141381076499e-7,
0.05314230454296231,0.0005107274174243471,7.648016449631482e-7,
0.05313976306602571,0.0005106700467483976,7.688682528731483e-7,
0.05313931540288963,0.0005106680788115975,7.650066805779349e-7,
0.053139315267528395,0.0005106512646604727,7.676442595289682e-7,
0.053138864772035554,0.0005106545520194821,7.694625446498845e-7,
0.05313622403314431,0.0005106765733731684,7.664384238571177e-7,
0.053136224026889826,0.0005105290838719654,7.663261962134727e-7,
0.05313335369899769,0.0005106268181382687,7.674248401109983e-7,
0.0531328530760773,0.0005107874258190068,7.669857237183396e-7,
0.05313285297993893,0.0005107197208403373,7.663829647471283e-7,
0.053132350511536725,0.0005105199654645196,7.681750525773844e-7,
0.05312954411765657,0.0005104968407160563,7.662341690721294e-7,
0.05312954411476454,0.0005105240020992457,7.659869100909393e-7,
0.0531185168431456,0.0005105637148389906,7.675990572619738e-7,
0.053115374929949735,0.0005105611681381863,7.650717667380047e-7,
0.05311537480119535,0.0005105526585031754,7.660437353354359e-7,
0.05311214224519717,0.000510551801369387,7.671114099620641e-7,
0.05309300250989079,0.0005105321178466382,7.646248285928564e-7,
0.05309300247992126,0.0005105188842473685,7.666441411268365e-7,
0.053073078993177904,0.0005105111025628218,7.652993856252105e-7,
0.05306964704030218,0.0005105038215568223,7.655342590113383e-7,
0.053069646861458444,0.0005105209870725287,7.654537871788908e-7,
0.05306623697144825,0.000510614235355018,7.73177250202152e-7,
0.053047482447010665,0.0005106171665401211,7.688404059380501e-7,
0.05304748242456718,0.0005106342140252723,7.690540703869339e-7,
0.05302745252469444,0.0005106332838432554,7.709020889146919e-7,
0.053023718865360954,0.0005106287425596633,7.830085940335037e-7,
0.053023718729022715,0.000510635904782965,7.66559734928894e-7,
0.05302000986298578,0.0005106424275855842,7.687097118032878e-7,
0.053002305234901015,0.0005106070284674243,7.65922224451928e-7,
0.05300230521955262,0.0005106386384302986,7.680656545091449e-7,
0.052982940487680256,0.0005106505397332938,7.715033601649874e-7,
0.05297886389820652,0.0005107525598625602,7.675275862234782e-7,
0.052978863446590634,0.0005108728667879555,7.704238321900849e-7,
0.0529747981183397,0.000510641669483731,7.69564600540843e-7,
0.052955953097635705,0.0005105532036440929,7.706027191496655e-7,
0.05295595307099851,0.0005105698075305721,7.714701179150518e-7,
0.05293723701334554,0.000510598553979835,7.697213002256089e-7,
0.052933210962585804,0.0005139611741079078,7.698868011577439e-7,
0.05293320993890119,0.0005099480454300686,7.663054711074744e-7,
0.05292915940291827,0.0005099355770769848,7.681468956824067e-7,
0.05291073404353197,0.0005099344776698673,7.711892523623674e-7,
0.0529107340027819,0.0005099941249592519,7.662693609729363e-7,
0.052890855301576736,0.0005098616094476629,7.654548902899807e-7,
0.05288652004356888,0.0005098571575158519,7.648626557623099e-7,
0.052886518363054975,0.0005098575110028341,7.371495029438468e-7,
0.052882136710534156,0.0005098567954329964,7.348832592042592e-7,
0.052862496663016706,0.0005098503399508818,7.306536229567376e-7,
0.05286249662215879,0.0005098504773431442,7.325596155487407e-7,
0.05284109135050764,0.0005098495735910132,7.326590667016615e-7,
0.05283635913356765,0.000509850185368474,7.317736270710148e-7,
0.052836357978655574,0.0005098487187383845,7.306981421999215e-7,
0.05283160529173282,0.0005098496852303139,7.33867458012124e-7,
0.05281056752923858,0.0005098506624764988,7.374457477306821e-7,
0.052810567500158646,0.0005098491271285098,7.364257375908456e-7,
0.05278859358547747,0.0005098677651053166,7.367215186882415e-7,
0.052783665494879284,0.0005098711267251524,7.341979386255028e-7,
0.05278366432588674,0.0005108657952184214,7.335302165811881e-7,
0.05277875069737528,0.0005118164246949173,7.358776798918764e-7,
0.05275732304891715,0.0005103366133812467,7.354161369009759e-7,
0.05275732302123553,0.0005100388763067413,7.287700557070695e-7,
0.05273660781322993,0.000510830391302322,7.291549310300425e-7,
0.052731892927750185,0.0005110003772166965,7.288645282256873e-7,
0.05273189116127051,0.000512567119845607,7.362050960882227e-7,
0.05272722964975546,0.000514285762014611,7.286681868979114e-7,
0.052707227105221965,0.0005198837707221524,7.304684139355848e-7,
0.0527072270527378,0.0005223379710045878,7.296049653117836e-7,
0.05268671617515592,0.0005144086790080033,7.336367466473567e-7,
0.05268199934085303,0.0005165263653557954,7.31770996903011e-7,
0.052681995761114354,0.0005135571724696961,7.339838139649788e-7,
0.05267724787805889,0.0005140664765851102,7.347082449325171e-7,
0.05265714941763822,0.00054116934369318,7.374891467756314e-7,
0.05265714933383476,0.0005646486500487142,7.436965890554064e-7,
0.0526364587556682,0.0005555342152082378,7.826914900262457e-7,
0.05263165553404033,0.0005593513633025097,7.409590102413316e-7,
0.05263165110035774,0.0005476119968024405,7.304265275632703e-7,
0.0526268736845465,0.0005517502772084707,7.276974613868925e-7,
0.05260686804731568,0.0005530641206933706,7.769834152595675e-7,
0.052606867965983725,0.0005518166773726112,7.776509470156299e-7,
0.05258792874699721,0.0007921248662714382,7.758043322012438e-7,
0.0525834887042261,0.0006608899995060437,7.731701901171539e-7,
0.05258348443084618,0.0005142508455268295,7.728892551080974e-7,
0.05257905303815403,0.0005128989414284214,7.714612111349737e-7,
0.052560695046624105,0.0005127310104015287,7.72382751779367e-7,
0.052560694807020865,0.0005126511862624115,7.751163225998069e-7,
0.052545656302131476,0.000512623327322109,7.730972983601947e-7,
0.05254207904644237,0.0005125305786789615,7.72077118649245e-7,
0.05254206960045459,0.0005125344472119072,7.721826138357315e-7,
0.05253856405679622,0.0014082746477756855,7.719968556250265e-7,
0.052524411221588865,0.0005299837956099408,7.748124130811438e-7,
0.05252441095462303,0.0005276320237647944,7.720649240099494e-7,
0.052508942880478124,0.0005095448005550622,7.720417598230316e-7,
0.05250523473641593,0.0005087392776791887,7.737852870584188e-7,
0.052505223307176864,0.0005087373699968238,7.736703441403683e-7,
0.05250143368889385,0.0005087371485082612,7.74043954939283e-7,
0.0524863057341166,0.0005087371411270344,7.786313253960394e-7,
0.052486305414464654,0.0005087371617301902,7.802911218201608e-7,
0.052471586669920675,0.000508737177355961,7.744424585276913e-7,
0.05246801807763184,0.0005087377943204224,7.723702290831044e-7,
0.05246801179470516,0.0005087389397348044,7.701718929993632e-7,
0.05246468776429663,0.0005087377080427256,7.655704134280093e-7,
0.05245139922678387,0.0005087379321040248,7.676770687608806e-7,
0.05245139895238567,0.000508738010587648,7.663175890159155e-7,
0.05243981106419331,0.0005087530054571659,7.673811744139592e-7,
0.05243697109823086,0.0005087834547568751,7.679713582348303e-7,
0.052436964438529146,0.0005088031429084448,7.67511845974912e-7,
0.052434190680545105,0.000508822263752951,7.673620788183863e-7,
0.05242330524835836,0.0005089559208459613,7.650315241334675e-7,
0.05242330498068521,0.0005088194152330676,7.64473852858251e-7,
0.0524128228186345,0.0005088148754412068,7.680513167557355e-7,
0.05241021374407438,0.0005088104632793519,7.640445115599593e-7,
0.05241020976004956,0.0005088032860176026,7.671856563904619e-7,
0.05240763009032935,0.0005087987724873707,7.640005745836692e-7,
0.05239764865386315,0.0005087796507663616,7.661668495088729e-7,
0.052397648072929216,0.0005087740591592548,7.647784034126643e-7,
0.05238780914524986,0.0005087739052820888,7.666055234919714e-7,
0.05238526999772503,0.0005087870341118236,7.64275263557324e-7,
0.052385265148625806,0.0005087908849668237,7.670336805132938e-7,
0.052382815795795436,0.0005087941584893853,7.645805643559625e-7,
0.05237369384564333,0.0005087987980203311,7.646484345974442e-7,
0.05237369374316565,0.0005087957686843628,7.680148951916493e-7,
0.052363985846579406,0.0005088384600558279,7.657023155328788e-7,
0.05236143809940678,0.00050885189956043,7.611586597708313e-7,
0.052361434015127974,0.0005088286683741136,7.630863279231238e-7,
0.05235897180552562,0.0005088287375302428,7.631887133873837e-7,
0.05235001839457025,0.0005089512499705508,7.619689824674021e-7,
0.052350016925483946,0.000508832797598165,7.613066257712226e-7,
0.05234165970724981,0.0005088396267344172,7.618524197298391e-7,
0.05233931647873919,0.0005088500209872578,7.614195431537106e-7,
0.05233924676979507,0.0005088260232353992,7.612806753969154e-7,
0.052337041965557975,0.0005087569998729008,7.611038994090136e-7,
0.052330517649223446,0.000508758410799845,7.592280400111564e-7,
0.05232855062240399,0.0005087595388559273,7.580745101188965e-7,
0.05223972749511853,0.0005087570345812378,7.550703096280542e-7,
0.0521970683825146,0.0005087532046643625,7.54444618868103e-7,
0.05216587138988286,0.0005087561207277399,7.549784020217785e-7,
0.05213506567855816,0.0005087487219849645,7.888140285829392e-7,
0.05212081694079181,0.0005087481845289087,8.858495923890879e-7,
0.05212081280680614,0.0005087489646585604,7.523938361936465e-7,
0.05211156273397399,0.0005087425710134287,7.53659812597952e-7,
0.05210832280601255,0.0005087413155975324,7.519136757779711e-7,
0.05210830136371013,0.0005087413202979289,7.524941753399758e-7,
0.0521047485316832,0.0005090873195545437,7.513512726531774e-7,
0.05209418780085381,0.0005089613029569103,7.522457787935556e-7,
0.05209418675251728,0.0005090421320496162,7.538541251530825e-7,
0.052084566752357106,0.000508784000096284,7.551064437824428e-7,
0.05208115908665995,0.0005087909600063653,7.516797295730972e-7,
0.05208102166656028,0.0005087809848261885,7.52392063100528e-7,
0.05207754567229226,0.0005094966578365406,7.527723096588629e-7,
0.05206519064121966,0.0005104572350888582,7.53027227873617e-7,
0.052065187913089075,0.0005113673350365785,7.528323614869931e-7,
0.05204428937326792,0.0005105207153193117,7.516438357534684e-7,
0.05203665766153244,0.0005092337026765854,7.525552539011501e-7,
0.05203651694893256,0.0005116121881487099,7.556700542153529e-7,
0.05202915100793562,0.0005454689927791372,7.520183514727647e-7,
0.052012035543968424,0.0005410215588458824,7.521002895399578e-7,
0.052012035199810416,0.0005487433681395483,7.521464941367959e-7,
0.05198651095103137,0.0005683899192849563,7.76852254813727e-7,
0.051977108649992686,0.0006216257119448611,7.603025768322908e-7,
0.05197708710377319,0.0006856086753356033,7.550427482594005e-7,
0.05196785740914712,0.0005095683923014424,7.534102357558468e-7,
0.05194431241215833,0.0005085562205232001,7.516934113733352e-7,
0.051944312218885076,0.0005085366020649498,7.520483207138482e-7,
0.05191753802157416,0.000508536271576811,7.557631148968968e-7,
0.05190753414156632,0.0005085374353478707,7.519829443202928e-7,
0.05190752156907784,0.0005085648128834268,7.517406633760318e-7,
0.051897648745541536,0.0005085387186248927,7.545306359758525e-7,
0.05187254068111347,0.000508539473148398,7.543692438859533e-7,
0.051872540551472425,0.0005085470674009765,7.518072262833721e-7,
0.05184596230745104,0.0005085334279120366,7.518544969139282e-7,
0.051835863893269364,0.0005085398844877331,7.518446325009375e-7,
0.05183584927635537,0.000508525172533342,7.516855899467883e-7,
0.05182578996868281,0.0005085263916217029,7.516329954972314e-7,
0.05180075215037304,0.0005085263127239746,7.544902082508829e-7,
0.05180075202547332,0.0005085261039496524,7.564020796176176e-7,
0.05177300760240942,0.0005085067650661082,7.552232460570058e-7,
0.05176227314117521,0.000508594760691242,7.529275922184205e-7,
0.051762260551059,0.0005084940309478857,7.53735766829655e-7,
0.05175162182180954,0.0005084880463989569,7.539097657382051e-7,
0.051725506201589645,0.0005084882220112362,7.603554631356844e-7,
0.05172550587665679,0.0005084897898183234,7.585124334142515e-7,
0.051704762557879924,0.000508489134854137,7.542665566988277e-7,
0.05169653940091409,0.0005084931818717008,7.541360381381288e-7,
0.051696497163435856,0.0005085018050599222,7.530102080705863e-7,
0.051688313996113525,0.0005085026721446749,7.526727726789029e-7,
0.051669732564634384,0.0005085063156012398,7.54051736890493e-7,
0.05166973208031613,0.0005085058304460222,7.53521029627859e-7,
0.051649248300470116,0.0005085063612342986,7.518918070830607e-7,
0.05164085335561202,0.0005085066272299114,7.586260848905469e-7,
0.05164077388478838,0.0005085118461511974,7.513628530441212e-7,
0.05163243864679755,0.000509071291326322,7.51183935192203e-7,
0.05161486877119165,0.0005095950144477702,7.586177673174839e-7,
0.05161485874342541,0.0005096156017936288,7.523289512536588e-7,
0.05160822971761955,0.0005090339730015024,7.496558872657094e-7,
0.05160581775272379,0.0005121510612333925,7.419812308437521e-7,
0.0516030640005378,0.0005093721431467598,7.34898336288373e-7,
0.051601126168615764,0.0005085871268401536,7.329250204349728e-7,
0.05160100629622668,0.0005085106015867041,7.289313075547452e-7,
0.05160100629490067,0.000508503123889109,7.267665839773389e-7,
0.05159230511148289,0.0005084848818590943,7.241871780046857e-7,
0.05158864424432958,0.0005084790775052048,7.236104187620566e-7,
0.05158863135428864,0.000508472727832827,7.20504294216014e-7,
0.05158521871041153,0.0005084655638368215,7.218813030570064e-7,
0.05157923766584943,0.0005084608291492518,7.199586092462845e-7,
0.05157923522120543,0.0005084589315850854,7.199994573094272e-7,
0.051577471984615604,0.0005084578877442808,7.190073228247574e-7,
0.0515772371769165,0.00050845744826652,7.312259683881763e-7,
0.05157721298401405,0.0005084573670735244,7.247501371507425e-7,
0.05157702790155169,0.0005084577833391692,7.52130483255289e-7,
0.05157664013554111,0.0005084584021948782,7.381940921962143e-7,
0.05157664013310111,0.0005084596368749244,7.377536071498762e-7,
0.05157644399649318,0.000508459457438196,7.475224643047944e-7,
0.05157637180333174,0.0005084589089881454,8.043355673018949e-7,
0.051576371751416224,0.0005084583695540432,8.330279540337916e-7,
0.05157630268476865,0.0005084588923009623,7.362399426667225e-7,
0.05157617725691885,0.0005084594833719997,7.391333907595204e-7,
0.051576177256681295,0.0005085052145915754,7.197872209187468e-7,
0.051576118051774776,0.0005085176444407237,7.165061779643383e-7,
0.05157608466484457,0.0005085097971834744,7.169395814941294e-7,
0.05157608464969618,0.0005088695760677444,7.163675156964439e-7,
0.05157606876025276,0.0005088462653586343,7.170464341603265e-7,
0.05157604216230079,0.0005088106506380183,7.162441335394964e-7,
0.051576042155222566,0.0005088522025127305,7.159170755639252e-7,
0.051575970648611746,0.0005087061530917837,7.170994551526405e-7,
0.051575930720222596,0.0005087381941327253,7.164399665582737e-7,
0.051575930610679346,0.0005089109885226165,7.176625956117569e-7,
0.05157589126008471,0.0005089562520459924,7.156383358120798e-7,
0.051575828394630645,0.000508849073988387,7.156068893540566e-7,
0.051575828363109345,0.0005085741353179808,7.17303890744328e-7,
0.05157576946606349,0.0005082884537216255,7.218664366962955e-7,
0.05157573767108862,0.0005081667998837123,7.174704508720669e-7,
0.051575736182410514,0.000508134156882876,7.158634660667015e-7,
0.051575645247032904,0.000508133073202277,7.155306870612844e-7,
0.05157545418141407,0.0005081588677085063,7.158011651177747e-7,
0.051575454139102195,0.0005081583832292342,7.18387675522944e-7,
0.051575370858417846,0.0005081582845602664,7.155436076931203e-7,
0.051575326168254575,0.000508188438322969,7.203228075664925e-7,
0.05157532596754849,0.0005082131253804954,7.15800413247341e-7,
0.05157514397985594,0.0005082248246022782,7.154117818277214e-7,
0.05157480689889965,0.00106085378016146,7.155418090046768e-7,
0.05157480582095424,0.000819213418752351,7.18059208147607e-7,
0.051574279997746976,0.0005815071218531344,7.173542417926551e-7,
0.051574017803259216,0.0005238112774962984,7.155860214518826e-7,
0.05157401713365648,0.0005079584247991109,7.148205512874715e-7,
0.051573411045068136,0.0005084020613533893,7.158815518720415e-7,
0.051572280903240834,0.0005071461510517185,7.15704166332532e-7,
0.051572279520817124,0.0005110792061340581,7.20136128895281e-7,
0.05157130761407947,0.0005093063084816692,7.148242371544638e-7,
0.05157081443089589,0.0005107375840317995,7.221789788756306e-7,
0.05157081428087839,0.0005094011447061931,7.184828838467885e-7,
0.0515684652615025,0.0005152974495423299,7.1562773440486e-7,
0.051564207929377666,0.0005105006441662827,7.157280392106578e-7,
0.05156420551344167,0.000509221042974477,7.156766160909758e-7,
0.05156019088329086,0.000509013408334648,7.155797427427204e-7,
0.051558100599096136,0.0005102985686698222,7.149830674846958e-7,
0.05155810034896034,0.0005085623207855129,7.147802324298781e-7,
0.051557647960093815,0.000507864613704407,7.154752928967265e-7,
0.05155680401517511,0.0005063184007358822,7.144900083911094e-7,
0.051556803526429704,0.0005060252309995867,7.163874957607982e-7,
0.051556196150990885,0.0005060160373388037,7.153822286802798e-7,
0.051555885025946546,0.000505912100710592,7.157788154939479e-7,
0.05155588494241624,0.0005058543354344816,7.180797566671984e-7,
0.05155567635399603,0.0005058151260289698,7.16269070639889e-7,
0.051555285525825174,0.0005058010705017589,7.143949695643639e-7,
0.05155528353675094,0.0005057531088963207,7.165805311323551e-7,
0.051554868109064955,0.0005057017486000921,7.160681226183592e-7,
0.05155468161950275,0.0005057007176843091,7.14503729513414e-7,
0.05155468160259306,0.0005057016929300144,7.239702804450663e-7,
0.051554654028942715,0.0005057057961565279,7.134143999505961e-7,
0.05155460518340382,0.0005056967043378411,7.183271150836971e-7,
0.05155460471155231,0.0005056997983883565,7.134635267633043e-7,
0.051554568916743794,0.0005057034234079347,7.16845914007877e-7,
0.051554542658021396,0.0005057061703892243,7.134802211965241e-7,
0.05155454163590417,0.0005057132773498299,7.131141976062208e-7,
0.05155445421648806,0.0005057156205060315,7.144621505109214e-7,
0.05155426944973055,0.0005057125469169768,7.166203781697884e-7,
0.051554269019326304,0.0005057143832009192,7.13482554770308e-7,
0.051551184595234646,0.000505701115869377,7.133605205869918e-7,
0.05154943479178909,0.0005056959108674923,7.134440318372224e-7,
0.05154942100667127,0.0005056956693211297,7.146980734998387e-7,
0.05154783129172279,0.0005056957505892414,7.141692039288797e-7,
0.051545332502037265,0.0005056950041906975,7.1849486195433e-7,
0.05154533181327032,0.0005124774551789852,7.183804732763035e-7,
0.05154523038163404,0.0005077210869165866,7.135346022489028e-7,
0.05154518614230171,0.0005087884766701713,7.14228988435596e-7,
0.05154518614066769,0.0005084189190991329,7.135160728377797e-7,
0.051545172529082244,0.0005079681638005097,7.14063990595593e-7,
0.051545148105178046,0.0005072212950299614,7.151649871190098e-7,
0.05154514809630045,0.0005070429303040472,7.145967373041404e-7,
0.051545092680087945,0.000506326094794992,7.133353713824784e-7,
0.051545061220765916,0.0005056693658092765,7.309542538627558e-7,
0.05154506121784105,0.000505627723097948,7.309661241882918e-7,
0.051545037528142226,0.0005056273183805689,7.21996045847702e-7,
0.051544995775704976,0.0005056288765726728,7.215855226630149e-7,
0.05154499577587235,0.0005056326219299244,7.214494292196272e-7,
0.0515449514072651,0.0005056623261293263,7.234216027595047e-7,
0.05154492570002156,0.0005056381626603213,7.205816253661016e-7,
0.0515449256995657,0.0005056762296516283,7.2108008102638e-7,
0.05154489849617343,0.0005056202230311902,7.222262134176068e-7,
0.05154484915207304,0.0005056307325354668,7.21399143771801e-7,
0.05154484914926232,0.0005056392777812009,7.209826169211813e-7,
0.051544768329294256,0.0005056302011334453,7.214381715374968e-7,
0.051544723207548895,0.000505639565284662,7.241535767381618e-7,
0.05154472252488476,0.0005056267091355987,7.207733772299078e-7,
0.0515446408907578,0.0005056227646913082,7.232448353718865e-7,
0.051544472112330736,0.0005056192850186287,7.208715263579994e-7,
0.05154447209520476,0.0005056144742175722,7.906346682717798e-7,
0.051544374772500894,0.0005056174717228967,7.468013195482774e-7,
0.05154432341808273,0.0005056009058933436,7.223624784885941e-7,
0.051544323413619496,0.0005055941235313412,7.242608508337296e-7,
0.051544271742066966,0.0005055926072200438,7.232021443778682e-7,
0.05154417246637951,0.0005055835302899102,7.354858222508365e-7,
0.05154417206317393,0.0005055806403662589,7.301105300557468e-7,
0.051544078737182766,0.0005055445928630581,7.52841801153261e-7,
0.05154403985587589,0.0005055458400671151,7.401277851164901e-7,
0.05154403985539052,0.0005055455792073468,7.346615046569153e-7,
0.05154400800119153,0.0005055452827794788,7.38916263625859e-7,
0.051543944122774195,0.0005055456343976448,7.295425857377546e-7,
0.0515439441207613,0.0005055453905678539,7.195237228540519e-7,
0.05154388181134595,0.0005055438640761859,7.22556322171443e-7,
0.05154385304518789,0.0005055436000542649,7.193185163636521e-7,
0.051543853040342535,0.0005055392120949668,7.195188655728376e-7,
0.05154383344323796,0.0005055373754377738,7.197523545637534e-7,
0.051543792350684646,0.0005055368515178472,7.20278672840253e-7,
0.05154379235037522,0.0005055374440522509,7.255183054881295e-7,
0.05154373646434184,0.0005055375959091855,7.207521393659565e-7,
0.05154370993931221,0.0005055399451015374,7.208249728163491e-7,
0.05154370993804232,0.0005055403119105908,7.195181199249423e-7,
0.05154366846681903,0.0005055408097768975,7.290963382978007e-7,
0.05154357188912659,0.0005055418020648115,7.195479826149644e-7,
0.05154357176140861,0.000505541607885434,7.245290519180224e-7,
0.05154347469426944,0.0005055433939122111,7.197483730271715e-7,
0.05154342651691789,0.0005055433388656604,7.208422183160232e-7,
0.05154342648833708,0.0005055434812496466,7.194289579757105e-7,
0.0515433368716055,0.000505546067980006,7.342696415459395e-7,
0.05154316098681943,0.0005055602680117945,7.626965110037402e-7,
0.05154316098182198,0.0005055567627610492,7.703722951287574e-7,
0.05154300096228803,0.0005055539107632079,7.141747893810796e-7,
0.0515429184927692,0.0005055553794509262,7.185435160720125e-7,
0.05154291830442247,0.0005055625400870078,7.138047371864038e-7,
0.051542803292062456,0.0005055630074743769,7.170865023348015e-7,
0.051542592044365516,0.0005055620741241767,7.14245909330377e-7,
0.05154259203120344,0.000505563818975383,7.162288524561187e-7,
0.05154246064753232,0.0005058619186707884,7.149980332999175e-7,
0.051542395173598196,0.000505953446285133,7.167661697251895e-7,
0.05154239508966532,0.0005059012038384778,7.136126655505002e-7,
0.05154227286207073,0.0005056991023902621,7.137761074467711e-7,
0.05154202215179989,0.000505842703954905,7.143106618602991e-7,
0.051542022094652085,0.0005055103325854214,7.139064679847374e-7,
0.051541814733267875,0.0005054668618178911,7.192071843452138e-7,
0.05154171552049853,0.0005054579107015864,7.153665211625478e-7,
0.05154171552034271,0.000505458002696636,7.158014877419606e-7,
0.05154166788261981,0.0005054583098246171,7.146079785084841e-7,
0.05154157243711691,0.0005054579218642234,7.146183376720516e-7,
0.05154157237203628,0.0005054582991391079,7.217176847157781e-7,
0.05154147496792724,0.0005054584939818824,7.152555432409005e-7,
0.051541407534722736,0.0005054553742644153,7.151410811471777e-7,
0.05154140753455033,0.0005054565382359448,7.14176531225497e-7,
0.051541259821743846,0.0005054608293451281,7.13549040112343e-7,
0.051541022402501906,0.0005054733613527449,7.135211539751073e-7,
0.05154102222768828,0.0005110491761629797,7.135787481668843e-7,
0.05154080270765672,0.0005106279286930565,7.165845104968536e-7,
0.051540653403679706,0.0005147326408876266,7.151994244476938e-7,
0.0515406192296899,0.0005059909717696589,7.178646210928257e-7,
0.051540520752838354,0.0005056004441660489,7.129346041446871e-7,
0.0515404818438945,0.0005055881671028258,7.142616836132587e-7,
0.05154048183286361,0.0005055287622183436,7.146545913617175e-7,
0.051540445134230006,0.0005055294194744997,7.145273710213542e-7,
0.051540420725685585,0.0005055296085982701,7.141128312311119e-7,
0.051540420667688124,0.000505530955349502,7.170221787850187e-7,
0.05154039987522602,0.0005055297159322602,7.122902944374732e-7,
0.05154036551749012,0.0005055255582412691,7.118080785435698e-7,
0.0515403654206287,0.000505522571773049,7.116401755932414e-7,
0.05154033065836766,0.0005056826137262161,7.144743671459309e-7,
0.0515403048559606,0.0005057185605507191,7.167375267576563e-7,
0.051540304848172826,0.0005066528759257043,7.133104048652123e-7,
0.051540272395019515,0.0005055993582418068,7.122804396316526e-7,
0.05154022031183482,0.000505564085952333,7.119401851073982e-7,
0.05154022019419338,0.0005055560353481245,7.111367019683775e-7,
0.05154016835529879,0.0005055592205940344,7.11203875194856e-7,
0.05154012850194376,0.0005056392502979945,7.135081949160363e-7,
0.05154012829439032,0.000505616554553238,7.107803875310031e-7,
0.05154010703129865,0.0005055698791894757,7.114798489624953e-7,
0.051540068187231156,0.0005055662990283584,7.10687293149658e-7,
0.051540067885241195,0.0005055666744053993,7.123323135577563e-7,
0.05154002166976831,0.0005055748559946172,7.120957553441531e-7,
0.05153998509121692,0.0005055730676329309,7.112430191335228e-7,
0.05153998490086608,0.0005055731082182958,7.110342202239898e-7,
0.05153997621226943,0.0005055972443368695,7.112948663981276e-7,
0.05153996072392278,0.0005056148708835861,7.146835439663467e-7,
0.05153996021556339,0.0005055476464354009,7.208290774427447e-7,
0.05153995381383714,0.0005055333904938044,7.123077002118798e-7,
0.05153994594328388,0.0005055223265462851,7.110094235028959e-7,
0.05153994565200466,0.0005055200301978762,7.117093148743456e-7,
0.05153993804300941,0.0005055217480723866,7.118497407812803e-7,
0.05153992219269081,0.0005055198147465076,7.111954260484405e-7,
0.051539920249723384,0.0005055191521752911,7.115484113285568e-7,
0.051539915406665235,0.0005055262349556236,7.127599331911918e-7,
0.05153990549573394,0.0005055231171979074,7.157042881521245e-7,
0.05153989841857072,0.0005055217598001054,7.170418855345727e-7,
0.05153989805299632,0.0005055219969058488,7.12492102383042e-7,
0.051539894422175096,0.0005055151586552044,7.146506593518843e-7,
0.051538703045430456,0.0005055142876787668,7.124519566661446e-7,
0.05153757315267586,0.0005055113023400174,7.140903598504942e-7,
0.051537511035034504,0.0005055111869090378,7.121577971303977e-7,
0.05150516578941466,0.000505510713948524,7.127387410641464e-7,
0.05147175685674171,0.0005055099824570322,7.143777923530532e-7,
0.051469113996936953,0.0005055099190543904,7.115105964232272e-7,
0.05143591276803721,0.000505509795310932,7.142486665586982e-7,
0.0513859454235617,0.0005055100463367649,7.124447687127225e-7,
0.05138591527026166,0.0005055102215219214,7.13322230432977e-7,
0.0513855518290984,0.0005055104619391259,7.132059540481232e-7,
0.051384894776872844,0.0005055105396215755,7.12791958879875e-7,
0.051384709172574934,0.0005055105401065725,7.12148482919154e-7,
0.05138448361676511,0.0005055105382267504,7.154146118537621e-7,
0.0513837057597018,0.0005055103037044133,7.120532310809255e-7,
0.05138365852706461,0.0005055113130228348,7.119474445372762e-7,
0.05138362068470411,0.0005055106733057184,7.139049725252424e-7,
0.051383448597060774,0.0005055106065259221,7.124099685827723e-7,
0.05138333200308209,0.000505516292628621,8.267924357068117e-7,
0.05138331538964761,0.000505515334581992,8.087751867298102e-7,
0.05138309767868276,0.0005055152579784892,7.543154460995589e-7,
0.05138304220940416,0.0005055146457461227,7.375418101921055e-7,
0.05138303806846734,0.0005055144176105869,7.327695097402836e-7,
0.05138294767006304,0.0005055140760598444,7.361386119440228e-7,
0.051382841459216046,0.0005055143122659494,7.325111400470309e-7,
0.05138284012451884,0.0005055234969481019,7.330267064030608e-7,
0.05138271023202681,0.0005055498615194792,7.347638044831043e-7,
0.05138264891402838,0.0005056769771118611,7.318737055812599e-7,
0.05138264866925998,0.0005055434441975534,7.322250844925587e-7,
0.05138259570784884,0.0005055573750281817,7.314447817303605e-7,
0.051382499487348826,0.0005055502569124728,7.325886601418305e-7,
0.05138249790621068,0.0005055488208122829,7.33324623985839e-7,
0.051382376276767505,0.0005055305154900873,7.334760191120293e-7,
0.051382325801854395,0.0005055279614809872,7.347280153256701e-7,
0.05138232523435853,0.0005055274472881659,7.317123363942671e-7,
0.05138226284002452,0.0005055269612160668,7.31584556378582e-7,
0.05138217082996075,0.0005055261300311614,7.327756748500081e-7,
0.05138216948952499,0.0005055267228891273,7.399706395334642e-7,
0.051382055215112576,0.0005055274316034722,7.41271808211533e-7,
0.05138200766780995,0.0005055273980860049,7.370162724565975e-7,
0.0513820061103112,0.0005055271080374381,7.372872600068309e-7,
0.05138193949544251,0.0005055302862043942,7.696552101981917e-7,
0.05138184853630593,0.0005055306356594611,7.334248796127448e-7,
0.0513818465813449,0.0005055310261877711,7.300965999415768e-7,
0.051381726669394216,0.0005055307851518593,7.300467642921941e-7,
0.05138168380180986,0.0005055303759585897,7.283668894622561e-7,
0.05138165974208882,0.0005055303073819595,7.283722186212951e-7,
0.05138152380316213,0.000505535791214246,7.283817366652796e-7,
0.051381415662086455,0.0005055458378728848,7.307904330895367e-7,
0.05138139430716259,0.000505557921969108,7.454109619912917e-7,
0.05138117255162675,0.0005055639810852311,7.298332869156314e-7,
0.0513811265364808,0.0005055697094411114,7.288681921424393e-7,
0.051381117428247594,0.0005055748654285993,7.309590910007798e-7,
0.05138102351431899,0.000505565645407598,7.294302708685689e-7,
0.05138092570791034,0.0005055609243134979,7.29590946011003e-7,
0.05138092061912676,0.0005055584739616317,7.332024413498819e-7,
0.051380775081422025,0.0005055593223845644,7.283182907789174e-7,
0.0513807285225517,0.0005055597357062326,7.287255208276496e-7,
0.05138072264022212,0.0005055589376338922,7.34160865805819e-7,
0.05138063769725562,0.0005055562240088114,7.28409159457928e-7,
0.05138053800317364,0.0005055552822619399,7.290568301661349e-7,
0.05138053535443456,0.0005055550705700316,7.291249416291712e-7,
0.051380400057282775,0.0005055548011774497,7.282719489684501e-7,
0.05138034857794436,0.0005056004426504457,7.280726021558677e-7,
0.05138034712434499,0.0005067460232971911,7.28138857557539e-7,
0.051380278435456964,0.0005057948498310492,7.278582775337783e-7,
0.05138017873603704,0.0005057137179725557,7.323327283017584e-7,
0.05138017798526926,0.0005055115868318877,7.276861971791179e-7,
0.051380060072844486,0.00050551008634145,7.282156589932491e-7,
0.05138000513096316,0.0005063016332077603,7.29321242802572e-7,
0.05138000505521069,0.0005054907495279875,7.27693825702279e-7,
0.0513799448461728,0.0005054826956250136,7.299844831432208e-7,
0.051379842118052715,0.0005054876204023577,7.271740615789408e-7,
0.05137984207375501,0.0005054715595401506,7.748115585100068e-7,
0.05137972674840678,0.0005054818221316785,7.170952957280739e-7,
0.05137967776855281,0.0005169227757484868,7.079808414780259e-7,
0.05137967638752753,0.0005065043151984887,7.045257413131194e-7,
0.05137961088498032,0.0005062815972573374,7.05376621827478e-7,
0.05137950268207309,0.000506408526119307,7.050433425927572e-7,
0.05137950019902037,0.0005063719423788893,7.084029885323294e-7,
0.051379351529568316,0.0005066628121736353,7.090493163628335e-7,
0.05137930222935278,0.0005065793402011406,7.065462210602335e-7,
0.05137930170914098,0.0005064770676000602,7.06273885845057e-7,
0.0513792414990337,0.0005064576236363098,7.062000377020528e-7,
0.051379124343231934,0.0005063797045424466,7.08095435920552e-7,
0.051379124118285165,0.0005193438317235198,7.109597789276787e-7,
0.05137901784016522,0.0005222241830183959,7.13537222791062e-7,
0.05137896026144302,0.0005238391985275931,7.470490940502947e-7,
0.0513789601900868,0.0005328303272471029,7.741940795234938e-7,
0.05137890725099039,0.000505886647455245,8.339697474618114e-7,
0.051378788704793295,0.0005053168765738467,7.187416323074629e-7,
0.05137878865814859,0.0005053296176515615,7.041415584674055e-7,
0.05137870620638115,0.0005053287801827948,7.052358897209719e-7,
0.05137861639798761,0.0005053268707701884,7.125548319792714e-7,
0.05137861587069915,0.0005053283199834237,7.046140632319968e-7,
0.05137854593540552,0.0005053309385625726,7.076762392682449e-7,
0.05137846231426014,0.0005053311609932406,7.054491037573496e-7,
0.05137845889910048,0.0005053295812247617,7.035610924562088e-7,
0.05137839842443016,0.0005053293051274887,7.093446367730966e-7,
0.05137830119732694,0.0005053287864474786,7.145299723594999e-7,
0.05137829715597856,0.0005053282310521744,7.094477924398776e-7,
0.05137824645012398,0.0005053276649563504,7.100455393304615e-7,
0.051378163907060535,0.0005053275594115702,7.074693105634455e-7,
0.05137815523566641,0.0005053276195735125,7.053998500914003e-7,
0.051378108393744376,0.0005053273189672644,7.087037500111929e-7,
0.05137801226789913,0.0005053273454350795,7.012472192874097e-7,
0.05137800838591782,0.0005053271635252998,7.013332869621841e-7,
0.051377958635968834,0.0005053263889152737,7.01236795766712e-7,
0.05137787851136305,0.0005053259261702556,7.022283633696064e-7,
0.051377870928624454,0.0005053261907362187,7.03350274199519e-7,
0.05137782317423361,0.0005053259260361701,7.019390017969316e-7,
0.0513777269841,0.0005053301535978106,7.015743927379761e-7,
0.05137772063496583,0.0005053276239864842,7.019715487148944e-7,
0.05137768127296477,0.0005053285962167954,7.031229316708985e-7,
0.051377605391847304,0.0005053381992556632,7.013078601378171e-7,
0.05137759103953331,0.0005053383393056058,7.016865431165396e-7,
0.05137755690038393,0.0005053418508552908,7.063236033805182e-7,
0.051377462599596975,0.0005053421303042733,7.018378855484675e-7,
0.05137745683872711,0.0005053422148348381,7.025746596294263e-7,
0.05137741533981577,0.0005053424641341541,7.017503472782191e-7,
0.051377340020554114,0.0005053423792598289,7.012854620228262e-7,
0.05137733392373895,0.0005053425832942798,7.040966470712188e-7,
0.051377286774014076,0.0005053424599621408,7.03591129976011e-7,
0.051377198098608585,0.0005053424380054696,7.036539891870655e-7,
0.05137719744661221,0.0005053423907466719,7.036443432640541e-7,
0.05137713036640306,0.0005053407671181641,7.035617757168942e-7,
0.05137704792671911,0.0005053402853166251,7.0345304011544e-7,
0.051377042440940164,0.0005053426826757928,7.034277347621632e-7,
0.051376988176341766,0.0005053429973191863,7.042725663919025e-7,
0.051376892956313265,0.0005053433361593256,7.033853300271964e-7,
0.05137688437840024,0.0005053429509361834,7.039540467718477e-7,
0.05137685285970948,0.0005053426319915936,7.036999421951903e-7,
0.051376780473411855,0.0005053425798998314,7.057394865488062e-7,
0.05137677346442304,0.0005053423283905967,7.038720469777702e-7,
0.05137673156725079,0.0005053426625106356,7.036093618878671e-7,
0.05137664233899727,0.0005053415161010587,7.100126631385086e-7,
0.05137664143585223,0.0005053407901259594,7.033990812719145e-7,
0.051376578473244804,0.0005053404623245561,7.034276563237927e-7,
0.051376502616724704,0.0005053396503397883,7.036265176292972e-7,
0.05137649381408244,0.0005053403370432559,7.042269882724836e-7,
0.051376373088589465,0.0005053395464764857,7.036886527518875e-7,
0.05137631067580597,0.0005053812965350747,7.111733618385277e-7,
0.05137631006739969,0.000505379048425948,7.048280607768554e-7,
0.051376262284923015,0.0005053821031913077,7.063987117093284e-7,
0.05137619597207755,0.0005053530375550192,7.040330838486179e-7,
0.05137618959417225,0.0005053515823295584,7.03771940363909e-7,
0.05137615218003741,0.0005053465457078669,7.043098410319719e-7,
0.05137608269932622,0.0005053457344526332,7.040902915391096e-7,
0.05137607953141119,0.0005053452444547732,7.07352251174953e-7,
0.05137604379224845,0.0005053423379480977,7.036995962751868e-7,
0.05137597714816273,0.0005053416863658918,7.057933231439044e-7,
0.051375965230013684,0.0005053406803891826,7.046649016345112e-7,
0.05137593544690287,0.0005053402887145644,7.033412425225785e-7,
0.05137585954957531,0.0005053405409757653,7.038253482593483e-7,
0.051375847224943885,0.0005053408703437742,7.070893727021729e-7,
0.05137583025129465,0.0005053426399722069,7.051984955467858e-7,
0.05137576970608934,0.0005053434402706318,7.086581788653371e-7,
0.05137574676808987,0.0005053426616697631,7.034581397996511e-7,
0.05137573105929667,0.0005053556879376439,7.03528722815005e-7,
0.051375655880561436,0.0005053533221246203,7.043740953621148e-7,
0.05137564715428637,0.0005053559226769533,7.038785878037469e-7,
0.051375621952906014,0.0005053557994533457,7.05386131962815e-7,
0.05137555814995119,0.000505355368818689,7.07842687516418e-7,
0.051375555516713606,0.0005053561055864993,7.034536710747283e-7,
0.05137551018887904,0.0005053584268225104,7.042936451978699e-7,
0.05137544262411025,0.0005053574441494309,7.032763099161796e-7,
0.05137544236557495,0.0005053605131528341,7.035962164044223e-7,
0.05137538618534376,0.0005053676778481888,7.058748780068213e-7,
0.051375320180673846,0.0005053740181067943,7.060827703266788e-7,
0.05137531935388572,0.0005053667417966779,7.09716689662481e-7,
0.05137523998227752,0.000505369162473324,7.078791599735141e-7,
0.05137518454894869,0.0005053700019209518,7.053362194557411e-7,
0.051375182214615366,0.0005053764766089538,7.074390740339759e-7,
0.05137509386983778,0.0005054843033934603,7.061120205768844e-7,
0.051375021507874735,0.0005054875217858737,7.065997668095417e-7,
0.05137502061146062,0.0005055004494851576,7.061779531747367e-7,
0.05137493301303236,0.0005055015782256676,7.073970355678528e-7,
0.05137487619749779,0.0005055276623536301,7.068505612047705e-7,
0.0513748711088432,0.0005054595355397856,7.086763252177619e-7,
0.05137476597165831,0.0005054510242803664,7.093135361291372e-7,
0.051374683782529594,0.0005054520355369201,7.058262636735833e-7,
0.05137468185904362,0.0005053821328888517,7.085949740343173e-7,
0.051374577797486456,0.0005053714861227504,7.060312160172629e-7,
0.05137451639242897,0.0005053775834251167,7.061198190985958e-7,
0.051374515873568165,0.0005054050717729105,7.061004291160318e-7,
0.05137444037100701,0.0005054316121488732,7.096090384907459e-7,
0.051374363792303375,0.0005054581982671806,7.117079973762459e-7,
0.05137436110067813,0.0005055112233667874,7.064403409479945e-7,
0.05137425845919826,0.0005055044820022306,7.109120121812898e-7,
0.05137420149093906,0.000505528363937748,7.106790685637974e-7,
0.05137419933188879,0.0005055462932037307,7.084739664723087e-7,
0.05137411130980352,0.0005055717595431552,7.692423845516085e-7,
0.05137403331803278,0.0005056122987937117,7.785563035328284e-7,
0.051374028845516666,0.0005056323462897317,7.063807217715699e-7,
0.051373916302347486,0.0005056538929759149,7.065433759719821e-7,
0.051373857386250825,0.0005056168710352548,7.087299389335755e-7,
0.05137385732082713,0.0005055110406645321,7.182053272093647e-7,
0.05137380416190867,0.0005055288983261153,7.134349029621883e-7,
0.05137372766836056,0.0005062025496928703,7.184054790876546e-7,
0.05137372710705273,0.0005071060684837096,7.116210071963747e-7,
0.05137366182448751,0.000513260429423522,7.173846442418709e-7,
0.05137359843414341,0.0005112647620291567,7.084963099604404e-7,
0.051373595938024215,0.0005112217818613265,7.115367528981565e-7,
0.051373559204828396,0.0005112457759352313,7.074476205844897e-7,
0.051373482199523035,0.0005085818113041299,7.115214488766633e-7,
0.05137347541828141,0.0005082688394004645,7.082112688114979e-7,
0.0513734330486804,0.0005080789688358574,7.081701870067138e-7,
0.0513733679146765,0.0005075871760077724,7.1417969823521e-7,
0.05137336603810429,0.0005067333937983641,7.051231764051554e-7,
0.051373323692097884,0.0005064665955279927,7.131247854890794e-7,
0.05137325041446748,0.0005056663154931984,7.05976818370568e-7,
0.051373250300320264,0.0005053196238924422,7.054530420832007e-7,
0.051373184354768876,0.0005052854273922779,7.065543255152785e-7,
0.05137312332804455,0.0005054676723235164,7.068148933673871e-7,
0.05137312326202647,0.000505615854377602,7.062113565427318e-7,
0.05137305386830536,0.0005055525117811866,7.074839067869261e-7,
0.05137299196014221,0.0005051692404855409,7.097272083066055e-7,
0.05137297432017925,0.0005051565554539228,7.066045218493418e-7,
0.051372852044231254,0.0005051552567700886,7.058949558000305e-7,
0.05137280337913609,0.0005051563160985348,7.067497198041031e-7,
0.05137279990051172,0.0005051548306674946,7.149999885025583e-7,
0.05137270934675955,0.0005051553201103527,7.051895486480423e-7,
0.05137265261965629,0.0005051417062663115,7.064102492944016e-7,
0.05137262161507487,0.0005051457119377795,7.072994969452942e-7,
0.05137248344901827,0.000505139696522582,7.060145505123841e-7,
0.05137244510471357,0.0005051380013221798,7.082559958158131e-7,
0.051372433759317784,0.0005051363368349783,7.081361343479953e-7,
0.05137232342290086,0.00050513638392041,7.069848800043455e-7,
0.051372273058451955,0.000505136002298809,7.092003586558955e-7,
0.051372251039224937,0.0005051363540525638,7.093094044395022e-7,
0.05137213738233031,0.0005051368955681823,7.078089217865953e-7,
0.05137209968985272,0.0005051313711189041,7.128645063394723e-7,
0.05137209934099846,0.0005051313909016793,7.063301050455452e-7,
0.05137205141318329,0.0005051316786483783,7.05260920761943e-7,
0.05137200803758143,0.0005051299811614946,7.059823056237398e-7,
0.051372007128845903,0.000505126154318365,7.054430697451468e-7,
0.05137197286085417,0.000505128038569033,7.067191732729597e-7,
0.05137193018343033,0.0005051286466928042,7.053537251712888e-7,
0.05137192773439107,0.0005051290869677957,7.048520627274574e-7,
0.05137185334184093,0.0005051276479641604,7.066482643704803e-7,
0.05137180335102516,0.0005053497288512487,7.085438393950256e-7,
0.05137180303852708,0.0005052258117901792,7.052134531158207e-7,
0.05137174652539735,0.0005052250980393738,7.04609271603455e-7,
0.051371695641897745,0.0005052244994533339,7.075317894625743e-7,
0.05137169501639494,0.0005052410369201683,7.061262461328588e-7,
0.0513716587573047,0.0005052376184609463,7.070813359050207e-7,
0.0513716127337529,0.0005052392073913079,7.09744455583215e-7,
0.05137161250798885,0.0005052396484641745,7.060323969628137e-7,
0.05137156073079513,0.0005052452913828085,7.08504323133898e-7,
0.05137152103718865,0.0005052515989507074,7.049802436031907e-7,
0.05137151543165246,0.0005052511565482201,7.048787322470863e-7,
0.05137142672922063,0.0005052510402986747,7.049532163377354e-7,
0.05137136952142776,0.0005052515102065945,7.062555791021227e-7,
0.051371369073010695,0.000505252455833415,7.054143467384701e-7,
0.05137130317048488,0.0005052535516416866,7.073442391006058e-7,
0.05137125243268646,0.0005052542040720166,7.067808654849324e-7,
0.051371251044192504,0.0005052538674429124,7.061389466104738e-7,
0.05137121986983264,0.0005052536226685003,7.052655927130448e-7,
0.05137116670373067,0.0005052589269555027,7.053798691372569e-7,
0.051371161155961964,0.0005052468547446506,7.07187953899477e-7,
0.05137113292161881,0.0005053696358055668,7.054187205471896e-7,
0.05137108014670879,0.0005053523878690746,7.053252297956863e-7,
0.05137107555352901,0.0005052300795831641,7.090042176377733e-7,
0.051371055078341846,0.0005051665975436194,7.136397878974008e-7,
0.051371003408001846,0.0005051616127004007,7.06853863781479e-7,
0.051370981955247155,0.0005051772621469138,7.051782568992123e-7,
0.05137097070619408,0.0005051733556242768,7.058754261971431e-7,
0.0513709112003433,0.0005051627696516079,7.058300288054569e-7,
0.05137090291082121,0.0005054419747591282,7.049518021703976e-7,
0.051370885282203196,0.0005053894966445997,7.121968789487445e-7,
0.051370828829208896,0.0005442741406109786,7.06282552184019e-7,
0.051370817170664676,0.0005209724765363295,7.055471249189062e-7,
0.051370794529137516,0.0005048161321531099,7.047751087564607e-7,
0.05137073554348926,0.0005047805846343076,7.097960010869241e-7,
0.05137073468902236,0.0005051821191146984,7.045195196221674e-7,
0.051370692769093076,0.0005078703639141889,7.059023055839089e-7,
0.05137062865706358,0.0005053701304387493,7.039471580896831e-7,
0.051370542154797166,0.0005052491066802677,7.038346999876624e-7,
0.05137028613077029,0.0005053973658163585,7.051618418851261e-7,
0.05137026348114239,0.0005054359662461153,7.03734683518553e-7,
0.05137025338938343,0.0005047856452442779,7.036470716992901e-7,
0.05137018365684199,0.0005052855326383167,7.047496648297705e-7,
0.05137014435997066,0.0005049006765387692,7.0366060665212e-7,
0.05137011345622803,0.00050620686685697,7.0360672269613e-7,
0.05136999218062435,0.0005054786592597234,7.037258930952886e-7,
0.05136997558096247,0.0005041609817053748,7.035735024464756e-7,
0.05135979356778182,0.0005045338545912237,7.035998911481843e-7,
0.051347036964930516,0.0005036685391507167,7.069773337759994e-7,
0.05134624764771002,0.0005035622572678401,7.034825454079738e-7,
0.0513362801681756,0.0005035261950848025,7.034017139400719e-7,
0.05132325382958542,0.0005037752867589948,7.041032498242084e-7,
0.05132325156235481,0.0005033317766824199,7.040767118981447e-7,
0.051323247645850625,0.000503322867954463,7.039569628939881e-7,
0.05132324744562605,0.0005033255049290262,7.12119095515947e-7,
0.05132287033322649,0.0005033310616305218,7.064896396366185e-7,
0.051322586429341774,0.0005033308293873113,7.036910893049261e-7,
0.051322576767716024,0.0005033671487086743,7.037658584774209e-7,
0.051322413796438385,0.0005033611929109272,7.053596622375988e-7,
0.05132222276528813,0.0005033554373875897,7.043575927681159e-7,
0.05132222246388396,0.0005033513619385439,7.034755055298197e-7,
0.05132221983255192,0.0005033455845131986,7.040442910177092e-7,
0.051322215715470035,0.0005033084719492138,7.046449030061398e-7,
0.05132221542718601,0.0005033077945807172,7.089473390027564e-7,
0.051322186737664456,0.00050330909292915,7.027718471742503e-7,
0.05132215442982422,0.0005033090992915458,7.034376326173444e-7,
0.05132215320784134,0.0005033091693523607,7.061501432475317e-7,
0.05132214614393233,0.000503308483456285,7.028910012213738e-7,
0.05132213303225041,0.0005033134007552661,7.035085004826079e-7,
0.05132213287606068,0.0005033149871896182,7.03517523398164e-7,
0.051322035515847325,0.0005033093058153593,7.031979628158635e-7,
0.05132195552365523,0.0005033071396612136,7.075278814164537e-7,
0.051321953073275035,0.0005033071022070567,7.049714707730154e-7,
0.05132188033165226,0.00050330750530832,7.056364419598089e-7,
0.051321830484278026,0.0005033070538190454,7.057847472490719e-7,
0.05132183048085712,0.0005033068011035325,7.094332979032829e-7,
0.05132181719824672,0.0005033066648086936,7.054681921007004e-7,
0.05132180441193009,0.0005033062980528471,7.04810827314373e-7,
0.0513218044008613,0.000503306552536403,7.051018424145966e-7,
0.05132179757924117,0.0005033059812159903,7.044812496391354e-7,
0.051321791318693834,0.000503305121439587,7.038336668112677e-7,
0.051321791296259106,0.0005033127325776089,7.032922138935329e-7,
0.051321783361030035,0.000503311701154667,7.061763323682521e-7,
0.05132177626749237,0.0005033109758773726,7.051203405337746e-7,
0.051321776230529234,0.0005033126868350745,7.044866697107698e-7,
0.05132177321429145,0.0005033271605047815,7.035210239729928e-7,
0.051321770969350915,0.0005033224693244421,7.034010356229672e-7,
0.0513217709425737,0.0005033219635436509,7.039927893273197e-7,
0.051321770200420766,0.0005033246810457897,7.030185518330746e-7,
0.05132176879056483,0.0005033251370343949,7.02527668030912e-7,
0.05132176862531596,0.0005033309850872974,7.040964601948105e-7,
0.05132176831663914,0.0005033718683842656,7.034971058759953e-7,
0.05132176158058733,0.0005033247379452702,7.021976910496015e-7,
0.051321757202416406,0.0005033307543884103,7.02785609342304e-7,
0.05132175680814383,0.0005033202655102022,7.070695279564681e-7,
0.0513217506264395,0.0005033188824019786,7.042519032626835e-7,
0.05132174732264411,0.0005033757103407132,7.06586277237172e-7,
0.0513217472759229,0.0005142743743211509,7.023752443734865e-7,
0.05132174511432795,0.0008053676553028798,7.027988447385539e-7,
0.05132174390100673,0.0006527581169188856,7.022844949516161e-7,
0.05132174366546986,0.0006298290606952865,8.10425395978599e-7,
0.051321740182082604,0.0005209456006427424,8.231605717767154e-7,
0.05132173755270155,0.0005060491035202525,7.714073877540879e-7,
0.05132173754825381,0.0005050977880006753,7.719682728884073e-7,
0.05132173477358553,0.0005048612301823666,7.728831067210898e-7,
0.05132173176279869,0.0005048395002505317,7.757175775037534e-7,
0.05132173176219073,0.0005048373134027089,7.72428111192215e-7,
0.051321727208373046,0.0005048182267054674,7.721260255916712e-7,
0.05132172623950462,0.0005047621411844753,7.720278297375616e-7,
0.05132172599781751,0.0005047570467255728,7.728613996157578e-7,
0.05132172493750885,0.0005047564231005594,7.727144211958036e-7,
0.05132169886355454,0.0005047561093874548,7.737762835835089e-7,
0.05132169461225701,0.0005047595014090948,7.713890316741338e-7,
0.051321678714834,0.0005047586163889695,7.796324279879465e-7,
0.05132167857705791,0.0005047589285417769,7.769408103964892e-7,
0.05132165730127913,0.0005047585432662238,7.786687224658547e-7,
0.051321652799707705,0.000504785265432991,7.794911149123976e-7,
0.05132131339792506,0.0005047913238070727,7.789555863049942e-7,
0.05132124872544943,0.0005048014906552117,7.804458674326077e-7,
0.0513211859344869,0.0005048012634211094,7.764629869256955e-7,
0.05132104871607374,0.0005048003666035787,7.764015394291625e-7,
0.0513208830732648,0.0005047954715498989,7.843012900117632e-7,
0.05132088289800189,0.0005048095725930519,7.76504141537977e-7,
0.0513208819714591,0.0005048009425242684,7.761343430842839e-7,
0.05132088159755013,0.0005047958054943288,7.740325774843845e-7,
0.05132087831815715,0.0005047717057356302,7.740090595945851e-7,
0.05132087737223675,0.0005051859285333266,7.739719755481271e-7,
0.05132086985110203,0.000505045097559531,7.754861612037661e-7,
0.05132086909345841,0.0005050897886604665,7.749237645211212e-7,
0.05132085973157576,0.0005050767652027587,7.75922221006454e-7,
0.051320853474391054,0.0005050724572986848,7.739816659167389e-7,
0.05132085276824786,0.0005050724929584557,7.73581500657277e-7,
0.051320852070083155,0.000505071743912752,7.741575247782066e-7,
0.05132084702652961,0.0005050697688758532,7.766915001568446e-7,
0.05132084669585689,0.0005050688718976664,7.734278733282048e-7,
0.05131408139986546,0.0005050553412437527,7.734257174361114e-7,
0.051312182803169175,0.0005050581573554835,7.727908119532761e-7,
0.05131184659837881,0.0005050560615252254,7.728850585881298e-7,
0.0513099704857361,0.0005050437064036366,7.727810835343865e-7,
0.051306100146362284,0.0005050458279128828,7.743218353826437e-7,
0.05130609284844143,0.0005050431920973832,7.73938508689211e-7,
0.05130609195192479,0.0005050307384247122,7.747050732462955e-7,
0.051306087202132235,0.0005050362549878819,7.72622823072706e-7,
0.05130607825337661,0.0005050455345777759,7.742173639868039e-7,
0.05130607819523631,0.0005050416956021032,7.738211438747628e-7,
0.05130606641281902,0.0005050468623107727,7.765512549406951e-7,
0.05130606559388663,0.0005050758187234331,7.772906422711128e-7,
0.05130563491029053,0.000505059574385703,7.788736556104679e-7,
0.05130549388735844,0.0005050535739328533,7.789537656806802e-7,
0.051305486665694865,0.0005050544696729735,7.806510648665083e-7,
0.05130534874981775,0.0005050506748515559,7.828893284451484e-7,
0.051305040321256816,0.0005050541841888289,7.996246584238483e-7,
0.051305039284969996,0.0005050759833164656,8.386858547809871e-7,
0.05130465997834615,0.0005050694572725236,7.723929011684629e-7,
0.05130458200421788,0.0005050696529113457,7.801605752919732e-7,
0.05130456035915247,0.0005050586503925659,7.730246737241578e-7,
0.05130448861264193,0.0005051017537350889,7.737738480590251e-7,
0.05130436151893165,0.0005049728968948876,7.733422776530968e-7,
0.05130436077192699,0.0005050028464966542,7.725089081392754e-7,
0.05130433922099315,0.0005050027947296037,7.740724583434438e-7,
0.051304337203955476,0.0005050063861388141,7.73238433544302e-7,
0.051304332154753676,0.0005050476734587988,7.723680159422911e-7,
0.05130432898887742,0.0005050307792550692,7.722277329440753e-7,
0.05130432836186665,0.0005054004256589535,7.724897576841626e-7,
0.05130432680829129,0.0005051726977537996,7.74820132593511e-7,
0.05130431396004364,0.0005050993272305426,7.729670814919763e-7,
0.051304313541756165,0.0005050746171159873,7.725420552935424e-7,
0.0513043071479963,0.0007704083970929474,7.767442569145878e-7,
0.05130430259872031,0.0006292265249822895,7.726927952208232e-7,
0.051304296779982404,0.0005611635047103732,7.756583589218807e-7,
0.051304296380302934,0.0005252339805199766,7.758815797364707e-7,
0.05130427972604789,0.0005097944637424427,7.746839279619751e-7,
0.05130427762148391,0.0005034228148973796,7.738757260725855e-7,
0.05130427449366485,0.0005006889855224489,7.723423312112653e-7,
0.05130427185255306,0.0005004583543378838,7.668907412635464e-7,
0.05130427184366158,0.0005004565461320608,7.683412130636646e-7,
0.051304269426067625,0.0005004338225629749,7.674258186157474e-7,
0.05130425605766717,0.0005004271082841604,7.66298212507549e-7,
0.05130425601464973,0.0005004226451022776,8.160320064807675e-7,
0.05130424512403165,0.0005004228117807233,7.663972333942576e-7,
0.05130424156646421,0.0005004207375342978,7.629015602896783e-7,
0.05130423996409032,0.0005004237916573681,7.629292994075756e-7,
0.051304238818663306,0.0005004248948741113,7.628492817148652e-7,
0.051304222809276594,0.0005004202613127788,7.626436046699446e-7,
0.05130422119971819,0.0005004192964424715,7.630718906408112e-7,
0.05130421815268195,0.0005004192634499393,7.639907175640988e-7,
0.051304214125285574,0.0005004146097504192,7.628451124397427e-7,
0.05130420718562969,0.0005004128535180755,7.624811514238061e-7,
0.051304207060275775,0.000500411733364529,7.634397751011614e-7,
0.05130419701851638,0.0005004111643622046,7.622330329564734e-7,
0.05130419658310278,0.0005004112495458362,7.661041080632658e-7,
0.05130419427143581,0.000500410935883139,7.665922444851204e-7,
0.051304184732080815,0.0005004109465980787,7.64445785373591e-7,
0.0513041840428236,0.0005004109766569224,7.639196675453913e-7,
0.05130418273999985,0.0005004117566941685,7.650477478132818e-7,
0.05130418059396326,0.0005004112779020185,7.653072920799731e-7,
0.05130417993159165,0.0005004103503566443,7.643983280242676e-7,
0.051304178620247214,0.0005004043702496551,7.641946958914798e-7,
0.05130417016455654,0.0005004048202092315,7.652850492879805e-7,
0.0513041699439857,0.0005004079593039137,7.658251309737372e-7,
0.051304166473637496,0.0005004031354047701,7.641410013114617e-7,
0.051304165022648,0.000500398046363298,7.689794468252306e-7,
0.051304164371533637,0.0005003993537933661,7.651778774791034e-7,
0.05130416205125686,0.0005004122515388119,7.660940013019659e-7,
0.051304156966777335,0.0005004180461320141,7.64893335480366e-7,
0.05130415695180436,0.0005003941975710639,7.659826479138992e-7,
0.05130415315710881,0.0005003863549509666,7.646568330895171e-7,
0.051304146685319296,0.0005003639759464714,7.641707951091573e-7,
0.05130413372527566,0.0005003648393161074,7.639517139934971e-7,
0.05130413110958747,0.0005003647504820039,7.768060792163904e-7,
0.05130339094312733,0.0005003915861563172,7.64099580993981e-7,
0.051303339837672754,0.000500461887285293,7.638916369797121e-7,
0.05130304009933938,0.0005003758807672893,7.637040278305145e-7,
0.05130303820224095,0.000500377515269133,7.638050621026048e-7,
0.05130291427386906,0.0005003773275174702,7.652941249832355e-7,
0.05130291241249624,0.0005003787192822107,7.636249071756223e-7,
0.05130198648025008,0.0005003796605193952,7.641350121787425e-7,
0.05130198538200469,0.0005003794381288965,7.645646715503553e-7,
0.051301892727479155,0.0005003771779267546,7.641958892013491e-7,
0.051301892476972824,0.0005003765369683671,7.645701980753272e-7,
0.051301870817748736,0.0005003800626002395,7.67039777317287e-7,
0.051301870731545046,0.0005004224288412759,7.642252900701174e-7,
0.051301852183318224,0.0005004467758377808,7.641879194252952e-7,
0.051301851412703145,0.0005004958218383285,7.629912687195718e-7,
0.0513018504356238,0.0005006038080367258,7.610972883118823e-7,
0.05130184955294106,0.0005138094896850291,7.653210711483814e-7,
0.05130180321348704,0.0005083897030729341,7.614011929266466e-7,
0.05130180321296163,0.0005090645191574119,7.601054521941732e-7,
0.051301760074240546,0.0007307508645254476,7.599380564910856e-7,
0.05130175908555248,0.0006643021832348865,7.602774122541492e-7,
0.051301758626524786,0.0005947380680579841,7.609399718952264e-7,
0.051301757836737225,0.0005320467371615805,7.601451943524981e-7,
0.05130173016389058,0.000506176306382884,7.619561192878085e-7,
0.05130172379767487,0.0005012912917647629,7.66177246280806e-7,
0.05130163433749784,0.0005005566840964355,7.62745426521038e-7,
0.05130163243612335,0.0005005225345553111,7.605486257530144e-7,
0.0513016311449007,0.000500507935959388,7.604753904598974e-7,
0.05130162913553236,0.000500506151713264,7.596590681628874e-7,
0.051301478088750956,0.0005005060734084506,7.634627522840616e-7,
0.051301477978198284,0.0005005069139780818,7.617141992606813e-7,
0.05130130351402719,0.000500507621087556,7.637639124176335e-7,
0.05130130204321167,0.0005005144384058742,7.629597522472617e-7,
0.051301291549856264,0.000500507413764044,7.602578930224954e-7,
0.05130129151185237,0.0005005113649711255,7.615930001523183e-7,
0.05130126056488614,0.0005005186968503178,7.602463778850558e-7,
0.051301259645218776,0.0005005165173072835,7.602056597971197e-7,
0.05130124441638654,0.0005005243247411806,7.606760430524628e-7,
0.05130124279149729,0.000500524033454547,7.670898630334996e-7,
0.051301223605970434,0.0005004930949436095,7.606864216480987e-7,
0.05130122218085638,0.0005002276524418215,7.610268555814542e-7,
0.05130119321453045,0.0005002342003113502,7.614190812981775e-7,
0.05130119196675014,0.000500257460643281,7.601614731390266e-7,
0.051301129488398114,0.0005002478442256401,7.60330981698584e-7,
0.051301129471424144,0.0005001800979862309,7.629494401971181e-7,
0.051301108894227794,0.0005001694778356776,7.611604443702108e-7,
0.05130110831619907,0.0005019787036947505,7.626348664780606e-7,
0.051301071477680024,0.0005012309182476889,7.601946209242922e-7,
0.05130107139365931,0.0005000830075648467,7.614269136332849e-7,
0.05130101530958987,0.0005000810779697897,7.641298886082883e-7,
0.05130101527610438,0.0005000972508121135,7.61786842947428e-7,
0.05130092142612707,0.0005003336799460435,7.608058481663057e-7,
0.05130091957449712,0.000500597887790155,7.617083979611365e-7,
0.051300898926945275,0.0005012193568370818,7.60806790011781e-7,
0.05130089713741058,0.0005010713962587272,7.606103717000312e-7,
0.051300866593605984,0.0005001643164840064,7.605755980800537e-7,
0.051300866386026156,0.0005001310241443948,7.626418064130793e-7,
0.05129090059711599,0.0005001313916051684,7.641846372005729e-7,
0.05129069408436488,0.0005001318822441496,7.639136114432994e-7,
0.05128810004485005,0.0005001356804860695,7.618093024975003e-7,
0.05128788173793573,0.0005001271791811527,7.682879185716092e-7,
0.05128549656801157,0.0005001293823301929,7.652511485283843e-7,
0.051285496206887875,0.0005001346256459784,7.636919644839264e-7,
0.051285440911328285,0.0005001358194604168,7.606373386145233e-7,
0.05128544037605518,0.0005001350478494318,7.642646288031927e-7,
0.05126444882117186,0.0005001344838806236,7.597056944485061e-7,
0.051264447176396236,0.0005001350681923439,7.604614862708785e-7,
0.05126204966036513,0.0005001398919508336,7.616473792779002e-7,
0.05126200178791534,0.0005001404358021365,7.596428782296592e-7,
0.05125946429572889,0.0005001427854315106,7.53207377805125e-7,
0.05125944062590805,0.000500146474854866,7.530773944753509e-7,
0.05125530332679964,0.000500135354246477,7.513135620388438e-7,
0.05125529968034181,0.0005008386224514846,7.515212699785489e-7,
0.05125442734760501,0.0005016189637706357,7.51401651828712e-7,
0.05125439950006353,0.0005004198161252894,7.604986907975945e-7,
0.05125306510295872,0.000500159864539362,7.510634782216494e-7,
0.05125304777076816,0.0005001647566545689,7.494971604887429e-7,
0.0512505889336987,0.0005004244697663215,7.510962260957094e-7,
0.0512505886092553,0.0005002378039577002,7.49219399507141e-7,
0.051248526317181874,0.0005002521789313521,7.493404100349679e-7,
0.05124850750041131,0.0005002533739871511,7.495465722948646e-7,
0.05124792381779683,0.0005033631803327694,7.51812629710415e-7,
0.051247920545680295,0.0005038209636444578,7.529834536409681e-7,
0.05124757289023529,0.0005040599042435317,7.524475817471724e-7,
0.051247572652318794,0.0005039375448949497,7.490727914756555e-7,
0.051247519330257695,0.0005035627284680765,7.545648934315498e-7,
0.05124751913466011,0.0005032056435298954,7.517202251486422e-7,
0.051247512779258785,0.0005052682584264636,7.488787951216936e-7,
0.0512475124529245,0.0005066229765586513,7.545692798235209e-7,
0.05124751244083492,0.0005052852497847636,7.522110725738485e-7,
0.05124751204953115,0.0005052150395513369,7.51539002225959e-7,
0.051247508581397296,0.0005064483195146378,7.520554679691306e-7,
0.051247507956683355,0.0005130818493103132,7.531243188191232e-7,
0.051247482543818175,0.0005125257435735377,7.52241909463405e-7,
0.051247482396046075,0.0005111194870226801,7.574874248261421e-7,
0.05124748092072866,0.0005109432674288404,7.60567029497267e-7,
0.051247474701192695,0.0005107367429542166,7.617893291525229e-7,
0.0512473858199192,0.0005685188196579602,7.597839166742884e-7,
0.051247385771843575,0.0005144148202817466,7.512652066576353e-7,
0.05124709847821226,0.0005180820192323155,7.50399459010489e-7,
0.051247089632902455,0.0015816606829214068,7.588112644054582e-7,
0.051247083371304486,0.0025219126314555266,7.519227633357146e-7,
0.05124707933013956,0.0008503483532568422,7.508046846327119e-7,
0.05124704467698701,0.0005407939556011813,7.517865421911723e-7,
0.051247044676145846,0.000540219279536135,7.50632624674131e-7,
0.051246972039405585,0.0005402057043952287,7.513223052374757e-7,
0.05124696655950334,0.0005401816601044501,7.502820843678878e-7,
0.051246963577014436,0.0005401147278830261,7.533867012578192e-7,
0.05124695662493015,0.0005400814430396427,7.545154601059403e-7,
0.051246828898673866,0.0005400288362478492,7.513703876720426e-7,
0.05124682888852721,0.000586729057373306,7.502438808188661e-7,
0.051243022208651914,0.0005790079058565225,7.502232861883755e-7,
0.051242814650604936,0.0005726225262173674,7.529576740812604e-7,
0.05124277473767905,0.0005706161513397452,7.510245274757307e-7,
0.05124257489375716,0.0005679569514067195,7.50253825663114e-7,
0.0512402323332861,0.0005685318575200271,7.506807441903145e-7,
0.051240232247724164,0.000579442450769489,7.502132955632652e-7,
0.05123971706276594,0.000664561300761729,7.614608523711183e-7,
0.05123969213011475,0.0005501340912366754,7.517621870623158e-7,
0.051239601204019956,0.00401815534075148,7.502706344003147e-7,
0.0512395787957096,0.0005865471351115917,7.552669288134739e-7,
0.05123909534244699,0.0005836882593622741,7.554965967626915e-7,
0.051239095342047666,0.0005838115846415127,7.573035612358527e-7,
0.05123893837821249,0.0005817180899032393,7.552195624494215e-7,
0.051238925899500395,0.0005808204145236718,7.574434451692499e-7,
0.05123868239345751,0.0005807444184800743,7.580566369843318e-7,
0.05123867794697714,0.0005816740415345172,7.552215262673475e-7,
0.05123836357433064,0.0005813032916123248,7.644059579394844e-7,
0.05123836352634086,0.0005807912227160715,7.579526289143516e-7,
0.05123789280831841,0.0005810523749420147,7.592226666110846e-7,
0.05123785255021501,0.0005813229687777093,7.58517156018962e-7,
0.051237852182555145,0.0005807525365476278,7.555216480094999e-7,
0.05123781168850918,0.0005780149956980135,1.0556854155004561e-6,
0.0512375121352352,0.0005781118749287286,7.617655807535587e-7,
0.05123751212985824,0.0005782259035147768,7.532663932553766e-7,
0.05123731834871067,0.000576184168868787,7.510529354909478e-7,
0.05123729486144919,0.0005727646970789561,7.516144285118593e-7,
0.05123729404904654,0.0005747816320789366,7.516595842991305e-7,
0.05123727316440446,0.0005744278672941432,7.508046147541178e-7,
0.051237134614805696,0.0005746614358354303,7.515634709677606e-7,
0.051237134558101784,0.0007774169067445987,7.518438054410866e-7,
0.051237068719738814,0.0005890803620626968,7.513467038597197e-7,
0.05123706347843835,0.0005260449985906257,7.507889479901207e-7,
0.05123705932449823,0.0005104407748452173,7.525698943114989e-7,
0.05123705245207932,0.0005105416211242115,7.578305123863991e-7,
0.051237019149138086,0.000509326164526223,7.569668761647297e-7,
0.05123701895526625,0.0005115332369388938,7.511611282510537e-7,
0.05123692888342166,0.000514623814279974,7.512253746946359e-7,
0.05123691994279913,0.0007302271378262202,7.525168085007805e-7,
0.05123691761252398,0.0018288012568657846,7.519616601312165e-7,
0.05123690873423039,0.0005468469949147066,7.510491102615772e-7,
0.051236876417662516,0.0005183221377133386,7.545758535125914e-7,
0.05123687565459989,0.0006050096340093597,7.509310793386439e-7,
0.0512368039091717,0.0006883392881752624,7.513462395937077e-7,
0.051236803152713055,0.0005394499923628857,7.521079522337455e-7,
0.051236765141062825,0.000506279632995593,7.556171458383924e-7,
0.05123676006180651,0.000506110303075744,7.517383969948192e-7,
0.051236734256661795,0.0005060977931993605,7.514534287423506e-7,
0.0512367341790256,0.0005061224009455343,7.51702625290443e-7,
0.05123669585418857,0.0005060970368377291,7.533829957042337e-7,
0.05123669520100262,0.0005059485095695073,7.510387906357594e-7,
0.0512366176981712,0.0005059504348208337,7.517867197604475e-7,
0.051236616612574545,0.0005057061674683624,7.512346794612666e-7,
0.05123660736997462,0.0005057443874333437,7.508056646290117e-7,
0.05123660736442633,0.000505680270596643,7.509359045053035e-7,
0.051236594898011995,0.0005056783972397118,7.538553731096262e-7,
0.05123659370906082,0.0005056840312173177,7.530542292516177e-7,
0.05123659370035921,0.0005055828711437998,7.594512773281028e-7,
0.051236592431033734,0.0005055101565728462,7.507813547512433e-7,
0.05123658105653048,0.0005055512129220865,7.537694474864474e-7,
0.05123658105176798,0.0005056165959601331,7.555076200891156e-7,
0.051236570626855535,0.0005056155436480843,7.506938410107313e-7,
0.05123656959883211,0.0005055020439728136,7.509189520602529e-7,
0.05123656953487476,0.0005054926765573278,7.51110253648811e-7,
0.05123656858311899,0.0005054526782858238,7.50275228042019e-7,
0.05123655699277868,0.0005054641890447086,7.502571846076299e-7,
0.051236556962685344,0.0005054558241806884,7.50446045072894e-7,
0.05123645777244912,0.0005054574331149032,7.507521882515058e-7,
0.051236446379780885,0.0005054573687888853,7.514021060441258e-7,
0.05123643607509012,0.0005054559567914627,7.500592851317395e-7,
0.051236430019857004,0.000505196374498593,7.650136678467209e-7,
0.05123632658622401,0.0005051708530826719,8.012598453337983e-7,
0.05123632616955377,0.000505224774631013,7.651179857476128e-7,
0.05123632567180992,0.0005052935317813334,7.641918009052701e-7,
0.05123632490897394,0.0005054921883728026,7.617205478789625e-7,
0.05123632458786255,0.0005052928050165489,7.70113221655734e-7,
0.05123632211366441,0.0005052979304571552,7.638211644898141e-7,
0.051236294570021136,0.0005053532424117907,7.633511695479611e-7,
0.05123629456854195,0.0005053986072546103,7.673059203267938e-7,
0.05123627380550183,0.0005053748876352079,7.674376048762898e-7,
0.05123627192856989,0.0005053710207862639,7.635046113724269e-7,
0.05123627171374517,0.0005149240464770975,7.630901833740955e-7,
0.05123627046813198,0.0005144952460835308,7.620601645140575e-7,
0.05123626174470516,0.0005144703151535331,7.675932345617949e-7,
0.05123626173094433,0.0005144437707200053,7.660083561930407e-7,
0.05123625016200115,0.000515311984317467,7.618545549588345e-7,
0.05123624911533839,0.0005146827764382532,7.617958961972673e-7,
0.05123624908729461,0.000514368828188073,7.617852955719431e-7,
0.051236247947510055,0.0005144015275256253,7.618079175407535e-7,
0.05123623815836862,0.0005144976692727579,7.623025635803435e-7,
0.05123623815777025,0.0005145898118224399,7.625343714272558e-7,
0.05123622612660859,0.000514163477821897,7.636937016653933e-7,
0.05123622430404447,0.0005140752605808206,7.621567923269707e-7,
0.051236222937395784,0.0005139483872955989,7.616490807240201e-7,
0.05123621902870209,0.0005140398035103848,7.699250894729356e-7,
0.051236174963732034,0.0005139424453737616,7.691207908946709e-7,
0.05123617488550498,0.0005138745926685679,7.650630036127546e-7,
0.0512361717103429,0.000513740105495838,7.716670218010111e-7,
0.051236171616919485,0.0005136252653006012,7.638153469800203e-7,
0.05123616452684022,0.0005138187897629446,7.637636799507205e-7,
0.051236164461693295,0.0005138845090866245,7.643176569550945e-7,
0.05123615870786074,0.0005137418180531866,7.61493006478306e-7,
0.0512361585598786,0.0005137425537472631,7.632948529146691e-7,
0.0512361454715365,0.0005140686540781605,8.136266607142428e-7,
0.05123614386032828,0.0005139870333215778,7.602159706154552e-7,
0.051235536790839115,0.0005139510327659053,7.592092190285937e-7,
0.05123547672412274,0.0005139360000969607,7.593320513083439e-7,
0.05123522682184281,0.0005139159724590304,7.668999657423821e-7,
0.05123518336956178,0.0005138458088259138,7.658769178248154e-7,
0.05123508926488001,0.0005137226375223775,7.601777535813522e-7,
0.05123508835248332,0.0005138106072817952,7.595644863177902e-7,
0.05123506838223307,0.000513813626701037,7.604177398861642e-7,
0.05123506831907189,0.000513796957646812,7.604443801518787e-7,
0.05123506831502933,0.0005137298070722012,7.593359871372756e-7,
0.0512350457529957,0.0005137690481822286,7.59158273835144e-7,
0.051234772264786524,0.0005134291397549506,7.600058909297427e-7,
0.051234772239762305,0.0005128442083009899,7.62057399371758e-7,
0.05123454347236022,0.00051281932662019,7.588769363436078e-7,
0.05123452767023196,0.0005130714635723635,7.599065912819156e-7,
0.051234527661761356,0.0005128907517644373,7.594876207818651e-7,
0.05123451521619344,0.0005132505278564242,7.602919109614118e-7,
0.051234349455907185,0.0005134615518462006,7.598070675356674e-7,
0.05123434900456357,0.0005136446669531423,7.623108704519148e-7,
0.05123416732206485,0.0010958880383364303,7.639556156970173e-7,
0.05123416324372601,0.0009072799966022126,7.596735857777222e-7,
0.05123416316701393,0.0006919880596824986,7.686744198253477e-7,
0.051234160626478356,0.0008675335955201776,7.586928665483267e-7,
0.051234078333054045,0.0005384491438612709,7.610155337789582e-7,
0.05123407801599119,0.000864890453927961,7.587476809448076e-7,
0.05123398554826722,0.0005028437884871584,7.589240075733735e-7,
0.05123398437120581,0.0005015927759784583,7.645814878978249e-7,
0.05123398432414572,0.0005015927599361019,7.622262788122977e-7,
0.05123398360713734,0.0005015943039880005,7.58647567046991e-7,
0.0512339559811467,0.0005015963364251323,7.604997178857295e-7,
0.05123395514188397,0.0005015979214759042,7.60612624035017e-7,
0.05123394922987196,0.0005016021696292751,7.58547231313807e-7,
0.05123394756152787,0.0005016012608654821,7.589692062976013e-7,
0.05123394743225095,0.0005060530961976337,7.576653491921602e-7,
0.05123394582973769,0.0005057665198653359,7.551077094617632e-7,
0.05123389021848542,0.00050592308018802,7.535889016125767e-7,
0.05123389015751196,0.0005062088515548393,7.591719256756101e-7,
0.051233826730370566,0.0005069910116391979,7.552556649620547e-7,
0.05123382559184967,0.0005068274583377899,7.541919042556791e-7,
0.051233825564410675,0.0005037273647251647,7.555452395837166e-7,
0.05123382441333559,0.0005075724388296414,7.554080979081227e-7,
0.0512337708093243,0.0005077804277983694,7.545429139829388e-7,
0.051233770784746,0.0005105884603665328,7.646344171546906e-7,
0.05123372418499081,0.0005101232002931823,7.570283806964509e-7,
0.05123372253425186,0.0005101311664607497,7.680545452865237e-7,
0.05123372095864929,0.0005114503056675389,7.61959607334103e-7,
0.05123372007096668,0.0005107102763345598,7.560138870623071e-7,
0.05123365006644674,0.0005138422034884796,7.537851453965659e-7,
0.05123364945300562,0.0005123537693430234,7.533816220288165e-7,
0.0512336099533748,0.0005173223017007456,7.537054162175449e-7,
0.0512336073636422,0.0005147782702906409,7.539718224900806e-7,
0.05123360428094209,0.0005131289324676796,7.549801273109795e-7,
0.05123360237367531,0.0005074146625039971,7.546204525103753e-7,
0.05123348897887984,0.0005066532149259651,7.531598478626784e-7,
0.051233488623741434,0.0005062617418632326,7.522911239823211e-7,
0.0512333485472548,0.0005062630288451207,7.571003683475684e-7,
0.051233343115336345,0.0005640356808635272,7.527861229478321e-7,
0.0512333420701559,0.000511104052587116,7.52706780704678e-7,
0.051233340277719384,0.0005070583465042796,7.531089782462251e-7,
0.051233261998876185,0.0005068328218411649,7.541625930871749e-7,
0.05123325991436817,0.0005074841895885707,7.525395689780723e-7,
0.051233199038741156,0.0005044726898089008,7.533975222755044e-7,
0.05123319159856964,0.0005046371679895146,7.539801772574661e-7,
0.05123309491256644,0.0005061894231351583,7.535298866656789e-7,
0.05123309163304504,0.0005299263151762236,7.545002246808866e-7,
0.05123302347069608,0.0005152858560621829,7.565186459816157e-7,
0.05123302067883463,0.0005150685816874173,7.542069580173457e-7,
0.05123302067829009,0.0005129365557469923,7.559203598171392e-7,
0.051233020291475646,0.0005103114151210643,7.537194312847564e-7,
0.051233010515076643,0.0005104804146723495,7.55268086167591e-7,
0.05123301047155736,0.0005103115522619488,7.533570269072136e-7,
0.05123299786771294,0.0005107230523655347,7.635171958929349e-7,
0.051232997591983215,0.0005111038659397502,7.564814816918804e-7,
0.05123299756850932,0.0005112115543125518,7.569664546246642e-7,
0.05123299733083248,0.00051090174739404,7.532356240971061e-7,
0.0512329890220212,0.0005108615426892655,7.531289401195105e-7,
0.05123298851870623,0.0005110272210157393,7.797429090565458e-7,
0.05123295978785117,0.0005110148821960967,7.776411686673804e-7,
0.051232959388442585,0.000511920176705814,7.79530065100319e-7,
0.05123253932027959,0.0005133896918710231,7.648746640636246e-7,
0.05123252240219441,0.0005131633416004483,7.637134111300714e-7,
0.05123221703947678,0.000513625197092735,7.613948851253797e-7,
0.051232205194811316,0.0005162511620241359,7.591771375040703e-7,
0.0512321985627312,0.0005149575382472124,5.641248277871732e-6,
0.05123219821481913,0.0005144673726681711,8.914563059196944e-6,
0.05122050623422393,0.0005130643514337294,1.1292602819959678e-6,
0.05122016022502498,0.0005116589201118227,9.355022477898557e-7,
0.05121598716110688,0.0005100231199644097,8.840045074042164e-7,
0.05121565693702829,0.0005092702802205856,1.1165045620941088e-6,
0.051213710055571626,0.0005090853775380285,8.509650952209461e-7,
0.051213709812028656,0.00051050764026265,7.865732339753078e-7,
0.0512136990799701,0.0005083765426933896,7.807647148253563e-7,
0.05121369869149786,0.0005083990083796833,7.683770029421397e-7,
0.0512136650272503,0.0005084033679636143,7.698912277067836e-7,
0.051213664697442436,0.0005084282404705206,7.689564899560214e-7,
0.05121366182738693,0.00050843994964396,7.688182900360196e-7,
0.05121366169790045,0.0005086123213258142,7.680678063600259e-7,
0.0512134930198669,0.0005091694522153788,7.784890184382182e-7,
0.051213485156683926,0.0005085296350862723,7.768925284743012e-7,
0.05121179439513823,0.000508272729721915,7.76185059829433e-7,
0.05121179383066412,0.0005080360854443234,8.366896630324985e-7,
0.051210525918212575,0.0005081041707386596,8.114551735411587e-7,
0.051210448817103196,0.0005083228863121246,7.792671897661888e-7,
0.051041473166343346,0.0005083351121642971,7.765219783745464e-7,
0.051034949011572184,0.0005089535227839121,7.71234709899616e-7,
0.05091773104323622,0.0005105235356607326,7.882891056407446e-7,
0.0509144261662423,0.0005114018446747545,7.780699405166274e-7,
0.0509130274951426,0.0005115926135472683,7.74333173463442e-7,
0.05090428628751073,0.0005141602917102593,7.683238293091748e-7,
0.0508808202659749,0.0005159776562311182,7.66696481300633e-7,
0.05088068976178506,0.0005145590669684585,7.758922494702139e-7,
0.05087539297385363,0.0005168758265209404,7.756621367623102e-7,
0.05087525868201606,0.0005159485201076781,7.700727850225062e-7,
0.050875222472589264,0.0005143015193547852,7.684755744990889e-7,
0.050875216708937916,0.0005144567913748805,7.711193208337401e-7,
0.050875203674561685,0.0005145889447736336,7.692113459241141e-7,
0.05087519914281939,0.000521280440942151,7.668561879726889e-7,
0.050875087927927526,0.0005227787234663583,7.684857997224304e-7,
0.0508750875804702,0.0005218631701172493,7.670292829375876e-7,
0.05087493069874355,0.0005207705248771014,7.663185981141868e-7,
0.05087491940288687,0.0005187128769457945,7.714933757669202e-7,
0.050874889574714914,0.000519414536495515,8.302010083886453e-7,
0.05087488248366916,0.000520658387432913,1.1109724518797752e-5,
0.050874658047786944,0.0005213082452507736,8.535822285113918e-7,
0.05087465753576617,0.0005215804986261063,8.40433544813781e-7,
0.05087465698874804,0.0005205030782571122,8.446351625395704e-7,
0.05087465617083645,0.0005222877227508505,8.27066046782314e-7,
0.050874653311397615,0.0005266935154878634,8.693323551256077e-7,
0.0508746468306267,0.0005425799424400172,8.270095159438686e-7,
0.05087451755750269,0.0005662615257250446,8.253358887621611e-7,
0.05087451560851698,0.0005361605969560956,8.307626386160002e-7,
0.05087107573589423,0.0005167585054728637,8.311832561131291e-7,
0.050871012003664284,0.0005195710014389732,8.337879715274726e-7,
0.050870704780433845,0.0005201952119727518,8.257992646779502e-7,
0.050870656550711005,0.0005210524003820096,8.234809150286255e-7,
0.05087009947593373,0.0005223885760385346,8.305658868695953e-7,
0.05087009936971963,0.0005214085551814646,8.230761252401072e-7,
0.05086992370435124,0.0005286328494940952,8.414956380279045e-7,
0.0508699188086544,0.0005405727349053728,8.397086454888443e-7,
0.050869900250922646,0.0005237721454152476,8.382806143893399e-7,
0.05086989551372466,0.0005059740338634386,8.359382901063489e-7,
0.05086968162337621,0.0005057486488242574,8.275035990612948e-7,
0.05086968156413889,0.0005138330823408676,8.278229395606286e-7,
0.050869595180718645,0.0005607901602198102,8.271100057860625e-7,
0.05086959260092756,0.0005074222492090307,8.270674383162663e-7,
0.05086958619848117,0.0009950583052197293,8.284911298071884e-7,
0.05086958371912095,0.0005278351294027467,8.265919836798835e-7,
0.05086955231334086,0.0005077287278290899,8.261328112906832e-7,
0.050869552289750194,0.0005021770350474747,8.257232024039905e-7,
0.05086951753034296,0.0004981352140731001,8.24709496836898e-7,
0.05086951659079846,0.0005039974512714611,8.26214667023729e-7,
0.050869489328667805,0.0004903630593436341,8.272383861269636e-7,
0.05086948715762813,0.0004894205929316287,8.229645048422541e-7,
0.05086947768259352,0.0004892794981077543,8.23827138279641e-7,
0.050869477645761926,0.0004892470685007891,8.296375514532338e-7,
0.0508694449625086,0.0004892504800221942,8.268906363258056e-7,
0.05086944351661091,0.0004893067403099319,8.259665277801966e-7,
0.05086944184843342,0.0004899692842065726,8.272793778149772e-7,
0.05086785323902403,0.0004899020653816663,8.317283337681746e-7,
0.050867784223338805,0.000489721222303084,8.252262262351261e-7,
0.050867774337697506,0.0004898127998232271,8.268417368704596e-7,
0.05086776419425589,0.0004898348178399577,8.276948614729829e-7,
0.05086775579394201,0.0004900728221800842,8.241807176347104e-7,
0.05086775128478513,0.0004900419617944113,8.439260738983241e-7,
0.05086749089132581,0.0004894974422725387,8.436172344448878e-7,
0.05086747228178336,0.0004893981247462622,8.373519341576701e-7,
0.050867468835546534,0.000489307903524018,8.359650285110116e-7,
0.05086746703683074,0.0005031607647740061,8.370248629068788e-7,
0.0508674380768795,0.0005619161741456789,8.371321227521187e-7,
0.05086743799106969,0.0004903191019278763,8.37185931258868e-7,
0.05086742077952704,0.0004893372515970232,8.367355408964427e-7,
0.05086741890937176,0.0004891373794666804,8.313892389744406e-7,
0.05086741872053095,0.0004891189952333058,8.245290162393112e-7,
0.05086741728646101,0.000489124507218319,8.261131794243895e-7,
0.05086740075719237,0.0004891246238828462,8.284459990144321e-7,
0.05086740074914882,0.0004891150441597579,8.234224794325494e-7,
0.05086739783603937,0.0004891091736158238,8.236924711501859e-7,
0.050867397530723814,0.0004891170358300277,8.291411468853969e-7,
0.05086739752026355,0.000489117413657629,8.229576464048554e-7,
0.050867397244160305,0.0004891233160847799,8.222551758253549e-7,
0.05086739711394309,0.0004889012673464489,8.29788826916722e-7,
0.050867396895271824,0.0004888641795242634,8.024773215396791e-7,
0.050867394610626095,0.0004895328561547784,8.005290082642116e-7,
0.050867391065857484,0.0004882556558270561,7.993741793671103e-7,
0.050867341434872836,0.0004884248653007471,8.001042339449576e-7,
0.050867340851817114,0.0004891564122383485,7.994378307838968e-7,
0.05086727122634038,0.0004890666669559561,7.986658517920484e-7,
0.050867269758012805,0.0004883229610487627,1.265295764834946e-6,
0.050867269662795554,0.0004883878448037675,1.217990265414988e-6,
0.050867268429327275,0.0004885106426874281,1.2213895258966884e-6,
0.05086722710202547,0.0004884261509501958,1.196395905382721e-6,
0.05086722710043136,0.000488383847386552,1.1990717224120457e-6,
0.050867185684992856,0.0004878117679838687,1.1995201153994475e-6,
0.05086718466231814,0.0004877236143721099,1.1630193450487132e-6,
0.05086718460188111,0.00048773356455803564,1.0030520301220573e-6,
0.05086715853579341,0.0004877522268246337,1.004943494927369e-6,
0.05086636557199952,0.0004876805125551877,1.0015262653895572e-6,
0.05086636009251823,0.00048768927744271016,1.0016442150945554e-6,
0.050865691414192664,0.00048773822212313665,9.899732530741176e-7,
0.05086564800110281,0.00048771591000859967,9.905618826619561e-7,
0.05086564799822554,0.00048770465438104717,1.0261233692418277e-6,
0.050865614539654526,0.00048775323685640445,1.0460761281264928e-6,
0.050864927839743314,0.0004883230543012008,1.0498714778547023e-6,
0.05086492761060102,0.000488589162935881,1.0521868116549318e-6,
0.05086446658090494,0.0005375282715956913,1.2281674589375406e-6,
0.05086444839167781,0.0005321914506302859,1.1778112682305674e-6,
0.0508644483734893,0.0004948801164263051,1.17384703964363e-6,
0.05086444286041232,0.0004945145941860343,1.1587493407181019e-6,
0.05086430771312356,0.0004955125442168585,1.1481498697575115e-6,
0.0508643076758349,0.0004953809034306241,1.1462209326357588e-6,
0.050864197944897487,0.0004957281736108275,1.1436371856320842e-6,
0.05086419463390544,0.0005171849765111757,1.1396424123782118e-6,
0.05086419454911083,0.0005176844797244187,1.2105627277377224e-6,
0.050864191728079045,0.0005132180563216736,1.1361876316825952e-6,
0.050864108560235,0.0005145537365309054,1.2189966739263188e-6,
0.05086410832701821,0.0005137839692988212,1.5795983629491104e-6,
0.050864032910803464,0.0004918955384488629,1.3545439420905388e-6,
0.05086402850603831,0.0004918744249393211,1.2924124320826335e-6,
0.050864020846676655,0.0004928790963862511,1.2553392584243637e-6,
0.05086401386442318,0.0004907136647137382,1.256793668007684e-6,
0.05086388661418676,0.000490620108364499,1.253917595132183e-6,
0.05086388650495261,0.0004907123069745588,1.2730251905229434e-6,
0.050863777584982256,0.0004930150825099357,1.476656766201405e-6,
0.05086377176824874,0.0004891452142437025,4.213457172220031e-5,
0.05086377176809349,0.0004890920420298518,5.736549399969562e-6,
0.0508637645782487,0.0004890733464340735,2.416301619707758e-6,
0.050863713321601854,0.0004890786808011324,1.7144889632109427e-6,
0.05086371332021743,0.0004891370812925425,1.588898081915418e-6,
0.0508636659505843,0.0004936113979318831,1.540540978174462e-6,
0.05086365800924466,0.0004893885476845847,1.5066792819604568e-6,
0.0508635750258484,0.0004887200084626503,1.4707493596777104e-6,
0.050863532806011365,0.0004886202319360297,1.5192715339312742e-6,
0.05086348987474971,0.0004886172926231142,1.711709560128169e-6,
0.05086348973967263,0.0004886062126620947,1.581374461991038e-6,
0.05086344738145137,0.0004885287528736165,1.5314426182115883e-6,
0.050863437715439545,0.0004885009175823451,2.558122829317235e-6,
0.050863437551885445,0.0004884005608625769,1.4553486533262572e-6,
0.05086343037021408,0.0004884208612153765,1.4248673570156392e-6,
0.05086338362611509,0.0004883431325298554,1.3189765889975947e-6,
0.050863383402934885,0.0004882302077153318,1.3190572768648067e-6,
0.050863342759954216,0.00048815665390601685,1.2837275618627306e-6,
0.05086333280890954,0.0004881416169017427,1.3102594075398721e-6,
0.050862359142251165,0.0004881400315563271,5.720575112162554e-6,
0.05086172348557756,0.00048818770051346576,2.150748974562044e-6,
0.05086082900926068,0.0004881829622808486,9.6274473774409e-7,
0.050860166811876995,0.0004881417486310265,1.02900545087923e-6,
0.050860142259967246,0.0004927828517074557,9.884393818013848e-7,
0.050859610038678865,0.0005871035721495359,1.0795649243143272e-6,
0.05084432063111776,0.0006091179147499337,1.0123086134909363e-6,
0.050843985874346284,0.0006824259550270481,9.899810357534589e-7,
0.05084285952281963,0.0013337903767554336,9.16611079179436e-7,
0.050842744900144315,0.0012385587940523311,9.155960299285196e-7,
0.05083992488443009,0.0004941971963160462,8.758177273560761e-7,
0.050839907253875584,0.0004910492907340705,8.710347370874658e-7,
0.05083947227979156,0.000490971662994781,8.716498587744284e-7,
0.050839466737947224,0.000491013761593126,8.273842169107722e-7,
0.050839366256030305,0.0004909863282647525,9.803542515145328e-7,
0.050839332686282476,0.0004909730542616131,7.939302517790526e-7,
0.050839313186183496,0.0004909786828485181,8.004385532658455e-7,
0.05083929802012938,0.0004909814694972984,7.968338574148232e-7,
0.05083924769829787,0.000490981347390605,8.011177625824239e-7,
0.05083924631405732,0.0004911022333969156,7.98307175639903e-7,
0.05083914844373029,0.0004910502404800667,8.073606649304373e-7,
0.05083914400878607,0.000491051059953202,7.993259774135432e-7,
0.05083912448712914,0.0004910501005655922,7.961543264738506e-7,
0.05083910954958338,0.0004910535969103882,7.960678949616121e-7,
0.050839053513956664,0.0004910547664389019,7.928037756774032e-7,
0.050839052672842264,0.0004910700833566187,7.990802779452524e-7,
0.050838958278013754,0.0004911033362079493,7.932743784925878e-7,
0.05083895029218003,0.0004911234274174017,7.930499585454187e-7,
0.05083894471222188,0.0004911638406489458,7.93197024549635e-7,
0.05083893067247527,0.0004910123267045792,1.107771430661263e-6,
0.050838890640979614,0.0004911813151062167,2.190555685251112e-6,
0.050838888591675256,0.0004913236511548098,7.945000013257403e-7,
0.05083879316249514,0.0004913133014539303,7.968362625430186e-7,
0.05083878143413061,0.0004913339366117216,7.939860384122747e-7,
0.05083878134394784,0.0004913671860042382,7.977006863054839e-7,
0.05083876865631192,0.0004914137575725478,7.939503235158703e-7,
0.05083862654237133,0.0004915324840803981,7.945152056774975e-7,
0.05083862371315179,0.0004916052579540073,7.962887616276076e-7,
0.05083856264736775,0.0004916515432658057,7.944668247428518e-7,
0.050838543939393674,0.0004915363614302609,7.950421428494117e-7,
0.050838537276237196,0.0004915676939100366,8.004993355937821e-7,
0.05083852673553552,0.0004916672999277004,7.94390597156232e-7,
0.05083845009859455,0.0004916190607043375,7.981854904729777e-7,
0.05083844998568996,0.0004916076040476494,7.945536441615585e-7,
0.05083838938014574,0.00049163168309367,7.967767264181103e-7,
0.050838377730951664,0.0004916334556407739,8.002457582795531e-7,
0.050838377668907274,0.0004916353025801682,7.982739469091684e-7,
0.05083836682376167,0.0004916608702820286,8.012441487148114e-7,
0.05083832055675463,0.0004916573922519093,8.01247035524036e-7,
0.050838319572633905,0.0004916771656537703,8.225488265149991e-7,
0.05083823510029776,0.0004917142614502308,8.094655462953432e-7,
0.05083822922705342,0.0004915392312930373,7.982539703535157e-7,
0.050838210051090446,0.0004913693422632779,7.95759334072624e-7,
0.050838193040437546,0.000491317462729892,7.950724244225371e-7,
0.050838141511431637,0.0004913088875189896,8.284147202279515e-7,
0.050838141102536066,0.0004913270630170848,7.929156207962495e-7,
0.05083806651719219,0.0004913317103634195,7.923915904988893e-7,
0.05083806106879287,0.0004913138377110188,7.924829396722405e-7,
0.05083804596376111,0.0004912985804004095,7.92473378010146e-7,
0.05083803102313124,0.0004913213784932479,7.960629357097556e-7,
0.05083800457766813,0.0004913396662260241,7.934272740912018e-7,
0.05083800012451922,0.0004913574414962858,7.923268380959303e-7,
0.05083789996702487,0.0004912904241235028,7.92402186266576e-7,
0.050837896635172644,0.0004912477113143243,7.926619876889844e-7,
0.05083785801119876,0.0004912141933898225,7.948777127791003e-7,
0.05083783968727625,0.0004914122317342575,7.994704810347483e-7,
0.05083782096902951,0.0004908724896555323,7.922943010888035e-7,
0.05083781465411648,0.0004907801186548652,7.927246135667571e-7,
0.050837709106305126,0.000491116175817929,7.917080693139475e-7,
0.05083770670038194,0.0004909128131524771,7.916379940140268e-7,
0.050837652662877666,0.0004910299907060908,7.93924653505653e-7,
0.050837632468190966,0.0004910672259744772,7.915768818222196e-7,
0.050837621590518606,0.0004914971535914823,7.997136118361825e-7,
0.05083760829525139,0.0004937379779118879,7.954856820634337e-7,
0.050837470393127956,0.0004912726757881667,7.915678587032745e-7,
0.050837467534568734,0.0004912116980615907,7.912696729511158e-7,
0.05083742247203391,0.0004912159818988139,7.952715512452752e-7,
0.05083740290965297,0.0004912208299362408,7.908808399347865e-7,
0.050837392144339424,0.0004912299265617137,7.918586105309665e-7,
0.0508373798877039,0.0004912434801235304,7.911780677236192e-7,
0.050837249429856575,0.0004912274320260471,7.924263686679428e-7,
0.050837245757719134,0.0004912033860712947,7.911663349122931e-7,
0.050837200955898096,0.0004911648300092135,7.924220418390108e-7,
0.05083717907173791,0.0004912215710420692,7.926670361350796e-7,
0.05083715523075991,0.0004912760013010728,7.907166841626996e-7,
0.05083714933126279,0.0004912502133644276,7.90845161492338e-7,
0.05083703822923353,0.0004912357451004414,7.955570793791721e-7,
0.0508370323916067,0.0004912350437718989,7.90814739660542e-7,
0.05083700231162424,0.0004912340814134963,7.908844773687601e-7,
0.05083698037325575,0.0007166817037151138,7.905523451834865e-7,
0.05083688999903002,0.0005553169836534733,7.909432625361085e-7,
0.050836889930256125,0.0005031178927155488,7.905381942572894e-7,
0.05083677455536061,0.0005021237022284536,7.905744729464658e-7,
0.05083675355258984,0.0005019466613701384,7.906047108659123e-7,
0.05083636779203775,0.0005016854712908542,7.924975885384123e-7,
0.050836356494239725,0.0005014950711004358,7.914471112441772e-7,
0.050835093742784956,0.0005018567464732261,7.908724808727105e-7,
0.050835059283305034,0.0005038477822647872,7.906212716829338e-7,
0.05083481045794169,0.0005116497635530615,7.902618018915612e-7,
0.050834775057802574,0.0005116610085182263,7.949351322558708e-7,
0.05083425103859113,0.0005118382639804879,7.92217012959781e-7,
0.05083413851244102,0.0005141687033112455,7.910234293299078e-7,
0.05083381761712468,0.000558853933740077,7.925092089425247e-7,
0.05083378091979693,0.0005976398122832418,7.915656703005763e-7,
0.050833449704990895,0.0006096091829304206,7.909924481328902e-7,
0.05083338313942575,0.0005156006445492106,7.909568739018431e-7,
0.05083312763101335,0.0005028964763320715,7.925917826601522e-7,
0.050833106011129316,0.0005002922742215856,7.906568369242938e-7,
0.05083265944378767,0.0004989326514352144,7.902754516447535e-7,
0.0508326579449692,0.0004977111622695426,7.903662689244196e-7,
0.05083254330115241,0.0004976407504810056,7.903239297627027e-7,
0.05083252305138241,0.0004976003997117546,7.918735798159832e-7,
0.05083247404446573,0.0004975816512570045,7.920193294142527e-7,
0.05083246494363281,0.0004975770051432096,7.92093774473015e-7,
0.050832256855944884,0.0004975938357355418,7.906559213533245e-7,
0.05083225551544834,0.0004976039488429971,7.909926884604437e-7,
0.05083223934890723,0.000497614084531855,7.901813726869503e-7,
0.05083223270393667,0.0004976381194260989,7.905823844575459e-7,
0.05083220542105983,0.0004977184241254533,7.902566072955709e-7,
0.050832201984136,0.0004977668549264505,7.907998045196904e-7,
0.05083210930863862,0.0004976931949784451,7.930374064906026e-7,
0.05083210838109147,0.0004976995139068398,7.913688257165786e-7,
0.050832096979662116,0.0004977466513029286,7.917888233947611e-7,
0.05083209172106231,0.000497750196130901,7.910438895374496e-7,
0.05083206902948314,0.0004977517905420882,7.895314587510647e-7,
0.05083206615273795,0.0004977519445659491,7.904938997914052e-7,
0.05083199401242498,0.0004977893026176893,7.897343752343214e-7,
0.050831993284511066,0.0004978048097515763,7.909392633865733e-7,
0.05083198971387476,0.0004981532051849161,7.904866570817267e-7,
0.050831987313321655,0.0004980515203691649,7.884313835298708e-7,
0.0508319735226073,0.0004979810252522582,7.887273345138587e-7,
0.05083197240886382,0.0004979694042235627,7.905695347948443e-7,
0.05083193253603959,0.0004982540392197746,7.906960222909117e-7,
0.05083193178830082,0.000498132127059745,7.88640137240824e-7,
0.05083193164652188,0.0004981298382885889,7.927460714732417e-7,
0.05083193112358106,0.0004980499729560063,7.980029797922559e-7,
0.05083191920587319,0.00049787943981947,7.973523584633271e-7,
0.05083191415205025,0.0004975964784046491,8.000170713411854e-7,
0.05083182987111875,0.000497231731329739,7.868486427158565e-7,
0.05083182309329314,0.0004972563577409022,7.8693070908552e-7,
0.05083173806060048,0.0004971661633292068,7.868268284492251e-7,
0.050831738053516394,0.0004971062204514384,7.90629954225366e-7,
0.05083165961746029,0.0004971239527273508,7.890217353925873e-7,
0.05083165331633479,0.0004971349665924086,7.889018998844835e-7,
0.050831653316254964,0.0004971728017915546,7.891182302005054e-7,
0.05083164731832294,0.0004988398191131074,7.889794843314894e-7,
0.05083156180736858,0.0005051702827176006,7.915845011269726e-7,
0.05083156180622485,0.0005066571843575864,8.098434113703175e-7,
0.05083150948047338,0.0005024215574551818,7.915562747466031e-7,
0.050831496751492546,0.0005005769392318754,7.916860047951341e-7,
0.05083149675122451,0.0004999529112881277,7.956516176261005e-7,
0.05083148126044771,0.0005001957992637324,8.098360724428733e-7,
0.05083142200483174,0.0005003964560096419,8.083468430285242e-7,
0.05083142200309321,0.000500493491876228,8.007925513508125e-7,
0.050831366170018696,0.0005005787583985038,7.962008954915774e-7,
0.05083135246616799,0.000498186405451483,7.87390942549562e-7,
0.050831352451716105,0.0004974361308493918,8.026906073565996e-7,
0.050831343890939865,0.0004973302521463603,7.892077580739038e-7,
0.05083130868549613,0.0004974269504205609,7.922010563427401e-7,
0.05083130868070265,0.0004976893107428922,7.883566548372976e-7,
0.05083127363302308,0.0004977997395428057,7.895678223624623e-7,
0.050831265897994554,0.0004979670662407441,7.898817758992566e-7,
0.05083126583426149,0.000497845379952068,7.877693096967604e-7,
0.05083126314218839,0.0004979616854720342,7.877222946544124e-7,
0.050831253036023705,0.0004973567491874044,7.884425901336305e-7,
0.0508312460537163,0.0004973519442111518,7.882869186490803e-7,
0.05083124199585952,0.0004975972627483748,7.880632247878215e-7,
0.05083122910146037,0.0004992367348963124,7.882340474768252e-7,
0.050831229071239596,0.0005017951197542767,7.935884237035042e-7,
0.05083120212829031,0.0005031220964706484,7.878687066322373e-7,
0.05083109099403175,0.0005027600421679069,7.993834621064375e-7,
0.05083109066050684,0.0005025199714602897,7.886674006533227e-7,
0.05083100048349437,0.0005026689748190692,7.883958162407302e-7,
0.050830974721960305,0.0005022175683636741,7.908845301858836e-7,
0.050830973314349305,0.0005027975731434273,8.174150026468421e-7,
0.05083094840322107,0.0005044725676648417,7.81117956815674e-7,
0.05083086627446876,0.000496182240046987,7.779271502099526e-7,
0.0508308639168129,0.0004961007676090734,7.770630079524996e-7,
0.05083076448108698,0.0004961357180698266,7.783072253399454e-7,
0.05083075386426826,0.0004977129520306264,7.768899177507981e-7,
0.05083075384640487,0.000497594889935558,7.788124392248005e-7,
0.05083066352713717,0.0004979344329304751,7.793753448576447e-7,
0.05083027806988842,0.0004980114584248729,7.793715076718421e-7,
0.05083027788276951,0.0004990604250473912,7.789473019088086e-7,
0.05082992737618552,0.0004986723766418973,7.788297650815451e-7,
0.050829840794340525,0.0004982612231495555,8.343354430546602e-7,
0.05082984020072455,0.0004992426175999012,7.901860008301708e-7,
0.05082981894745279,0.0004975430361475815,7.935749743454078e-7,
0.050829710277196904,0.0004967975366424446,7.875277781129497e-7,
0.05082971021120063,0.0004988616964153079,7.733215737479278e-7,
0.05082960455780619,0.0004970808190870875,7.731564918037386e-7,
0.05082957672157962,0.0004969783980034435,7.730816564509051e-7,
0.05082957664325982,0.0004969836251737337,7.740145126060482e-7,
0.050829546026348385,0.0004969853948530125,7.736455589969467e-7,
0.050829432978110045,0.0004969816271658758,7.729222635321982e-7,
0.05082943243222566,0.0004969800553128424,7.728462234498291e-7,
0.05082930820916739,0.0004969780348191268,7.756020466592107e-7,
0.05082928924685284,0.0004969799845276579,7.81323353621907e-7,
0.050829289237688306,0.0004969823793151954,7.773157233630552e-7,
0.05082925415353075,0.0004969778342425696,8.590006327591712e-7,
0.05082907930419526,0.0004969715239619231,7.76944420005706e-7,
0.05082907867445719,0.0004969752220799862,7.765139563604146e-7,
0.05082895331462558,0.0004969881137720159,7.763449571380762e-7,
0.05082892129008763,0.0004969405411507108,7.761572068172345e-7,
0.050828921265008896,0.0004968841762715494,7.750707759027192e-7,
0.05082891477405576,0.0004969138296053943,7.740576940260667e-7,
0.05082888370738261,0.0004970332107565408,7.780420374577911e-7,
0.05082888365130416,0.0004970596242972515,7.73909993683017e-7,
0.05082885304317277,0.000497054877264416,7.74415140319117e-7,
0.050828848288760234,0.0004970418760095866,7.757135895568373e-7,
0.05082884820086735,0.0004970033080870566,7.811077035706123e-7,
0.05082884531163815,0.0004969947829795742,7.750950915064165e-7,
0.05082882839917956,0.0004969985622548629,7.850066281537492e-7,
0.050828828388979015,0.0004970905298988589,7.769358609367655e-7,
0.05082881326781252,0.0004975420031580594,7.744422520525303e-7,
0.050828810497725245,0.0004975404499119579,7.799913902227446e-7,
0.05082881049139756,0.0004975559710780227,8.096913640049085e-7,
0.050828807923778856,0.0004975048899215035,7.941541565042299e-7,
0.05082880495207246,0.0004974648692015924,7.798071188644816e-7,
0.05082880418951305,0.0004977890525056225,7.809060202326608e-7,
0.05082879520466799,0.0004977593223486308,7.78181458002114e-7,
0.05082879512647337,0.0004976702918664841,7.824200878016287e-7,
0.05082876930308029,0.0004975444809468648,7.809917504908518e-7,
0.05082876319542349,0.0004974910058922762,7.745674810136324e-7,
0.05082872741860618,0.0004975082894157306,7.769149258730242e-7,
0.05082872641190746,0.0004975496975694754,7.735704330005853e-7,
0.05082866235069891,0.0004975885329185489,7.749144151232137e-7,
0.050828656466958035,0.0004977097694514782,7.726522283622173e-7,
0.05082865141366199,0.0004977608816236786,7.742805199938832e-7,
0.05082864993300792,0.0004978055858904833,7.726417924384848e-7,
0.050828634335932446,0.0004977937938895127,7.7261319886056e-7,
0.05082863411637234,0.000497522596518412,7.72736664892429e-7,
0.05082861786773523,0.0004973385165897108,7.733177242080864e-7,
0.05082861784367026,0.0004973764789342847,7.733677943704293e-7,
0.05082860700567835,0.0004974805922066548,1.1932582544757889e-5,
0.050828604621649585,0.000497702861447805,7.906803930273426e-7,
0.05082859720013247,0.0004981086545936847,7.553723485640222e-7,
0.050828596322628386,0.0004979632751044782,7.455668289972602e-7,
0.05082856954384395,0.0004966436280227958,7.408967588063459e-7,
0.05082856855550533,0.0004964118950589946,7.411522277697196e-7,
0.05082856832252714,0.0004963084497059937,7.417736891893776e-7,
0.05082856688144823,0.0004962766382425525,7.424319906320799e-7,
0.0508284217956048,0.0004966147584821954,7.469207922350891e-7,
0.0508284187966808,0.0004967405547920426,1.659332899709873e-6,
0.05082835643359465,0.000496624157643017,7.523171251839458e-7,
0.05082834951475525,0.0004967894626568236,7.441216116705251e-7,
0.05082833881806618,0.0004969356493432578,7.454928543556459e-7,
0.050828337641816344,0.0004967676300558816,7.452993915462403e-7,
0.05082829201096061,0.0004967659031027546,7.43512825190102e-7,
0.05082829172938176,0.000496778340535048,7.435584226816469e-7,
0.05082826222089495,0.0004966189779267602,7.44458992034388e-7,
0.05082825946388179,0.0004963758751010101,7.427992447001999e-7,
0.05082825675485586,0.0004963795841039496,7.431433081534974e-7,
0.05082825583524429,0.0004963839755429024,7.454761325268957e-7,
0.05082822191782453,0.0004963785424679809,7.465209108382023e-7,
0.05082822177487358,0.0005058523499210656,7.451138628430843e-7,
0.05082819662392009,0.0005018935566120684,7.450221679193768e-7,
0.050828193619073696,0.0005258543947566448,7.425172368825411e-7,
0.05082818692416296,0.0005381089338991219,7.432756533064039e-7,
0.050828185198905536,0.0005609146566359731,7.483619996108467e-7,
0.05082806578417368,0.000549047435364946,7.441273511246548e-7,
0.05082804953274439,0.0006670193831569784,7.442012210132103e-7,
0.05082803585767579,0.0013908908304987222,7.435065288112622e-7,
0.05082803343725878,0.0006339183516153526,7.503102282459005e-7,
0.050828027222748,0.0005018341716865985,7.537667856562995e-7,
0.05082802662094405,0.0005018697811859895,7.425145995840675e-7,
0.0508279948335108,0.0005018740740640493,7.423564001717758e-7,
0.0508279941189093,0.0005018858659377322,7.431324324295842e-7,
0.05082796022475903,0.0005019019787869911,7.431021251132546e-7,
0.05082795719998979,0.0005018980635036405,7.41824938057285e-7,
0.050827943483864275,0.0005018942593817891,7.419235877702484e-7,
0.05082794210825915,0.0005019341929952634,7.41858253986627e-7,
0.050827941579431185,0.0005019814579600091,7.458861739427617e-7,
0.05082793944600028,0.0005019581217169369,7.417459234849819e-7,
0.050827904934731265,0.0005019729636907051,7.387127012376775e-7,
0.05082790491354163,0.0005019723237202861,7.375839991578062e-7,
0.05082725938594313,0.0005022295212859004,7.381325813029176e-7,
0.05082721403982195,0.0005022572603102941,7.39248651950306e-7,
0.0508272058118962,0.000502397003052196,7.404196218017187e-7,
0.05082716596269367,0.0005023693847076223,7.371799257046686e-7,
0.050826733593810125,0.0005026235620892638,7.399804059608241e-7,
0.05082673359149173,0.0005028565408368001,7.384159447244012e-7,
0.05082348644208477,0.0005037573045360413,7.397992707404128e-7,
0.05082336618648447,0.0005036564099831219,7.379255161344863e-7,
0.05082335983583265,0.0005220504682977447,7.373477202541372e-7,
0.05082324474910436,0.0005270795475316912,7.394962385757524e-7,
0.05082159629054908,0.0005324962654685563,7.387179236915562e-7,
0.05082159628313664,0.0005243014336703904,7.405401334998835e-7,
0.05082124979028095,0.0005247018493309542,7.371462018204626e-7,
0.050821233200901116,0.0005250030201931534,7.379932535679108e-7,
0.050821229590029805,0.000512032485693337,7.388767944681636e-7,
0.050821213193030686,0.0005118431487085098,7.40721290021845e-7,
0.050820992816892924,0.0005116557374249734,7.370758028973463e-7,
0.05082099267853401,0.0005117652851445725,7.384427429165654e-7,
0.05082080083138581,0.0005117914895270233,7.397783915918488e-7,
0.05082079295348439,0.0005086244448806754,7.398440300061394e-7,
0.0508205397417792,0.0005077651986506386,7.384025419036906e-7,
0.050820536868603536,0.0005050966203153763,7.484634518268352e-7,
0.05082022197458999,0.0005051653639777028,7.399964850858204e-7,
0.05081987746068987,0.0005052190136407822,7.398640373939314e-7,
0.05081972397760054,0.0005042467457121269,7.393559317924393e-7,
0.05081972272097135,0.0005041407265381472,7.395971429044748e-7,
0.05081972220985982,0.0005042681294709155,7.450357146179448e-7,
0.05081972212509938,0.0005040798961786032,7.418091387066301e-7,
0.05081972127007213,0.0005044624442801387,7.381321417547363e-7,
0.050819720323375527,0.0005041381513671958,7.416921877443802e-7,
0.050819720246136395,0.0005040987043604085,7.385294731636658e-7,
0.050819718155993183,0.0005040537357632565,7.381603796137754e-7,
0.050819717585906345,0.0005040376386890615,7.394605362087834e-7,
0.05081971742089219,0.0005040656552673349,9.325740413876638e-7,
0.05081971647580655,0.000504175381739725,9.400932146270056e-7,
0.05081971548261159,0.000504223711651007,7.397418261222753e-7,
0.050819715441362816,0.0005039251519556664,7.361521475458874e-7,
0.05081971400378749,0.0005038352464653465,7.364903236335301e-7,
0.050819713752366893,0.0005038032319976501,7.354740513764773e-7,
0.050819713440996186,0.0005037827772385524,7.340001352812434e-7,
0.05081971261206692,0.0005036036557761688,7.345704421312417e-7,
0.050819712315881956,0.0005034854406705022,7.363832907150811e-7,
0.05081971156822113,0.0005043156417571274,7.367430192615121e-7,
0.050819710046947734,0.0005038335261586844,7.355623153464783e-7,
0.05081971003730051,0.00050416519681176,7.386190965270267e-7,
0.050819708246067574,0.0005041696471528248,7.341674381261453e-7,
0.05081969265283555,0.0005041685628123951,7.371188054575119e-7,
0.05081967596865952,0.0005042313650224149,7.357493834936196e-7,
0.05081967513534108,0.0005042720781816979,7.339918753926386e-7,
0.0508196747432243,0.0005042719036222138,7.395354002640065e-7,
0.05081967452697383,0.0005042543552147162,7.34220093596354e-7,
0.05081967210417891,0.000504165625477023,7.339150080335188e-7,
0.05081967121450523,0.0005041501463759802,7.356195309189943e-7,
0.05081967113545481,0.0005037993022677789,7.404034145375949e-7,
0.05081967002732744,0.0005025921928276178,7.392434607350267e-7,
0.050819667660834004,0.0005025090912243088,7.35429147108583e-7,
0.05081966763670426,0.0005024774821874047,7.339824615107392e-7,
0.05081966637703143,0.0005029047168974764,7.342475968241473e-7,
0.05081966564825715,0.0005030083964159319,7.345173688391693e-7,
0.05081966548843532,0.0005024367377829577,7.377929180823916e-7,
0.05081966371764565,0.0005023245679060602,7.341202122285845e-7,
0.05081966184157005,0.0005023601326082717,7.385929117596841e-7,
0.05081966183623328,0.0005025100373029162,7.35158315699267e-7,
0.05081965726171935,0.0005021936851940787,7.340312088786885e-7,
0.05081965690265872,0.000502034780644962,7.341357768374126e-7,
0.050819655039994006,0.0005019210214898813,7.346591496037767e-7,
0.050819654717998784,0.0005409028313978153,7.360860977602125e-7,
0.05081965408801646,0.0005475445117234653,7.344764286418887e-7,
0.05081965390524949,0.0005287876517866495,7.346854765930455e-7,
0.05081965230492727,0.0005114044614260992,7.349063408362031e-7,
0.05081965201093471,0.000516514431032799,7.342578350054419e-7,
0.05081965159687354,0.000509406441283123,7.359154030258415e-7,
0.050819650469256135,0.0005090290609795986,7.337823123538503e-7,
0.0508196500785441,0.0005089293161869998,7.342933862495126e-7,
0.0508196432255942,0.0005092025019150043,7.351538975539366e-7,
0.05081962805745766,0.0005091100769094495,7.339569761984399e-7,
0.0508196277431954,0.0005090534062455777,7.467634565640268e-7,
0.05081961421741609,0.0005090889545271445,7.39355185252343e-7,
0.05081960615084018,0.0005091091417642374,7.350840616048397e-7,
0.050819606004949114,0.0005091251558808263,7.347694962772565e-7,
0.0508196030838974,0.0005088191626803325,7.288073903215025e-7,
0.05081959578256016,0.0005086095171789934,7.279274978972435e-7,
0.050819595770561735,0.0005085835171808949,7.278758906034514e-7,
0.050819593721484216,0.0005084682295965644,7.293668266553466e-7,
0.0508195928620862,0.0005085415008661461,7.307563068980192e-7,
0.05081959286111374,0.0005085809541356223,7.299999398184551e-7,
0.050819591893919484,0.0005084946302897374,7.318410651577017e-7,
0.05081958690982922,0.0005085293045481606,7.314165898268208e-7,
0.050819586590840946,0.0005095826476856214,7.287115999012158e-7,
0.05081958430580314,0.0005092217729593018,7.300603803383439e-7,
0.05081958320595043,0.0005092985155607257,7.296483604595963e-7,
0.0508195832054194,0.0005086601396918891,7.287251439244745e-7,
0.050819582012997064,0.0005343293627115099,7.286427326090288e-7,
0.050819580761734345,0.0005228085054227643,7.279330428087188e-7,
0.05081958065521908,0.0005131702936375748,7.292170460496868e-7,
0.05081934256912245,0.000506235324737118,7.320899643243564e-7,
0.050819253839072875,0.0005058377256959823,7.276034553870434e-7,
0.05081919091853063,0.0005057520482245534,7.274142091802713e-7,
0.05081914768585391,0.0005057221200088441,7.272846977571245e-7,
0.05081892526542078,0.0005057062966771817,7.274771575033446e-7,
0.05081891931793265,0.0005057107828908535,7.30098991055793e-7,
0.05081891619407336,0.0005056831276813313,7.326503445908207e-7,
0.050818901627899364,0.0005056813522228508,7.27362492797895e-7,
0.05081890136636087,0.0005056160499259874,7.274838514729886e-7,
0.050818896747837614,0.0005056379933598244,7.27452911399331e-7,
0.05081889186176169,0.0005052691834095943,7.310820648221151e-7,
0.05081889181868415,0.0005052980578862296,7.290142611094058e-7,
0.050818886467569796,0.0005052876834277284,7.277210130937419e-7,
0.050818883857427305,0.0005053325364620057,7.272524454148043e-7,
0.050818881520899195,0.0005055481888225424,7.272078759554582e-7,
0.05081887289220896,0.0005060526295342985,7.273134452552942e-7,
0.05081886787434532,0.0005062943663978941,7.274434346711829e-7,
0.05081870735148613,0.0005061240592631041,7.278606839934959e-7,
0.05081855543482599,0.0005059671114410751,7.289333033935875e-7,
0.05081855052800409,0.0005050355491633295,7.277372824762077e-7,
0.05081845912565809,0.0005041256845106256,7.272494619924663e-7,
0.05081840791134147,0.0005042368667898311,7.304019343378292e-7,
0.05081839199460113,0.0005065746189727689,7.317022874661885e-7,
0.050818384646578486,0.0005058022663512557,7.362110404972023e-7,
0.0508183833587539,0.0005057980797835889,7.288974771821655e-7,
0.050818329880101924,0.000506140487016669,7.298566764418763e-7,
0.05081823709501116,0.0005062498862638796,7.27613320029853e-7,
0.05081823361417795,0.0005064549409027983,7.304107091344543e-7,
0.05081772146376354,0.0005069965448570579,7.275358703921995e-7,
0.050817378295050813,0.0005084098978336171,7.377151608608534e-7,
0.05081737627294611,0.0005058815900681353,7.403793599584203e-7,
0.05081721004186731,0.0005048555166640286,7.377265121522778e-7,
0.05081691118531654,0.0005046143116994161,7.384731343009234e-7,
0.050816905975601595,0.0005044120642932154,7.375656266202415e-7,
0.05081660835734492,0.0005044082682905006,7.373638355466479e-7,
0.05081636674503135,0.0005044457837972948,7.368407625041922e-7,
0.050816366179939405,0.0005043791152452383,7.41415310939736e-7,
0.05080260213571962,0.0005042592516666762,7.384054979250537e-7,
0.050787070156668154,0.0005037657781749536,7.387399331753179e-7,
0.05078695685971201,0.000503560719953243,7.446149814461874e-7,
0.05077525878202383,0.0005034577331086051,7.423522869027744e-7,
0.050765447087644584,0.0005034265984369395,7.371850987252079e-7,
0.05076543806725175,0.0005034114916772959,7.364091018878482e-7,
0.050756389525560865,0.0005033860264122888,7.3989324932805e-7,
0.050756277181058754,0.0005033600119146936,7.409408195852041e-7,
0.050756060014743656,0.000503248988529245,7.365184839219763e-7,
0.050756057066149184,0.0005031164235444233,7.379703688583336e-7,
0.05075600351015388,0.0005030069026314168,7.450448938421886e-7,
0.050756003392829756,0.0005030009421512952,7.372016851685031e-7,
0.05075597484559897,0.0005030223694692594,7.363398843466784e-7,
0.05075597441331492,0.0005029042210815449,7.731633330707638e-7,
0.050755971116587945,0.0005029157843410353,7.753845015565545e-7,
0.050755970849163015,0.0005028861219814442,7.49990417030462e-7,
0.05075595418747623,0.0005028702869055472,7.454447476162703e-7,
0.05075595418075297,0.0005028597974178178,7.450958266621666e-7,
0.05075594042733557,0.0005028593226736968,9.596164571219759e-7,
0.05075594020274858,0.0005028492613743896,8.476377731556559e-7,
0.050755937850626556,0.0005028293790735708,7.538334414665313e-7,
0.05075593739308112,0.0005028510354734313,7.415475290546723e-7,
0.05075592715941502,0.0005028593688346624,8.091842532655737e-7,
0.050755927157437646,0.0005028389874052017,7.384058141316098e-7,
0.05075591028140185,0.0005028780479626024,7.386982576250195e-7,
0.050755909902808566,0.0005029022768340422,7.383831224724077e-7,
0.05075568318524547,0.0005030035794113885,7.404237284369308e-7,
0.050755681456872905,0.0005036847461433058,7.393339339424635e-7,
0.050755595968067606,0.0005038473378885075,7.385857421832516e-7,
0.050755595962200355,0.0005042628346899885,7.390014179370229e-7,
0.05075552752392139,0.0005038690148518465,7.397516083463146e-7,
0.05075552257501218,0.0005038434647104624,7.371753093784435e-7,
0.05075551997556647,0.0005039306506658046,7.401296835528264e-7,
0.050755515457822205,0.0005039165738179787,7.37410818044355e-7,
0.050755408477738025,0.0005046054736917903,7.371623033505388e-7,
0.05075540837981326,0.0005044598932758434,7.389860160463611e-7,
0.0507553762886409,0.0005045826995250076,7.387453453414438e-7,
0.05075537534508007,0.0005045091519587827,7.371538656989945e-7,
0.05075536154658879,0.0005045869972385997,7.383448839110003e-7,
0.050755360205132466,0.0005049796602386083,7.385461353740548e-7,
0.050755346497454085,0.0005049263056276114,7.393076863952521e-7,
0.05075534646554262,0.0005051429939762626,7.434333201266456e-7,
0.05075531577513781,0.004392350203001728,7.372506151707443e-7,
0.050755315002338916,0.002020706769351274,7.49009579326418e-7,
0.0507553012617697,0.000560387026124383,1.0094289082674323e-6,
0.05075529991027414,0.0005431004934276148,7.633629794459348e-7,
0.05075528709116392,0.0005431884417324355,7.381858774870668e-7,
0.050755286876782706,0.0005436663112613571,7.385648768822503e-7,
0.050755228946332394,0.0005435776740495349,7.383309470223373e-7,
0.050755227399105304,0.0005435893445715163,7.392940844237159e-7,
0.0507550844190221,0.0005436253195162059,7.380655513447363e-7,
0.05075507850339442,0.0005437296845125785,7.394064736484537e-7,
0.05075504438489229,0.0005426844554515993,7.411269351132637e-7,
0.050754809064044185,0.0005417648513705017,7.383644336728336e-7,
0.050747002824545195,0.0005418064897535059,7.382243092679617e-7,
0.050746997329389185,0.0005418920455881238,7.433409739951993e-7,
0.05074403528582732,0.000541904943890017,7.401385711315331e-7,
0.05074400400771642,0.0005418620854228511,7.380673056961327e-7,
0.05074121853119753,0.0005422235420924202,7.366266090047252e-7,
0.05074118663360095,0.0005412701753629636,7.395411236708542e-7,
0.05073713636287781,0.0005438412890132811,7.369492051612995e-7,
0.05073707242546066,0.0005450182129081531,7.378269409148732e-7,
0.05073642459169324,0.0005451441026389887,7.364294438151675e-7,
0.05073642416896126,0.0005452396463023849,7.372867659229341e-7,
0.05073639648918349,0.00054257226429772,7.366313041949546e-7,
0.0507363954635793,0.000543248457425294,7.42813067884058e-7,
0.05073637699847323,0.0005448353732721825,7.365107176406136e-7,
0.050736375653154406,0.0005519244010409937,7.363718518977593e-7,
0.05073637541025663,0.00069668137708111,7.396877416065816e-7,
0.050736374143571863,0.003693303686958525,7.371833504143969e-7,
0.05073636340692511,0.003572412405144647,7.372956543361909e-7,
0.050736363313776386,0.0008585917922146086,7.372706145336575e-7,
0.05073632553637657,0.000480381236511019,7.36797964562703e-7,
0.05073632115301307,0.0004750303995075869,7.382460695159509e-7,
0.05073632102101077,0.0004771009414090987,7.372521308254015e-7,
0.0507363179711005,0.0004769597715753295,7.372522793575226e-7,
0.05073628999872651,0.00047695938565494943,7.369695692436043e-7,
0.05073628999621633,0.0004769594794252693,7.372225206953475e-7,
0.05073628442280514,0.00047695538442730123,7.37859394185128e-7,
0.05073628375313958,0.0004769550694700214,7.375352354056466e-7,
0.05073628362353799,0.0004769553645831783,7.4224694841466e-7,
0.05073628321583214,0.00047695879775979777,7.370579805679209e-7,
0.050736277330081396,0.00047695101000078523,7.376534145423748e-7,
0.0507362773088053,0.00047694787405811975,7.391061046545806e-7,
0.05073627248476235,0.00047694715318332467,7.373049291785383e-7,
0.050736271700340424,0.0004769480030027749,7.371167249138734e-7,
0.050736270213484855,0.0004769487867645687,7.376626127212305e-7,
0.05073623451186064,0.00047694838536335623,7.412744031140653e-7,
0.050735985149094394,0.0004792913850634011,7.379332890475924e-7,
0.05073598235968957,0.00047702264414465533,7.373612621745886e-7,
0.050735856796345985,0.0004770135739493647,7.378132457168975e-7,
0.05073584980317269,0.00047700821168353063,7.374609895827672e-7,
0.05073584949156,0.00047700821483591464,7.377283858800671e-7,
0.05073584905569024,0.000477006817507761,7.376234683102173e-7,
0.05073584670823953,0.0004770071004581589,7.385144583125339e-7,
0.05073584670682714,0.0004770084759612118,7.404840440541916e-7,
0.050735844006278244,0.0004770088009124057,7.370654389801785e-7,
0.050735843524000894,0.0004770102550366272,7.380727139834542e-7,
0.050735842775473196,0.0004770115568641132,7.37038786514116e-7,
0.05073584251159893,0.000477012126291197,7.398949963814562e-7,
0.050735836500087644,0.0004770117983317859,7.393624207843668e-7,
0.05073583638078667,0.00047701124488456516,7.403868865701324e-7,
0.05073583346648108,0.0004770074021632467,7.393827382548602e-7,
0.050735832942527107,0.0004770940651977628,7.406685744992294e-7,
0.05073583293523,0.00047719053119733265,7.395066137738279e-7,
0.05073583249261587,0.0004771393606544323,7.400606130160318e-7,
0.05073582860639523,0.0004771003422491105,7.399701487166813e-7,
0.05073582860627444,0.000477077397418534,7.393406049863101e-7,
0.05073582465426486,0.0004770465880551423,7.401678375921186e-7,
0.05073582392425275,0.00047711458046165433,7.398496289451124e-7,
0.05073580495654584,0.00047720877664391835,7.412680355513897e-7,
0.05073578153809754,0.00047710546113078386,7.396105580037849e-7,
0.05073572673894697,0.0004771414227657477,7.403508590097609e-7,
0.05073572123479608,0.0004797661705895184,7.39807139698617e-7,
0.050728656450493986,0.0004791417592582156,7.688775162689378e-7,
0.05072773765738035,0.00047714570245476807,7.434604166295486e-7,
0.050727460735133026,0.0004771403227365379,7.43485210927634e-7,
0.05072664999747068,0.0004771998478644786,7.448537209583078e-7,
0.05071976651864545,0.00047717950656073915,7.425825380990121e-7,
0.05071976567419937,0.0004772369632959918,7.426499433423056e-7,
0.050719170400222995,0.0004772308425598938,7.505076506487756e-7,
0.05071912166030665,0.0004772319542577867,7.43197604196795e-7,
0.05071827600699123,0.00047723210621934887,7.428853124415232e-7,
0.0507182697348143,0.00047722220380514796,7.431011809640368e-7,
0.050718120409880586,0.00047719146816803344,7.431231253229611e-7,
0.05071812025004865,0.0004807541778278877,7.43248936339862e-7,
0.05071759885700304,0.00047916028439832256,7.431112915048838e-7,
0.05071759815399165,0.00048018986643819756,7.428905948926498e-7,
0.050717428333215214,0.0004857965329616455,8.247007582685484e-7,
0.050717427423620294,0.00048238747748919437,7.640851349993226e-7,
0.0507172697157905,0.00048293904402571574,7.503719081880537e-7,
0.05071726912585047,0.0004811213823366245,7.482206143016837e-7,
0.050717133397618325,0.00048059304802068256,7.456310832671151e-7,
0.05071711027476384,0.00048178073472370235,7.454913603950697e-7,
0.05071611013667344,0.0004814505532610892,7.454135328414156e-7,
0.05071611012689967,0.0004764326155347906,7.460982114997165e-7,
0.05071594314755569,0.00047643789340473525,7.457342119363767e-7,
0.05071594060728958,0.0004764368892674644,7.460184548941117e-7,
0.05071588102305452,0.00047643643880822164,7.558313740728513e-7,
0.050715877582265464,0.0004764341312736675,1.014220635448514e-6,
0.05071545462188861,0.0004764323480014976,7.473077651007113e-7,
0.05071545450965398,0.00047643109432979867,7.436802669699689e-7,
0.0507146976678529,0.00047643190408124285,7.42441918262744e-7,
0.05071469336149487,0.0004764036552393629,7.423614483935263e-7,
0.05071465967433946,0.0004764087578583965,7.434435741490489e-7,
0.050714656840822235,0.00047641038099181544,7.475275735162892e-7,
0.050714466748397684,0.00047637872797095344,7.452945860685682e-7,
0.050714466562345066,0.0004763817193386647,7.424484574419597e-7,
0.05071440714177045,0.000476377899550945,7.457202375289882e-7,
0.0507144065892603,0.0004763772928198306,7.438172262021058e-7,
0.05071437689270205,0.0004763719779382613,7.50471637506277e-7,
0.050714375948359744,0.00047637327830419565,7.43121138198988e-7,
0.050713962815811,0.00047637460876783633,7.423542038685589e-7,
0.05071393575034945,0.0004763753034189258,7.422834035853502e-7,
0.05071329959624187,0.00047637610086724385,7.449684629790433e-7,
0.05071329633221538,0.000476374474455765,7.434196101122852e-7,
0.050713032622076236,0.00047637415740496466,7.689252620802732e-7,
0.050713032013686835,0.0004763728024098936,7.431289137372564e-7,
0.050712677658581555,0.00047637260925869886,7.439048005097557e-7,
0.05071267285009152,0.0004763724837912082,7.50147960198737e-7,
0.050711918918553645,0.00047637276949154375,7.468963138930765e-7,
0.05071189682285058,0.00047637127795966116,7.425651235329831e-7,
0.05071175196521224,0.00047637315655651915,7.450893438921058e-7,
0.05071174612485015,0.00047637596049838966,7.425380732341897e-7,
0.050710541417702946,0.0004763754505094514,7.424652908771959e-7,
0.050710540575063835,0.0004763749331671628,7.424052361727508e-7,
0.05071049684940685,0.00047637462460328473,7.43708576793646e-7,
0.05071049635495106,0.00047637415407177216,7.445045422992428e-7,
0.05071041424433016,0.00047637369280680947,7.437059794649441e-7,
0.050710413866243816,0.0004763735396922353,7.424426152400638e-7,
0.050710318480383355,0.0004763730425019589,7.452870119081141e-7,
0.05071031842781295,0.00047637332710002235,7.424227147774751e-7,
0.05071026743909844,0.00047637390794074216,7.438690508907535e-7,
0.050710267305062715,0.0004763716451009717,7.451932073657517e-7,
0.05071020335661516,0.00047637031206329724,7.453879539297722e-7,
0.05071020308459366,0.00047637027799097767,7.4360519743724e-7,
0.05071015024988971,0.0004763700531029637,7.433434654261095e-7,
0.050709108575139446,0.00047637108157524266,7.424495616041616e-7,
0.050694292675655776,0.00047636840872615456,7.436886180919765e-7,
0.0506942787912298,0.000476371193822155,7.431729587563681e-7,
0.050691582644488205,0.0004763995012608434,7.432716922712158e-7,
0.050691548951949605,0.00047644330590115153,7.428712149370726e-7,
0.05068931116409774,0.0004764527170670447,7.42486618301936e-7,
0.05068927660638334,0.0004764108726045331,7.429630321478677e-7,
0.05068783179261806,0.0004764274464243106,7.420875151854664e-7,
0.050687806813146115,0.00047648171012189326,7.484790185328118e-7,
0.05068669968957265,0.00047644220596938813,7.452081129643845e-7,
0.05068666821140788,0.0004764472606728464,7.43997861617527e-7,
0.05068330430273197,0.0004764209224409422,7.449264691461708e-7,
0.05068330041413656,0.0004764589940243483,7.445325023322735e-7,
0.0506824008587699,0.0004764795210702616,7.451320991413401e-7,
0.05068239284630414,0.00047647352491262475,7.460028013046595e-7,
0.05067861474623377,0.00047645876339262827,7.45652722190917e-7,
0.05067861471211564,0.00047645078130004924,7.445212268926539e-7,
0.05067828900331244,0.00047644477506374357,7.454473471760943e-7,
0.05067828898232224,0.0004764214950093724,7.444282349422395e-7,
0.05067825340781658,0.00047642058332433347,7.472139441570895e-7,
0.05067825328596487,0.00047652297727237566,7.441966139618096e-7,
0.05067823757909682,0.00048030003262633693,7.462893032139436e-7,
0.05067823712342304,0.00048582385402857103,7.438135703525605e-7,
0.05067818052472337,0.0004840013537935695,7.486254894619563e-7,
0.05067818015566644,0.0004846119567973441,7.438729846793742e-7,
0.050677512742290175,0.00048730265380873545,7.455511191806792e-7,
0.05067653030031756,0.00048531700941795126,7.447914178078135e-7,
0.050673030810481794,0.0004800750039575373,7.442364119616192e-7,
0.050673003456181503,0.00048000593837806593,7.448979278197446e-7,
0.05067215658748624,0.00048002722714334336,7.478606087263031e-7,
0.05067214135842665,0.0004802177481875772,7.491505124079338e-7,
0.05067097699712947,0.00048037012098511557,7.52724676018648e-7,
0.050670972885511326,0.00048039595190369004,7.440829238642833e-7,
0.050670301199639244,0.0004804290314525574,7.445938929164007e-7,
0.05067029592431836,0.0004794537189841854,7.462044585389887e-7,
0.05066636170209466,0.00047983909338062926,7.453416153220191e-7,
0.05066635975927202,0.0004790028805250315,7.471259370797117e-7,
0.050665763042046834,0.000478978449990021,7.444408702253136e-7,
0.05066576249906695,0.0004789791942060936,7.43993428499966e-7,
0.05066318372091453,0.00047897899975389005,7.441238792534251e-7,
0.0506631747664399,0.0004789773153567598,7.546427472383941e-7,
0.0506627938589317,0.0004789756014684633,7.447280304553703e-7,
0.050662792414411156,0.0004789745136795263,7.456572647182109e-7,
0.05066220461948163,0.00047897257072254706,7.497879555261191e-7,
0.05066215530358077,0.0004789749347679238,7.443411813338534e-7,
0.050662040183208835,0.00047897283784647393,7.44966775991631e-7,
0.050662039365246964,0.0004789781089429694,7.460123632519226e-7,
0.05066200866338865,0.0004789687319483713,7.439945595491492e-7,
0.05066200198926896,0.0004789707029024389,7.439290270254374e-7,
0.05066199872751691,0.0004788390001306447,7.452086252846465e-7,
0.0506619240940792,0.0004788355443603293,7.442342954059027e-7,
0.05066179278719711,0.00047886007178022554,7.761412267703577e-7,
0.050661781816031176,0.0004788375199807749,7.831310248245589e-7,
0.050661589953263364,0.00047881479855801576,7.478224304335912e-7,
0.05066155818765369,0.000478796547188795,7.476210221216033e-7,
0.050661556327535245,0.00047877803725634413,7.474662847101744e-7,
0.0506615441545868,0.0004787619567601877,7.477289945218913e-7,
0.05066152724532966,0.0004787595124407316,7.477297718104997e-7,
0.050661526365046096,0.000478756836429716,7.471764479298642e-7,
0.050661509200260205,0.0004787555973648304,7.511589694632821e-7,
0.05066150620339143,0.0004787721001733586,7.512992278933382e-7,
0.050661505735410575,0.00047876130155048225,7.499635005990728e-7,
0.05066150312272622,0.0004789495010386247,7.471969013882071e-7,
0.050661499615700954,0.0004789052687775759,7.497149718942371e-7,
0.05066149948402548,0.0004788963433665266,7.492527838361263e-7,
0.050661495641760076,0.0004789015678204998,7.501334465650811e-7,
0.050661494927432126,0.0004789041758265696,7.542988993938459e-7,
0.05066149226792298,0.0004789017172083751,7.648831018065933e-7,
0.05066143949348993,0.0004788832938154883,7.496881969646555e-7,
0.050661349551329955,0.00047885804119995976,9.383689135254931e-7,
0.05066129951581043,0.000478837600257112,9.090128320459158e-7,
0.050660748623833525,0.00047883844638393935,7.509453638344431e-7,
0.05066046570297315,0.00047883880793114607,7.496693261675935e-7,
0.05066043452741851,0.00047883872537131107,7.460880117698204e-7,
0.05066034496638878,0.00047883472653146447,7.49800772090099e-7,
0.05066013647614133,0.0004788341649105899,7.491755640858387e-7,
0.05066012658576567,0.00047883057464869107,7.586050168430985e-7,
0.05065959149511302,0.0004788259126435633,7.528585502636623e-7,
0.050659465624875305,0.000478824310496357,9.492713459955851e-7,
0.050659110422353895,0.0004788214720374089,8.23977671556015e-7,
0.05065878217975309,0.0004788194939877507,8.29794046124515e-7,
0.05065787367755822,0.0004788111125296258,7.619584140132267e-7,
0.050657871227620194,0.00047881271314719056,7.616671684447896e-7,
0.05065780931114417,0.0004788168134893346,7.506249162456702e-7,
0.05065778846270793,0.00047881752102470123,7.490303630236373e-7,
0.05065778761993255,0.00047879547940591174,7.468257746338074e-7,
0.05065776704380568,0.00047878996731437847,7.481541808656868e-7,
0.05065774387781978,0.000478789776137187,7.490885255513732e-7,
0.050657742555234545,0.0004793227913790727,7.493926587567852e-7,
0.05065771942446411,0.00047940134247591575,7.482692124035942e-7,
0.05065771236320641,0.00047942423408640726,7.495936784420085e-7,
0.050657711693469845,0.0004794163532202974,7.553692996503331e-7,
0.050657696376062246,0.00047942678109109797,7.478828465051197e-7,
0.050657678122517674,0.00047952233621210917,7.48029161799087e-7,
0.05065767799825727,0.00047970653268434096,7.537915209297827e-7,
0.05065766480724034,0.0004794673986722902,7.487306019895206e-7,
0.050657658819980106,0.0004794121628902543,7.502351148556033e-7,
0.050657658762894006,0.00047962030080304696,7.495176095262855e-7,
0.05065765181674533,0.0004796941922730417,7.486663754419461e-7,
0.05065764132743356,0.00047983482488875577,7.930051824583544e-7,
0.050657641255264056,0.00047987793615108067,7.523223278432896e-7,
0.05065762740095534,0.0004792082539626617,1.0402574559245584e-6,
0.0506576210832157,0.00047917573387104513,7.705652094885026e-7,
0.050657614626385336,0.0004790536361721638,7.648816033923914e-7,
0.05065756040041392,0.0004791739053246708,7.639802446835604e-7,
0.05065751138044825,0.0004961860808156171,3.1509351276733465e-6,
0.05065749593230039,0.0004892113745397622,1.4527706967058055e-6,
0.05065741301002681,0.000739741017243654,1.4115963008664638e-6,
0.05065740265574309,0.0005743500171283992,1.0193101325948586e-6,
0.05065740134572335,0.0005720502379026379,1.0946234137636322e-6,
0.05065739003586621,0.0005618382740909584,1.5976998840943076e-6,
0.05065738026623264,0.0005293380287149102,7.566915697008899e-7,
0.05065734040564144,0.0005126387595974283,7.554864113594799e-7,
0.05065733765716191,0.0005703261386556042,7.578738171898705e-7,
0.05065728160383131,0.00048450424232261377,7.536347405479612e-7,
0.05065728059587451,0.0005234175515326401,4.3208602792137615e-6,
0.05065712698362995,0.001038658153007686,1.7003552750475835e-6,
0.05065695121274004,0.0005470692300128164,9.028220192183351e-7,
0.05065694619190596,0.00048748187303036323,8.852525308244196e-7,
0.050656413436517396,0.0005514774728083887,8.836271396211089e-7,
0.0506561511415336,0.0004807794803094141,8.93283004691064e-7,
0.05065614351705125,0.0005630417914796586,8.888345075347787e-7,
0.05065598317857216,0.00047866775249034624,8.887840437210562e-7,
0.05065576294564761,0.0004779891547503697,8.932473354135568e-7,
0.05065576168197047,0.00047792669024242885,8.995976527013622e-7,
0.05065367970398548,0.0004779550035777671,8.940607057288346e-7,
0.050653652632416044,0.0004779349054052617,8.819740844977436e-7,
0.050653438785399775,0.0004779400371728834,8.804625853996288e-7,
0.05065342815800598,0.000477941340952825,8.786712413008297e-7,
0.05065292022080152,0.0004782443243606614,8.824174343693533e-7,
0.05065067101710289,0.00047821396691097464,8.800151722071865e-7,
0.050644557398030136,0.0004780849709530054,8.963163787577882e-7,
0.05064357954056081,0.00047808657556083837,8.956628869547536e-7,
0.05062460724664185,0.0004780727185398528,8.959883667159139e-7,
0.05062427257136949,0.00047790956380141755,8.943406795158073e-7,
0.050621553648598105,0.00047784203780600314,8.945253945888211e-7,
0.05062154418293635,0.0004778943079636463,8.935561876422243e-7,
0.05061870644129992,0.0004778939943090405,8.859520197800522e-7,
0.0506186635710131,0.00047789626791479187,8.793551324747969e-7,
0.05061864254103122,0.0004779004695850526,8.743870397612947e-7,
0.050618585765638865,0.00047799065141660503,8.756383414735706e-7,
0.05061722579591746,0.0004779423095274984,8.727575497160771e-7,
0.050617223346604664,0.0004779189860483369,8.720053595873613e-7,
0.05061551222023582,0.0004779010423800325,1.0347688979825263e-5,
0.05061547556246154,0.00047782272236438004,2.9090204136119587e-6,
0.050615467273256755,0.0004777820437591364,8.198033710545503e-6,
0.05061542362273395,0.0004777620291282406,3.0378588046854913e-6,
0.050614450655547955,0.0004777575433294866,2.305385291005088e-6,
0.05061444745395651,0.00047784986289689996,1.8988264584131215e-6,
0.05061308932480598,0.00047781349355192226,1.8978443275530865e-6,
0.05061305856226359,0.000477844772351492,1.8715473398210596e-6,
0.050612877524106856,0.0004778654908702123,1.8532802583360263e-6,
0.0506128174517481,0.00047789172957311604,1.8666042225778587e-6,
0.05061204967895166,0.00047792421242383044,1.8566308188436951e-6,
0.05061191020066138,0.0004778595342670512,1.8153509516785408e-6,
0.050607117343274936,0.0004848821943203919,1.7991989622802041e-6,
0.05059039073378947,0.0004815941973642065,2.624576167861922e-6,
0.05059029741779793,0.00047980765409596474,2.409638316170529e-6,
0.05059027943421246,0.00047971517956843133,2.1741314051967877e-6,
0.05059025942072517,0.000479677747102281,4.948911285548752e-6,
0.05059016335560717,0.00047946254520261087,2.756784522213897e-6,
0.05059015930066125,0.0004777917593222909,2.192202481274398e-6,
0.05059006447046259,0.000477755149861728,2.09882152679549e-6,
0.050590040966478206,0.00047776530689525585,2.048060631007655e-6,
0.050589950320435166,0.00047777998632422505,1.8607057840156187e-6,
0.05058991367622004,0.0004777896433773452,1.8541677895773973e-6,
0.05058976607509948,0.00047779662815171684,8.31630270155843e-6,
0.050589759465641905,0.00047791836740093463,1.4924661112212373e-6,
0.05058968051544085,0.0004778758071510873,1.4274315911559369e-6,
0.05058967204223703,0.00047787961721744307,1.4186763809361346e-6,
0.050589669717438474,0.0004778740664500894,1.3764743886360865e-6,
0.05058966000311409,0.0004778773067012173,1.374253341791534e-6,
0.05058953518751129,0.0004778995297947679,1.3597237594463798e-6,
0.050589535132183394,0.0004778583265006315,1.3425154795666547e-6,
0.050589460896450285,0.00047785337027644333,1.334181111499643e-6,
0.05058945350290887,0.00047782721761485274,1.2639868096271716e-6,
0.05058942878626597,0.0004775175165446926,1.2581813240737074e-6,
0.05058942477788428,0.00047755932493916413,1.256265860541357e-6,
0.050589293891494136,0.0004772436771341895,1.2732037425160923e-6,
0.05058929385934634,0.00047723707254309245,1.2672810029323375e-6,
0.05058810540735648,0.0004772720477687139,1.2800698650219393e-6,
0.050588048934092446,0.0004773007745912922,1.2579265082812972e-6,
0.050587978801074115,0.00047729444856929923,1.2587760989973915e-6,
0.05058792799243654,0.0004772882767067297,1.182075583301728e-6,
0.05058720316393586,0.00047725813006139177,1.167085825180571e-6,
0.05058720315237684,0.00047725921435131773,1.1571644342866978e-6,
0.050586568994105297,0.00047725963140261737,1.1291773691226674e-6,
0.05058651929516865,0.00047722256399107267,1.133255172399503e-6,
0.05058651010902376,0.00047721249181098617,1.1000614394076529e-6,
0.050586462486392605,0.0004772394260286412,1.2887540111475879e-6,
0.050585955803723805,0.0006252878433030984,1.0891756630972807e-6,
0.0505859558019474,0.0004795801396573511,9.829469199760807e-7,
0.050585390424923535,0.0004792991683806296,9.62743301560745e-7,
0.0505853313370618,0.0004792994932139576,9.862756489351461e-7,
0.05058532595751858,0.0004793042114114992,9.58041232631588e-7,
0.05058526146030467,0.00047931827475746717,9.456616177525507e-7,
0.05058480298232937,0.00047931603995094655,9.495902735767783e-7,
0.05058480298192792,0.0004793117874846614,9.74231480087795e-7,
0.0505846688045583,0.0004793502713277479,9.362331944972812e-7,
0.05058465361476461,0.0004793179948600473,9.291533265766116e-7,
0.050584653504990786,0.0004793151216144272,9.282191231187873e-7,
0.05058463816031763,0.00047930869254002756,9.273041175541686e-7,
0.05058445582086776,0.00047930654221852717,9.278022120384827e-7,
0.050584455552266795,0.00047927865604620307,9.223547901376503e-7,
0.05058432714283286,0.0004792785549880643,9.431608979861383e-7,
0.050584319082229975,0.00047927605819346453,9.417166340221856e-7,
0.05058431809362574,0.0004792808231810828,9.38477456553667e-7,
0.05058430766370969,0.0004792938370532082,9.731647869205819e-7,
0.05058416406843234,0.00047938474387315726,9.69632405962514e-7,
0.050584164068310164,0.00047928738129874275,9.689582744599887e-7,
0.0505840422120204,0.00047922097456512135,9.738756910921537e-7,
0.05058403181327034,0.000479324170221857,9.652945761316926e-7,
0.05058403163205441,0.0004814339893575296,9.655168495409353e-7,
0.050584021138242695,0.0004797485890044086,9.65728799887529e-7,
0.05058392362112733,0.00047961512763406935,9.818894708464809e-7,
0.05058392361681817,0.000479722707409483,9.863865803094296e-7,
0.05058383023003881,0.00047867700099605247,9.978093184013203e-7,
0.05058382149676332,0.00047863167116958256,9.941990595805973e-7,
0.050583821205006506,0.00047863150773834836,9.834605869003327e-7,
0.05058381342127974,0.00047864957137202607,9.829526555233866e-7,
0.05058374313886568,0.000478640771536296,9.806692079573444e-7,
0.050583743136868815,0.00047864709374109335,9.91161583435734e-7,
0.050583724277008704,0.0004786390600028745,9.880141077315258e-7,
0.050583722585012786,0.00047865416235010614,9.935148693453467e-7,
0.05058372235367238,0.00047866350214961973,9.800540720249807e-7,
0.050583719991153624,0.00047867315929715765,9.823768278356656e-7,
0.05058369911275961,0.0004786671276705059,9.779185103323723e-7,
0.05058369911063808,0.000478659580533166,9.608104445172942e-7,
0.05058368831195859,0.0004787117518734292,9.582994183375198e-7,
0.050583687352148646,0.00047871059382865734,9.598987319186785e-7,
0.05058368734700274,0.0004786668447498195,9.50829562730738e-7,
0.05058368655131817,0.00047857624612853745,9.268331302722516e-7,
0.05058367798237402,0.00047856537192935377,9.100300844221637e-7,
0.05058367798086936,0.000478563483780708,9.380918904309516e-6,
0.05058367028421824,0.00047856603129349924,1.4046284443594502e-6,
0.05058366940907636,0.0004785662155990591,1.3482221582977443e-6,
0.05058366933545349,0.00047857538720510074,1.322291361136067e-6,
0.050583668439900524,0.00047857897711272765,1.4628868196651571e-6,
0.05058365812792474,0.00047859406831744463,1.2069343653792997e-6,
0.050583658124365556,0.0004800055009504662,1.2077537063664405e-6,
0.050583648010454486,0.00047895718539157103,1.1693076965953474e-6,
0.050583646733007796,0.0004806048181631615,1.1682571834151242e-6,
0.05058364628176196,0.0004796684036880844,1.163215546242257e-6,
0.050583644193713355,0.0004836513926354447,1.1482584839648094e-6,
0.05058362002898583,0.000479647814874756,1.1387401349128725e-6,
0.05058362001189876,0.000479107798812852,1.096537099657414e-6,
0.05058359939909023,0.0004790174955355321,1.100975482597793e-6,
0.0505835970902597,0.00047899052952867226,1.1215762767653412e-6,
0.05058359682348338,0.0004790732222734414,1.0746195399340722e-6,
0.05058359452759911,0.0004789400826399551,1.0513005737330713e-6,
0.05058356454799462,0.00047895930488694695,1.0553702273576563e-6,
0.05058356454676038,0.00047887487381982554,9.770190258217467e-7,
0.05058345927901513,0.0004788583529780148,9.653307434985347e-7,
0.05058344909989366,0.00047875413696046984,9.524174918321099e-7,
0.05058344667839181,0.00047874493384197334,9.470528987743757e-7,
0.050583436882676525,0.00047874260065710337,9.557477948760307e-7,
0.0505832373158024,0.0004787534450620965,9.557396083524814e-7,
0.05058323722112071,0.00047877716308281234,9.546840077231324e-7,
0.05058310068496275,0.0004788246384407034,9.515378441436325e-7,
0.05058309480956861,0.00047884036581346076,9.500473276228046e-7,
0.050583094700972324,0.0004788996577298104,9.564706429801879e-7,
0.05058308909492558,0.0004788923083786451,9.475939279266461e-7,
0.05058298860172792,0.0004788876880483414,9.507162277938961e-7,
0.050582988600858386,0.00047888786534998026,9.514686772388513e-7,
0.050582878222892036,0.0004789000636948903,9.491992437847235e-7,
0.05058287229150794,0.00047890930594317115,9.494536557914002e-7,
0.05058287164599378,0.00047890411585118015,9.501181889204111e-7,
0.05058286633553279,0.00047892265013417746,9.480072226840911e-7,
0.05058278241274985,0.00047892255508432747,9.781436079153204e-7,
0.05058278241236011,0.0004788875939841421,1.3106133383438394e-6,
0.05058267001476251,0.0004786920532776773,1.0414305917831487e-6,
0.05058266383011131,0.00047867225230484637,1.0295908556217375e-6,
0.0505826634130424,0.00047867158670272775,1.0252713885665506e-6,
0.05058265776198435,0.0004786756512666221,4.011465897596986e-6,
0.05058256781421437,0.0004786758451456969,1.2727661294432974e-6,
0.05058256781075381,0.0004786729985027422,1.266152347524445e-6,
0.05058248250463335,0.00047867830280759997,1.2394234056043021e-6,
0.050582478041770816,0.00047866716425520596,1.2384009954563146e-6,
0.05058247406083908,0.0004789391862772901,1.2429022921460787e-6,
0.050582470275443,0.00047875651635179893,1.2432769807734622e-6,
0.050582429861100585,0.00047874314563293703,1.2152656800498312e-6,
0.05058242986101748,0.000478715701619023,1.2216631309526446e-6,
0.050582386314372466,0.00047870092435946384,1.2275208294912056e-6,
0.050582383859267915,0.0004961151680009485,1.7956940310818745e-6,
0.050582383696775486,0.0004903550344167287,1.7834210605288487e-6,
0.050582381897413826,0.0004954420866739518,1.7977718315625988e-6,
0.05058235489000009,0.0004978247388840297,1.666360931619605e-6,
0.05058235488435917,0.0005079236098424417,1.7618678884651899e-6,
0.05058232871221051,0.000503791578018183,9.900261640969951e-7,
0.05058232729107235,0.0005046978987915908,1.0147416669681565e-6,
0.05058232728313769,0.000499006409319179,1.0222143018025256e-6,
0.05058232587814517,0.0004914482031794254,1.0053365468620809e-6,
0.050582304866276975,0.0004900363283791387,9.832792414117217e-7,
0.05058230486000482,0.00048553902428102966,9.697784408468309e-7,
0.050582292203213974,0.00048319999723637797,9.641611852274209e-7,
0.050582291448611656,0.0004846918861371202,9.668686570092559e-7,
0.05058229144793905,0.0004851992493926708,9.705717235818404e-7,
0.05058229070272238,0.0004858561323634571,9.659871933962392e-7,
0.05058227249693532,0.000485688900435471,9.623922033316467e-7,
0.050582272481641134,0.0004832859981660035,9.650542583101756e-7,
0.05058225220674723,0.000490741884440104,9.952222597452691e-7,
0.05058225162520946,0.0004850398773777079,9.783958861363818e-7,
0.05058222823424975,0.0004850636802984899,9.76620462970593e-7,
0.05058222663875182,0.0004851167491816562,9.626134074148195e-7,
0.05058210011724031,0.00048513285728452623,9.800444918613004e-7,
0.05058209900332378,0.0004854070614485104,9.620459423093069e-7,
0.050582061387156534,0.0004838502405099946,9.628877478353507e-7,
0.050582051355376474,0.0004841666195992072,9.627034007343358e-7,
0.050577495636811604,0.00048419507038310536,9.642699906474942e-7,
0.0505774261071686,0.0004842397839141303,1.0292408947056133e-6,
0.050574031987326726,0.00048429780871802464,1.0249291338497534e-6,
0.05057390234100366,0.000483650611163783,1.0254020754852516e-6,
0.0505738262182111,0.00048392094515962796,9.678011887166781e-7,
0.050573823788488265,0.00048447058640939064,9.323706811822257e-7,
0.050573509603747464,0.00048319447162119186,9.351585574960556e-7,
0.050573507210027,0.0004855856535975734,9.323193728374738e-7,
0.050573308811212525,0.000484224782208869,9.818422548997635e-7,
0.05057329935502754,0.0004888026979401551,9.372491359576881e-7,
0.05057328660099514,0.000490265957472668,9.375676641329834e-7,
0.050573283503336446,0.000493095623326234,9.278052169792508e-7,
0.050572806037045843,0.0004835683796478684,8.739425185960178e-6,
0.05057280046720582,0.00048253445502948833,2.960939842815149e-6,
0.05057246408402397,0.00048277221093482784,2.90322108441673e-6,
0.05057244660984012,0.00048265848594655737,2.6882587924831647e-6,
0.05057242741942259,0.000483650065818941,2.4587219399509075e-6,
0.050572426869450765,0.000483709058538967,2.2851608831289263e-6,
0.05057231332332168,0.00048365894612855894,2.7233691208867785e-6,
0.05057231162778162,0.0004837392081469202,2.7554353862514105e-6,
0.05057224068167501,0.00048370666368190087,2.6917752387000668e-6,
0.050572235925958144,0.00048394093243982075,2.4914569234923814e-6,
0.05057222152455726,0.0004840948104849429,2.3825139721893313e-6,
0.05057222152071222,0.0004830238852492552,2.258330747852749e-6,
0.050572201832240746,0.00048241389191697545,4.545941764682534e-6,
0.050572200829982886,0.0004824954371041531,1.4225668325148575e-5,
0.050572200375412595,0.0004823845818853439,2.1649032202172386e-6,
0.05057219925349042,0.0004823791074286814,1.8488134468458599e-6,
0.05057218254943112,0.00048237900017964646,7.957820115040495e-6,
0.05057218254010278,0.0004823746649765034,4.445874726234787e-6,
0.05057217001992859,0.00048237694605291,2.453214821715216e-6,
0.050572169794505954,0.0004823629448106243,2.4249083552849065e-6,
0.05057216391214617,0.0004823610523531047,2.4933072208641653e-6,
0.05057216319312582,0.0004823609048874848,2.5264040590716527e-6,
0.05057215507094284,0.0004823608946885069,2.4795498728052007e-6,
0.050572155070443374,0.00048236055184503867,2.3754033218329106e-6,
0.05057214675898293,0.00048235999947977577,2.3726443021659015e-6,
0.05057214645765923,0.0004823646928179726,5.147623488369937e-6,
0.050572146428362684,0.0004824300680828802,3.046127778023706e-6,
0.050572146090226866,0.0004825893448982189,2.8789344335071728e-6,
0.050572137213296946,0.0004828143950533872,3.531076707780246e-6,
0.05057213721142549,0.00048307333094816225,2.924427776081893e-6,
0.050572130154092475,0.0004830209349017604,2.6428569991868475e-6,
0.05057212995758742,0.00048307281815959804,2.899033993061386e-6,
0.05057212130768786,0.000483247236731991,2.4870719129724625e-6,
0.05057212060351969,0.00048355357578205345,2.129707530974425e-6,
0.05057211947426018,0.0004819213738555528,2.1449487411538073e-6,
0.05057211929096246,0.0004902361609902708,2.2668689774468076e-6,
0.05057211222945619,0.00048296184999376907,1.4600952872150773e-6,
0.050572112203980266,0.00048291416620138895,1.343913682887653e-6,
0.050572100358509196,0.000482912999944468,1.3992004929782923e-6,
0.05057210035578759,0.000482907721888746,1.226946648793537e-6,
0.050572087296762006,0.00048292923886604364,1.1728840789077723e-6,
0.05057208677032735,0.0004829431857217442,1.1729432677979783e-6,
0.050572086636614375,0.0004830099175640894,1.1738446881358994e-6,
0.05057208606865729,0.00048318663954726555,1.1557160811244097e-6,
0.050572067335880606,0.0004869753236440389,1.1405575460950283e-6,
0.050572067319186946,0.00048754787639428056,1.1536407327370125e-6,
0.05057204768012947,0.00048777879298174815,1.436743284015788e-6,
0.050572046784062095,0.0004878476172987928,1.3029386713378533e-6,
0.050572044882851434,0.00048791374361140875,1.2794579719005147e-6,
0.050572043832628255,0.00048777984108520033,1.2507087450335755e-6,
0.050571998282197696,0.00048741067857163613,1.6996776537756716e-6,
0.05057199826616818,0.00048701450925783146,1.629745041523113e-6,
0.05057159627403849,0.0004956505791025783,1.6759086306489883e-6,
0.05057158220975123,0.0004911040686897031,1.5677174945738864e-6,
0.050571495838678836,0.0005240324971033575,2.2802214221402362e-6,
0.05057148141712848,0.0005118325978111965,1.8145808888731555e-6,
0.050571347313827876,0.0005141672819345541,1.8511354280666112e-6,
0.05057134709443056,0.0005421610496242121,1.6723959655034986e-6,
0.05057102679340193,0.0004884485571138654,1.933358274803011e-6,
0.050571012860383235,0.00048700804376600453,1.785890598040211e-6,
0.05056988943149757,0.00048690313558315225,1.7827522493278943e-6,
0.05056988763287413,0.0004908294652180459,1.7438166050334819e-6,
0.05056921349558315,0.0004979979794193168,1.7792522090497945e-6,
0.050569213049603136,0.0004921730784904331,1.735598446452998e-6,
0.050554307052334484,0.0004895350380770735,1.5763815901005203e-6,
0.05055376261374007,0.00048521530779360353,1.6859471234937605e-6,
0.050552091439261156,0.00048520929816026184,1.6475685380759171e-6,
0.050551559075556016,0.0004852074329789109,1.6413466944452825e-6,
0.05054471565614408,0.0004852248863349064,1.575070825365276e-6,
0.05054471363059494,0.00048528660202875836,1.5394050071163593e-6,
0.05054437718848078,0.00048520668469363774,1.7094233905261873e-6,
0.05054437297776513,0.0004851859543195385,1.6913427141958581e-6,
0.05054435174842957,0.0004851667688681525,1.8206862591306627e-6,
0.05054434594768396,0.00048515944129595413,2.5208155986401135e-6,
0.0505440465632757,0.0004851620766149289,1.8716242458091591e-6,
0.05054404643970937,0.0004851399907883642,1.7852407815764895e-6,
0.05054206982055764,0.00048513222109622194,1.8130479237876798e-6,
0.05054200904169302,0.00048552763360618236,1.7076835606462663e-6,
0.05054188852060238,0.0004853735491128077,1.5716447646474234e-6,
0.050541836405070005,0.0004854173513459033,1.4961641378831276e-6,
0.05054091100515611,0.0004852600797836425,1.4155903991863005e-6,
0.05054091093317741,0.00048533857019019484,1.3950153937437424e-6,
0.05053669552746441,0.00048622254902878264,1.338880358067938e-6,
0.050536601630432464,0.00048602916383724246,1.2989501001503537e-6,
0.05053643473266115,0.00048586453340167425,1.5926152451470194e-6,
0.05053635287084864,0.0004857917726228746,1.7044575033942537e-6,
0.050534388269218834,0.0004857397822579571,1.575127947645179e-6,
0.05053438817309939,0.0004857750313664774,1.51297975232404e-6,
0.05053175675444887,0.0004857444487738969,1.5174993242583912e-6,
0.050531679803415996,0.0004857389479877104,1.531315879597894e-6,
0.05053157166120937,0.0004857580205586522,1.1016465078368626e-6,
0.05053150243441085,0.00048577033751475015,1.0505508025482088e-6,
0.050529915684867484,0.0004857853498810246,1.051575380635201e-6,
0.05052991504256772,0.00048579531179998364,1.048043757639763e-6,
0.05052805906173132,0.00048581125084553765,1.286008506338743e-6,
0.050528003608002116,0.00048549626765018053,1.166528084335491e-6,
0.05052748375109233,0.00048546686686600063,1.1615845657274425e-6,
0.05052744453223267,0.0004854648851531091,1.2077630567492755e-6,
0.05052710793000588,0.00048545164325238335,1.4820114263092173e-6,
0.05052710739723958,0.00048544207943508486,1.1917461072096968e-6,
0.05052701221060698,0.00048542391076868315,1.1920692287463357e-6,
0.05052701139388956,0.0004855732857010729,1.1933265218472248e-6,
0.0505270105281287,0.0004859754755057965,1.1928244379358404e-6,
0.05052700971938025,0.00048590357444989264,1.2164140532813352e-6,
0.050526990691258225,0.00048590444430310456,1.276890206311488e-6,
0.050526990652989726,0.00048591321040916707,1.2326506696476333e-6,
0.05052697982824317,0.0004859408288667282,1.213910683181913e-6,
0.05052697979086117,0.0004859385382674116,1.2170060758097329e-6,
0.05052696434068853,0.00048586524130448224,1.1773376289918703e-6,
0.05052696431558289,0.00048574453957784657,1.2564000359138117e-6,
0.05052695462913952,0.0004856918162645047,1.239643042462096e-6,
0.0505269542536771,0.00048557831261678794,1.2445371619519252e-6,
0.05052695425327446,0.00048562700012593505,1.2431602613060567e-6,
0.050526953877853394,0.00048553708757135297,1.2448242560318379e-6,
0.05052693625546244,0.0004855237516549434,1.238735879515545e-6,
0.0505269362229263,0.00048552226832980445,1.023139891771295e-6,
0.050526915420577155,0.0004854974904990225,1.0216860602750006e-6,
0.05052691515405847,0.00048550339483612124,1.0219819053726695e-6,
0.050526914156667206,0.00048552395964853524,1.0253895210089849e-6,
0.0505269137956972,0.000485504042226884,1.0237442337252073e-6,
0.05052690494892598,0.0004854729532269961,1.023200547892618e-6,
0.05052690116065085,0.00048564180636103175,1.079805954534337e-6,
0.050526692945555673,0.00048549348013916447,1.0516777727412814e-6,
0.05052668943567609,0.00048547780910927215,1.007265608511626e-6,
0.050526514232462544,0.00048546978606486233,4.279331448754964e-6,
0.05052651420450762,0.0004854625176138767,2.0673673156383867e-6,
0.05052647435925525,0.0004854615780985848,1.8812629309631498e-6,
0.050526456501917304,0.00048545539733630923,1.771575772703301e-6,
0.05052557854203142,0.00048545364178253315,1.7210547039507918e-6,
0.050525570514254846,0.0004853538848171255,1.7257772389241878e-6,
0.05052511709450206,0.0004860456042221598,2.001332528675409e-6,
0.05052511617586142,0.0004855922124634475,1.3791123528262757e-6,
0.0505250467157508,0.00048577927274770245,1.4110269351363432e-6,
0.05052504335644662,0.0004857431103312297,1.4308543636444952e-6,
0.05052500734730544,0.0004857302970714136,1.4749154902987235e-6,
0.0505250053493144,0.00048573639515013734,1.3573496255052209e-6,
0.050524850834650636,0.0004856994102229268,1.361826152322544e-6,
0.050524850803628694,0.0004856124585769173,1.3675115738108824e-6,
0.050524813979229866,0.000485596371106898,1.3624704722840344e-6,
0.05052481371135876,0.0004854979445443307,1.3360405134776767e-6,
0.0505248035387642,0.00048657347314838307,1.3975438126432862e-6,
0.050524803261013294,0.0004850809718346617,1.445411737596494e-6,
0.05052480253822264,0.00048507147448484557,1.4315715693423403e-6,
0.05052480237433292,0.0004850601957093167,1.4266847023817093e-6,
0.050524770009789374,0.0004850776783136115,1.468586466821168e-6,
0.05052476912409242,0.0004849900227686723,1.4360544686067406e-6,
0.050524768638722045,0.00048495965893672146,1.4394189580549895e-6,
0.05052476777002288,0.00048499216571040916,1.42809316467608e-6,
0.05052475041662997,0.00048498123026975405,1.3879000873211973e-6,
0.050524750397579934,0.0004850579701178775,1.3788237000400626e-6,
0.0505247143706659,0.00048503888824857373,1.3714388458679838e-6,
0.050524713091890286,0.0004849858191397032,1.453845014800246e-6,
0.05052471306231872,0.0004849856640731044,1.4511834508988018e-6,
0.05052471175200227,0.00048501247998495537,1.4562498069902914e-6,
0.0505246777971037,0.00048518353045950166,1.419501588589713e-6,
0.0505246777884005,0.0004851432847608686,1.4122333695132372e-6,
0.050524649353162,0.0004850695637581631,1.4070185117108444e-6,
0.05052464782217079,0.00048493823469811416,1.4112654496630327e-6,
0.05052464420885667,0.00048499203800668326,1.2639233066962644e-6,
0.05052464310038087,0.0004850980851571711,1.2723721828256005e-6,
0.050524595039609946,0.0004852392359876707,1.0958584683384721e-6,
0.05052459500583782,0.0004852415526317141,1.1090901829917173e-6,
0.05052418297866522,0.0004859019952137393,1.0902600523268788e-6,
0.05052407100088227,0.0004849408094155893,1.0980700754286574e-6,
0.05052241281214759,0.0004849143365473404,1.093491236854595e-6,
0.050522312081941675,0.0004853232604541269,1.0734864375867086e-6,
0.05051866149894961,0.0004853389286621435,1.0724837697214213e-6,
0.05051866087522881,0.0004878160055791868,1.0697161656868402e-6,
0.05051862609209493,0.00048619996211206546,1.0663487247581114e-6,
0.05051862408643785,0.0004859601203524055,1.0626022141009638e-6,
0.050518612772436834,0.00048656803944037126,1.0578526509109404e-6,
0.05051861096777811,0.00048638932102392684,1.0228704536321623e-6,
0.05051852382143135,0.000485744365098915,1.021465488659453e-6,
0.05051852380978165,0.00048524896490856237,1.0224168431362107e-6,
0.05051842241637045,0.0004851773020430604,1.0176359443271135e-6,
0.050518418760120976,0.0004852990733873479,1.0190842176399105e-6,
0.0505184163045606,0.0004854176499951975,1.016079408135825e-6,
0.050518412366685486,0.0004851894387572966,1.021189131967263e-6,
0.05051673031542756,0.0004851241816542513,1.0176363276759566e-6,
0.05051671304368426,0.00048504696960461404,1.017902885766619e-6,
0.05051666230130126,0.0004850592556428482,1.016821430196891e-6,
0.05051664789813925,0.0004850097996903721,1.0151802435090918e-6,
0.050516212866776294,0.0004850363258947047,1.0031792977930869e-6,
0.05051621180105823,0.0005011026713292419,1.0348561564303821e-6,
0.05050987551464925,0.0004963705601600972,9.919464877991791e-7,
0.050508656190848523,0.0005058715253622472,1.0006367504737355e-6,
0.050507900282966575,0.0004873010544665866,9.799283929893646e-7,
0.05050668228680612,0.00048697713017662234,1.0366284282752137e-6,
0.0504953001810617,0.00048696092754602397,9.946312747347614e-7,
0.05049530016432943,0.0004869592623592231,9.972776489211523e-7,
0.05049245564934547,0.00048695826318705587,9.943519548144634e-7,
0.0504920026446289,0.0004869581463743637,9.940360013170846e-7,
0.05049176308485625,0.00048695731182394323,9.936789714734043e-7,
0.05049132619831363,0.0004869535857105586,9.887737324811632e-7,
0.050487587964698245,0.00048757152729979954,9.90585912171749e-7,
