Oviedo,Queue,RD,Newton
567.40045789455,567.4004578563548,0.09484559380254808,1.239993059548249e6
73.08711726536637,73.08711518349999,0.0023753125042295623,1.824385406690129e-9
20.284473279407614,20.284442430599483,0.0023363188666394425,
3.3413212653234647,3.3413132246503396,0.0022973198625472185,
3.3335855043497,1.0713290284004742,0.0022589446430780397,
1.0713266335908054,0.060590795827368336,0.002223183684338276,
0.06059338592502082,0.0022852477899412624,0.002186611549852088,
0.060592513970493034,0.0022961299207730906,0.0021618317342026634,
0.0605925134234283,0.0022454227053795303,0.0021593707100078636,
0.0605893327444658,0.0022251953945647968,0.002304952790849154,
0.06058813265854475,0.002223211862846634,0.002234059617389205,
0.06058813210107931,0.002210855946405828,0.0022167179797718613,
0.060274371874197714,0.0022133525685552958,0.0021949650922958924,
0.06027315789276999,0.00221289305998555,0.010012479673055852,
0.060273143035080474,0.002211094797305308,0.008200552069108885,
0.060266265254262597,0.002211374841921468,0.00803356424894926,
0.05999322256054984,0.0022097020743444473,0.007652619626605097,
0.05999138305360482,0.002209403202037579,0.007745812206517712,
0.059985188549928965,0.0022001818845268123,0.007679464933716159,
0.05964140841999925,0.002201310784101867,0.007630119278657931,
0.05961951212625827,0.0022011172622000788,0.007627414944503994,
0.05958582790264869,0.0022019922195087873,0.0074034727405340355,
0.05954549427699315,0.002200630479404487,0.004212001041032796,
0.05945605040336302,0.0022006121363228022,0.002062472313572439,
0.05943895957251981,0.0021976634503898126,0.0017837458195887161,
0.05943237696270653,0.002216483122104971,0.004362452016076519,
0.05935315956203116,0.0022310859967288065,0.001993148615082522,
0.05935249097914349,0.002235344710857962,0.0017410946327773551,
0.0593294084811537,0.002254555586537971,0.001714793023948816,
0.05886881595029412,0.002274301195663541,0.0016965324656578568,
0.058868806464189294,0.0022634879784393003,0.0016652703456773105,
0.058438722348137094,0.002252776175508614,0.0016372218223943285,
0.05839602791903162,0.0022561639280580747,0.0016255473205760756,
0.05837792062732358,0.002275088163911077,0.0016030537417376788,
0.05758202404633105,0.0022617769092949155,0.0018246948691126356,
0.057419665666135385,0.0022611371969154465,0.0017509947687960163,
0.05729322723008267,0.00227938110059026,0.001755527825459113,
0.05726472759064479,0.0022682678460232792,0.0016974880016352861,
0.05682632004063212,0.0022659190073899037,0.0014999571545611897,
0.056759163524714336,0.0022737980061586483,0.0014406296645620017,
0.056754380242188894,0.00246768294844658,0.001441372784705376,
0.0556112921919192,0.0023493847856095183,0.0014173318821192502,
0.053729099574596255,0.0023135903044337546,0.0013984408041805066,
0.053728766584564144,0.002266369050878342,0.0013870273432155945,
0.05368081291163243,0.0022583584275175134,0.0013081500772900425,
0.051187479768801204,0.0022559665191502357,0.0013049575758886528,
0.051187322279794,0.0022635034522348325,0.001306647697564331,
0.050389260218190665,0.0022684357796580908,0.0013240493649095977,
0.05026010421589422,0.002291189073861653,0.0013197303688507094,
0.050253457571764824,0.002309176479172731,0.0013155679824743297,
0.04981556676672567,0.0023067868053671297,0.001331179424317234,
0.04979071141448877,0.0023041299900805347,0.0013307982423664982,
0.04963017661420438,0.0022887961297943706,0.001330712257373728,
0.04961898013299331,0.0023058660599916733,0.0013288455748315167,
0.04885023335701314,0.002319556607155429,0.0013100607679715859,
0.04872036226114879,0.0023065455685823094,0.0012989719149909705,
0.04871961966354922,0.002305277913171609,0.0012762859970026849,
0.0477580239036139,0.0023024247602728993,0.0012650649925975664,
0.04680528701362256,0.002298807505097178,0.0012586861570182829,
0.04680061434941154,0.0022981132602433326,0.0012369226013833157,
0.041527127830214755,0.002285734286012166,0.0012155824846464068,
0.03847869557921528,0.002284555394108915,0.0011938059664876007,
0.038478530803413104,0.002284117136333537,0.0011726339967950369,
0.03840169261816688,0.0022884480521583226,0.0011511762305931837,
0.03508566973997495,0.0022830606583362162,0.001130019503657411,
0.035085652242924835,0.0022797126308512637,0.0013098793318023461,
0.03506647627408884,0.002275225642009702,0.0010148055665507058,
0.0345408018463035,0.002274296916733351,0.0009911789918597895,
0.03452446296912987,0.002273535687421449,0.0009713886607311444,
0.034159077165563885,0.002273980743155373,0.0009514888274782128,
0.034133816395096765,0.002273936355937,0.0009506992459395204,
0.031447123792523186,0.002273373661526387,0.0009576039647266283,
0.031420921844725246,0.002272636354891935,0.0009297348263051375,
0.031347421877122424,0.0022711624371956857,0.0009177669844941724,
0.029884324016850514,0.002271476199343417,0.0008844570889136755,
0.029882838116003705,0.0022727658379452413,0.0008808296120872029,
0.02579967903166634,0.00227230699918419,0.0008763747369162388,
0.025312432734550756,0.002272185628964029,0.0007862324496170393,
0.025307387763983523,0.0022721017229077396,0.0007738787239493389,
0.015030112343279197,0.002269493547852304,0.0007589882514723224,
0.01502896077363534,0.0022684965277556947,0.0009594452957434595,
0.015028941766036584,0.0022612942701210757,0.0016803052188749848,
0.015027961878472164,0.0022562532743575646,0.0009270963706050697,
0.01501705227823603,0.00224651656182922,0.0008385827780141347,
0.015017046633158605,0.0022449002697276354,0.0008200997322427392,
0.015009103004953235,0.0022449033173316756,0.0008081648724682236,
0.015009052147085275,0.002252636643616537,0.0007941077540121583,
0.015009046853903068,0.0024454372724924804,0.0007859517150804343,
0.015008727457521293,0.002304537784634524,0.0007830256838401449,
0.015008657985102208,0.0022790233899193423,0.000731233040041409,
0.015008648865027133,0.0022768512750423195,0.0006892803050073906,
0.015007739908830942,0.002241745708519826,0.0006463392198775207,
0.015007595786102916,0.0022426052393084888,0.0006048658986340567,
0.015007572700568017,0.0022420742140762287,0.0005713519727414954,
0.015006942917957105,0.0022428892853468504,0.000543269734720793,
0.015006803667930578,0.002243539211073724,0.000532059568112072,
0.015006785972676346,0.002247870960970107,0.0005215744206011453,
0.015006111068016779,0.002239635244678228,0.0005157736894133032,
0.015006043721864227,0.002250500420243891,0.0005139753592156019,
0.015006026700632828,0.002271550351398225,0.0005037730404463973,
0.015005917391793603,0.002362687109184359,0.0004940037010316412,
0.015005738185899375,0.0024508444958530854,0.0004880927760854386,
0.01500571741228124,0.002517197338506414,0.0004831798843768009,
0.015005382067560209,0.0023650155049421847,0.0004826133213030796,
0.015005240484280301,0.0023442774858770028,0.00045529777219208004,
0.01500521230130878,0.0022577321680593274,0.0004553170092048856,
0.01500497091214191,0.0022514026044456147,0.00046804845497802665,
0.015004823033057193,0.002518016673525382,0.0004507213815892074,
0.01500479853057492,0.0022106310465723174,0.0004489811252434299,
0.015004585357742543,0.0021788398228955955,0.00044965714511290006,
0.015004407120237779,0.002159809334726681,0.0005044139152274642,
0.015004371562142448,0.002178533426027445,0.0004084016935864033,
0.015004080516618175,0.0022068338417156356,0.00040706122827860924,
0.015003788633951038,0.00220289049849889,0.0004008389452219784,
0.01500373689062671,0.0021987951699396183,0.00039387127532812045,
0.015003388146223382,0.0022034068097119214,0.0003867235597327086,
0.01500317666915515,0.002194730117536733,0.0004176075587997736,
0.015003144295428686,0.0021945102822521897,0.00039867169244636074,
0.015002981847299125,0.002194130871295373,0.00038966005309503505,
0.01500285509467298,0.0021935283814578928,0.00038400778513708014,
0.015002835929867115,0.002181059374807645,0.000377722544264448,
0.015002747991907392,0.0021805974184372695,0.00037128628287137,
0.015002566858290208,0.0021878863878999942,0.00036490368470462007,
0.015002537139705063,0.0022048001074817312,0.0003588135129556322,
0.015002437127687184,0.002164028794860205,0.00035284358260466545,
0.015001753049653602,0.002164499201372414,0.00034657034343951563,
0.015001702993681728,0.0021965285385201006,0.000340589400055626,
0.01500153055910118,0.002188093065672133,0.00033399224958077165,
0.0150010029737211,0.0021468758167582504,0.00032865883708639104,
0.01500096285350994,0.0021255052637678927,0.00033661254023421947,
0.015000860127959028,0.0022111741715890153,0.0005090638574513011,
0.014999911578182023,0.002208046726951865,0.0003112458854367796,
0.014999880290531146,0.0020829583805240083,0.0003124691923808449,
0.014999786332113452,0.0020447805271046906,0.0003147086017046807,
0.014999173248274829,0.0020950737634785445,0.0003062308167321437,
0.014999128935202707,0.0020224052862004398,0.00030073614915961794,
0.014999024621056286,0.001993666951492439,0.0002955652576466724,
0.014997974627085716,0.0019985774343891354,0.0002912450204602465,
0.014997954207895486,0.0020027086950922947,0.0002860647009028081,
0.01499789807344957,0.0020088645917582235,0.00028117366039375006,
0.014997651339455655,0.0020470138974380435,0.00027666859739211916,
0.014997623276401683,0.002023421149456794,0.0002696010385537064,
0.01499756290453512,0.0020226509042501764,0.0002660208930885436,
0.01499614144912402,0.002022139903153255,0.0002594483340832599,
0.014996065870501465,0.0020217256006278433,0.00025183305168953294,
0.014995879851733607,0.002004510368950333,0.00024493005495814494,
0.01499467545970925,0.0020034242314832785,0.0003355830707939915,
0.01499458813766388,0.0020030954923893236,0.0003316780466991548,
0.01499441312958991,0.002003435631598289,0.00032337958008947623,
0.014993204210191475,0.0020106419266459783,0.000315513835350829,
0.01499316298518664,0.0019924843550849125,0.00031534681659880934,
0.014993075310387448,0.0019878870893636656,0.0003069982453475768,
0.014992629484419715,0.0019748301918230808,0.0002998504451272781,
0.014992577230291276,0.001986628143531335,0.00029243614454631337,
0.014992476547894365,0.001994222584085929,0.000285587330414207,
0.014991668704988866,0.0019942018967478185,0.0002780537606164205,
0.01499157301748679,0.0020007468931687237,0.00027169580744237443,
0.014991396310141245,0.0020130867369058223,0.00027090937991222094,
0.014990499077207727,0.0020632297505073973,0.0002700426176459436,
0.014990398577845003,0.0028437655854552622,0.0002674096086160213,
0.014990235491653391,0.0023272266467892493,0.0002677649324524728,
0.01498953415621285,0.0023261910790126233,0.00027683922754099735,
0.01498942480638111,0.0023090657058596753,0.00027317588226654987,
0.014989246558912983,0.002302276884410765,0.0002697341972213267,
0.014988475948963164,0.0023108573160139107,0.0002687524616575954,
0.014988255856353189,0.002306502913000338,0.00026118372491048793,
0.014987935594766697,0.0021622754862905985,0.0002528676028802715,
0.01498673046740606,0.002028954210221982,0.00023934404412675637,
0.014986463530637989,0.0020242011563478273,0.00023283455966549455,
0.014986139874620155,0.0020247984133046075,0.0002474885036279255,
0.014985340057464734,0.002024521640249371,0.0002444178227663031,
0.014985194579419124,0.0020247766472530496,0.00023593323915058754,
0.014985032149986333,0.002024996149660307,0.0002269685759073947,
0.014984689814933944,0.0020223725259626278,0.00023596821736941107,
0.014984539236976811,0.0020846752263946923,0.00022360848483521747,
0.014984379738091993,0.0020731097564193304,0.000218165648205351,
0.014983943989129984,0.0020777246694675543,0.0002183636309520356,
0.014983598758396846,0.002085215592013426,0.000213270043787521,
0.01498324896805635,0.0020984088351296473,0.0002116035463855693,
0.014982347547536301,0.0020934662553515177,0.0002017031759219822,
0.014981783976008812,0.0020960313026465124,0.00020159026133464476,
0.014981333748115637,0.0021211211022706907,0.0001987991957984353,
0.014980526038784702,0.002138077170437204,0.00019690560183949863,
0.014980088351119107,0.0021514466801871024,0.0001962606935529864,
0.014979790118134583,0.002088345173933331,0.00019785999328303315,
0.014979305930339706,0.002175613651767144,0.0005528561439528879,
0.014978813921025945,0.0023343997815428513,0.0003018740664874674,
0.014978504433588344,0.002027785596926275,0.0003033514848046887,
0.014977963793611994,0.0020204232534511033,0.0002943341473667835,
0.014977174575213126,0.001992477988217044,0.00028091723102617805,
0.014976772496887107,0.002019012186724573,0.023314803626485744,
0.014976213678685138,0.0034727709668312197,0.0010652046598155216,
0.014975466720917036,0.0021914421804543577,0.0008050496441261257,
0.014975198466568813,0.0021653385840372497,0.0007903685649451921,
0.014974866760585192,0.002179921315103119,0.0006670098758518877,
0.014974238173338858,0.0021726554244595278,0.0006489383861035872,
0.014974032712999507,0.002178997383783011,0.0005983443467196526,
0.014973679225515648,0.0021735413648125462,0.0005906479507479231,
0.014972538556803335,0.002167966115450433,0.0005893366302852466,
0.014972115511416865,0.002173953598877267,0.0005931561802683051,
0.014971407912405473,0.0021939141949878175,0.0008874667749002578,
0.014968719865497028,0.0021937275215848043,0.0008873304592617319,
0.014968105670452697,0.002213854237048756,0.0008541041478096773,
0.014967162245732047,0.0022198864520063025,0.0008397476840605295,
0.014965287904415678,0.0021958423385476,0.0008258255847195561,
0.014964929509293016,0.002209984432007062,0.000816710832637896,
0.0149644599351731,0.0022763885624794106,0.0008202090390370762,
0.014963147474447847,0.0024627390735226466,0.0008105297217748979,
0.01496296784719609,0.0074082427490321035,0.0007995595353598532,
0.014962645895404027,0.00199385550621523,0.0007755787538600975,
0.014960975967883618,0.0019727873560679773,0.0007496826266949792,
0.014960748032926614,0.001972331389461005,0.000725448995785147,
0.014960254015874674,0.001971909373949693,0.0007078149530177366,
0.014957006110140515,0.0019718941585594517,0.0006918239478645636,
0.014956739635073216,0.0019718322066267432,0.003146353916542904,
0.014956134740420745,0.0019719360399770196,0.0021859653981609736,
0.014953548084517711,0.0019717661398248845,0.0010214895310135677,
0.014953371270030897,0.0019729030889404304,0.0008851882811641635,
0.014952889551245008,0.001974464074333945,0.0005482298669177275,
0.01494982846845256,0.0019830592755779976,0.0007310892758478425,
0.014949673145364998,0.0019789561136390145,0.0003578559527998093,
0.014948940567835325,0.0019760959023513392,0.0005601938171358703,
0.014944511176317418,0.001979921975453601,0.0005607738745011238,
0.014944302440750545,0.0018992794979384514,0.0005477470241702166,
0.014943255567892891,0.0018979776177991414,0.0005334549972691575,
0.01493885478538097,0.0018965198134752233,0.000520756715491702,
0.014938734149934461,0.0018955085223879412,0.0005071270474753025,
0.01493811115370913,0.001912425897058077,0.0004933647563489184,
0.014936226070937723,0.0019188780416831228,0.000482993540967554,
0.014936176974494968,0.0019193637942593815,0.00048821936503545956,
0.014935794815004531,0.0019200527604348351,0.0004689560590668944,
0.014933716290732698,0.0019226783836687777,0.00046054281173000915,
0.014933675968848063,0.001920297729558821,0.0004522113542169945,
0.014932796002020842,0.0019203214478040334,0.00044397957955265695,
0.01492987956903503,0.001919702469142538,0.0004163765140761869,
0.014929805372140613,0.001920219107563824,0.00040504373832846386,
0.014928232180418223,0.001920805839269402,0.00039268246511761043,
0.014923052018788295,0.0019188677745993676,0.0003836403469308279,
0.014922983261867058,0.0019905181728869454,0.00038870251082868685,
0.014921459311213896,0.0019476508287333653,0.00038172147297613196,
0.014918829849755854,0.001950017518360741,0.00042327479148125745,
0.014918794534673098,0.0019535957680891875,0.001002667911421866,
0.01491775522156318,0.0019578915094217247,0.00050176725774415,
0.014915259314181832,0.001956796668755519,0.0005491763405437363,
0.014915235037166906,0.0020299027310631984,0.00037104481512199703,
0.014913566689745018,0.002152243875550744,0.0003732689690023232,
0.014911040545428774,0.0019828591132185136,0.0003022106089460406,
0.014911013776124294,0.0019798367876599824,0.000257873807426314,
0.014909211142597046,0.0019691345976165144,0.00024421656274853875,
0.014906369979828563,0.001969628034476027,0.00023996930059277575,
0.014906352583852303,0.0019699734962378094,0.00023971402976132795,
0.01490470691940416,0.0019663364265474436,0.00022798254246381933,
0.014903377382560954,0.001966312036021461,0.00021147557282837935,
0.014903367345495529,0.00194849427800127,0.0002107707155500562,
0.014901756928490053,0.0019529320394779982,0.00023123809871509725,
0.014899874934612853,0.0019515572456983068,0.0002037870484850448,
0.014899862424275509,0.0019539172990479022,0.00018609412565921444,
0.014895101026092296,0.0019528112374168406,0.0001743180936649752,
0.014891593035406332,0.001989384588783077,0.00016948714798738218,
0.014891568947212722,0.0019378303096180783,0.00015660491569042645,
0.014884958044002555,0.0020466882461868873,0.00014022737406332368,
0.0148811735623201,0.0019465082474866221,0.00012541691799097007,
0.014881154024680626,0.0021294758371182146,0.00011189091359919096,
0.01487652911926589,0.001999087332037105,0.00010544052487739204,
0.014874872378356005,0.0019309490371175614,9.899252379741194e-5,
0.014874864068310276,0.0019248273349839785,9.1673501322916e-5,
0.014872681542124752,0.0019229263322147686,8.919364897231572e-5,
0.01487113325129063,0.001921853902278171,8.704661810721219e-5,
0.014871127085912284,0.0019192385990014437,8.615652145929528e-5,
0.014866668458389957,0.0019139186214020875,8.473128619752454e-5,
0.014864531681130925,0.001913813487068261,8.464576435334296e-5,
0.014864522167670449,0.0019433878405728353,8.42373617465417e-5,
0.014859638090661337,0.0019414634951714948,8.414618700683965e-5,
0.014856230480957957,0.0019267767367192662,8.269146518977938e-5,
0.014856219321259051,0.001903946262205459,0.00010514035859414579,
0.014849063610884592,0.002153411501671608,7.797729208001656e-5,
0.014846914640180068,0.0020151576975396355,7.665532342145382e-5,
0.014846906902656564,0.001960419716230536,7.974968360655965e-5,
0.014842548831905415,0.0019375983437777465,8.041610779360439e-5,
0.014839941565048528,0.0019193838079471731,0.00011053745515610905,
0.01483993387114709,0.0019155914895107634,0.0001028064750640758,
0.014832808720164946,0.00190934514070172,0.00010013603507179771,
0.014829188546574302,0.0019187745966224505,0.0001300260095409218,
0.014829177737912364,0.0019054381008842057,9.82004927468904e-5,
0.014820927413180756,0.0019150426139626481,8.68206966492925e-5,
0.014816737476109747,0.0019209066191534922,8.119347485038154e-5,
0.014816727202137524,0.002171507894656542,8.007437172656764e-5,
0.014808673730995064,0.001989127919258853,7.95581300939344e-5,
0.014806679008875607,0.0017919232730117818,7.778113422017186e-5,
0.014806673833962999,0.0017937507502051957,7.472946677098655e-5,
0.014802761828233098,0.0017893402771236113,5.9034343991079596e-5,
0.014801440421628254,0.0017872191917474775,5.8733980438624223e-5,
0.014801437086857617,0.0017862830804728392,5.578521119118349e-5,
0.014795524991235504,0.0017865319853062553,5.3192343628291296e-5,
0.01479375045804693,0.001813640089713009,5.103559303157152e-5,
0.014793745208298476,0.0018207777948089996,4.899291826890793e-5,
0.014786938552200958,0.0017754776861627734,4.771425599844917e-5,
0.0147831799847449,0.0017491375761161942,4.681640662360056e-5,
0.014783170679324062,0.0017491085024886478,4.637244029952368e-5,
0.014767125708599555,0.0017496244106912499,4.638168176683564e-5,
0.014763928750789645,0.0017475027565072919,4.625735731294348e-5,
0.014763920516317655,0.0017579451605847208,4.5366711734096e-5,
0.014756408130199709,0.0017572242965209902,4.4518460206894846e-5,
0.014753984097853787,0.0017569185592267238,4.368348278897481e-5,
0.014753978830946835,0.0017623194276837914,4.2878494705718344e-5,
0.014738775528601736,0.0017612931710281915,4.209249800995683e-5,
0.014736774285065236,0.0017493648634734405,4.1299122751854876e-5,
0.014736767910860473,0.0017491917898954283,4.0529913157566684e-5,
0.014724064732795146,0.0017550615447046196,3.975836991639176e-5,
0.014721005652052704,0.0017534421551734804,3.901254418820821e-5,
0.01472099705717848,0.0017530675428497865,3.8289966162266117e-5,
0.01470811265594729,0.00173771905441416,3.749013174229857e-5,
0.014706003944941546,0.0017393196960659384,3.6783128612042094e-5,
0.014705998100519776,0.0026976151318995442,3.609013015577928e-5,
0.014687331867676703,0.021111338902935414,3.5739163266783534e-5,
0.014677541858513318,0.0031057337799273083,3.512237707888662e-5,
0.014677506874786835,0.0029794256923796497,3.509916414480103e-5,
0.014564167086390944,0.002979429726300116,3.615681959809524e-5,
0.014516591673428891,0.0029799273786501605,3.611383105169126e-5,
0.014516452070842126,0.0029803590952542296,4.410408857167002e-5,
0.01435427184504304,0.0029814370662973005,4.4003505144557475e-5,
0.014046894812106307,0.002981538547655849,3.983382439591416e-5,
0.014046602438054416,0.002981504407822867,3.4424046216471894e-5,
0.013971072633736516,0.0029815011253410263,2.975973864720382e-5,
0.013880962380928842,0.002983044900073242,4.12043212136634e-5,
0.013880797092677779,0.002980149258367117,4.2071130256054245e-5,
0.013712494765294254,0.002987692098204384,6.662212100059908e-6,
0.013681328722383404,0.002989038526049164,6.787870316464302e-6,
0.013679242494627836,0.0029875915215956074,6.792911331517098e-6,
0.013278847791205467,0.0029884428635207757,6.831681239611291e-6,
0.013245811376409823,0.0029876354161473546,6.8153919330590715e-6,
0.01322756812121514,0.0030529276192538314,6.551308111106436e-6,
0.01266894479124742,0.003042410806501522,6.690589943906234e-6,
0.012657958098312813,0.0029947289589143658,6.512827807422753e-6,
0.01264790646681151,0.002959771578586502,6.390223515638338e-6,
0.012476968744321307,0.0029545633590690374,6.3000030292465015e-6,
0.012470651486274568,0.002963269330618009,5.815324878919529e-6,
0.012441762261552946,0.002968852824280384,5.508710848005078e-6,
0.0122343031343183,0.0029823787827497395,5.32713927980987e-6,
0.012224146823835403,0.002953237195964971,4.986672343367168e-6,
0.012159835994591788,0.0029533084258718837,4.937846920464749e-6,
0.011959767283047621,0.0029540611978720946,5.203628213049142e-6,
0.011913273909134199,0.002989303846998222,5.268630067139904e-6,
0.011519218677686082,0.0036716329660512917,5.288933977309295e-6,
0.010660069793611976,0.003034585525758343,5.387196840859775e-6,
0.010418171175793235,0.0029569715245124956,5.27388299474825e-6,
0.009331950098410055,0.0029715721154503125,5.304903443880687e-6,
0.008645507052341175,0.0029703112474375047,5.301075579125705e-6,
0.008313969883744627,0.002969503062931714,5.207806518338027e-6,
0.007312514068199809,0.0029653098534872316,5.105192641751145e-6,
0.00694491805372338,0.0029627421083460023,5.133676136305375e-6,
0.0064726828256057335,0.002956059352306012,5.050303679460541e-6,
0.005951513903643738,0.0029558231934911847,4.778053004112284e-6,
0.005870711739540396,0.0029557839811682352,4.6310309082055725e-6,
0.005685615761890646,0.002953493618222179,4.43186088315466e-6,
0.005527038715647299,0.002970878359640525,4.397570376267488e-6,
0.0055065073290443845,0.002969740785655476,3.0019089507131828e-6,
0.005097799291623449,0.002984116010651558,2.615990920844815e-6,
0.004927215462093761,0.002987921532031546,2.135710720464907e-6,
0.004911210352224969,0.0029724908524992196,2.004933095614678e-6,
0.0045171411814949455,0.0029544951081731776,1.9780519180658683e-6,
0.004446600119834792,0.0029391496121443273,1.9407270489017993e-6,
0.0044412644238833576,0.0029385275369061773,1.9071983138723102e-6,
0.00395565211173821,0.0029335828381734613,1.8753811696640544e-6,
0.003917502375756244,0.0029375730911898536,3.3893039536252346e-5,
0.0039148838841277555,0.0029582670167872544,4.690137654491373e-6,
0.003747578796789784,0.002924636265293278,4.590616871178188e-6,
0.0037423640024195214,0.0029445118933260823,4.526842102706302e-6,
0.003742021738172081,0.002970692328532767,4.540207466152427e-6,
0.003661467572013295,0.002918218801077256,4.686460207438943e-6,
0.003657065404080316,0.0029107485890589612,4.5606801563500735e-6,
0.0036567695268181865,0.0029082716440788107,4.403161530622208e-6,
0.003550855185710447,0.002901030810379827,4.31854979547488e-6,
0.003548883943806825,0.0028996074170746415,4.322597474567674e-6,
0.003548758454625711,0.0028996170530886834,4.2689569959363e-6,
0.00348491241990628,0.002902940067749932,4.310667257493191e-6,
0.0034795842048001547,0.002915853911031988,4.302070440801668e-6,
0.0034792688075963984,0.0029506861232229237,4.06680621562859e-6,
0.0033962061234546433,0.002959911324871662,4.05147149833419e-6,
0.0033435835818439795,0.0030324060640539484,4.0289409906025e-6,
0.00334354454567118,0.04360330036727682,3.889797405269887e-6,
0.0033424134567106886,0.009993809930919105,5.877327776148032e-6,
0.003249801299803936,0.002002657825462968,5.7245538645475515e-6,
0.003249792025344421,0.0020027835779024483,5.570114119595986e-6,
0.00322964871154351,0.002002775654578934,5.414579708014635e-6,
0.0031912135601146817,0.0020069281980897215,5.314331366261879e-6,
0.0031912044250957373,0.0020104508156759894,1.3518330978739047e-5,
0.0031764637610380434,0.002013342888804937,6.264276353385052e-6,
0.003126569564468157,0.0020136681115161745,4.124338701404517e-6,
0.00312656617604853,0.002014073464350401,2.9165609671619088e-6,
0.003061458657288412,0.00200652732158245,2.9017579376469626e-6,
0.0030538379831963687,0.0020061730083173277,2.8068757595350546e-6,
0.0030538360337002404,0.002006020501387855,2.712393496376634e-6,
0.0030437742708319276,0.003991867478261463,2.63518715436607e-6,
0.003043510940004049,0.004753041749964995,2.560512940175323e-6,
0.0030434911733384445,0.0023390641846430795,2.4991156395466933e-6,
0.003042117543571388,0.0022611457119109247,2.584182677227177e-6,
0.0030404255329490744,0.0022667434553139557,2.50881995884854e-6,
0.0030403060843741322,0.0022610351756192845,2.4266996417188153e-6,
0.0030282476044482193,0.002254354632751262,2.3346088837595914e-6,
0.003014233568376505,0.0022586747427002776,2.2338676144761104e-6,
0.0030132079626343845,0.0022581663718987794,2.162555238901372e-6,
0.002931886368670234,0.0022601429935612703,2.103954129706761e-6,
0.002888887831890951,0.0022582452561599902,2.0412153639397517e-6,
0.002886512876381323,0.002247466671949647,1.981391465254593e-6,
0.0028201032352009876,0.0022409244285187657,2.094895112139908e-6,
0.002800771020963149,0.0022496091950184923,1.889086349308727e-6,
0.0027999980149863925,0.002281641387062103,1.934100299864165e-6,
0.0027838123387697814,0.002299183333807008,1.857337248059735e-6,
0.002774968850696349,0.002294375257133494,1.8248227561397556e-6,
0.0027745696737809227,0.0022962770021062637,1.7766176433391484e-6,
0.00276962326319093,0.002294269885343855,1.7608913367673569e-6,
0.0027484840349016374,0.002288154042729077,1.7581164025640883e-6,
0.0027482197419854953,0.0022906541687146413,1.8793567834547178e-6,
0.002744503547010329,0.002286210133377356,1.8470904131670753e-6,
0.0027380935338265733,0.0022986659198727753,1.8138420745987427e-6,
0.002737924874513683,0.0022863322491699857,1.7649738886520379e-6,
0.002736288048116381,0.002223353878373243,1.7303059636320317e-6,
0.002722925511254919,0.002220508955716069,1.7044096755859566e-6,
0.002722741573283728,0.0022245212283471157,1.6894595203255548e-6,
0.0027205199297837437,0.0022244753152572895,1.6642280582993404e-6,
0.0027037492516438304,0.0022265844271332886,1.6386281205583563e-6,
0.002703067639579773,0.0022528537286010033,1.548928106269252e-6,
0.0026962558245547533,0.002220061873103645,1.5229284715663702e-6,
0.002600373107373454,0.0022615703324230254,1.4759911861202246e-6,
0.0025986363220705153,0.0022704261853896297,1.4059542432759895e-6,
0.0025820705584219126,0.002236432898774568,1.3227887712649185e-6,
0.0025155658275791367,0.0024771664878345365,1.230804831456323e-6,
0.002514712651259868,0.0022028699349355657,1.113793549582171e-6,
0.0025077942984753124,0.002168076719264969,1.0688623964567373e-6,
0.002484800016783472,0.002167993221327188,1.045871345651203e-6,
0.0024846777961429886,0.002168250048101338,1.0177828713151285e-6,
0.0024836450417846704,0.0022150905181672,9.968840564858176e-7,
0.0024817228724266414,0.0021695163361751734,9.774768711697757e-7,
0.0024816960143353353,0.002169358100207297,9.602646770430026e-7,
0.002481497549876162,0.002167785058115224,9.440754097764885e-7,
0.002476691707388679,0.0021698567863075984,9.28204767251769e-7,
0.0024766436990422687,0.0021861772091014858,9.127199991603989e-7,
0.002476137518610213,0.0021876530789570357,8.966982686067622e-7,
0.0024675213012718324,0.0021055910242544387,8.911865286256765e-7,
0.0024671655683327362,0.002095803748490569,8.822776997524505e-7,
0.002464479656443395,0.0020955639874850893,8.773086175609008e-7,
0.0024519651167835624,0.0020975046146671917,8.771885669296263e-7,
0.0024519249750855816,0.0020969980377466197,8.7861285365474e-7,
0.0024516830414933965,0.002094405481307771,8.407929145780486e-7,
0.0024511779690410173,0.0020956356452835846,8.393088064682012e-7,
0.002451155575380329,0.0020946615158404253,8.06533478660525e-7,
0.0024510032636442143,0.0020932457414617077,7.896633716881568e-7,
0.002450972724420797,0.0020917072119793355,7.884809606758959e-7,
0.0024501868054599644,0.0021002405041586573,7.866183028396786e-7,
0.002450146071280004,0.0020937445007124657,7.724065390014178e-7,
0.002450110458534419,0.0020858548791271936,7.565394848340933e-7,
0.0024489695318941924,0.0020779157022170064,7.477217165872606e-7,
0.002448934297968403,0.002077849511363342,7.337893857483822e-7,
0.0024483531075419835,0.0020821491406989258,7.231784316218525e-7,
0.0024471627647605844,0.002076267211382196,6.733245732552028e-7,
0.002447118755611378,0.0020685613676132146,6.604357414930593e-7,
0.002446671799227257,0.0020673428403628156,6.511594618078567e-7,
0.0024460867546037836,0.002066993304725611,6.118903950463505e-7,
0.0024460808946788364,0.002066758993803996,5.981548021444314e-7,
0.002445954497950442,0.0020665640935706438,5.841968057861464e-7,
0.002445880195559961,0.0020672473124965854,5.729517542900057e-7,
0.002445878856433708,0.0020533220402293747,5.622215352510312e-7,
0.002445782730309503,0.002044824269533332,5.489525490036744e-7,
0.002445700917028153,0.002045653827658374,5.387143150272768e-7,
0.002445700045864586,0.002045626495105461,1.4581136398371103e-6,
0.0024454351710963217,0.0020454300652167014,3.6128899845215814e-7,
0.0024454206130012637,0.0020445444668780086,3.3614551423100244e-7,
0.002445420399871045,0.0020440518652555272,3.134877054456538e-7,
0.0024453620609448255,0.002043696884348704,3.0835997587470933e-7,
0.0024453183621299486,0.0020480648772718026,2.994697136052584e-7,
0.002445317872417405,0.0020461976628326044,3.1231542396053997e-7,
0.002445282587928785,0.00204543150964067,3.05645386890649e-7,
0.0024419524930493837,0.0020456546155206293,3.054161757240895e-7,
0.0024419520581018084,0.0020459583460823304,3.7664085724038006e-7,
0.002441122287272242,0.0020456557680099173,3.6489401892654557e-7,
0.0024410597527497403,0.0020456516601711585,3.503772680547458e-7,
0.002441059708531574,0.0020431997849290682,3.503225601103785e-7,
0.0024410068105827822,0.0020410794460471345,3.3934408944318726e-7,
0.0024403192993228988,0.0020409221615893787,3.395653293262602e-7,
0.002440319225226805,0.002040336622834193,3.9629924080070534e-7,
0.002440055076304928,0.002039780709504577,3.933004840607391e-7,
0.002439981302572765,0.0020392044248011922,3.869547156953823e-7,
0.0024399812956682728,0.002036391243067927,3.8453566129774146e-7,
0.0024399489706424136,0.0020361261361531847,3.8330885446779087e-7,
0.0024396587276233356,0.0020359540892177543,3.950829386181079e-7,
0.0024396587084004996,0.002035171969023385,3.819646186621095e-7,
0.0024395306029444206,0.0020349189261615257,3.7525277320091826e-7,
0.0024395184521451285,0.0020350287685045624,3.751091247296227e-7,
0.0024395184468945213,0.0020349115870595233,3.689695611881449e-7,
0.0024395079644738324,0.0020353173187687675,3.633242567001444e-7,
0.0024394091042221856,0.002035352075565271,3.584643955467047e-7,
0.0024394088932572816,0.002035562780708367,3.333975080757189e-7,
0.0024393340788330113,0.002035046307271886,3.1996832596683563e-7,
0.0024392585355363975,0.0020342493228065767,2.267989554744458e-7,
0.002439258380960437,0.0020305388714137763,1.9184539985677332e-7,
0.0024392119972188498,0.002033285369131912,1.9284132368513184e-7,
0.0024391974470618022,0.0020583227700812345,1.848149151602289e-7,
0.002439188684483512,0.0020271833370301743,1.6883910968331097e-7,
0.0024390466041303953,0.002033968973477343,1.6306955908552955e-7,
0.002438881299261581,0.002040869858143395,1.790722774205802e-7,
0.0024387883166828825,0.002041707135379353,1.5190529165854917e-7,
0.002438110729394439,0.0020406731433587483,1.4883581752684956e-7,
0.002437984456565753,0.0020391754571422896,1.4965655917198728e-7,
0.002437833259969634,0.0020395023981468314,1.487473586363545e-7,
0.002437501928311524,0.002039909830234305,1.5189908449607714e-7,
0.002437461275943846,0.0020401199828707197,2.8148779650000277e-7,
0.0024370567833604073,0.002046230939453258,1.7107173812702245e-7,
0.0024368483714977468,0.0020398811436032893,1.696431519994477e-7,
0.002436814540853906,0.00203726645849285,1.6539648827189072e-7,
0.0024366532623413236,0.002035941069679448,1.6517062254578578e-7,
0.0024366098471505495,0.0020353537823312668,1.6209500477281003e-7,
0.0024365958754661706,0.0020347273173709182,1.5946735406444269e-7,
0.00243649267677949,0.002237832736546197,1.5946168744749058e-7,
0.0024364387957201365,0.0021490455367966384,1.5927822476461468e-7,
0.0024363711485033525,0.0021011891547791485,1.6614469146141143e-7,
0.002433332080394955,0.002082733535950231,1.510344032849453e-7,
0.0024327635704758537,0.002086911465585938,1.2556115199500266e-7,
0.0024311388475579997,0.0021139327831353563,1.2332552536599478e-7,
0.002425930542175408,0.0020728479190648586,1.256595369878536e-7,
0.002425863588650801,0.002099721897667636,1.2320347616098576e-7,
0.0024242856836172587,0.0020680847050831156,1.2265728747629533e-7,
0.0024230006818607573,0.002067396938819996,1.2244911604466813e-7,
0.0024229934305748276,0.0020730420670057653,1.2245177326624346e-7,
0.0024212235826846415,0.0020793507079821185,1.3957158993896307e-7,
0.0024209964008714705,0.0020749826910499616,8.758704153887085e-8,
0.0024209958172940024,0.002083570465380021,8.810044349467977e-8,
0.0024208900958229127,0.002089501471039188,8.905107416772315e-8,
0.002420862232625334,0.0021004746556124556,8.868303652912087e-8,
0.002420862206129631,0.002092544178854753,9.358705564359832e-8,
0.002420823453441733,0.0020881006388122933,9.347705309762828e-8,
0.0024207930505769073,0.0020803392272856123,1.3739317707806502e-7,
0.0024207930258487464,0.0020897898386266107,9.482124548057587e-8,
0.002420728860248551,0.0020900705505808794,9.463054267815004e-8,
0.0024207264587997566,0.0020920681071824195,9.373841281127699e-8,
0.0024207264541348705,0.002133574280430602,9.392534136130882e-8,
0.0024207239469918374,0.002100247042973306,9.229597597768227e-8,
0.002420419575570367,0.0020664394804809708,3.4269276739286557e-7,
0.0024204195191029738,0.002065596264626605,9.699613914644448e-8,
0.0024202263632061237,0.0020797003242206745,9.518608909461496e-8,
0.002420220927438226,0.0020818521194699963,9.5171734677677e-8,
0.002420220919138151,0.002072427553182873,9.62937345064818e-8,
0.0024202158389840713,0.0021318368258013863,9.634454919935635e-8,
0.002419828417940385,0.0020619234684586107,9.517119899643433e-8,
0.00241982831678097,0.0020600794801070663,9.545652525426411e-8,
0.0024197172964114826,0.002058622313066816,9.535121323390555e-8,
0.0024196612649073435,0.002054653397337412,9.536653551985603e-8,
0.002419661243081483,0.0020505508736049093,9.522666801618764e-8,
0.002419644311949682,0.0020502686683651745,9.530460095228477e-8,
0.0024195205704260875,0.0020521347167415833,9.51356799645417e-8,
0.002419520475596403,0.002053334938760705,9.540399303987872e-8,
0.002418448311452214,0.0020530825317337624,8.846825566983197e-8,
0.0024182416441153537,0.0020493448144373724,8.798981778651226e-8,
0.0024181826572864376,0.00204921751103398,8.935588825534401e-8,
0.002415238119815062,0.002033858357518758,8.44664806344041e-8,
0.002414821979649756,0.002028873591307326,8.48873417193693e-8,
0.002409444512767579,0.0020291128670661745,8.47029993421509e-8,
0.002407571393353049,0.002022447530263314,8.598128845045745e-8,
0.0024073745911156923,0.0020201545983143387,8.9543157198137e-8,
0.0024067250128222816,0.0020147666665023835,8.48943936857695e-8,
0.0024067180051525346,0.0020172320524050307,8.486689802127609e-8,
0.0024042648792995795,0.0020210317593101408,8.559137394482812e-8,
0.0024041298605376503,0.002024827929097544,8.78684629810498e-8,
0.0024041279725232245,0.00198123271614128,8.726363658729216e-8,
0.0024037180727208823,0.0019715086181264266,8.616401266608177e-8,
0.0024034934220276854,0.0019711820931426136,8.610912252412469e-8,
0.0024034915339594767,0.001970820009609273,8.58374988581679e-8,
0.0024026306669941034,0.001970615619210517,8.583474335328592e-8,
0.0024026102574697286,0.001971097064749424,8.614644465239259e-8,
0.002402610004490917,0.001971856317804021,8.774929352777853e-8,
0.002402583330317716,0.001989710387695739,4.9456881413065e-7,
0.0024025304023914617,0.001982623796296093,5.7843087897524226e-8,
0.0024025302192533095,0.001984875402838707,5.758874704689392e-8,
0.002402143510228156,0.0020303426313056277,5.638862401959226e-8,
0.0024021274509537847,0.002083752901549591,5.5966115701472605e-8,
0.002402125952486116,0.0020008534791887264,5.5082498635500296e-8,
0.0024021163954564685,0.0019833447788060467,5.459980174792655e-8,
0.0024020284390087712,0.001977590380710608,5.475975797591553e-8,
0.0024020284135901856,0.001974123196207797,5.4058193591273095e-8,
0.002401970280104054,0.0019738042719671793,5.338196940572004e-8,
0.002401968405213248,0.0019708853530611306,5.34519809248386e-8,
0.0024019671448295616,0.001963291353330541,5.3205732543484384e-8,
0.002401965503826341,0.0019644626888587744,5.346845177976735e-8,
0.002401928816751729,0.001971628379424471,5.343623961916023e-8,
0.002401927718949018,0.002110727167717132,5.3263875626218614e-8,
0.002401908253975826,0.0019562240920714406,5.314938798100697e-8,
0.0024019057280380285,0.0019528249666154415,5.313008699511758e-8,
0.0024018499244569357,0.0023778454234184804,4.944803902089775e-8,
0.0024018484399201973,0.001808915614075129,4.614356644273961e-8,
0.002401797624715953,0.00180451772093706,4.619770961314455e-8,
0.002401795900695754,0.00180340953960619,4.61447673442693e-8,
0.002401795317334329,0.0018036129981150633,4.648481436931052e-8,
0.0024017935956820303,0.0018041417157074685,4.709250032954178e-8,
0.0024017471127936473,0.001809159924594873,4.691804725931049e-8,
0.002401745054129801,0.0018041339796074267,4.6970741198259573e-8,
0.0024016878059366377,0.0018027820099616716,4.662102569622673e-8,
0.0024016866813392564,0.0018020981223090071,4.674493176385575e-8,
0.002401647556370815,0.0018009598801662656,4.724903559775029e-8,
0.0024016474970855344,0.001801943583727035,4.701650954684344e-8,
0.0024016088674353097,0.0018025373499299248,4.7015888627762726e-8,
0.0024016075674560657,0.0018036829819577942,4.6896872830734854e-8,
0.0024016034140944688,0.001803946459117029,4.691152143610791e-8,
0.002401602148536032,0.0018032570749794434,4.6744173526702746e-8,
0.0024015074697569493,0.0017988911796411045,4.6818127711707635e-8,
0.0024015063743277358,0.0017988902484700829,4.2966484523818746e-7,
0.002401357236595506,0.0017993024026534555,2.2095971808855883e-7,
0.0024013559141552484,0.0017960227792219706,2.2266873950545087e-7,
0.0024013417995821,0.001789400776597218,2.167332493650045e-7,
0.0024013415924116275,0.001788505039092144,2.115988567285883e-7,
0.002401316869165974,0.0017877208116031074,2.0776464403484952e-7,
0.0024012948939418697,0.0017872319663028702,2.0578065482909493e-7,
0.0024012943115661544,0.0017874423546881777,2.496979973747216e-7,
0.0024012716162702943,0.0017873818634657832,1.4311745991750457e-7,
0.0024012545392936135,0.001788231096813411,1.4483589357035506e-7,
0.002401254507792859,0.0017882060930307744,1.4561185917268314e-7,
0.0024012301563697915,0.001785933487233106,1.486787354190006e-7,
0.002400245261159499,0.0017869026678181863,1.4768219861826718e-7,
0.0024002223849553255,0.0017872141075344142,1.458094166709918e-7,
0.0023993443605547604,0.0017840959030649035,1.436864436499436e-7,
0.0023993191069331104,0.0017824228040797595,1.4317199252939734e-7,
0.002399317165830188,0.0017900714126939533,1.4328196065179975e-7,
0.002398610386044081,0.0017888339919219158,1.4350761443539166e-7,
0.0023986099135049825,0.001775272892534378,1.4319292768206656e-7,
0.0023976383627008417,0.0017741426899534594,4.843174234888178e-7,
0.0023976036006201325,0.001773999696450079,8.095405957787785e-7,
0.0023975736074003623,0.0017738537828891898,2.5528892974517256e-7,
0.0023972341118134216,0.0017737228013064345,3.0619971461270763e-7,
0.002397219779661927,0.0017712161684163585,7.114817540895009e-7,
0.002395976062472181,0.0017705655700517974,4.673808873965343e-7,
0.0023959727113108424,0.0017713102370514066,2.3643295502845965e-7,
0.0023949574364345925,0.0017706902932465114,2.30670274726121e-7,
0.002394897332620371,0.0017719576033504566,1.5507494559638292e-7,
0.0023948969233776292,0.001782482856152462,1.4860288306050533e-7,
0.0023948450219962877,0.00178060132270615,1.4633928525515877e-7,
0.002394633094896822,0.001780006894752443,1.6005936442247702e-7,
0.0023946330847956104,0.0017788721822251696,1.419066973911247e-7,
0.0023944886159505884,0.0017787715853178705,1.3543176932735433e-7,
0.0023944644105099093,0.0017780825930434866,1.342177291082491e-7,
0.002394448424389943,0.001778168899451284,1.2607192583311582e-6,
0.0023944094479627855,0.0017790663515296293,2.9075890490994694e-7,
0.0023944039945771873,0.0017756525326345144,2.8907323688440443e-7,
0.002394402678956778,0.001776093978549244,3.6410690102353844e-7,
0.0023943779312837034,0.0017755781418366692,3.157172376226874e-7,
0.0023943668188684715,0.0017777877322173868,2.8904768550818846e-7,
0.002394362380778325,0.001783074267872499,2.954926252115692e-7,
0.0023943102471750146,0.001782679675547742,2.9577566291023654e-7,
0.00239430863879877,0.0017825758494640549,2.950792228523233e-7,
0.0023941147045988807,0.0017810804666017685,2.9783704138733116e-7,
0.0023941038133655735,0.0017809682594957191,2.5968225934076146e-7,
0.0023939758738807833,0.0017808756878810409,2.616507786227774e-7,
0.0023939701062136312,0.0017786709210395619,2.524385653186294e-7,
0.0023939697134485916,0.0017865515025571642,2.4941174295098425e-7,
0.0023939643733181075,0.001796570587018192,2.53371873899184e-7,
0.0023939255621113578,0.0018019426852375507,2.67554773433605e-7,
0.002393924492811351,0.0018046353958742134,2.262785699774605e-7,
0.002393901703610257,0.001802870884339707,2.265770031545088e-7,
0.0023939000793853794,0.0018036177855881895,2.2101881320016938e-7,
0.002393897755644008,0.001804588113998598,2.1773286702339262e-7,
0.0023938915008287543,0.001803813369686663,2.137261838178827e-7,
0.002393879105507908,0.0018046545236178537,2.1119070489536056e-7,
0.0023938714769612974,0.001804937000044255,2.3034217804347777e-7,
0.002393805061550831,0.0018059277763840182,2.2522033411662055e-7,
0.0023937552885459758,0.0018058146617158102,2.252138561105456e-7,
0.00239371264145838,0.0018078699888457866,2.2538671840034712e-7,
0.0023936628543627576,0.0018077057341387187,2.247811384446566e-7,
0.0023934233859589983,0.001806433002899152,2.2515251982419448e-7,
0.0023934006009625358,0.001804844253148404,2.250810938468181e-7,
0.0023933157598436602,0.0018044389266098043,2.3596082094574626e-7,
0.0023932808825092933,0.0018059734626520118,2.731026292895436e-7,
0.0023932478441914063,0.0018066110938612587,2.308399284782077e-7,
0.002393226819399502,0.0018045519987598406,2.3372889755508699e-7,
0.00239301335250092,0.00181715296678505,2.3381359208210516e-7,
0.0023929974251304742,0.04350886134143851,3.180324848370157e-7,
0.0023929285474569417,0.011672164403836758,2.7506382805160066e-7,
0.0023929051383763506,0.004430993437401068,2.677359490264504e-7,
0.0023928851987347023,0.004425638328137474,2.65718542085361e-7,
0.002392868750533896,0.004413386689995617,2.5159848880629603e-7,
0.002392833040871604,0.004412279218264958,2.3967344125275025e-7,
0.0023928267187947132,0.004405866328349864,2.3074422992604167e-7,
0.0023928219404109564,0.004116057791343168,2.302915030813072e-7,
0.0023927765051944766,0.004110396131711324,2.3701006556220457e-7,
0.002392765187452588,0.0043934972674943154,2.3413751289705417e-7,
0.002392757676690205,0.027100021632061887,2.3141515635205833e-7,
0.0023914816367481533,0.009707561404817948,2.3766292877826004e-7,
0.0023913740055042333,0.009687726512854232,2.2860682341121445e-7,
0.0023912935699204494,0.00949292502260437,2.2349097861617327e-7,
0.0023900211133761856,0.009716380062593195,2.19888852022559e-7,
0.002389794923009557,0.009814199881415705,2.1637236685808731e-7,
0.0023896592197883964,0.009135571728597844,2.126803584682908e-7,
0.0023881477175804354,0.007671571922730597,2.1176433994432403e-7,
0.002387931812331564,0.007719002342150949,2.195842887712719e-7,
0.002387815913716345,0.017274893760823213,2.0458695256608685e-7,
0.002386702995760693,0.0010869414661312854,2.032494650484523e-7,
0.002386383352784151,0.0010100380586641553,2.0156167031284456e-7,
0.002386226001522239,0.0010089922185698298,2.0182230833936727e-7,
0.002384315013116465,0.0010106558153888077,4.805717833567592e-7,
0.0023836312127522193,0.0010125485078887136,4.7372883815291455e-7,
0.0023833188615829588,0.0010043046096673447,4.4724580693842406e-7,
0.0023797932834212915,0.0010035750881794887,4.4983680976084965e-7,
0.0023789622868339642,0.0010032231420732812,4.3648513405077956e-7,
0.0023786409601198166,0.0010030402386762467,4.2505872598652445e-7,
0.002376905960484184,0.0010023833320730062,4.122972928187382e-7,
0.0023764844192499046,0.001002293945583214,4.018137105256735e-7,
0.002376361975233177,0.0010023905326525821,3.884863934972667e-7,
0.0023754715858408425,0.0010076396685739586,3.9410942894370065e-7,
0.002375354893656908,0.0010071351244245028,3.6937364993920795e-7,
0.0023753124566656806,0.0010058892176168447,3.732788670450859e-7,
0.002375149782329892,0.0010057710733773137,3.672076868968775e-7,
0.0023749714839860145,0.0010055889748192624,3.616068201333556e-7,
0.0023749375853281724,0.001003512768224011,3.5687987120063427e-7,
0.002374387160744204,0.0010039913538476353,3.7337637864158073e-7,
0.0023739132747330463,0.0010050980644943038,3.701602696598861e-7,
0.00237375900975737,0.0010071499249280987,4.487077826999679e-7,
0.0023728823725715255,0.001007740458527116,4.337645800740601e-7,
0.002369785941784678,0.0010075810821823816,4.262737461223787e-7,
0.002369306721478716,0.0010075119714179851,4.188951541256458e-7,
0.00236599171363572,0.0010074409181144025,4.139648804081653e-7,
0.002361703127158079,0.0010072690777042823,4.158907043447221e-7,
0.0023610682981973306,0.0010070168166768834,4.117442043115985e-7,
0.0023580633942826756,0.0010069406725001055,4.0074444475995066e-7,
0.002354189605331564,0.0010069453646527995,3.9001535835495465e-7,
0.002353832711081092,0.0010069344983830869,3.797100516596996e-7,
0.0023521497194130226,0.0010069537405371747,3.7030126978389657e-7,
0.0023487971717572,0.0010069528760023587,3.6161014200956216e-7,
0.002348546610171329,0.0010069603378092234,3.674178767485379e-7,
0.0023468980326011124,0.001006844471574318,3.5963701771754944e-7,
0.0023428433528298606,0.0010073216746511503,3.5979340262014244e-7,
0.0023425554230989158,0.0010080256443507542,3.3649076314118115e-7,
0.0023408017726288845,0.001012538993878522,3.4050412553834523e-7,
0.0023358127501580546,0.0010038659684680578,3.332573919827951e-7,
0.0023356578328053335,0.0010014098827285042,3.189442779227059e-7,
0.0023346477703314558,0.0009957247418663443,3.1873525896579005e-7,
0.0023333712252419565,0.0009958780966264325,3.201660248118048e-7,
0.002333323837333492,0.0009930225598850694,3.19795520008482e-7,
0.0023330362352491454,0.0009824598286611612,3.313312335007144e-7,
0.0023326183202438924,0.0009756484603393443,3.261088428379751e-7,
0.0023326071932716495,0.0009756189700941188,3.221250709003278e-7,
0.0023325098067219128,0.0009823025144950776,3.1526500004963567e-7,
0.002332404608534394,0.0009821230757158773,3.163155531956802e-7,
0.0023323992315323417,0.000981139843910847,3.075842956510961e-7,
0.002332345097879291,0.0009809266132972717,3.0232360120630484e-7,
0.0023321644128101574,0.0009807540408749318,2.9728613660981777e-7,
0.002332158352694798,0.0009806994753484997,2.857835278526416e-7,
0.002332000226506396,0.0009804603858218962,2.8051691549417004e-7,
0.0023317308874873013,0.0009804576107970892,2.8410601266903613e-7,
0.002331716154930822,0.0009803858424192041,2.7869132534214573e-7,
0.002331430235639613,0.0009823490872177619,2.822929764375799e-7,
0.0023303149590162674,0.0009820694938338186,2.843168164246598e-7,
0.002330280635868026,0.0009820610024831743,2.782681426105629e-7,
0.002329413503885082,0.0009828578975978732,2.906735830573265e-7,
0.0023282262009906483,0.0009833386936531922,3.080017174581295e-7,
0.0023281841818781042,0.0009837885592394004,3.129657276857119e-7,
0.002327507078802948,0.0009820385175594423,3.107570153891957e-7,
0.0023258113307679557,0.0009845864952118233,3.0494097925549355e-7,
0.0023257899240661877,0.0009906154461983173,2.9975766884427976e-7,
0.0023253874117618997,0.000989638843759212,2.9960834709444614e-7,
0.002324222410822452,0.0009892206071751123,3.003504227002088e-7,
0.002324211681101215,0.000989152326087682,3.7513450720301425e-7,
0.002323805899851941,0.0009889806975118124,3.799632476775573e-7,
0.0023229303129608486,0.0009888760983308006,3.584569726083547e-7,
0.00232291977062971,0.0009923930119138133,3.577613805038581e-7,
0.0023224117452773844,0.000991938445593878,3.569693818584627e-7,
0.0023211389230795017,0.0009929643019415027,3.603500515212707e-7,
0.002321129392863775,0.0009939239374065166,3.572653985884811e-7,
0.0023206810127023715,0.0009942739092634802,3.5443383076631764e-7,
0.002319592052382922,0.000994183539141653,3.558922357433048e-7,
0.0023195885449753873,0.0009952868854937347,3.5061630227335466e-7,
0.0023192390979780153,0.0009953385739723303,3.44340011854282e-7,
0.0023191532073551075,0.000992822183305404,3.4471565256511914e-7,
0.002319152133717665,0.000991498274702623,3.424420339047893e-7,
0.002319096632338863,0.000997738390689972,3.4326217999079385e-7,
0.0023189360314246074,0.0009902176073754495,3.4302590268855783e-7,
0.0023189357600643225,0.000986719939521669,3.4460920619680164e-7,
0.0023188109902005007,0.0009832962725238514,3.3992211595340936e-7,
0.0023187534641386344,0.0009830321475579943,3.3267241103903275e-7,
0.002318753092598393,0.0009832404715351397,5.905807608403124e-7,
0.0023186901959000605,0.0009958617548577774,5.789679971644646e-7,
0.00231756259860666,0.0010358651405025388,4.765927293361698e-7,
0.0023175612331454544,0.0010370809764562261,4.6673600412775826e-7,
0.002317077282135078,0.0010490007410348663,4.6107078394350573e-7,
0.002315325901087528,0.0011666650090135797,4.614988686551141e-7,
0.002315323261208803,0.0010249000576716316,4.635893243942154e-7,
0.0023145936475310667,0.0009866358183090547,4.612678158325456e-7,
0.002311053151026446,0.0009823386762533176,4.5728673181206646e-7,
0.002311052116106875,0.0009822214756677408,4.5278769369050186e-7,
0.00231015777665583,0.000982225431081506,4.774019243756655e-7,
0.0023088986941027304,0.0009822311818115934,4.7682324047230325e-7,
0.0023088979059228314,0.000982233357941182,4.455002439385693e-7,
0.0023081611718231325,0.0009822529429003018,4.126011318134256e-7,
0.0022972450934365457,0.0009822393208761375,4.180117714639889e-7,
0.002297244928935614,0.0009832818848516847,4.226603968718149e-7,
0.0022956307914347774,0.0009825236787828007,4.2433769597012314e-7,
0.002292037467766149,0.0009825541925315142,3.985516681843187e-7,
0.0022919470570818617,0.0009826772650116157,4.109187320743666e-7,
0.0022903563879454396,0.0009827941224782972,4.0021941957534266e-7,
0.002289784615196279,0.000982767844492052,3.9952094884492655e-7,
0.002289763963756181,0.000981529286355795,3.752442214814322e-7,
0.002289582087814035,0.0009815729638900385,3.3976343038228e-7,
0.0022895618073934016,0.0009825713732392054,5.172309630335337e-7,
0.002289183819383315,0.0009823362700907966,1.0408990528336484e-6,
0.0022891827110487605,0.0009820032225141683,7.849195508089326e-7,
0.0022889534428027175,0.0009821267758260842,5.268156816466395e-7,
0.0022889435815077485,0.00098208747044209,9.825465232396555e-7,
0.002288942431413363,0.000982056863360389,8.045704748713193e-7,
0.002288932767877643,0.0009820706063072013,6.564180687863057e-7,
0.002288727087157635,0.0009820866549491855,6.201749675995336e-7,
0.0022887268921352242,0.0009820782713424155,6.240883665393958e-7,
0.0022885367729704575,0.0009831569749001057,6.102976362834691e-7,
0.0022885295504582234,0.0009830827066819097,7.686525846446619e-7,
0.0022844788479818366,0.0009843252777502751,7.077396206856383e-7,
0.0022844213212636112,0.0009841431553974168,5.706801569662391e-7,
0.002283644486503873,0.0009842662088622295,5.651758833117329e-7,
0.002283282672926292,0.0009876989213102576,5.647604028526604e-7,
0.0022832235194258413,0.0009862101077116017,5.651688547172447e-7,
0.0022830229504655418,0.0009861102547584029,5.602552752641203e-7,
0.0022823503441877883,0.0009861547364877947,5.46213742864542e-7,
0.002282345558998545,0.0009858992878902053,5.44416880806636e-7,
0.0022820880484209945,0.0009857405152377612,5.333566602289536e-7,
0.0022820603576136455,0.000981258502282365,5.307337924828099e-7,
0.0022820575020225803,0.0009795067214996942,5.511118918606228e-7,
0.0022820133254541617,0.000979481628437212,5.05850011457889e-7,
0.0022817701602522635,0.0009790598455809605,6.918561527074801e-7,
0.0022817628170355166,0.0009788902247385629,6.401154526480468e-7,
0.002281175908660108,0.0009790427811612438,5.960877182351255e-7,
0.002280743839825564,0.000978563951029404,5.729461505940724e-7,
0.0022807160457331234,0.000978485311155633,5.665267045568022e-7,
0.00227901541031055,0.0009807943540716714,5.575891715184341e-7,
0.002277849873517805,0.00097847352131161,5.439871051348579e-7,
0.0022777849195744757,0.000980079775720563,5.429530617181865e-7,
0.002274819532692319,0.0009825640808244272,5.379059238779722e-7,
0.002273559864586875,0.0009811562806438215,5.299602551516903e-7,
0.0022735003504223443,0.0009824029199256175,5.231431837333902e-7,
0.002271813559356255,0.0009831947502760136,4.898932081326547e-7,
0.00227106985502706,0.0009830765109965082,4.917490404813909e-7,
0.0022710429104292958,0.0009829174376992128,4.747286768339222e-7,
0.0022704438345004414,0.0009829588725483469,4.698761869283757e-7,
0.002270016503667267,0.0009809865616201465,4.3856363781949563e-7,
0.002270005377859005,0.000982331954549898,4.377999656394211e-7,
0.002269689427090397,0.000982447234042105,4.373800234271964e-7,
0.0022694378283577565,0.0009832690268970579,4.46031266528826e-7,
0.0022694308395057325,0.0009815252599002242,5.783654846682054e-7,
0.00226922035516953,0.0009808425738811204,3.5603843848373094e-7,
0.002268911076008244,0.0009971390420446355,3.132679834799519e-7,
0.0022689048986375823,0.0010004621769774957,3.100451898692655e-7,
0.002268773728882471,0.0009872574666698155,3.100978679300672e-7,
0.002267662233726621,0.001004040983212132,3.108065128143068e-7,
0.002267661286936925,0.000991006281118378,3.095408195303487e-7,
0.0022674716384491343,0.0009904990915334541,3.3602939453117933e-7,
0.0022674472108984533,0.0009683900881626088,3.167437478229701e-7,
0.0022674465858855105,0.0009623877582340893,4.377679058387608e-7,
0.0022636734846500288,0.0009622403908520103,3.8115088060951894e-7,
0.002262741837536443,0.0009620779915836707,3.8107059825267825e-7,
0.002262722781987662,0.0009597734046715107,2.8688764551593563e-7,
0.0022617775858293034,0.0009602396608122428,2.8657300356617153e-7,
0.002260723096665413,0.0009632119754885755,2.8176724288867903e-7,
0.002260721375170939,0.000959809971149142,2.770303730443862e-7,
0.00226058050804694,0.0009585172092213323,2.7205481012634463e-7,
0.0022605725092518223,0.0009569882115393173,2.6746651948744784e-7,
0.0022605660007195935,0.0009551608543288126,2.8304405786267603e-7,
0.00226055278884137,0.0009498600980534217,2.681108982386349e-7,
0.0022605312110495377,0.0009493705135381817,2.6440573968008167e-7,
0.0022605304926336333,0.0009493898047960678,2.6567370988340325e-7,
0.002260523547753248,0.0009492707809497893,2.624939454808194e-7,
0.002260431643345927,0.0009492557999829139,3.478533814419107e-7,
0.0022604283276557945,0.0009492814942156303,3.1413073495258425e-7,
0.0022604223932808053,0.0009500476981942571,2.7533740863543564e-7,
0.0022604191560782233,0.0009496859965530597,3.287765188346825e-7,
0.0022604131219714687,0.0009498365758889462,1.9487706930098441e-7,
0.002260412133366395,0.0009500590083230646,1.9332996069646547e-7,
0.0022604080980150936,0.0009500344350703281,1.887411357929304e-7,
0.002260408013703771,0.0009501407350393264,1.843335148301784e-7,
0.002260405642503453,0.0009501456405104103,1.7984474004717777e-7,
0.0022604049310544555,0.000950158346612759,1.8085326004422973e-7,
0.002260404856529673,0.0009500806831784143,1.80056393297383e-7,
0.002260404249456062,0.0009505393164918906,1.8075563593951458e-7,
0.002260402390426974,0.0009509332100416389,1.7825384463940722e-7,
0.0022604023603541466,0.000950887713481795,1.7717688310784344e-7,
0.0022604009379407655,0.0009506318801656077,1.749619661363337e-7,
0.002260400253865455,0.0009497216335211048,1.7658139839908458e-7,
0.0022603800930171996,0.000951196002638546,1.7481338755232815e-7,
0.002260380039541598,0.0009523635521775442,1.5445530138593023e-7,
0.0022603743552657507,0.0009527033569581997,1.3671450527961e-7,
0.002260371293583906,0.0009546121537560397,1.4348659921533218e-7,
0.002260370326245539,0.0009544803678295688,1.4058773437887517e-7,
0.0022603692440092958,0.0009542746644896791,1.375946911843435e-7,
0.0022603674509648806,0.0009535953795298368,1.3761543698091098e-7,
0.002260367334962056,0.0009538693785548287,1.3731030850506553e-7,
0.0022603667557817967,0.0009533177869427007,1.3699036063436372e-7,
0.0022603660225732655,0.0009536707719166469,1.373477086742595e-7,
0.002260365826299824,0.0009539433627033002,1.3713744783612414e-7,
0.0022603654846247026,0.0009503210022428993,1.372043428638669e-7,
0.002260364524051832,0.0009497841476004551,1.3689096002898017e-7,
0.0022603644475894056,0.0009518488446647735,1.3682074703716655e-7,
0.002260364137965851,0.000954741070094748,1.4274439988139315e-7,
0.002260363769894632,0.0009546218725097762,1.4071194710819423e-7,
0.0022603636634244743,0.0009546939856085758,1.4201807988555925e-7,
0.0022603634718888896,0.0009547475906715255,1.4282571212094524e-7,
0.002260362885495846,0.0009551394410454802,1.705869752135309e-7,
0.002260362859264453,0.000956586657407708,1.24883966314628e-7,
0.0022603625780297214,0.0009582617124130209,1.2015123873989034e-7,
0.00226036228265306,0.0009589542854145639,1.1812377158878644e-7,
0.0022603622161595717,0.0009590056426834221,1.2750000418185656e-7,
0.002260362035311135,0.0009589782175195563,1.176458331642364e-7,
0.0022603615607122408,0.0009594813639414203,1.1788066320023359e-7,
0.002260361551725454,0.0009581046931084056,1.1781199171179681e-7,
0.0022603612500372186,0.0009570065711496141,1.1717723063806335e-7,
0.0022603610215950654,0.000956492881678698,1.137386415256357e-7,
0.0022603610034414487,0.0009564684273070322,1.111269556263621e-7,
0.00226036082483596,0.0009563765944032994,1.0884842228240595e-7,
0.0022603604106660987,0.0009558824548104062,1.0917022540848818e-7,
0.0022603604079012023,0.0009556100006762346,1.0718539832903293e-7,
0.002260360092969797,0.000955472357813693,1.0650653607980477e-7,
0.0022603598826499275,0.0009557530875087942,2.3975101569036726e-7,
0.002260359871155367,0.0009549742286812649,1.3838111463635546e-7,
0.002260359696962586,0.0009539769340497049,1.3632527776390667e-7,
0.0022603592847369766,0.0009546234691880991,1.5411822415628533e-7,
0.0022603592819572605,0.000954516534256639,1.6933509326451483e-7,
0.002260358953860904,0.0009545162789969156,1.5959495904797706e-7,
0.002260358739704679,0.0009547352327999109,1.4356552126098227e-7,
0.0022603587265928884,0.0009547182618386056,1.339236481241307e-7,
0.0022603585500064216,0.0009548096835676639,1.3303209741278587e-7,
0.00226035809520515,0.0009548706238360603,1.3254148087745296e-7,
0.002260358089220296,0.0009547751135053927,1.3243894452450273e-7,
0.002260357774079182,0.0009539629956507,1.3158190137524508e-7,
0.0022603575441530483,0.0009538251888308346,1.3969899285357814e-7,
0.002260357494722862,0.0009522259449248737,1.3964620902398315e-7,
0.002260357321898172,0.0009522101656704058,1.4191191423788525e-7,
0.0022603567034688386,0.0009521210224969788,1.9655713239695316e-7,
0.0022603566704157813,0.0009521952714399126,1.4628438858055698e-7,
0.002260356370518729,0.0009543138005839415,1.424055822196342e-7,
0.002260356052030436,0.000952076558368127,1.399579167028277e-7,
0.0022603554082315748,0.0009505167540525488,1.3978411806530418e-7,
0.0022603552498123448,0.0009498908994624545,1.3468762094296366e-7,
0.00226035338424496,0.0009497525058020162,1.3284533614436506e-7,
0.0022601705567980666,0.0009508880456320722,1.345471877761306e-7,
0.0022600182551956454,0.0009509419314167482,1.3195069386130803e-7,
0.002259980163165661,0.0009511192256922696,1.3166801349832222e-7,
0.002259854885491821,0.0009548619446264966,1.312916629982046e-7,
0.0022598183085944107,0.0009521017655048414,1.3307228502050078e-7,
0.0022597951115268526,0.0009521507172541076,1.3064126984044087e-7,
0.0022597948822540865,0.000952158035556214,1.3353693680118561e-7,
0.0022597946826223743,0.0009520225568415653,1.2450773118083295e-7,
0.002259787584265524,0.0009520010030233305,1.2325070769878132e-7,
0.0022597875325698915,0.000952027112239033,1.2274793511082128e-7,
0.0022597759812567416,0.0009519366036846356,1.221120480437976e-7,
0.002259775546961851,0.0009517877656989011,1.2224237419812026e-7,
0.0022597236906065415,0.0009634734320088504,1.1864634712100362e-7,
0.0022597229099393596,0.0009513791286932309,1.244838692585151e-7,
0.0022597212930173098,0.0009513633741223579,2.0044141817185644e-7,
0.002259715087845239,0.000951370144270023,1.269681176396406e-7,
0.0022597119461166566,0.0009513493238911646,1.2086756046530668e-7,
0.002259700749413511,0.0009513761749850837,1.1921151333240064e-7,
0.0022596990286303455,0.000951382228792952,1.301375539431307e-7,
0.0022596990233793674,0.0009511674289230193,1.1963480904527046e-7,
0.0022596972720920483,0.0009511637562104438,1.202709251300662e-7,
0.0022596786927704822,0.0009512457512853743,1.33722932745271e-7,
0.0022596786917211164,0.0009513872905765827,4.03226461548871e-7,
0.0022596706186351245,0.0009510770167438429,1.1176552319996947e-7,
0.002259670152800267,0.000951180222527676,1.156113253638651e-7,
0.0022596701497899037,0.0009510775837024886,1.3106211194471463e-7,
0.0022596697013177965,0.0009511477541491735,1.4314970837899156e-7,
0.0022596669550550876,0.0009511274502733883,1.1700098497804822e-7,
0.002259666949914407,0.0009512386692095185,1.1707025462288477e-7,
0.002259665104160694,0.0009510598150664322,1.2445269563869094e-7,
0.0022596647555357804,0.0009513273715805542,1.2377813303708037e-7,
0.0022596646867145413,0.0009498958561254023,1.3383428048787956e-7,
0.0022596643550479205,0.0009503812008273732,1.2753694408308977e-7,
0.0022596611926102485,0.0009497664498735368,1.3481020872931373e-7,
0.002259661140611235,0.0009499123312130798,1.198113664547848e-7,
0.0022596586019549914,0.0009490467550958123,1.1873019275435293e-7,
0.0022596584083689852,0.000948945252826433,1.247213296090252e-7,
0.0022596014479875715,0.0009489251820547322,1.1822265574117406e-7,
0.0022596000716420856,0.0009488060401646312,1.1843540336017074e-7,
0.002259591018423583,0.0009478219898658052,1.1845744742548845e-7,
0.0022595905692017514,0.0009511691961681217,1.184239559183306e-7,
0.002259590352605962,0.0009494584094777312,1.1826878343198006e-7,
0.00225959013039961,0.0009498807518709287,1.1725135870740495e-7,
0.0022595484202490323,0.0009496695720839672,1.1578519105317173e-7,
0.0022595482472376415,0.0009501154309905104,1.1594026271696606e-7,
0.0022595206531029577,0.0009212606038833789,1.1606099320381329e-7,
0.002259507759004598,0.0009281539389057505,1.147022465227445e-7,
0.0022595011562325275,0.0009270762557005442,1.1063048483023205e-7,
0.0022594917220570224,0.0009268214002251751,1.1204168396496836e-7,
0.002259470541459157,0.0009268228484411828,1.1140243383491287e-7,
0.002259470488626263,0.0009268136852928357,1.1142932929865807e-7,
0.0022594599910085384,0.0009268054917702275,1.1238661247398609e-7,
0.0022594579092922113,0.0009268939013432547,1.0958162773505614e-7,
0.0022594512614943258,0.0009268793334104753,1.094794243012404e-7,
0.002259450405805436,0.0009269927404607028,1.0960516014583984e-7,
0.0022594445428194415,0.0009271061599195871,1.0983247023514284e-7,
0.002259444224178097,0.0009276905132113822,1.0796708808579961e-7,
0.002259442942658462,0.0009277799579050827,1.0623473761212544e-7,
0.002259442624714516,0.0009273808283049496,1.0701355082647571e-7,
0.0022594318260146123,0.0009270013065479287,1.0487402607815915e-7,
0.0022594301789451775,0.0009267376594171127,1.0442597317233865e-7,
0.0022594051490497963,0.000926815306073302,1.0355080960474789e-7,
0.0022594045792679583,0.0009268344501193814,1.0341935763662871e-7,
0.0022593952182026573,0.000926900202937858,1.034196921238179e-7,
0.0022593948792115743,0.000927253835750035,1.0326688786815634e-7,
0.0022593399956290744,0.0009273415912013336,9.995322717048851e-8,
0.0022593392752474576,0.0009275756610223281,9.982404039003652e-8,
0.0022593043595302456,0.0009273829177643714,9.975225763108339e-8,
0.002259302621709154,0.0009270823218983231,9.972546786734186e-8,
0.0022591255141362378,0.000926827814971621,9.972031942945772e-8,
0.0022591077941579705,0.0009276292830416296,9.766115536221184e-8,
0.002259068916883148,0.0009282539457608177,9.720364338186568e-8,
0.0022590099550386295,0.0009284045449845009,1.0410083439765083e-7,
0.0022589960262184307,0.0009285747406758201,1.1180201968587183e-7,
0.002258977244155314,0.0009285742599001901,1.029554019715379e-7,
0.0022589340203039783,0.000928341772553283,1.0299677598707735e-7,
0.0022589317114748314,0.0009283544611456014,1.0295214956750886e-7,
0.0022588624319783246,0.0009283757544692835,1.0344354732164828e-7,
0.002258859096271621,0.0009281769397017743,1.0352556659344749e-7,
0.002258858802030188,0.0009281613961327794,1.013238291692438e-7,
0.002258853928420607,0.0009284767994386443,1.0792287480023599e-7,
0.0022588454459050466,0.0009457057132629082,1.0549229358622828e-7,
0.0022588453318591146,0.0009437634375458403,1.029881131890726e-7,
0.0022587945806762976,0.000932943882343142,1.0311258549407111e-7,
0.0022587910213948607,0.0009275692149342612,1.0264197782123497e-7,
0.0022587908591448626,0.0009265634574965694,1.0258226275503098e-7,
0.0022587865912162,0.0009241287958472727,1.0069654200299873e-7,
0.0022587764781049095,0.0009243845186796891,1.1077398492959343e-7,
0.002258776434673657,0.0009240345199662349,1.015604139157972e-7,
0.002258719396492493,0.0009233518991167398,1.007492120710748e-7,
0.0022587115961334933,0.0009263452178391952,1.0045366915419254e-7,
0.0022587114172162794,0.0009245832006480103,1.0148916526087113e-7,
0.0022587025213392955,0.0009282948495994918,9.852357211487164e-8,
0.002258498791753283,0.0009276745964654969,9.951253490173676e-8,
0.002258498410613476,0.0009276577507537344,9.92272852282023e-8,
0.0022584741209637155,0.0009276762777251075,9.69400371823956e-8,
0.0022580913774384735,0.0009276638970555719,9.573573078384216e-8,
0.0022580908864633245,0.000927909437502948,9.569083640544393e-8,
0.0022577489988638904,0.000927950417612522,6.402470276846621e-7,
0.0022576539478701874,0.0009283895448915332,6.248852121467396e-7,
0.0022576531377120823,0.0009285235266676012,2.7543132806522225e-7,
0.002256480886461983,0.0009283976253694368,2.717180694692058e-7,
0.002256468702141811,0.0015195198767834995,2.710754659427101e-7,
0.0022564683547685984,0.0010328065327182276,2.4239536199923964e-7,
0.0022564554106042057,0.001028427472644016,2.420667405825054e-7,
0.002256223186898711,0.0010292677911935264,2.3895770428116803e-7,
0.0022562231032527665,0.001013806238562476,2.3853164183619005e-7,
0.0022560542480838824,0.0009951911049675775,2.415609044786664e-7,
0.002256032063219634,0.0010129788996115214,2.3826153685055978e-7,
0.002256031313118829,0.0009852670523209026,2.4538789411251423e-7,
0.002256013093370479,0.0009805910821145361,2.4205754368160473e-7,
0.0022559320137493424,0.0009783731686780167,2.401726642421462e-7,
0.0022559319967506656,0.0009773618490287416,2.3714111950227876e-7,
0.002255872136910376,0.0009815334501783338,2.4588481586697504e-7,
0.0022558669671131583,0.0009845448484044578,2.4461754905195206e-7,
0.0022558663946659952,0.0009538882146768546,2.559025935184276e-7,
0.002255861620373501,0.0009489532552560264,3.6980327913656344e-7,
0.0022558113453808003,0.0009604505123926061,2.3831739451280209e-7,
0.0022558112360302326,0.0012316057189188882,2.38703445282014e-7,
0.002255774589012196,0.0009928401242392851,2.3775849011773494e-7,
0.0022557721132184763,0.001070861582025362,2.3679250084386751e-7,
0.00225576305602056,0.0009681663756503198,2.396803890030464e-7,
0.0022557613663156664,0.0009488842297520701,2.3849752330299664e-7,
0.0022557156652780242,0.0009451761309455119,3.652379500023743e-6,
0.0022557125071475744,0.0009500686027377009,7.019474340418231e-7,
0.0022557019895627045,0.000957220290441236,6.917506004969761e-7,
0.002255696984618029,0.0009414264791744608,6.665995144911147e-7,
0.002255049432027498,0.0009374294591040879,6.770262995824616e-7,
0.0022550494311303956,0.0009364986518041536,7.510187373754148e-7,
0.002255047947197215,0.0009365700216990809,6.251671367812797e-7,
0.002255047817404821,0.0009365246509957809,6.261902159927476e-7,
0.0022550477905507083,0.0009354903031735265,5.494050944241948e-7,
0.0022550476693162236,0.0009336103039571628,5.385622913302657e-7,
0.0022550463897426276,0.0009330999267826923,7.4451791360892e-7,
0.0022550463882768006,0.0009332199872321085,4.321917504702828e-7,
0.0022550452969418893,0.0009325414127056069,4.260971985058957e-7,
0.002255045216509354,0.0009322576155342499,4.1283334340123e-7,
0.0022550447836030673,0.0009315118027457142,4.011438002861601e-7,
0.0022550447144800327,0.0009314927911957966,4.023306882605072e-7,
0.002255042485532119,0.0009315600603296281,4.128783275348704e-7,
0.0022550421038510715,0.0009314015611701713,4.035171425199664e-7,
0.0022550411535488504,0.0009312404724771007,4.000780277675788e-7,
0.0022550408307373615,0.0009311488715968492,3.9340819648501927e-7,
0.0022550390538145127,0.0009310721101054801,9.761038969135007e-7,
0.0022550390453177104,0.0009311491175941065,5.890155458125627e-7,
0.0022550370692447867,0.0009413974840717256,6.154566020439374e-7,
0.0022550369802428055,0.0009426379021038239,6.308034910256168e-7,
0.002255036527517498,0.0009428162524028012,6.490434116882874e-7,
0.002255036450336691,0.0009424940817819727,6.643015012473457e-7,
0.0022550105212967245,0.0009422545161533269,5.834334684568223e-7,
0.002255010400091038,0.0009405020222023759,5.671863069871184e-7,
0.0022549909078188857,0.0009405380043400964,5.935122521431641e-7,
0.0022549906896165914,0.0009427961675053616,5.919745467385787e-7,
0.002254990204355328,0.0009527821992742018,5.690416960872914e-7,
0.0022549901691266186,0.0009520893758165205,4.791946117082764e-7,
0.002254983323924995,0.0009521214219836934,4.811828057351532e-7,
0.0022549637809448657,0.0009519952541061613,4.804103426575635e-7,
0.0022549624242208677,0.0009531161101636095,4.357410353261198e-7,
0.002254940807195153,0.0009543191428396072,3.854244716821638e-7,
0.0022549394131326297,0.0009518175302932325,3.8839554758563684e-7,
0.002254939352992023,0.0009550354679808369,3.833687240221888e-7,
0.0022549345613747974,0.0009495068046248684,3.4834602202311414e-7,
0.0022548398886266855,0.0009496676358500711,3.5250135043107856e-7,
0.0022548242926343255,0.000949251345043261,3.4433615306821166e-7,
0.0022547060562308104,0.0009495789229474174,3.360515584614812e-7,
0.002254700692697475,0.0009497731402382815,3.263710821245892e-7,
0.002254697849922619,0.0009530292302589048,3.1897748085306904e-7,
0.0022546876199681116,0.0009738894214831493,3.077217786967416e-7,
0.0022514628820200135,0.0009670448842424796,3.0274548430219627e-7,
0.002251398847979539,0.0009542574584998443,2.964926106671056e-7,
0.0022497160295352784,0.0009487765619009997,2.868162002159825e-7,
0.002249334679747137,0.0009485952478457374,2.8313725816328194e-7,
0.002249334280751329,0.0009431057293016737,2.8271174915140953e-7,
0.0022491812987093167,0.0009415643111252783,2.763552935301833e-7,
0.0022488142094363654,0.000941643403269216,2.684813648496084e-7,
0.002248814127452142,0.0009415769823236229,2.698647956548805e-7,
0.0022488073808215356,0.0009416794841996289,1.701241768775949e-6,
0.0022486437871063196,0.0009417772675716162,1.6622425419440673e-7,
0.0022486435953356573,0.0009419607711452818,1.6203730362449375e-7,
0.002248622909564067,0.0009415906774890495,1.629202286788316e-7,
0.0022486195052518186,0.0009415935106755518,1.6679268701347715e-7,
0.002248619293738861,0.0009414540127525423,1.5276027239678529e-7,
0.002248425983437274,0.0009440819540429843,1.5317973798865564e-7,
0.0022483480413578736,0.000944108358092962,1.530064526877137e-7,
0.0022483387166020922,0.0009441781358211897,1.5322385810791733e-7,
0.00224833859019478,0.0009440561708371564,1.5107030163606141e-7,
0.002248331064801164,0.0009436529200474707,1.4013978366281976e-7,
0.002248321600112716,0.0009698314976509431,1.3887284941804396e-7,
0.002248321596387048,0.0009598557003097127,1.3791621596703363e-7,
0.0022483157006194902,0.0009532042763704901,1.3767602629623567e-7,
0.0022483140345301057,0.0009464227721423133,1.3716884398720212e-7,
0.0022483140320486176,0.0009461590129154361,1.367452256051048e-7,
0.0022483126665385636,0.0009454207039335866,1.379531129362072e-7,
0.0022483105363951834,0.0009453592179052292,1.3550839618700865e-7,
0.002248310536251796,0.0009451194273032855,1.3409050396223653e-7,
0.0022483088621981333,0.0009428510799977257,1.3455345433288403e-7,
0.002248308190066854,0.0009425510870284503,1.3356294548982724e-7,
0.002248308189385187,0.0009425210233161972,1.323209976657632e-7,
0.0022483075748562426,0.000942728307185875,1.3225258867928202e-7,
0.002248306620744272,0.0009425850333743387,1.3025070592415216e-7,
0.002248306620479981,0.0009425493274818206,1.2232687774996727e-7,
0.002248305467199512,0.0009448481444492252,1.2202069252731832e-7,
0.0022483049926896926,0.0009445674638102108,1.2017279475826373e-7,
0.0022483049878757335,0.000944230828878752,1.1934808833377727e-7,
0.002248303918787876,0.0009410704979492691,1.2319707505691005e-7,
0.002248303812424012,0.0009404010981385304,1.2646297066669432e-7,
0.0022483038003718266,0.0009453114492687574,1.1833276544566182e-7,
0.0022483037166524263,0.0009455829400253677,1.1683052333009218e-7,
0.0022483023676945334,0.0009456079991669755,1.1676527991738326e-7,
0.002248302345707836,0.0009458819548919744,1.1752342812005424e-7,
0.0022482852299217614,0.0009459093095500436,1.1751613413557706e-7,
0.0022482829427751,0.0009460553870568031,1.1898482948963677e-7,
0.0022482826244585793,0.0009465501896485707,1.1244136600861545e-7,
0.002248276628287761,0.0009456866410365989,1.1320581641242014e-7,
0.0022482763859409554,0.000945689316378069,1.1271135934305703e-7,
0.0022482763487996983,0.0009457061106989822,1.107586077425057e-7,
0.002248275741008001,0.0009457021960918013,1.0915344118794643e-7,
0.0022482745825041597,0.0009515539393148615,1.0740351008755238e-7,
0.002248274461103846,0.0009484276140143468,1.6651896267432513e-7,
0.0022482228965168233,0.001034215711544043,1.378630932556874e-7,
0.0022482116424032174,0.0010558917839721437,1.3758812284159737e-7,
0.002248208853267613,0.0009662582605887226,1.3828094025010685e-7,
0.00224801418612271,0.0009803478010368594,1.3788757003885255e-7,
0.0022480075670664804,0.0009679746845142118,1.372987339615699e-7,
0.002247985651920589,0.0009570551423598557,1.392008085460163e-7,
0.002247946125327527,0.000960156550584656,1.3788317112792585e-7,
0.0022479240834941197,0.0009595098642886464,1.3767940140202245e-7,
0.002247920128327843,0.0009602202487987347,1.4867678221319272e-7,
0.002247920104419729,0.0009557000308603128,1.4587062522052724e-7,
0.0022479164999148213,0.0009553088078526325,1.4356411034501685e-7,
0.0022478992064182005,0.0009551765028553465,1.4359186203142594e-7,
0.0022478992044660164,0.0009551222540033727,1.4298385319811857e-7,
0.0022478887823040874,0.0009563326629731198,1.4336886850934605e-7,
0.0022478873086374824,0.0009566941991902044,1.472165027878626e-7,
0.0022478872943768853,0.0009570949015169734,1.4548920760808188e-7,
0.0022478860354228918,0.0009571359806813457,1.4378507137163576e-7,
0.0022478813369489507,0.0009570491469517586,1.4326563945421268e-7,
0.0022478812197942793,0.0009537829712768293,1.4447444141536782e-7,
0.0022478780105589873,0.0009519540011561409,1.4338807806076805e-7,
0.0022478778385017113,0.0009773894424395953,1.4354528942087915e-7,
0.0022478762956420245,0.0009877913490464844,1.4337334697495785e-7,
0.0022478757689138686,0.0009879591121757163,1.4507946255900244e-7,
0.002247858254171836,0.000987949647851113,1.4534218689033906e-7,
0.002247854439815229,0.0010513123313848072,1.429476773490225e-7,
0.002247854096597191,0.0010418364008960496,1.4237645714319218e-7,
0.00224785035951207,0.0010382709291954291,1.434470131979948e-7,
0.002247844892054204,0.0011821571486865705,1.4873836205044156e-7,
0.002247844883427001,0.0035562573137105347,1.455880211953757e-7,
0.002247838418124926,0.0011039093712545526,1.4557690278439348e-7,
0.0022478363309144113,0.0010374345821250338,1.42958517711261e-7,
0.0022478361841008756,0.0010205121878841584,1.422561988106575e-7,
0.0022478340236569273,0.001020037410424544,1.4146766416901614e-7,
0.0022478310902915373,0.0010198351108070432,1.3526328871770155e-7,
0.0022478310844031247,0.0010198477177185536,1.350624475394158e-7,
0.0022478273045282667,0.0010198795968997252,1.473964140434021e-7,
0.0022478256510046254,0.001019956943369232,1.4824141965202986e-7,
0.0022478256169993754,0.0010200052431225436,1.4344942834056748e-7,
0.002247823944107523,0.0010197940194825058,1.4121638028411734e-7,
0.0022478216693955022,0.0010196348463572045,1.4109438443849876e-7,
0.0022478216679895835,0.001020529047832399,1.3785076994705072e-7,
0.0022478190229875765,0.0010207073303717341,1.3456472291385983e-7,
0.0022478176074537683,0.001020407977673656,1.333934493564966e-7,
0.0022478175852556834,0.0010219097197273566,1.3130794935598405e-7,
0.002247816110747029,0.0010222020997230497,1.3219405022544803e-7,
0.002247814312803205,0.0010236307113456443,1.3027858327210184e-7,
0.002247814311365314,0.0010226087736515664,1.2835503471701572e-7,
0.0022478121762549205,0.001020390798193089,1.2839294068665136e-7,
0.0022478107720608747,0.001020319107908791,1.283234780394439e-7,
0.0022478107633554048,0.0010197541502184491,1.2654077509817016e-7,
0.002247809305458369,0.0010197364753936342,1.2596523937894287e-7,
0.0022478076340004052,0.0010220261555892135,1.2576974969589123e-7,
0.0022478076333949087,0.001021247994794019,1.2626879681971926e-7,
0.002247805782646518,0.0010205780775345182,1.3951347218239042e-7,
0.0022478044497379747,0.0010202276214315534,1.3471764183971667e-7,
0.002247804443067479,0.0010205258277381619,1.3313964292398325e-7,
0.0022478030610181754,0.001020636573134918,1.2911575501751644e-7,
0.002247801551734122,0.0010206722473706349,1.2901854858962416e-7,
0.002247801551024711,0.0010207780287222975,1.298290743848386e-7,
0.0022477998515746593,0.001020850619884014,1.2841884969811557e-7,
0.0022477985423454607,0.0010207489570163073,1.280960948273071e-7,
0.0022477985369799627,0.0010207416944511445,1.282496946507125e-7,
0.0022477971786550193,0.0010202669070852547,1.2858719271353218e-7,
0.0022477957384734837,0.0010204568819183163,1.279220712868547e-7,
0.002247795738025737,0.001020978577358997,1.2619086021322034e-7,
0.0022477941453862573,0.0010212820580876671,1.2583946619373882e-7,
0.002247792833064443,0.0010200463481327712,1.2647157329577595e-7,
0.002247792829578798,0.0010180555486145836,1.2714138857894153e-7,
0.002247791472404858,0.0010175756424572707,1.3091976166815766e-7,
0.0022477900762396387,0.0010171973254540037,1.2985359823325029e-7,
0.00224779007598672,0.0010178070765584574,1.3272103038044542e-7,
0.0022477885410487185,0.0010183409034963504,1.271900422785672e-7,
0.0022477871914243323,0.0010190304576479005,1.2462269548266234e-7,
0.002247787189822331,0.0010192151123600232,1.2385228411882767e-7,
0.0022477858007899283,0.001020274120153,1.222546980760832e-7,
0.0022477844426689593,0.0010201260039381902,1.222833567315202e-7,
0.0022477844423765838,0.0010209179593222348,1.4312399017689197e-7,
0.002247782946600318,0.0010210086756817722,1.4285289605014666e-7,
0.002247781568264809,0.0010286983336351178,1.4228811740767046e-7,
0.002247781564992863,0.0010245460797517194,4.974709963336456e-7,
0.0022477801368865945,0.0010227678402710246,3.0180636428961694e-7,
0.0022477788103678438,0.0010219012836506134,5.012705849540571e-7,
0.002247778810133893,0.0010433749337655522,3.105793336762459e-7,
0.002247777353727996,0.0010402026990651533,2.1475373298814797e-7,
0.002247775964466018,0.0010477634333012807,2.0199623804931423e-7,
0.0022477759631691417,0.0010488980543403035,1.8431589248484386e-7,
0.0022477745109560254,0.0010452619541257552,1.7434615863398212e-7,
0.002247773326296716,0.0010452856286216636,1.740254819113264e-7,
0.002247773326079043,0.0010460463085486447,2.3005186804416676e-7,
0.0022477720052949423,0.0010457222550720627,2.2184898627240094e-7,
0.0022477705670753147,0.015430954259514261,2.0492001232492412e-7,
0.0022477705657626365,0.26605170094845704,2.0556748878333517e-7,
0.0022477690002982525,0.009408384334977296,2.0302858319443764e-7,
0.0022477680556333944,0.009297760355171469,2.02735981650376e-7,
0.0022477680554353232,0.009284004273111436,1.974392611778994e-7,
0.002247767446293699,0.009326140893660574,1.9219501045597133e-7,
0.002247765653996784,0.00965844154498207,2.1105856649651623e-7,
0.002247765652632846,0.008964924803277475,1.9140857808271287e-7,
0.0022477643157910268,0.0090587052920094,1.8798422619499238e-7,
0.0022477625474714206,0.009020327645353295,1.8797453533688144e-7,
0.002247762547266396,0.009292159246110786,1.909089632475937e-7,
0.002247697302706138,0.009412777395370768,2.0056644821683052e-7,
0.0022476834872469024,0.00911479192673348,1.9854075601769703e-7,
0.0022476834422386167,0.008922937929699476,1.9956753118395964e-7,
0.0022476619195306597,0.010969737561703245,1.9368969188535677e-7,
0.0022476557415402635,0.00937399490420832,1.9028648917800412e-7,
0.0022476557328715767,0.007585000129657097,1.885907275963068e-7,
0.0022476466811329025,0.007541459951647893,1.884842676041487e-7,
0.0022476298557715835,0.009071005791424754,1.8471312243916823e-7,
0.0022476298072189246,0.007783143343432409,1.816328452100251e-7,
0.0022476096902261837,0.006332620394385584,1.7578763999850046e-7,
0.0022476044712390945,0.006206154036076588,1.7637638211557754e-7,
0.002247604461608908,0.006129111757323187,1.8896479619866875e-7,
0.0022475980272264554,0.006123245743347739,1.882348210649349e-7,
0.002247581532457735,0.006135824606275813,1.656084492280356e-7,
0.0022475814904370207,0.00613913312557576,1.665641963321336e-7,
0.0022475602561655024,0.006332456773343306,1.650724303514752e-7,
0.0022475569685555955,0.006376953836681312,1.411891017940813e-7,
0.002247556955597935,0.006502265228737428,1.4160663220141646e-7,
0.002247553057419162,0.0064920453560028115,1.4015364127154764e-7,
0.0022475352176905797,0.006499085916531598,1.3289012536069206e-7,
0.0022475351750065073,0.006516080633682899,1.330881888042622e-7,
0.0022475131752122336,0.006522884281822229,1.3192916271219888e-7,
0.0022475109820288782,0.006511906195564123,1.3216192652332402e-7,
0.0022475109694955558,0.006541311974393616,2.04975140027677e-7,
0.0022475083705452807,0.0065721782903239625,4.251986217366207e-7,
0.002247490892851724,0.006676920688039732,4.6563182805636875e-7,
0.002247490857969633,0.00619882655819463,2.417720906931307e-7,
0.0022474481165077964,0.006208464417783743,3.3135989905053036e-7,
0.0022474479823186583,0.006115277275711497,5.51932984784604e-7,
0.002247432366486892,0.005997935212779642,2.1370337358438886e-7,
0.0022474313195408615,0.00600271780550117,1.0751464501838812e-7,
0.0022473809472236027,0.0060102434717658445,1.0284826260085527e-7,
0.002247380723929891,0.005959203391553856,1.0288034824530803e-7,
0.002247368161273341,0.00600831375061747,1.0202693834305887e-7,
0.0022473676138605216,0.006143877895964956,1.030612076635409e-7,
0.002247356038936251,0.006128652545133523,1.0317970527632368e-7,
0.002247355620421394,0.006130926926033348,9.968974787294494e-8,
0.0022473447454128812,0.006104056585169474,9.928213658137868e-8,
0.0022473446779881774,0.0061721537422134,9.78176651722888e-8,
0.0022473430904576697,0.00623866209718788,1.0064205349563829e-7,
0.0022473429500155313,0.006464257638417852,1.1702148471086292e-7,
0.0022473408155899814,0.006322616768093402,1.0525028130003104e-7,
0.002247340806378989,0.006322132267401544,1.0497006210817927e-7,
0.0022473391372376853,0.006319260975720915,1.045999716463686e-7,
0.0022473388768733497,0.006320072787250695,1.0470565588196713e-7,
0.0022473330830736437,0.006546986754821389,1.0519060548547442e-7,
0.0022473327893935083,0.006513560868925156,1.0525498789339486e-7,
0.0022473209556961938,0.00651793353448936,1.0112287145431206e-7,
0.002247320933566416,0.00645980859223753,9.75536625319457e-8,
0.0022473189185671966,0.006439542536054701,9.717060801796804e-8,
0.0022473091508686343,0.006435431552329515,9.716669867463038e-8,
0.0022473066559797186,0.006447685896388332,9.722066804709957e-8,
0.002247297890532351,0.006443736100952364,9.674668878962144e-8,
0.0022472960508115253,0.006439987346349128,9.542337556467674e-8,
0.0022472900807943615,0.0064381474335788455,9.545724167902938e-8,
0.0022472896054665766,0.006295873078996082,9.544209574747988e-8,
0.0022472895207911055,0.007646692075103415,9.2540273001244e-8,
0.002247288932279306,0.007256477993380137,9.17516530849878e-8,
0.002247287899297542,0.007914626715843625,9.17933856770931e-8,
0.0022472878886420494,0.008302206031034287,9.192370900941099e-8,
0.002247286922399005,0.01613082865030867,9.190777467601877e-8,
0.0022472867339900344,0.014876454474482754,9.191717657118843e-8,
0.0022472867010592578,0.015179263850937366,9.169607086768913e-8,
0.002247286466607215,0.015198513463679245,9.127172179763029e-8,
0.002247285801594535,0.013210666304500405,7.94565722127972e-8,
0.0022472857986329487,0.014064369401802595,7.730650755586166e-8,
0.0022472851470245175,0.011086915694971099,7.723920180662843e-8,
0.002247285019896533,0.010579926603829731,7.691520761138051e-8,
0.002247285004153999,0.01128808207119748,6.961157660136528e-8,
0.0022472848570719672,0.011467815555780175,6.248237345268599e-8,
0.002247284400586702,0.011358765238917391,6.247311399318086e-8,
0.002247284396578117,0.011495450778546145,6.243985652651932e-8,
0.0022472838433854514,0.011479998077620663,6.495414701693566e-8,
0.0022472837432040167,0.011527465372482459,6.379947983525091e-8,
0.0022472837122451813,0.011600472371053846,6.390323259696556e-8,
0.002247283582762189,0.011439393318106617,6.381788601487498e-8,
0.0022472832565535853,0.011671749814748337,6.261530599630385e-8,
0.002247283250520521,0.009690271502672487,6.181722652035532e-8,
0.002247282768847163,0.00944984000922376,6.209440724843678e-8,
0.0022472826825346752,0.009531145312990165,6.052887069804687e-8,
0.0022472826170060202,0.005387940754312325,6.04991084247789e-8,
0.0022472824830357834,0.0010496378022838738,6.050187367102248e-8,
0.002247282219615994,0.0003091446171986559,6.032715614978399e-8,
0.0022472822128069302,0.0003057185147947092,6.029239015571946e-8,
0.0022472817657644786,0.00030889249666925706,5.993854353804765e-8,
0.0022472816742094034,0.00031272170205189065,5.997321481751078e-8,
0.0022472816049179008,0.00031839962303810583,5.978965033383336e-8,
0.0022472814516743583,0.00031794780323346136,6.010999115198096e-8,
0.0022472811186284415,0.00031746985123265616,6.009455154554046e-8,
0.0022472811026418593,0.00031744332081401396,6.027718322057482e-8,
0.002247280389680188,0.0003181239351408039,6.015766666805443e-8,
0.002247280015447377,0.0003181651658887941,5.967648119960498e-8,
0.0022472766368950496,0.00031801469764468316,5.929557350114165e-8,
0.0022472751420682885,0.00031798742805035063,5.942764855271345e-8,
0.0022472728480063347,0.00031792425486911586,5.935913278272227e-8,
0.002247272417543241,0.00031792622018138853,5.9412701692746966e-8,
0.0022472723668917746,0.0003179414448999825,5.956615064710683e-8,
0.0022472719309857047,0.000317941512572955,5.953241377544959e-8,
0.0022472694327429175,0.00031793794715312325,5.943913384264907e-8,
0.0022472694243894755,0.0003179355019316142,5.9445290725024026e-8,
0.0022472670371844394,0.0003178994319031163,5.9512773263016994e-8,
0.0022472667315399032,0.0003179134113452051,5.9504348302479945e-8,
0.002247259433140173,0.0003179147408393063,5.715184547794229e-8,
0.002247259084699929,0.0003179227482145226,1.1108288026122879e-7,
0.0022472449322669024,0.00031792237276967065,5.6411773187536495e-8,
0.0022472424035817912,0.0003179177232456296,8.245897190100206e-8,
0.0022472410278441953,0.0003178985485602644,7.348119596837705e-8,
0.0022472369329518123,0.0003178953908131536,5.2378716290758794e-8,
0.002247221425925801,0.0003178941305030322,5.2541943626569574e-8,
0.0022472212211637086,0.00031792822524836947,5.2656848911657906e-8,
0.0022472141948313394,0.00031796181597533576,5.3100779756758895e-8,
0.0022472106682687974,0.0003179624485569842,5.274310052129731e-8,
0.002247206908423168,0.0003179684890457998,5.246082199342515e-8,
0.0022471980044945043,0.0003179457190949483,5.238133209187732e-8,
0.0022471796169190564,0.0003179358937097407,5.7691508259993964e-8,
0.0022471782463529696,0.00031793812218711115,5.408165148839236e-8,
0.0022471729918512595,0.00031787604970723456,5.401155799818564e-8,
0.002247109904560167,0.0003178623205747729,5.4002496197750326e-8,
0.0022469777466216714,0.0003178527542540843,5.477032160245692e-8,
0.0022467830782071647,0.0003178455883799474,5.475075371977897e-8,
0.0022466261759210232,0.0003178108814792294,5.662314548260607e-8,
0.0022465849441314118,0.00031780854535376013,5.6175924667179896e-8,
0.0022465816229143586,0.00031780629630420276,5.6389468491370986e-8,
0.0022465655378175946,0.00031778933533651655,5.628765658942412e-8,
0.002246563326553082,0.00031776945711749514,5.625893082978914e-8,
0.0022465617374321845,0.0003177746118502128,5.6507291811108574e-8,
0.002246560836058268,0.00031778404906524996,5.644996737376264e-8,
0.0022465600034546054,0.0003177895317027132,5.695640368223268e-8,
0.0022465593741882815,0.0003177429361629659,5.636604777338507e-8,
0.0022465578565748373,0.00031772634248937437,5.461366692444172e-8,
0.0022465578513666587,0.0003177835291832686,5.456738988417697e-8,
0.002246556559789403,0.0003177597436806682,5.456661315247656e-8,
0.0022465560457171504,0.00031773485452895017,5.460002248235967e-8,
0.0022465557708224765,0.00031772707969619606,5.472838564542731e-8,
0.002246555276833987,0.00031773150945002483,5.463889630427473e-8,
0.002246552676862381,0.0003177173970608531,5.4654103523954e-8,
0.0022465517553605834,0.0003178046270249195,5.5455358937618685e-8,
0.0022465508473297835,0.0007232376099785594,5.5221505054041735e-8,
0.002246550669542301,0.0007396190569807473,5.501470438525175e-8,
0.002246549917805702,0.0006975302271329109,5.496593131301008e-8,
0.00224654986756399,0.0006775747813766648,5.498446436615738e-8,
0.0022465495644647454,0.0004840280498062323,5.4974512179034447e-8,
0.0022465494824503735,0.0003779315430797861,5.4698967659831154e-8,
0.002246549480137044,0.00036311388543760505,5.471847130648691e-8,
0.002246549422497375,0.00038408141223194995,5.4444903274580647e-8,
0.0022465469211768456,0.0003626656330166043,5.43876773797748e-8,
0.0022465468695451233,0.00037194235440035563,5.4327925007691e-8,
0.0022465454628826675,0.00037981875580243824,5.4316835556856625e-8,
0.002246545322537532,0.00041235148724071884,5.403788005002512e-8,
0.0022465452626998215,0.0003990333306027234,5.407822587183106e-8,
0.002246545199632251,0.00041626271761285193,5.411770380915588e-8,
0.002246539624506932,0.00047472731767208567,5.400984611715768e-8,
0.002246539417687177,0.0003497704700773853,5.3966316897097925e-8,
0.002246536431502094,0.00047725868316936027,5.4062518671906335e-8,
0.0022465359594291846,0.0004311524574357354,5.0010762871240805e-8,
0.0022465355243622954,0.0003967877647104743,4.766425360835495e-8,
0.002246535433228018,0.00039331524952780747,4.765872108271992e-8,
0.00224653315453009,0.0005175231061464526,6.873810539710142e-8,
0.002246533105596524,0.0008797886094616028,5.202297550938575e-8,
0.0022465314814438275,0.0009499551414415666,5.707487668960148e-8,
0.002246531221460908,0.0007239926981140918,5.395618364459462e-8,
0.0022465311719170925,0.000387349936114045,2.0465872051763244e-7,
0.0022465310408608307,0.00037488752214314715,5.2956724851718946e-8,
0.0022465293720667283,0.000366682286232825,5.381426123746162e-8,
0.0022465293611696833,0.0004964117264776943,5.262790913237278e-8,
0.0022465279491525225,0.000469470032694973,5.259723274303605e-8,
0.0022465277369399864,0.00039459034436224825,5.422065367802475e-8,
0.0022465277284132146,0.0004968211521211381,5.407754213686048e-8,
0.002246527571512296,0.00041550591805252987,5.3528831694691674e-8,
0.0022465259416274467,0.0003133016822262557,5.253047218955068e-8,
0.0022465259345442476,0.00031166253475475966,5.2516960500110374e-8,
0.0022465244896707833,0.00031166528148864774,5.246856377425384e-8,
0.0022465242626143966,0.0003116067586951988,5.244670277299565e-8,
0.002246524256429628,0.00031155629584118493,5.188763229531525e-8,
0.0022465240820501334,0.0003115156403520804,5.1793675502789334e-8,
0.002246522477715598,0.0003115106001649766,5.1765038929030884e-8,
0.0022465224714099644,0.00031150310230808055,5.387542222187234e-8,
0.0022465210327744464,0.0003114831175513451,5.3355845129543834e-8,
0.0022465207897856675,0.00031148047271685773,5.300090724153354e-8,
0.002246520784455224,0.0003114802575801189,5.188686704552377e-8,
0.0022465205950321656,0.0003114803200394417,5.2064549643201055e-8,
0.00224651900006344,0.0003114783396496771,5.2197769818918313e-8,
0.0022465189947782544,0.00031145836157320966,5.140349484669991e-8,
0.0022465175495579148,0.00031145768298846094,5.1381792955024754e-8,
0.002246517288091291,0.00031145936989363345,5.252788734056554e-8,
0.0022465172799220187,0.00031145765999143434,5.2525351702964394e-8,
0.0022465170883355376,0.0003114574302279927,5.2329823989884934e-8,
0.0022465155112576752,0.0003114590089196528,5.2058174484255987e-8,
0.002246515493247406,0.00031145872901102535,5.224383736891829e-8,
0.002246514160887887,0.0003114077350558921,5.2692824262359526e-8,
0.002246513835655053,0.0003113722892675625,5.280481570461313e-8,
0.0022465138161669542,0.00031138643573896756,5.274217031546166e-8,
0.002246513610075558,0.0003123892022787909,5.273415920811354e-8,
0.002246511910198159,0.0003122193095260135,5.2735359125340105e-8,
0.002246511832649789,0.0003121865753662609,5.136381717369949e-8,
0.0022465105577418078,0.00031218893217236976,5.131432138530085e-8,
0.002246510035101149,0.0003121855809466574,5.155029628867649e-8,
0.002246509973781132,0.000312217613512326,5.303688525253694e-8,
0.002246509752764875,0.00031222431973661105,5.2801621695839254e-8,
0.0022465078161327534,0.00031221776466042184,5.555171381170578e-8,
0.002246507571705766,0.0003122364980329591,5.618780915400753e-8,
0.0022465061976211244,0.000312234069915817,5.538179509927958e-8,
0.002246505219379373,0.0003122369271952948,5.5304149293237825e-8,
0.002246505107166591,0.00031223862219416923,1.653521258147651e-7,
0.0022465047841386896,0.00031224187729125244,7.137512820806346e-8,
0.002246502152972818,0.0003122464534660689,6.608072775784219e-8,
0.002244994379878932,0.00031225793771017614,6.639548533824307e-8,
0.0022448012625519475,0.00031229621527999706,6.628521322492245e-8,
0.0022437215043767575,0.0003121735099750822,6.743260220851777e-8,
0.0022434687720865017,0.0003121576162961802,6.746702087747502e-8,
0.0022434665954601937,0.0003121646938969249,6.730484048793213e-8,
0.0022434045476576897,0.00031217367976315604,6.709274775216236e-8,
0.002242052787582617,0.0003121786362279913,6.711835395801763e-8,
0.0022418860604507722,0.000312182924672987,7.219246517338249e-8,
0.0022406894049473184,0.00031218134240201833,7.167570200657336e-8,
0.0022399417199430276,0.0003121577657423507,7.174048782987856e-8,
0.002239941557930661,0.0003121582544778079,7.518497746173092e-8,
0.002239715917418088,0.0003121349067405014,7.425116458148414e-8,
0.0022394454758379056,0.0003121123191707922,7.170245275211763e-8,
0.0022393926121764157,0.0003121560615299657,7.346924916949222e-8,
0.002239145768388267,0.0003123127284686317,7.354279323418501e-8,
0.002238683435298073,0.00031142760126106044,7.242827233009923e-8,
0.002238682331222544,0.0003113130725275513,7.240254323093775e-8,
0.002238489553391855,0.00031131391696305835,7.244077405451977e-8,
0.002238264319302813,0.00031131667996981224,7.232033900974122e-8,
0.002238248695223235,0.00031132118046141646,7.218272798586128e-8,
0.0022380134490830295,0.0003113173696383885,7.209638479403285e-8,
0.0022376642606907362,0.00031127682063461525,7.164110881460807e-8,
0.002237661681917795,0.0003112965574528323,7.167618712388273e-8,
0.00223750682190306,0.00031129096971135357,5.614825745903852e-8,
0.0022374239565902216,0.0003112824602192222,5.5905276059409334e-8,
0.0022374185176572753,0.0003112820119496235,5.5600984702821225e-8,
0.0022373040091487615,0.00031127495421897673,5.5654852209472456e-8,
0.0022369124218258167,0.00031128260521167826,1.6856744476532053e-7,
0.002236903692937676,0.0003112847927139995,6.11041408092786e-8,
0.002236708727862214,0.00031128293122847635,5.96615411542585e-8,
0.0022366820850681832,0.00031128241446297145,6.036235640570673e-8,
0.0022366778270660344,0.0003112867497764612,5.7315076072992216e-8,
0.002236629757304267,0.00031129209128167803,5.735339868051289e-8,
0.0022361024554956167,0.00031129477286826786,5.719210626338682e-8,
0.0022360935422212056,0.00031129584490009526,5.719650593748355e-8,
0.0022358466981947716,0.00031129562667352276,5.7118082969113015e-8,
0.00223583881892068,0.00031127141504611234,5.7224926587538336e-8,
0.002235835858487952,0.00031126707934549854,5.5307799301212625e-8,
0.002235835410891783,0.0003112603223387655,5.420703239263432e-8,
0.0022358349909609512,0.0003112775656473725,5.4117584465038805e-8,
0.0022358334686743524,0.00031130418261677835,5.277692480733437e-8,
0.00223583309359627,0.0003111934951025827,5.269114481807827e-8,
0.002235832127819192,0.0003111842137619196,4.741274904513354e-8,
0.0022358320783707397,0.0003111900596419535,4.651527176796441e-8,
0.002235831183769205,0.0003111545333122343,4.565059703749853e-8,
0.002235830551893388,0.0003111507163632311,4.499515834405643e-8,
0.002235830267270884,0.00031115036072144165,4.4403557150820714e-8,
0.0022358297883633624,0.00031115007374245057,4.4377700880052064e-8,
0.002235829314551128,0.0003111489755482375,4.4349584410336154e-8,
0.002235829170597475,0.00031115246926239183,4.432490484674135e-8,
0.0022358282263024954,0.00031115820539663684,4.417695018214005e-8,
0.0022358281741440356,0.0003111570804856864,4.3509303210671676e-8,
0.0022358266958325754,0.0003111574523715812,4.5818355285178667e-8,
0.0022358258954461446,0.00031115792420958327,4.547220153400888e-8,
0.0022358068142602546,0.00031115656908024645,4.4578402164519176e-8,
0.0022358065137169213,0.0003111579738514771,4.395482721744338e-8,
0.0022358007800383807,0.00031116566119289527,4.4400208686162346e-8,
0.0022357931914358357,0.0003111580509255697,4.4245432719504165e-8,
0.0022357931840164672,0.00031116145964363295,4.4180536309310136e-8,
0.002235790590614352,0.0003111570662580531,4.408068023583251e-8,
0.0022357755600143307,0.00031115816756223055,4.4219499971378354e-8,
0.002235731149671123,0.00031115963154242164,4.328245240542539e-8,
0.002235709217697085,0.00031121849473548775,4.236183567971998e-8,
0.002235629097961839,0.0003114982973285629,4.2515381341048485e-8,
0.0022356271553149796,0.0003112981240155835,4.2836804631769144e-8,
0.002235623923016559,0.00031128841807137554,4.399424475827044e-8,
0.0022356090275289084,0.00031128933401359355,4.411891469299505e-8,
0.0022349024152391803,0.00031123624660964216,4.318487235143844e-8,
0.0022348984262792588,0.00031123593159864576,4.391021762061492e-8,
0.002234419762235966,0.0003112343712820955,4.275925085420059e-8,
0.0022344057749261723,0.00031123426524765226,4.2623447043444675e-8,
0.002234369441057199,0.0003112411023769501,4.243950765329856e-8,
0.002234362102371406,0.0003112461416606391,4.210742055785218e-8,
0.002234267010393723,0.0003112496480688317,4.166161704957727e-8,
0.0022342668960802265,0.0003112490444743138,4.2317210700988746e-8,
0.00223426508202855,0.00031112589486926646,8.324840590256606e-8,
0.0022342643368689517,0.0003111967303044207,4.3384095061897866e-8,
0.0022342549821657586,0.0003113674168211453,4.717623077720762e-8,
0.0022342548960925784,0.0003113198894958735,3.911057443286026e-8,
0.002234245901646123,0.00031132047842339635,4.2569596223066425e-8,
0.002234245761694376,0.00031132400155517144,4.254075055857601e-8,
0.002234245728161488,0.0003113227258810427,7.248364362326822e-8,
0.0022342455574553407,0.00031132268705372343,3.9919428723295594e-8,
0.002234242171585447,0.0003113235361895802,4.069683105413708e-8,
0.00223424216948431,0.0003113249297518966,3.9031768254437144e-8,
0.0022342396470315345,0.000311321028948953,3.8691824811055464e-8,
0.0022342395718475596,0.0003113240895961211,3.682959849542079e-8,
0.0022342395664195725,0.0003113646434454733,3.6470224763455095e-8,
0.002234239483528837,0.0003113526835293129,3.642568305560196e-8,
0.0022342369833237233,0.0003113502989519786,3.676007148553023e-8,
0.0022342369817192503,0.0003113477828784587,3.6653886718557195e-8,
0.0022342342884194336,0.00031135361914594296,3.672550180694168e-8,
0.0022342342331303864,0.0003112971312509556,3.67951964446388e-8,
0.002234234073233048,0.00031130423909483333,3.6702631428080736e-8,
0.0022342339815692347,0.00031130479953678236,3.652720747309776e-8,
0.0022342252521402877,0.0003113028428391374,3.6910347739383946e-8,
0.002234225224482348,0.00031130167301206323,3.655845410732652e-8,
0.0022342202078540103,0.0003112987099805358,3.636686457223339e-8,
0.0022342199191390305,0.00031129671349161347,3.5831843403739286e-8,
0.002234219895589467,0.0003113561318708915,3.5879049720317744e-8,
0.0022342197019858154,0.00031134649101404057,3.666169785479133e-8,
0.002234210980975097,0.00031143933278437736,3.674047320459672e-8,
0.002234210922333182,0.00031146390116062095,3.647735846678398e-8,
0.0022342062533010887,0.0003114892521730958,3.603903918863421e-8,
0.002234205477944218,0.0003111335428582327,3.609500262317323e-8,
0.002234205410957752,0.0003111177929199953,4.395827573924446e-7,
0.0022342049966987527,0.00031111720185421257,1.2060021694222966e-8,
0.002234199720939321,0.00031111854669052774,1.2033318839647174e-8,
0.0022341996423002842,0.0003111164996529362,1.2096914009079576e-8,
0.0022341963855366373,0.00031112670554976727,1.2057877882126952e-8,
0.0022341952431272315,0.0003111175611464824,1.2002778609255061e-8,
0.0022341952156344244,0.0003111192804211986,1.1769147930661511e-8,
0.0022341944856594494,0.00031112229899541696,1.214821257540248e-8,
0.0022341898535748954,0.00031112713601340867,1.1644810862663602e-8,
0.002234189781656032,0.00031112782640239114,1.0432017485925068e-8,
0.0022341865568600064,0.0003111314874312385,1.0295869889085908e-8,
0.0022341850621050456,0.0003111413230918039,1.0267724164777933e-8,
0.002234185027265734,0.00031113937347584025,1.0255794645792456e-8,
0.002234184142305856,0.0003111405715465874,1.0455917693378344e-8,
0.0022341800100886856,0.0003111431470365274,1.0265518979299937e-8,
0.002234179909715825,0.000311144647232101,1.0212958622362094e-8,
0.0022341770811072996,0.00031116109033008386,1.017155739761933e-8,
0.0022341751111270313,0.0003111633536544554,1.014458024363152e-8,
0.0022341750774051944,0.00031115711491948685,1.0004039571853304e-8,
0.002234173942529033,0.0003112206363671931,1.0027365892361378e-8,
0.002234170491058384,0.00031121285521103215,1.0103669700436849e-8,
0.002234170406244921,0.00031119519505935593,1.0277430733288448e-8,
0.0022341678150190536,0.00031130205477843153,9.953827819714166e-9,
0.0022341655507765413,0.00031129840846073073,,
0.0022341655274834443,0.00031129898407360277,,
0.002234164184169155,0.00031127250822545214,,
0.00223416113478756,0.0003112690595002865,,
0.0022341610719922513,0.0003112785201562073,,
0.0022341588094758197,0.0003112912505878118,,
0.0022341546893428097,0.0003108825413475232,,
0.002234154680479766,0.00031081660630598247,,
0.002234153357176954,0.0003107855773509432,,
0.0022341515151231904,0.0003107636857357588,,
0.0022341514536045578,0.00031076109154228206,,
0.002234149536779357,0.000311185847240063,,
0.0022338653792867745,0.0003110999647339278,,
0.002233863655054292,0.00031106210900643736,,
0.0022338132163129557,0.0003109663290480435,,
0.0022337762834068577,0.0003109770572796884,,
0.002233775933214504,0.0003109885494816153,,
0.0022337630377637255,0.0003110081530423475,,
0.0022336689754208043,0.0003110061951831497,,
0.0022336675081764817,0.00031100894709525063,,
0.0022336325240542845,0.000311011437290391,,
0.002233510074479721,0.0003110117667601575,,
0.0022335097575716173,0.00031101253825802506,,
0.002233499378052365,0.0003110134520284167,,
0.0022334847133474904,0.00031101494291959915,,
0.002233482426913435,0.00031101601329150966,,
0.002233470263357717,0.00031101743334481085,,
0.002233348612733444,0.0003110166176250485,,
0.0022333479048783074,0.0003110419452506028,,
0.0022333380472729183,0.0003110428072193669,,
0.002233336461933457,0.00031104408529408745,,
0.0022333352276247575,0.0003110587718934285,,
0.0022333333476940356,0.0003110457708966536,,
0.002233330681117925,0.0003110387294047289,,
0.002233325926034099,0.00031104628049839696,,
0.0022333236487161426,0.0003110398950979752,,
0.002233322851003407,0.00031103866437322064,,
0.0022333151177057744,0.0003110583818708349,,
0.0022333150230810683,0.0003110793777820898,,
0.0022333070059639094,0.0003110772368993446,,
0.002233306124388829,0.00031105864948604374,,
0.002233305801350551,0.00031105521129330227,,
0.002233304841669979,0.00031105265099795436,,
0.0022333038406167414,0.0003110537065987994,,
0.002233303699347738,0.00031105405474995675,,
0.0022332384731125476,0.00031105589924525267,,
0.002233235797909589,0.0003110574743802978,,
0.002233227692636175,0.0003110612367996366,,
0.002233227692060896,0.0003110642953448859,,
0.002233225928207709,0.0003110567581107799,,
0.00223322578795908,0.0003110826236317222,,
0.002233223960711948,0.00031107648263557384,,
0.00223322359842332,0.00031107615250279975,,
0.0022332228895607657,0.00031106631874019405,,
0.002233222231494752,0.00031106140072573385,,
0.0022332221208244464,0.0003110526254676265,,
0.002233221407824832,0.000311046374314057,,
0.0022332194020396674,0.0003110531830962692,,
0.002233219400867335,0.0003110633209345254,,
0.0022332174618663633,0.0003110619494955599,,
0.0022332168676322543,0.00031106100988340644,,
0.0022332168670819376,0.00031107539542663714,,
0.0022332162729060303,0.0003110784984923986,,
0.002233214270366727,0.00031108901960683055,,
0.0022332142661561976,0.00031109975113021685,,
0.0022332123793264535,0.00031110363813307955,,
0.0022332120604168716,0.00031110317482881014,,
0.002233212052282244,0.0003111086592620114,,
0.0022332069382764354,0.00031110855902351014,,
0.002233206434516352,0.0003111129239958283,,
0.002233205175645694,0.000311108370788573,,
0.0022331988326370037,0.0003110807149564126,,
0.0022331953922291423,0.00031107175392808403,,
0.002233190882414638,0.00031108419541042747,,
0.0022331819144034534,0.0003111077814862258,,
0.002233170049660579,0.0003111278284955149,,
0.002233163048397972,0.00031110287282369315,,
0.0022331494112578826,0.0003111033366988569,,
0.002233137199816248,0.0003110998459912237,,
0.002233131876054912,0.0003110921411324071,,
0.002233123339153624,0.00031108267005786945,,
0.002233117898021263,0.0003111636042280164,,
0.0022331164749518975,0.000311168030039233,,
0.0022331142990866266,0.0003111717214901348,,
0.0022331094896139137,0.00031117151892864653,,
0.0022331092836460164,0.00031117173089604833,,
0.0022331085645795044,0.00031117186693477555,,
0.0022330922186955737,0.00031117161042953847,,
0.002233090908905796,0.00031117472698359756,,
0.002233083201039333,0.00031118328333288177,,
0.002233068873166982,0.00031118494072712466,,
0.00223289146229585,0.00031119483876619256,,
0.0022328716004747637,0.00031122212718654433,,
0.0022328635510284298,0.000311147526551981,,
0.002232857354246946,0.0003111469700840307,,
0.0022328571116206467,0.0003111481050345824,,
0.002232856383090407,0.0003111558238217671,,
0.0022328563642479,0.00031112848027234195,,
0.0022328559764755026,0.0003111260374953179,,
0.0022328553859229413,0.00031111452743862997,,
0.002232855356265854,0.0003111197330189019,,
0.002232854890528462,0.00031130722510704713,,
0.002232853481461691,0.00031130202569797045,,
0.0022328534654879923,0.0003113050557750273,,
0.002232851634045477,0.00031130440568348034,,
0.0022328495135837383,0.00031130411554313646,,
0.002232849435066469,0.00031130329714526594,,
0.0022328474149787424,0.00031131529567755394,,
0.002232847345318107,0.0003113049656884039,,
0.002232838830916313,0.0003113091497189954,,
0.0022328381573858192,0.00031131227482503605,,
0.0022328349050332505,0.00031131678549004986,,
0.0022328337808463434,0.00031132088081807307,,
0.0022328333474652675,0.00031132567924943355,,
0.00223283292181685,0.00031122791615405634,,
0.002232829517920364,0.0003112252833511016,,
0.002232829497429762,0.00031122531935153175,,
0.0022328262982627507,0.0003112247971333301,,
0.0022328256186994306,0.0003112246730132363,,
0.0022328256184307037,0.0003112238113602903,,
0.002232824956685694,0.00031122368880609247,,
0.002232821606871565,0.0003112238737968716,,
0.002232821606075147,0.0003112239229773536,,
0.002232818309573924,0.0003112288316825303,,
0.0022328175736304663,0.0003112384530689093,,
0.002232817573291562,0.00031122030698215933,,
0.0022328168691843715,0.0003112263679327013,,
0.002232813511279484,0.00031123100825898223,,
0.002232813475813135,0.00031124334598763996,,
0.002232810269107834,0.00031125725106802813,,
0.002232809071959552,0.0003112799062741689,,
0.002232809042197522,0.00031128226595706856,,
0.002232807627858883,0.0003112844463991644,,
0.002232803661401042,0.00031128227069217307,,
0.0022328029912948616,0.0003112822089546373,,
0.0022327975212991617,0.00031362128757191196,,
0.0022327974782249105,0.0003135878786199225,,
0.0022327973526857724,0.00031359102633664716,,
0.0022327972306453495,0.00031359758197520586,,
0.0022327967887349766,0.0003136293392181898,,
0.002232796683877387,0.000313648964236627,,
0.0022327862719272538,0.0003139615987658007,,
0.0022327837725976915,0.0003139266951120478,,
0.0022327798419801747,0.0003138761451156991,,
0.0022325964818892085,0.00031399427412428604,,
0.0022325618276536896,0.0003139676309843705,,
0.0022325148193346575,0.0003140409030184005,,
0.0022321329230009543,0.0003147768093434699,,
0.0022320412366859037,0.0003141773943723363,,
0.0022319372684907763,0.0003141853250903095,,
0.0022311663444499843,0.0003138595646447533,,
0.0022310338545131697,0.003995419791464499,,
0.0022306708940720635,0.0005405642742684586,,
0.002230165759942355,0.0003387307440055255,,
0.002229606414594349,0.0003349186655278827,,
0.002228767882143351,0.00033490391772131187,,
0.0022273347171725367,0.00033490985251767336,,
0.0022265961711894064,0.000334913051063376,,
0.0022257302248591877,0.00033491259729771436,,
0.002225138696699439,0.0003349120027982203,,
0.002224918493868983,0.0003349103026630055,,
0.002224745348890428,0.0003349608707409897,,
0.002224639769714968,0.00033495775348151865,,
0.0022245496970649996,0.0003349581763428321,,
0.002224455014768939,0.00033496169305060214,,
0.002224417527453835,0.0003349155420734476,,
0.002223970759010974,0.0003349216718637415,,
0.002223677259477739,0.00033492613703254616,,
0.0022235477506869616,0.0003349260090069508,,
0.002220967968260282,0.0003349335408854354,,
0.0022197899388149483,0.0003350140019605677,,
0.002219355868845797,0.0003350287758032178,,
0.0022159019129288325,0.0003350176347763863,,
0.0022152575522696068,0.00033501581877279254,,
0.002215091831838904,0.0003350146691340566,,
0.0022139024247905255,0.00033501340479816255,,
0.0022138382083268615,0.00033501391331415656,,
0.002213819848945097,0.00033501433315399264,,
0.0022135985168952135,0.0003349528625652281,,
0.0022135690058458324,0.00033492827897410224,,
0.002213560609296188,0.00033502236862711714,,
0.0022134193146595253,0.00033502251477429614,,
0.0022133895868040503,0.00033502292659930876,,
0.002213381215520076,0.0003350077802684026,,
0.002213288459974761,0.00033499725458490824,,
0.0022132671885565615,0.0003349912370674854,,
0.0022132620821517512,0.0003349879720692197,,
0.002213230174558138,0.0003350577913521317,,
0.0022132163488200345,0.0003350838740190416,,
0.002213213905598948,0.00033514130951911044,,
0.0022130349768840767,0.0003350684002338176,,
0.002212954866515615,0.00033513246602752617,,
0.0022129357714583374,0.0003357610632262164,,
0.002212388411113586,0.0003357398590985909,,
0.00221216763378085,0.0003357876764312095,,
0.0022121225518118622,0.0003357778692864768,,
0.002211839839484422,0.00033582884601337154,,
0.0022114485924375053,0.0003357320117847559,,
0.002211427804392922,0.00033566081885233,,
0.002211287502343115,0.000335685199105233,,
0.002209615350115847,0.00033564268083631374,,
0.002209614342917567,0.0003353585635381999,,
0.002209272467910485,0.00033552330781757395,,
0.0022091320077962653,0.0003353805405679499,,
0.002209131289810156,0.000337154811119306,,
0.0022089054838276643,0.0003352961904712712,,
0.002208793709583095,0.0003352081819864315,,
0.002208793377364796,0.0003392622524765046,,
0.002208506161943773,0.00033961978530931057,,
0.0022084207246788603,0.00034053774796098614,,
0.0022084203989444825,0.00034131554835116907,,
0.002205464905907804,0.00034189357031602684,,
0.0022054227861559882,0.0003419873636353833,,
0.0022054224235872172,0.00034092730808563885,,
0.002205381490922911,0.0003534606516040627,,
0.0022044147575459206,0.00035156119001184536,,
0.0022044146636714798,0.00035192490938111846,,
0.002204147167707966,0.00036350310722337123,,
0.0022039996783840498,0.00039150114322845556,,
0.0022039996643974553,0.00039058651150064463,,
0.0022039298237061895,0.000381101970551032,,
0.002203727850458774,0.0003808871389975639,,
0.002203727724276585,0.00043454780643031236,,
0.0022035982840560354,0.0003728976535749472,,
0.002203454775522319,0.000363220677256022,,
0.0022034543063705497,0.00035542646086682473,,
0.0022033390481917196,0.0003567361565916375,,
0.0022026150388527645,0.00036324972804500596,,
0.002202108952448829,0.0003616577926469517,,
0.0022006966823560014,0.000361925265155834,,
0.0022005758011642636,0.0003633062794814316,,
0.002181793715940866,0.0003610150550434339,,
0.0021816570930258197,0.0003633285266610821,,
0.002181576106107423,0.00036278093277213535,,
0.0021812642069357997,0.00035911202088165234,,
0.00218126417404892,0.0003680258046315854,,
0.0021809697357321996,0.00036954234970226014,,
0.002180812052403535,0.0003775711489384202,,
0.0021808009736724496,0.00038241768023639046,,
0.0021804889499233834,0.00037377721451783535,,
0.002178806903037126,0.00035588369515587994,,
0.002178779638816407,0.00036999754296141503,,
0.002178283143501801,0.00036836645155893447,,
0.002178249967522415,0.0003533408076113372,,
0.002178177381864273,0.00034466726661398626,,
0.002178177344602066,0.0003440799887283084,,
0.0021781623372380456,0.00034396150482932574,,
0.0021781614503716797,0.0003449009219687128,,
0.0021781611353091685,0.0003451268988204527,,
0.002178160268473342,0.00034514292000503054,,
0.0021781508660442027,0.00034515497773681666,,
0.002178150772844012,0.0003451572772893013,,
0.002178145701488077,0.000344536715428047,,
0.002178145188502015,0.00034453598343000397,,
0.0021781397009979393,0.0003445033059658562,,
0.0021781388503844794,0.0003445312343753771,,
0.002178136495929416,0.0003445726159947902,,
0.002178135790154032,0.0003447503628537774,,
0.002178133806461966,0.0003449716745039519,,
0.002178132969017449,0.00034525431802605576,,
0.0021781257812351464,0.000346267985468603,,
0.002178125773485055,0.0003464087405916331,,
0.0021781196203130037,0.00034438843115906987,,
0.0021781189230873944,0.0003435371320029513,,
0.0021781188104827696,0.0003435185381224664,,
0.002178118099309138,0.0003435165437203449,,
0.0021781104208098935,0.0003434350724510555,,
0.002178110414439323,0.00034324043967163425,,
0.0021781039828611287,0.00034348620329916277,,
0.002178103359333929,0.0003417652926349018,,
0.002177893225804519,0.0003413218778767116,,
0.002177892218364833,0.00034171307239627734,,
0.002177725290874097,0.0003669727892381397,,
0.002177669169103143,0.00038317948543884297,,
0.0021776654199101536,0.0003822761644219837,,
0.002177639212088341,0.0003733064952618395,,
0.002177620239571118,0.0003755241156585934,,
0.002177620059776816,0.0004007247090348896,,
0.0021776095612096036,0.0003883250158481183,,
0.0021776074808665096,0.00038130637182343493,,
0.0021776057944617065,0.0003731326437331009,,
0.0021776039048426693,0.0003464180923260417,,
0.0021775901536954757,0.00033880847150355653,,
0.0021775901485643714,0.00033882549302055316,,
0.0021775784442170437,0.0003398434946278591,,
0.002177577075995279,0.000348583300024102,,
0.0021775758343899622,0.0003494265876662314,,
0.00217757454534475,0.0003460744593745193,,
0.0021775571307660678,0.00034665666827875144,,
0.002177556751141048,0.0003443978091288947,,
0.0021775454677400606,0.0003438972173926731,,
0.002177543886200687,0.00034497606599951525,,
0.002177526582199589,0.0003454779663259832,,
0.0021775262160625684,0.0003456301356239111,,
0.002177520716513526,0.0003457453356881438,,
0.00217752002711747,0.00036128869906745966,,
0.002177519948018093,0.0004094715761821644,,
0.0021775192784856726,0.0003461809608294059,,
0.0021775087006372963,0.0003401163986664357,,
0.00217750869966348,0.0003398037639234605,,
0.002177498577101588,0.00034215718402227837,,
0.00217749817476743,0.0003428763138408912,,
0.0021774981319807474,0.00034476169407437573,,
0.002177497741443007,0.0003430083017385188,,
0.002177489448435841,0.000346967545019842,,
0.0021774892746670056,0.0003479958377504934,,
0.0021774835646742497,0.00033696445168862474,,
0.002177483252197156,0.00033499714489473474,,
0.002177454550960597,0.000334742453638958,,
0.0021774541100160485,0.00033511117416185754,,
0.002177420006734265,0.00033694779426434585,,
0.0021774199237113664,0.00033403625062722867,,
0.0021774163812227575,0.0003316913949934221,,
0.002177416175071521,0.00033139826980734823,,
0.0021774084287699454,0.00033139495517490894,,
0.002177407231018369,0.0003313947420995629,,
0.0021774056736194427,0.00033139560597269076,,
0.0021774028454408165,0.00033139552944232744,,
0.0021773656021811124,0.0003313946093476055,,
0.0021773626860573936,0.00033139284798302393,,
0.002177358143932976,0.00033139073138584,,
0.0021773561377048697,0.00033139034348261104,,
0.0021773059560146277,0.0003313917187657683,,
0.0021773057703096442,0.00033139014609034537,,
0.0021773055593715287,0.0003313872877082289,,
0.002177305364230058,0.00033140222809193,,
0.0021773035469261964,0.00033140718740067997,,
0.0021773035396950194,0.0003314112693425917,,
0.002177302038941668,0.00033139221475064567,,
0.0021772798144137264,0.0003313709613565392,,
0.0021772790236234537,0.00033136607056621003,,
0.0021772579588948625,0.0003313601901688108,,
0.002177255706746893,0.00033136032767861325,,
0.00217725526536402,0.0003313772063611105,,
0.002177241854136364,0.0003313814364815119,,
0.0021772165192123494,0.00033141832731810024,,
0.0021772154532924575,0.0003314061133930892,,
0.002177195391212866,0.0003313961179583235,,
0.002177192125570175,0.0003313929156838786,,
0.002177191830859249,0.0003313829883823391,,
0.002177188722550381,0.0003313772223479964,,
0.002177188058979538,0.00033137956017142614,,
0.0021771807400122116,0.00033128305319983953,,
0.002177180646819393,0.00033138106182976755,,
0.0021771778202970926,0.00033138657056865225,,
0.0021771772541435185,0.00033138023945253217,,
0.0021771765100288033,0.0003313301109745856,,
0.0021771758898383275,0.00033132541424408043,,
0.0021771704419956046,0.0003312988410907623,,
0.0021771704399563044,0.00033131416749509454,,
0.0021771662884403587,0.0003313246553736296,,
0.002177165621704715,0.00033132998385415954,,
0.002177165370698265,0.00033124674986675446,,
0.002177164685737451,0.00033183296848659247,,
0.002177158791147793,0.0003319086011455873,,
0.002177158788540412,0.00033189371014284155,,
0.0021771547728614594,0.0003319017388439121,,
0.002177153872145155,0.00033185210760839474,,
0.002177127630763484,0.0003320021030509366,,
0.002177126708172678,0.00033208792354626427,,
0.002177085501103995,0.0003320818754258846,,
0.0021770854282189534,0.0003320978098567267,,
0.0021770853847108526,0.00033195950265597484,,
0.0021770852882480175,0.0003319618378747503,,
0.002177051912417593,0.0003319628985595397,,
0.00217705187629965,0.0003319413294506375,,
0.002177040431909249,0.00033192230780515166,,
0.0021770400924203837,0.0003319067104144979,,
0.002177040081713826,0.0003319072777641149,,
0.002177039781832456,0.0003318888891116425,,
0.0021770328934196848,0.0003318661794431417,,
0.00217703289184027,0.0003318634108252714,,
0.0021770287761279997,0.00033172522969804655,,
0.0021770286498340743,0.0003317467508791876,,
0.002177028649753489,0.00033174345508860993,,
0.002177028349352411,0.0003317409554811975,,
0.002177028205982389,0.0003317405677181404,,
0.0021770282058782633,0.00033173855285914853,,
0.002177028082811578,0.0003317372877287891,,
0.0021770276274539566,0.00033173147988409165,,
0.002177027627365585,0.0003317252211163796,,
0.0021770272617272607,0.00033172658922295213,,
0.0021770271471876833,0.0003317259474127264,,
0.0021770271459688744,0.0003317215781249271,,
0.002177027040841211,0.000331716567297097,,
0.0021770266737196494,0.0003316154210354655,,
0.0021770266728832577,0.00033163747559488733,,
0.002177026370061978,0.0003316220624119157,,
0.0021770262580205445,0.0003316145779035054,,
0.002177026244137906,0.00033160653738856634,,
0.0021770261554175533,0.00033163835972936526,,
0.0021770257401525785,0.00033185953939686826,,
0.002177025722708044,0.0003334118393687095,,
0.0021770254944706597,0.000333240098551688,,
0.002177025344444686,0.0003329469361075242,,
0.002177025126541351,0.00033297528861016555,,
0.002177025049376411,0.0003330324103277991,,
0.002177024082078442,0.00033361373222701895,,
0.002176940327215386,0.0003342863610443533,,
0.0021769347622626945,0.0003339565057531731,,
0.002176917124765443,0.0003335200910766394,,
0.0021769072112778104,0.0003368076937025882,,
0.0021769068556554286,0.00033606192161372535,,
0.0021769027518585256,0.00033523025288213906,,
0.0021768927438696175,0.00033582655583917027,,
0.0021768925356711885,0.00033600759169719296,,
0.0021768731361740206,0.00033592171500740673,,
0.002176861701106078,0.00033590077470908674,,
0.0021768609083048576,0.00033725252267688345,,
0.002176846720638187,0.00033758435568746536,,
0.002176842396408273,0.0004886657518303711,,
0.002176842287792944,0.00047965285753617045,,
