Oviedo,Queue,RD,Newton
3703.5701597433504,3703.5701598338205,14.268332562894699,1.1405441431561776e7
62.52976050141229,62.52976055131415,1.300011198671586,6.583588447643829e-9
28.943199384166384,28.94319800386366,0.8092238642098589,
21.82121588345312,21.82120046477272,0.6808543957046722,
21.233124566908558,3.6097722087222137,0.21595159084501062,
3.609778670916862,0.15077931048725943,0.17752132152212302,
0.16910419594411538,0.004447859737078628,0.14244302804508788,
0.15077798224521752,0.004397228651987284,0.119770956076847,
0.15077798207971688,0.003765755366015148,0.1108692458293825,
0.05422139243575999,0.0032428160741106637,0.09450563693957297,
0.05358554337624826,0.003242297795898336,0.03835193496587932,
0.048732458937229974,0.0032421094972009687,0.028143690728052402,
0.04154291846008571,0.0032421007176423673,0.007992882878431563,
0.04143060145189166,0.003242233682853522,0.00811667723312404,
0.04109758198730193,0.0032411609202763867,0.007869322911145064,
0.04108891595140313,0.003239666549233494,0.007769523105280313,
0.040866258531474464,0.003271252663922014,0.00995161006814158,
0.040856506528020614,0.0032770601488568106,0.008007445661283379,
0.04085637728468936,0.003276149028124099,0.006722422117716886,
0.04078364395498544,0.003276640911736312,0.006724364036582098,
0.04078049474553369,0.003272056624454038,0.0067398863254622835,
0.0407804583822017,0.0032715712263322438,0.00670304844059664,
0.04038739801914256,0.003270403380890833,0.00669435345347154,
0.04021524708309886,0.0032262798129541292,0.006691359392424109,
0.040213554620459085,0.003209539448072656,0.006596448542555842,
0.03976820614220396,0.0032057474403980246,0.006565624738229116,
0.03861270423750714,0.0031913924638610246,0.006514768597163384,
0.03860556857008431,0.003211082638516593,0.006284084509829651,
0.03723006191822147,0.003222499156392986,0.00625614065343432,
0.023286861604540646,0.0033025178128772217,0.006298983489063792,
0.023240586735291308,0.0033851804955758874,0.0064444313638126844,
0.01764467967327058,0.003335209794537613,0.006416310041476576,
0.012442293901601224,0.0032505169884803047,0.006422141311554589,
0.012437203849472554,0.003254443381202019,0.006434190183694259,
0.011990518671413545,0.0032407144670630605,0.006269911172836379,
0.01171086662838456,0.0032912141552077713,0.006239837190717061,
0.011710624015704706,0.003281086381197923,0.006245122139197644,
0.011635906863278433,0.0033310859098499165,0.0060835943086168486,
0.01155232316511193,0.0034336987627945708,0.005919020617331162,
0.011551819318185904,0.0034224938969753265,0.005897453819513597,
0.011508230769754655,0.003399151116377855,0.005815925591177993,
0.011426245022940292,0.0033819625860728028,0.005712954661640265,
0.01142623911421273,0.003316500949140288,0.004657634661790953,
0.011405287493330385,0.0033472958251686826,0.0046941715421764466,
0.011402261770872352,0.003334991336203251,0.0047078361114512085,
0.011402244542742166,0.0033162384597519297,0.004673211041120208,
0.011399429782668924,0.0032808718782649797,0.004466695592970852,
0.011359803120306931,0.0033145178074593124,0.0075078608099205186,
0.011359802670620795,0.003453881851089685,0.007917994018580059,
0.011341618799674914,0.0034417923310029025,0.00932161902203709,
0.011249437005400471,0.00463929120600545,0.008108873104100875,
0.011249220500751927,0.003468629692248477,0.026248977919537897,
0.011223526009461568,0.003467028210973777,0.009570186421064773,
0.011151257170359896,0.0034651569230304963,0.0070253330211616505,
0.011151223554920117,0.003446517891040859,0.012411248726805891,
0.011144844381757108,0.003445018041989154,0.035163224071240756,
0.01114288266388647,0.0034247929811586702,0.03880520066145997,
0.011142766908840569,0.0033826294153290904,0.11699185379690671,
0.01113950185607097,0.003328597090004249,0.017970326017311807,
0.01113166289269934,0.0033179968015835475,0.018275707786495073,
0.01113125091451873,0.003607304763675003,0.016646338043105544,
0.011111891248459566,0.0034609362562663146,0.015965013507095237,
0.01110633275319782,0.003299526904611235,0.0053416893147133345,
0.011104225590952766,0.0033353329888273628,0.005477707678492393,
0.01105495615247125,0.0033270788825465664,0.005411243615493521,
0.011035372303294778,0.0032119017726603884,0.005380155413520598,
0.011020943331890997,0.003207402954574099,0.006352676279153176,
0.01076361041772912,0.0032074040949482668,0.00559586554169965,
0.01070588106069403,0.0032073522721754095,0.00857323366456888,
0.01066605172831491,0.0032089434507123096,0.008241222092640969,
0.010350254086782876,0.00320840862134974,0.01557025951741518,
0.010313564770158217,0.003218609973539798,0.014352974126945374,
0.010248263362926589,0.0032204538715887117,0.004553692738625598,
0.00991998654731139,0.003216985442942846,0.004320806668166049,
0.009894403383051788,0.0032135612237185213,0.004356766756659293,
0.009820292821785967,0.003214614954654214,0.004198589488565104,
0.009674343904463452,0.0031954424884176684,0.0035811295746059377,
0.009668477132758655,0.003194926101745167,0.004280407357222596,
0.00964718034165055,0.0031943225093773826,0.004298519419220592,
0.009611281903110261,0.0031963417437395327,0.0054460477429397235,
0.009609393410063437,0.0031984240152334803,0.004312012094974972,
0.009576529677648512,0.0031919417710559073,0.0034135785476889207,
0.009554286124097828,0.0031920227082629636,0.0034754251582487204,
0.0095522028704679,0.003199497678435613,0.0035730757347181862,
0.009520497559537551,0.0032067928930636837,0.0035638092297158065,
0.009503518090998022,0.0032085959310418463,0.003465477340920178,
0.009500953517048934,0.003261925572069403,0.003409363175805715,
0.009446885661782263,0.0032552342001059163,0.00905303069076111,
0.009420211850128556,0.003256038196809639,0.009305283203603128,
0.009412604345862406,0.0032449750336370434,0.007568431750321957,
0.00929674347307878,0.003244468879278163,0.0069250543147280465,
0.009264934653458299,0.003259335320557738,0.0050802500605373465,
0.009257185559246749,0.003588545567271181,0.0054634464990504505,
0.009189572834433616,0.003569697671467496,0.006381423029340656,
0.009179120950418404,0.0035383779105538473,0.004338933087084033,
0.009175334980849211,0.003523078656371611,0.004088541030527277,
0.00914086626202604,0.003459148461681347,0.004101442120897017,
0.009137758754108114,0.003541375476294855,0.002509334183446886,
0.009134753366702402,0.0033994215503999462,0.0025398270869029555,
0.009123677875673804,0.0033743408683800185,0.002478700171046737,
0.009122706974098211,0.0033843506536230064,0.0024194972851289956,
0.00912168151898258,0.0033854246376595456,0.00236770427981088,
0.00911791770450326,0.0033648152613952203,0.0023612814694700217,
0.009117805899701372,0.003357571550908012,0.002390104664998609,
0.009117378865929341,0.003354916962735504,0.0023860202382417393,
0.00911682250274215,0.003356381295939198,0.002374541777924692,
0.009116773224531784,0.0033809469260610474,0.0023667318116451824,
0.00911645940373326,0.00319502588509938,0.0023173154935242357,
0.009115074278900029,0.0031863373649799447,0.0023118938361449534,
0.009115043042942155,0.0032216157980844884,0.002298084912287116,
0.00911393427409941,0.003221372801305783,0.002317249925154432,
0.009113364253663159,0.0032215443037124044,0.002255507840045058,
0.009113338613783715,0.0032220759072223476,0.0021931514874358876,
0.009112672956591081,0.0032588252640397527,0.0021826273980641996,
0.009111008848587787,0.003217236364883998,0.002179780471328284,
0.00911097689135665,0.014296588003530656,0.0021124176008635895,
0.00910490885622967,0.0065160056426142015,0.0020417360857843373,
0.009101031889789784,0.010926981577653153,0.0019602237363445588,
0.009100916675693406,0.003437594846160621,0.0019163589215084901,
0.009089277059054454,0.0031048488413466684,0.0019126125738695074,
0.009075452806668983,0.0031227248763324934,0.002021893688964551,
0.009075146295293296,0.003103233516169912,0.002019587621907782,
0.00904486017893442,0.0031009457779962194,0.0019554811662126094,
0.00902777769500435,0.003106677748380113,0.0018942120438725668,
0.009027448363824929,0.00310590928096242,0.001834284381359537,
0.008989577408442289,0.003106219345548985,0.0019147759552893683,
0.008967558115378131,0.0032458453722780238,0.0019114799405388315,
0.008967198955615879,0.003247522161208546,0.0017834369837668573,
0.008893056395004683,0.0032639637809982417,0.0017476889147518347,
0.008865404376937901,0.0032764872982224596,0.0016489020642885806,
0.008864973148664496,0.0032634131676842477,0.0016531469199819657,
0.008798437750764904,0.003233079801976875,0.0016031664215735658,
0.008780698914375119,0.0031748058717711936,0.0015576841991291799,
0.008780468270108855,0.005256831205899583,0.0015558546249521477,
0.008738397378608348,0.00405388451106711,0.0014896262611830324,
0.0087347790671065,0.003495830068385536,0.0014196190821107724,
0.008734726594303147,0.0033848509755737125,0.0014859000445057258,
0.008728641262037592,0.0033541090337848396,0.0015267810581511883,
0.008724653863337425,0.0033489451547957672,0.0015177992980349336,
0.00872462089000211,0.003347744007044108,0.0014539061173934544,
0.008644537884634223,0.0034736105229556543,0.002802981899449011,
0.008605728944717143,0.0034580465677786984,0.00992851759658647,
0.008605418643717855,0.0034479409581674473,0.009683584824828177,
0.008583181674111106,0.0034501941543360532,0.009692524742152821,
0.008524606543434201,0.0034532441896926802,0.007954514985310827,
0.008524594075733112,0.0035936806057471292,0.00567122481291427,
0.00851799644585721,0.005604131227986186,0.005459489097926845,
0.008515886347996847,0.0037611574780924673,0.013356188173715986,
0.00851586583524435,0.0037232038404698717,0.013398263181405362,
0.008514130200954814,0.003768705080601418,0.01136528009612251,
0.008483461886079935,0.003753401938965809,0.0032770149764668986,
0.008483461444191676,0.003773658692306139,0.002356964424677574,
0.008467246270903167,0.003775092459802877,0.0018759134009491806,
0.00846668073772654,0.003782255152327172,0.0017822426464433614,
0.008466676778584457,0.0037634620530615486,0.001781982835669201,
0.00846607218271263,0.003760884258060086,0.0017533273841701402,
0.00842422531732291,0.0037359612056731377,0.0016958637384391038,
0.008424206790563871,0.0036923798691870006,0.00169556877253451,
0.008421145779614659,0.0036705325030434595,0.0016620792972340248,
0.008345769733316747,0.0036952723530100464,0.0016527245122010994,
0.0083457548913961,0.003692867205701346,0.001660823399754523,
0.008341815561726439,0.003665707831626935,0.0016478844537909177,
0.00833781063154935,0.0036140807031243612,0.00163906667713208,
0.008337800398497932,0.0036154735664386934,0.001641769330376085,
0.008336159907642398,0.0036268179424799206,0.0016072758232289395,
0.00832618846479837,0.0036268054123792773,0.0016063760491761973,
0.008326185874623282,0.003620045441223344,0.0016411108957765307,
0.008307479368053379,0.0036217946462276445,0.001749937189144489,
0.008306392782136306,0.0036244288515175525,0.0017103160250370394,
0.0083063686969737,0.003625056210153824,0.0017116707165327674,
0.008304749222345703,0.0036236358157076642,0.0020752787263610497,
0.00829409911549664,0.00362395391557316,0.004142512813949858,
0.008294045863056541,0.003622395321156741,0.0028060531216794566,
0.008291345078584382,0.003621099429979281,0.003299847026021999,
0.008287207731555817,0.003621813366690365,0.0017674996857026171,
0.008287197984932031,0.0036189456125484674,0.0017108161846884806,
0.008286264284007666,0.0036424893036884998,0.0016296932740229905,
0.008284088018917933,0.0036450485372425956,0.0015496623356838714,
0.008284062308393111,0.004616543260698888,0.0015533540497503248,
0.008282869866542295,0.004480723359988904,0.0015462923986603201,
0.008281544075757782,0.004094739767359259,0.0015443368572276718,
0.008281536347184542,0.003977362235151497,0.001495613024728178,
0.008280833594441855,0.0040959771501912,0.0014965957482726074,
0.008279931897142899,0.0038215749721809355,0.0014374561039809642,
0.00827991147940677,0.0038078594403041744,0.0014356685264364142,
0.00827929918687126,0.0037976287911816076,0.0014189338960549555,
0.008278372705888739,0.003794671144969487,0.0014190223581929914,
0.008278368176524714,0.003833697595614148,0.00147930370261321,
0.008277890897054446,0.0038039883095932333,0.001477365121662695,
0.00827741616389228,0.003818703441698832,0.0014755159339287997,
0.008277401048174019,0.003811603735282528,0.0014724528125644879,
0.008277060600920443,0.0038135006481536775,0.003987001673176298,
0.008276403629608036,0.0038107851195219684,0.013739024758677285,
0.008276400275702736,0.0038107124594947773,0.01359469108053324,
0.008276062612653061,0.003810671056728177,0.002300384243437952,
0.00827580595633048,0.0038099149586144428,0.002254896032937317,
0.008275776934678231,0.0038096079718184348,0.0010187765795199066,
0.008275602284906789,0.003805716441964564,0.0010118883598298875,
0.008275140253808861,0.0038055161835248274,0.0009771446690961015,
0.008275136513600248,0.0038032077384690913,0.0009553653584378971,
0.00827491352825506,0.0037981384790980637,0.0009568358230076454,
0.008274744597658654,0.0037968749625981713,0.0009848492374331286,
0.0082747161078158,0.0037990035538131967,0.000961370583268829,
0.008274605720785377,0.0037895642986357334,0.0009570103207578224,
0.008274254008174643,0.0037897776365595176,0.0009497710200957738,
0.008274250768713742,0.003784494649177511,0.0009488513957350975,
0.008274086218703035,0.0037814245981158934,0.0009242429431722146,
0.008273968918224793,0.00379119844319371,0.000923201982488788,
0.008273955934010332,0.00368602077894066,0.0009290521762464,
0.008273871120020645,0.003221176718722985,0.0009270220901024122,
0.008273590814359355,0.0014727503160337119,0.0009264553812570709,
0.00827358887158034,0.0013440595758632474,0.0008686560920957525,
0.008273452393801532,0.0013512209265733087,0.0008647169552452676,
0.008273374219679672,0.0013432261223540343,0.0008669399010849923,
0.008273361160669943,0.0013413671437793007,0.0008677660123935221,
0.008273305564210947,0.0013411718675762757,0.0008733301057365514,
0.008273068861947123,0.0013412781906606138,0.000921457021315024,
0.00827306701593293,0.0013413281423927368,0.0009237339790737838,
0.008272960239565898,0.0013419970605066515,0.0009220116073418886,
0.008272907151563176,0.0013404798386892592,0.0009026543967856758,
0.008272903069799577,0.0013403023592510176,0.0008966275056410264,
0.008272859906243012,0.001339698740340609,0.0009449887996157198,
0.008272587374369731,0.0013398602252856547,0.0009394830441022652,
0.008272586861134522,0.0013370414983352036,0.001165291012003576,
0.008272489740143716,0.0013369515352680877,0.00111820653856283,
0.00827246428193926,0.00133475955116324,0.0010789810926390255,
0.008272463030212255,0.0013349292989792401,0.0010564444982969804,
0.00827242714835715,0.001334870684012797,0.0010978900477560554,
0.008272273454793219,0.0013348702786669833,0.0010779634055898158,
0.008272269384467658,0.0013348968758329861,0.0011031065592460448,
0.008271896890653921,0.001334833553457546,0.0009848716313786787,
0.008271874467848769,0.0013352448114510001,0.0009703020107715116,
0.008271865722607625,0.0013354694971447233,0.000911237809043831,
0.00827182634695788,0.0013381091404582948,0.0009026837380430494,
0.008271597084501134,0.0013383207328222328,0.0008812498739216442,
0.008271591410366447,0.0013383604657634075,0.0008610738991152642,
0.0082714990670903,0.0013383111768783742,0.0008403023588708004,
0.008271452257540977,0.0013383830692111464,0.0008203867473600743,
0.008271445994756014,0.0013384406238952872,0.0014229680576938139,
0.008271424715919282,0.001338465072258128,0.0018641447181802558,
0.008271269288490278,0.0013384701960305171,0.0007908288427206466,
0.008271264582862998,0.0013387279597185122,0.000775417302463414,
0.008271194976768733,0.0013387133346736114,0.000691089819037404,
0.00827113846890491,0.0013388163424267858,0.0007027997762146865,
0.008271135232382631,0.001356515909199312,0.0007146784024553385,
0.008271108684294395,0.0013467057501341153,0.0007202664429407907,
0.008270980512495554,0.0013471235062879135,0.0028161629787714334,
0.008270976487266945,0.0013484630554435825,0.002653396829201659,
0.008270928554338797,0.0013494475714224093,0.0005526501167325206,
0.008270517807367388,0.0013498968332477414,0.0005508893115279348,
0.008270517189566609,0.0013541536540425513,0.0010918007159366574,
0.008270439844475497,0.001342521833121661,0.0007585767762525619,
0.00827042332855844,0.001341967640280255,0.0005990220888344053,
0.008270420668933617,0.0013444374153172426,0.0005631912596850512,
0.00827040503594481,0.0013444646929740673,0.0005315357114252186,
0.00826555839999484,0.0013461089389905374,0.0005302449658967873,
0.008265528550985578,0.0013477275517059326,0.000517314817053794,
0.008257713595693043,0.0013456222000409071,0.0005160032278596874,
0.008257229532919042,0.0013452567146733842,0.000496784380177667,
0.00825695516347666,0.0013458692304624256,0.0004816766125339416,
0.008245850108157622,0.001346582399181442,0.0004752743344952289,
0.008243699314922227,0.001346041723150033,0.0005671814128085002,
0.008242062334448207,0.0013458029075901518,0.000565651904123315,
0.0082416565097434,0.0013448105745432115,0.0005591862241814279,
0.008239790775306613,0.0013453918409183983,0.0005553297922224811,
0.00823968322977552,0.001346345641389285,0.0006603787858469277,
0.008239618117979202,0.001346351240674033,0.0006066922214302217,
0.008239494773825106,0.0013465911234281272,0.0005372716270751174,
0.008238763646515561,0.0013468866120279956,0.0005069030582634688,
0.008238762490423972,0.0013472820416244584,0.0004944576677038638,
0.008238005215245021,0.001347212534020715,0.0004882839277574274,
0.008237922258714926,0.0013473826572398785,0.000487300426568664,
0.00823792102364775,0.0013477109967538448,0.0004874824468761194,
0.008237836042185353,0.0013472325941774293,0.00048626816435218403,
0.008237233591510112,0.0013472024099243321,0.00048580701568903557,
0.008237233534576982,0.0013484482025243095,0.00048549696186038575,
0.008236640731535884,0.0013481730959436478,0.00047586547573468804,
0.008236568383459524,0.001348386590943853,0.000476514961778237,
0.008236568003747521,0.001348377528813765,0.00047835419287263015,
0.008236494577648721,0.0013483305453222323,0.00047799777172317026,
0.00823597596747426,0.0013484807977447012,0.00047571084533665393,
0.008235975839536778,0.0013500878031170358,0.00047012945762508427,
0.008235443332393589,0.0013497318659999528,0.00046940690682801574,
0.008235380006238021,0.001350653104288882,0.0004718733120244158,
0.00823537591743588,0.0013497848096459372,0.0004718048900982185,
0.008235307827001104,0.0013487123147912581,0.0004729122683891514,
0.008234907070043193,0.0013470430867885675,0.0004715971560102512,
0.00823490563933641,0.0013469698652530246,0.0004723061061452822,
0.008234407666170635,0.001347471184872959,0.0004733522007381257,
0.008234358345770656,0.0013479184127777731,0.0004721226185622783,
0.008234326743715806,0.0013484178713688557,0.0004735911149585103,
0.008234261319418231,0.0013487659656715113,0.0004764644823602594,
0.008234041625625398,0.001348794332318931,0.00047776624954774604,
0.008234030086134913,0.0013502026233830299,0.00048204196691977456,
0.008233491782862373,0.0013535815090446048,0.0004787617561518845,
0.008233452078745367,0.001353809876554347,0.0004906140285690631,
0.008233113178217743,0.0013539491267202087,0.0004893808849238478,
0.008232987727583968,0.0013592439725944342,0.00048594082790490346,
0.008232822119579535,0.001358063350330705,0.0004850816630360737,
0.008232654288677133,0.001358403433619652,0.00048390920606805106,
0.008230828316858903,0.001358984516567523,0.0004828983994891277,
0.008230231729247752,0.0013589461795592225,0.000478612914970969,
0.008229167529534911,0.0013613881640279467,0.00047713418304475426,
0.008228977120610959,0.0013592783190197251,0.0004906633458089549,
0.008227607690842674,0.0013571519243149345,0.0005101590305076216,
0.00822754707452543,0.0013581217678742797,0.0005093050548510844,
0.00822748019332093,0.001369061619078417,0.0004967451368965033,
0.008227415223401742,0.001372858661590505,0.0004858904214087764,
0.00822680556647266,0.0013955586273331985,0.00048021338349721435,
0.008226805348872506,0.0013936036126995935,0.0004666590308267326,
0.008226150924468377,0.001396879844252888,0.0004556876801398032,
0.008226095127110793,0.0013931391507510877,0.0004457188678376685,
0.008226093424072425,0.0013890110518906104,0.0005108866897002929,
0.008226036542996737,0.0013733042010710553,0.0010589805993184635,
0.008225482720970663,0.001389070003911065,0.0010795197417579343,
0.008225482683975542,0.0013630140040576438,0.0005746093408223422,
0.008224916258609681,0.0013639691873680354,0.0005334426266309123,
0.00822486419092922,0.001368321727976113,0.00046880602374013025,
0.00822486107521726,0.0013703088497019917,0.00043369374806517027,
0.008224807281943641,0.0013689762234493335,0.00043468803171942474,
0.008224350423405403,0.0013668287092586052,0.00042584489533267745,
0.008224350062015814,0.0014267088006898168,0.000425212969515456,
0.00822382099260809,0.0014147014144965423,0.000422164219357017,
0.008223774940678759,0.0014127962866147402,0.00040943446858292504,
0.008223741824363567,0.0014127945938350898,0.0003974238991418295,
0.008223687595501765,0.0014287415597898094,0.0003906985309175089,
0.008223432963408056,0.0014117011239964472,0.00039001456143193257,
0.008223428564936809,0.0014427430501220582,0.00037997612037130653,
0.008222888046010695,0.0014110318769552095,0.0006962361104616195,
0.008222845398403818,0.0014162322364533715,0.00028125024306791733,
0.008222689552050863,0.0014104352394100506,0.00027825244863989416,
0.008222614421373297,0.0013801909237817337,0.00027242235584189423,
0.008222507759919444,0.0013569020489204043,0.00028085176916330036,
0.008222487544397921,0.0013564093042849072,0.000279119417979496,
0.008221833243185693,0.0013558198167829918,0.0002770609295769595,
0.008221736668295638,0.0013551544914172707,0.00027852961821543416,
0.00822127976115923,0.001359393858837674,0.00027808346363890135,
0.008221031995674845,0.0013857533378953757,0.00027542725954632423,
0.008220742807768088,0.0013765103584215293,0.0002720678667346367,
0.008220235567905885,0.0013860738846125696,0.00025125453029433494,
0.008219018150350064,0.0014307135641963653,0.0002567841552766547,
0.008218605619855325,0.0014382426966400878,0.0002553258823433353,
0.008216128202469315,0.0016290610465000562,0.00024833909339842466,
0.008216127141025445,0.0015967577120060798,0.00024087346001484155,
0.008213920639406654,0.0019226306024556319,0.0002427563393913189,
0.008213519748824512,0.0022091790120522363,0.00024163285336053502,
0.008213516279782253,0.002193856401420082,0.0002407076249693881,
0.008213119705969826,0.002095461560245962,0.00024010234509813186,
0.008210868835670293,0.001419090472690757,0.0002458534025539494,
0.00821086840476149,0.0013962707356622206,0.00024800766075839295,
0.008208735666177105,0.0013930884915718093,0.00024305620324684368,
0.008208334486009345,0.0013930506922851112,0.0005702327018345547,
0.008175837635754395,0.0013919043757497007,0.0003591307271021963,
0.008174834200341905,0.0013921089334484294,0.000411246509963658,
0.008169397045919796,0.0013920982942275378,0.0003976878475455397,
0.00816855204067157,0.0013931394816008114,0.0003600805435985194,
0.008167734274455508,0.0013942902024415068,0.00043777231836853554,
0.008167662464160447,0.0013949485933174022,0.00040297627949696923,
0.008165312016834318,0.0013919953951134255,0.00032299835683990806,
0.00816513438195486,0.001390954568817881,0.0002680432215837172,
0.00816454606167871,0.0013912292603897077,0.00026041451195247286,
0.008163363816559285,0.0013923275418152568,0.00025484581350393275,
0.008163327501893851,0.0013939918151613948,0.0002559755156725967,
0.00816312712328908,0.0013939683485996901,0.00026027836294759143,
0.008161783099480553,0.0013939702176609605,0.00025697643938446806,
0.008161397768003398,0.0013939832477779318,0.0002501073832768016,
0.00816081051176628,0.0013939814834473768,0.0002707338174972411,
0.008158873121910253,0.0013939208536341804,0.00027041496268825834,
0.008158814668893406,0.0013927362139703173,0.0002793147648653895,
0.00815853269858914,0.0013926460133132105,0.0002587848564367445,
0.00815771442404629,0.0013932170468177534,0.0002585290603327547,
0.008157114760773902,0.0013935747503865219,0.0002532333549201689,
0.008156671768274703,0.0013940134040657073,0.0002458713727048663,
0.008154129702010246,0.001395336582965505,0.0002454173781266271,
0.008154099214684334,0.0013950741350750595,0.00023566740867782084,
0.00815375122598356,0.0013950995686812524,0.00023551690905836438,
0.008153559240150631,0.0013951019940140101,0.0002546580546430319,
0.008153389033916379,0.0013936368974619285,0.00025170961651647814,
0.008153231420986035,0.0013927302162176451,0.00026228761735334026,
0.008150907616537357,0.0013923597630650655,0.00026567222302375035,
0.008150907219496632,0.0013924451790770565,0.00025943821152685166,
0.008149314077899225,0.001393402337764947,0.0002763435911160598,
0.008149144541886776,0.001397893650645992,0.00025000840915753573,
0.00814913989146858,0.0013921266549659346,0.0002461633188643287,
0.008148969456280712,0.0013910406886137566,0.00024467707502293795,
0.008146881718906866,0.0013909938080240256,0.00023541297297461069,
0.00814688167459594,0.0013908187985941704,0.00022667792962774823,
0.008146164417026903,0.0013909025857219463,0.00022492867741273384,
0.008145467181608615,0.0013909422059708947,0.00022521699174511307,
0.00814537979132936,0.0013909324742185406,0.00022180579171380722,
0.008144670027326115,0.0013908917750408616,0.0002216443395052923,
0.00814372940877796,0.0013909538131889109,0.00022219718627353491,
0.008143728946709585,0.001390614865186461,0.00022211565465115736,
0.00814311686888563,0.0013904255563449298,0.00022257907835743565,
0.008127770099502538,0.0013904336277179683,0.00022989191348445965,
0.008127754813484035,0.0013902411004419785,0.000230863058735787,
0.008121751157728256,0.0013902428414272296,0.0002327500371925228,
0.00812069756899774,0.0013902606081674662,0.00023505445679122746,
0.008120696146090494,0.0013900355875433137,0.00023476598809710151,
0.008119971151256695,0.0013902077298593492,0.00023423965315457425,
0.008119661541371384,0.001390160658712045,0.00023990690341448183,
0.00811959348777198,0.001390362434356087,0.00023987645589240494,
0.008119325231943962,0.0013899877538527266,0.0002411163498130571,
0.008118660138419992,0.0013903794544792042,0.000201274308681453,
0.008118657453234045,0.001390344597916995,0.0002004330091452791,
0.008118345024582415,0.001385616620878209,0.00020069586122305303,
0.008118293440625049,0.0013820761241325654,0.00019988001909998417,
0.008118196009141097,0.0013840352671070806,0.00019769326380312678,
0.008118160845071555,0.001383948461683288,0.00020320654266559567,
0.008117650200143954,0.001384057787447481,0.00019906991900163763,
0.008117647282004365,0.0013847953222784208,0.00019890276221049894,
0.008117465692439946,0.0013847624753582002,0.0002536848772754242,
0.008117439771432065,0.0013849646571570085,0.0002009993899564944,
0.008117228129706663,0.0013850512099179745,0.00020092121910230863,
0.00811721572437192,0.0013852232809057016,0.0002004922217322721,
0.008116628648334632,0.0013853628672206712,0.00019606391563529072,
0.008116623750405769,0.0013853007665379626,0.0001986521583440205,
0.008116510096863178,0.0013851992707342381,0.00019880795717760062,
0.008116489755863794,0.0013858101507430698,0.000195150076476681,
0.008115848562016149,0.001385908236143639,0.00019526083897778928,
0.00811584265731614,0.0013879578819044017,0.00018560406629830592,
0.008114768150901515,0.0013901061131286468,0.00018463995367996953,
0.008114758879050301,0.0013866167369770963,0.00018329914215671716,
0.008114676933281755,0.001384949266870835,0.0001655549955239268,
0.008114653897511303,0.0013849409135945727,0.00016141833331574009,
0.008109610913579335,0.001384950373305027,0.0001604706453269476,
0.008109608141000582,0.001384958780063211,0.0001555443942919607,
0.008105185040912224,0.0013850198162508643,0.000150127325949253,
0.008105170641579023,0.001385069366804044,0.00014518452304192555,
0.008105105837638885,0.0013848224156123381,0.00014048157859217704,
0.008105078014756505,0.001387280080945501,0.0001365156223721588,
0.008101968198416454,0.001386796540065446,0.00013605627664192273,
0.008101964303140089,0.0013842233258436801,0.00013530461320540439,
0.008099890076951902,0.0013845657242956043,0.00013521261357349215,
0.008079141438805911,0.0013962390789204516,0.00013061291228462474,
0.008075305909201533,0.0013921753322066785,0.0001273733191658022,
0.00805610570104093,0.001392968263567829,0.00012705104977413472,
0.00805284592556317,0.0013930974327722022,0.0001292761802848987,
0.008052808907026827,0.001393019226385313,0.00012888265662775394,
0.008050560397672052,0.001393256793255895,0.000132679780609624,
0.008050559703953268,0.001393193986964183,0.00013226714355798544,
0.00804980785320835,0.0013913161953388136,0.00012983273948687413,
0.008049762223097121,0.0013912108983510604,0.00012970082453880942,
0.008048753652727478,0.0013910473691514196,0.0001280936528189029,
0.008048745867929863,0.0013910514343759741,0.00012797378806893664,
0.00804801829915595,0.0013910435766962446,0.003446522206920405,
0.008048013530919754,0.001390313723487012,0.0020920769101617134,
0.008047968932648128,0.001382712552700233,0.002077136440187572,
0.008047956865299468,0.0013812741927268037,0.0020774392826803643,
0.008047063610873144,0.0013820615078976013,0.002075943302855124,
0.008047061881201053,0.001382213546946436,0.002064267271543962,
0.008045957591804395,0.0013823599032741123,0.0020625270953889686,
0.008045947875049376,0.0013823503398679921,0.002742935096673984,
0.008045934672288917,0.0013821813608132759,0.002574616105323499,
0.008045922058222535,0.0013836896155061857,0.0023617314562623033,
0.008044680449410294,0.0013845489126619083,0.0023742292692768294,
0.00804468025467165,0.0013846463444230717,0.0023652396798925987,
0.00804367144030548,0.001384771151969538,0.002361902831274636,
0.008043664436289717,0.001384777653584726,0.002366521937316992,
0.008043663381893912,0.001384761744787936,0.0023639246807431796,
0.00804365569267635,0.0013844852638289773,0.0023654482784018905,
0.008042534715255411,0.001383787124424997,0.0025745438990452726,
0.0080425344753996,0.0013830843607912703,0.0025455484231412195,
0.008041352207475172,0.0013793670127500118,0.002573822418584575,
0.008041339848903394,0.0013777430100037481,0.002474429878160564,
0.008041333741440022,0.0013777578716865262,0.002429663563237859,
0.008041319440552372,0.0013777895994971862,0.002381665512348897,
0.008037386825793667,0.0013777651851587642,0.002372934967830503,
0.008037386111698361,0.0013772754707449264,0.0023728559737194476,
0.008035148824309907,0.0013770569194102517,0.0024094962772865137,
0.008035129847279327,0.0013770431553768428,0.0023951672212644422,
0.00803512037538106,0.0013770987108139515,0.002433774862559186,
0.00803510550717929,0.0013769514786116464,0.0024094206488102956,
0.008034191359206775,0.0013766282044281113,0.002407727660453757,
0.008034190591462181,0.0013765842560445364,0.0020817164667544514,
0.008033774352063141,0.0013766592892823218,0.002084447843012113,
0.008033761126279826,0.0013765320532901166,0.0020923534512577477,
0.008033759972291141,0.0013764853965352803,0.002091510301941342,
0.008033748991860167,0.0013746759315735966,0.002095190980456133,
0.00803309475069179,0.00137287216673223,0.0020921541479462977,
0.008033093122216459,0.00137288973214369,0.0020428627784044445,
0.008032816120809572,0.0013728939181929262,0.0020452435768987497,
0.008032789810615535,0.0013728899618879824,0.002043482503912742,
0.008032787723640175,0.001372901935336484,0.002040557010203437,
0.008032769218313994,0.0013728991989659725,0.002036051438500938,
0.008032282501398267,0.0013728576185779355,0.002035254556438978,
0.008032278934204504,0.001372810293683918,0.002053761045040696,
0.00803206843965897,0.0013728867346295946,0.0020480279968750187,
0.008032018008894136,0.0013728580015632233,0.0020369927363146955,
0.008032016194158154,0.0013728281351785847,0.00203389856366248,
0.00803198242228312,0.0013729627791106125,0.0019473006109247827,
0.008031568455448683,0.0013730218805013525,0.002310613423393885,
0.008031564347462085,0.0013727394139597567,0.0021711204916154705,
0.008031404284878618,0.0013705458833128893,0.0021623357643027735,
0.008031270628148797,0.0013704752496178283,0.0019705097162763213,
0.008031268705286195,0.0013704752787513565,0.001969190368740558,
0.00803120829305761,0.0013709794910115967,0.0019679393272842354,
0.008030930203570963,0.001370863285221892,0.0019629041566073557,
0.008030923822754662,0.0013707618188445432,0.001984598352279452,
0.008030791704106047,0.0013694032162588536,0.0019876834224823907,
0.00803045409408136,0.0013729205556631088,0.0019391992592874192,
0.008030452964752126,0.0013725537372175493,0.0018981110796448956,
0.008030342353556109,0.0013724359135614172,0.0018939460607732656,
0.008030212043817781,0.0013733001516147668,0.0018901949458580436,
0.008030207458180224,0.001373019163328094,0.0018869240690907467,
0.008030108250446625,0.0013729513991460585,0.001793005189596103,
0.0080296017001236,0.0013729038293482005,0.0016999708319736617,
0.008029596404383882,0.001373119425716342,0.0020390809636071654,
0.008029522113294538,0.0013724546210621045,0.0016312320511405862,
0.008029286142936541,0.0013722086044865628,0.0015918567377471566,
0.008029217671576284,0.001372075253575654,0.0014246905284594148,
0.008028917682147745,0.0013720021584234154,0.0015009960816309155,
0.008025081365770006,0.0013720552058961975,0.001583591579380138,
0.008024602336218222,0.0013718120118994925,0.0014840301182417793,
0.008023073694105815,0.0013716357882669948,0.0014537795859552423,
0.008020587881410444,0.001371737829282317,0.0014069101623634369,
0.007987971210428447,0.0013720598610977746,0.0014585794351600857,
0.007954869064282742,0.001372095707982285,0.001325943490739126,
0.00794362456953634,0.0013722504209155906,0.0016258964628935559,
0.007756460249485434,0.0013760644401412576,0.0020230229837292827,
0.0077531360922263514,0.0013755562022260664,0.0012172480448621595,
0.007748837756466345,0.0013750731032751804,0.0011974358127973248,
0.007730055691297776,0.0013746605496974267,0.001188438225820679,
0.007724179476100294,0.0013740209359529105,0.001189750683568566,
0.007718418608883495,0.00137416425538418,0.0011826982352121727,
0.007183749952411399,0.001374137087592681,0.0011356931857533059,
0.0071689317561055566,0.0013740966193909647,0.0011718333264987158,
0.00711821416385563,0.0013752415864063676,0.0011861345482048406,
0.006817770905469366,0.0013762595550484188,0.00141705952036631,
0.0067962933638893675,0.0013768695239854978,0.001403320956887678,
0.006738327314650147,0.001376799534260091,0.0013832930740539117,
0.006284126156100545,0.0013768358329259462,0.0013834376565297205,
0.006279185195147113,0.0013768366466232155,0.0012304281281347333,
0.006263889177156616,0.0013728513067488913,0.0012262775832533605,
0.006237667696587211,0.001372312830799408,0.0011921883102886984,
0.006235969416690115,0.0013723215851161744,0.001186799524756856,
0.0062319959756679194,0.0013716459192296502,0.0011737792195418515,
0.006186531395334702,0.0013717223579942056,0.0011623340850891023,
0.006186522575882103,0.0013716120824865594,0.0011696823317978275,
0.00614227641066664,0.0013715711139826285,0.0012677128379064851,
0.006138005036574767,0.0013716818158780314,0.0012425984122919735,
0.006137973698480648,0.0013717311341222937,0.0012506426251214333,
0.006133027195117273,0.00137190805570015,0.0012513107853017237,
0.006125130024043896,0.001372113848935899,0.0012523551626720836,
0.006125122448031561,0.0013726744421233255,0.0012495990541150494,
0.006121885821422146,0.0013809543786116477,0.001237795450179748,
0.00611820890278295,0.0013709898809252069,0.001234610025951892,
0.006118186707332389,0.0013714089497648644,0.001243634170548165,
0.00611348069417072,0.001371300651813345,0.0012429036694694693,
0.006111270649448294,0.00137132666767695,0.0012090807289761626,
0.006111250544796569,0.0013713667140678072,0.0012113720330629066,
0.0061083922851800304,0.0013714924178098028,0.001184294690654714,
0.006104399212380081,0.0013714782910550592,0.0011847829801074807,
0.00610434935385947,0.0014718215012609654,0.0011689876719586535,
0.006099369558132855,0.0013799746095680082,0.0011737522406524345,
0.006097254226043272,0.0013803189630897576,0.0011722250133904513,
0.006097212533269169,0.0013807415458427345,0.0011734613256817541,
0.006094300396594909,0.00137675775763057,0.0011759993720351165,
0.006089904173642102,0.0013766960983817814,0.0011777556620364005,
0.0060898418554706625,0.0013774262389284404,0.0011952254738752436,
0.006084289416466407,0.0013783792563327145,0.0011904071191055667,
0.0060821361588495725,0.0013777853539233098,0.001186119557382399,
0.006082087671373377,0.0013776534997812066,0.0011873352251109985,
0.006079100934064966,0.0014758523823283198,0.0011909383808549978,
0.00607407785622421,0.0014006392729126948,0.001189867484101521,
0.00607401544637418,0.0014006041379659158,0.0011666952483093851,
0.006067694792230291,0.0013959823657069726,0.0011660415891150179,
0.006065466185160949,0.001395535133484344,0.0011915073378607282,
0.006065414125824551,0.0013950370817922778,0.001188820027803981,
0.006062339819641634,0.001394218253342544,0.0011901464646427336,
0.006057514024132161,0.001394213627812254,0.0011890468593704355,
0.006057361362303123,0.0013809464801588962,0.0011865237822956435,
0.006050695421293,0.0013809966673880305,0.001185201134955864,
0.006048495156907292,0.0013825651741275389,0.0011639400231198006,
0.006048396530845863,0.0013805578408489683,0.0011588040082186166,
0.0060450603983093435,0.001380109581369377,0.0011588551610982375,
0.006038195398995708,0.001379696040415895,0.0011455669665883534,
0.006038128786605714,0.0013792560134478723,0.0011443233417567514,
0.006029556492772599,0.0013789195692666205,0.0011404882643901372,
0.006027001885217266,0.00137900106388866,0.0011401922921076071,
0.006026940888463521,0.001379119714363461,0.001212875991741857,
0.00602346176140637,0.0013781743902380435,0.0012098471951172405,
0.006015997354141412,0.001377633695864852,0.001212021597380787,
0.00601586958246085,0.001377187887043699,0.0012094207453223463,
0.006006128842604572,0.0013765908502679244,0.0011616758366297959,
0.006003443064882235,0.0013765249064535672,0.001158829014599659,
0.006003336901602023,0.0013765206712476295,0.0011586591244177567,
0.005999439040580988,0.0013760533882686188,0.0011174721806776222,
0.005988437552615811,0.0013743777661992217,0.0010865393182053712,
0.005988359263315521,0.0013743018803725213,0.001078339197650065,
0.0059746978967423,0.001374428051711518,0.001076824010394374,
0.005971244564269394,0.0013744996229482674,0.0010912780810162412,
0.005971220108685841,0.0013743225365510279,0.0010874270293045418,
0.005966947384316125,0.0013739532440500933,0.0010811413021142658,
0.005950155213906776,0.0014015932337378884,0.0010800970379246037,
0.0059500810619430985,0.0014002252550667932,0.0010927001755231644,
0.005936784401706158,0.0013998286571842444,0.001090360856933739,
0.0059309919771154025,0.001391210749277236,0.0021610819075218945,
0.005930752826646356,0.0013906861628253627,0.00217443518441704,
0.005927493192074516,0.00138966784815603,0.0020937804883897995,
0.005915261692780776,0.0013900002140166305,0.002041163734468702,
0.005914603807757834,0.0013902196241747196,0.002017404224407604,
0.005906818331360659,0.0013903426435916575,0.001985986572002799,
0.00590106628220011,0.001390145931225583,0.001972214149844644,
0.005900365244388113,0.00139000305125383,0.0019201841027914094,
0.005898463120949185,0.001390266708608501,0.0019251327372853753,
0.005890606709985942,0.0013902653768371274,0.0018819760790143882,
0.005889277055937145,0.001390277262135979,0.001850101868285639,
0.005885902688729073,0.0013903450671465675,0.0018532463738235119,
0.005881436615039451,0.0013900988840507755,0.0018361225936516126,
0.005880647224059685,0.0013903373225898949,0.001833052098227231,
0.005879586957798606,0.001390809751457314,0.0017024420516438988,
0.005874894376983283,0.0013912570273344812,0.0017015873085148418,
0.0058736267435434315,0.0013913983812129018,0.0017055345617886593,
0.005872114683510448,0.0013937707912812206,0.0017082748850927385,
0.005868805638296347,0.0013920260108889878,0.001682732634653282,
0.005867983246967477,0.0013917303535527835,0.0016814501855770445,
0.00586744153268576,0.001391555830107113,0.0016927908524340173,
0.005864989275712487,0.0013913960979400081,0.0016902747877997107,
0.005864085090980919,0.001390358117018304,0.001687454413319642,
0.005863461786609269,0.0013904345538997196,0.0016837334400893898,
0.0058614235031530385,0.001391452380212146,0.0017316666268591349,
0.005860849263770982,0.0013916457585470587,0.0017294285026738514,
0.005860531473606068,0.0013918169082900763,0.0016753629890797006,
0.005858915539821287,0.001393514399787523,0.002933204701924615,
0.005858243373860023,0.0013930871525478143,0.002692552163009584,
0.005857847736776179,0.0013930663234752625,0.0014954299250637129,
0.005856340034286843,0.0013930692432699288,0.001512558879849692,
0.005855935371936267,0.001392547564622636,0.0014191585794172549,
0.005855654995082269,0.0013924221496512917,0.0013628303686118704,
0.005854421085931214,0.0013925133764225001,0.001379384477052918,
0.0058539701402002325,0.001392391075676389,0.0013750163132847722,
0.005853585627435387,0.0013926372832431906,0.001351034656763422,
0.005852348932386809,0.001392713898454457,0.0013421882433388027,
0.005852114609840597,0.0013922514609478874,0.0013466354623368757,
0.005851764378457182,0.0014452567379739875,0.001341524513071345,
0.005850716483518441,0.0014433990356947008,0.0024636910988527928,
0.005850453453425608,0.0014432816822744728,0.0021928321220380555,
0.00584999087450339,0.0014427656541102368,0.0018980864282442458,
0.005848868062319162,0.0014471204184980345,0.001654199532226015,
0.005848747686742112,0.0014467280356657653,0.001270888147021316,
0.0058482741775604035,0.0014467147286729876,0.001330830072103414,
0.005847343153416043,0.0014467071087134293,0.0011160231420732781,
0.0058472129414473125,0.00144668930297459,0.0011147250551966797,
0.0058466616633672044,0.0014465162641841903,0.0010893361637568267,
0.005845620628113468,0.0014463265156589964,0.0010774146307005903,
0.005845567638912182,0.0014469058709402835,0.0010732334513736817,
0.005844967346964163,0.0014470508297664338,0.001754092843218964,
0.005844090729394298,0.0014466964659411725,0.0016477003577705803,
0.005844024685440751,0.0014460798348081545,0.005471034661659853,
0.005843403650122116,0.0014459837336778176,0.005227769535489644,
0.005842384440836035,0.0014459511535457894,0.0014303807575338611,
0.005842357069375138,0.0014457488236952563,0.0014130306758445808,
0.005841662441042706,0.0014458468942604456,0.0013549500084031633,
0.0058408018981558375,0.0014587830349326934,0.0013252289491841695,
0.005840757001322018,0.0028467317935579367,0.001122126977641592,
0.005840096368678233,0.0022615785344765327,0.0012819951771243052,
0.005839042186247914,0.0018585987217802668,0.001308437186360451,
0.005839018893870209,0.0016652926003074898,0.0015089069538316542,
0.00583827489209584,0.0015363953745206706,0.0017209012468214384,
0.0058373879645255335,0.001535017776868406,0.001423146297172928,
0.005837328172483496,0.0015165475420072531,0.012582302156421378,
0.005836658436121777,0.001516073718846661,0.010275685777918906,
0.005835470648960285,0.00151597440950378,0.010098434130405363,
0.0058354279242659336,0.0015159876843400635,0.0069183802839511465,
0.005834658894693919,0.001516866485972693,0.006639763154952931,
0.005833643036217616,0.0015172511870005405,0.012492018347191837,
0.005833465926045344,0.0015186930371330727,0.03411918501903965,
0.005832791668912531,0.0015218842800412387,0.03050754873029545,
0.005831146927745995,0.0015210320971723596,0.0019523634629422602,
0.005830993628328595,0.0015238129780467302,0.0024637888514987072,
0.005830192781287539,0.0015218054281401674,0.004115802706896173,
0.005828740674261074,0.0015236427983965734,0.0038191866902878248,
0.005827503860557413,0.0015268059929380944,0.0011411637655658368,
0.005826791338905897,0.0015261196213445475,0.0011277605720630866,
0.005822783664016459,0.0015265661913707563,0.0010261612450834102,
0.005821177476835523,0.0015269595195307024,0.001625327255612971,
0.0058204647518481905,0.0015278493547812714,0.0015679148800232133,
0.005816352475028038,0.0015275139863380016,0.001916164098021853,
0.005549686863132125,0.001527136407092751,0.001914647987917485,
0.0055491438758052715,0.0015270909747681918,0.0025481540944920556,
0.005423606285222755,0.0015271120936011706,0.0017772718269797763,
0.005411763222164062,0.0015259271895422678,0.0015194452026607063,
0.005411643335724448,0.001532857210847131,0.0014897249523055374,
0.0054035714212048586,0.001529262295242064,0.001444967224655736,
0.00534563845190443,0.0015293370626199697,0.0013321813192288777,
0.005345453042984398,0.0015294908130076593,0.0012915307224594216,
0.00531420761334698,0.0015280163064144362,0.001335026172295071,
0.005309250191675891,0.001529119071017368,0.0013296387696013498,
0.005309230246496636,0.0015243033195271767,0.0013306550675439212,
0.005305401449790953,0.0015252804652495552,0.0013256150750974207,
0.0052680885632121945,0.0015253149090553111,0.0013038696059057549,
0.005267860661539875,0.001524482859263839,0.0012843492656463584,
0.005237536680624949,0.0015199263590907675,0.0013149221685360161,
0.005231299589377725,0.0015188402903989389,0.0013129493594192351,
0.005231240116572289,0.0015179703528902706,0.0012849634953006291,
0.005226938022236965,0.0015171017009043071,0.0012680542185688726,
0.005196885367388519,0.0015184257464422105,0.0012656801406512887,
0.005196656338271368,0.0015182995106918396,0.0012419534601402847,
0.005171766863983163,0.0015172601962766205,0.0012494697716073989,
0.005165034870391171,0.0015158221847035645,0.0012428730664946896,
0.005164982809542049,0.00151564755353071,0.001242163947360023,
0.005160344152194406,0.0015153249054596447,0.0012418222540519276,
0.005133532273539544,0.0015156758666735755,0.001240263410977803,
0.005133214784226712,0.001515834644613383,0.001250057921469427,
0.005110994847797305,0.001516516808815835,0.0012435046357554592,
0.00510357398113027,0.0015190648050305774,0.001245064655647201,
0.005103473083480426,0.0015148226740817848,0.0012273655780975017,
0.005099071700099591,0.0015148262755142674,0.0012790310295277584,
0.005078244739740647,0.0015147946145025312,0.0012832555859256028,
0.0050779557085632795,0.0015144680327558806,0.0012769167934695183,
0.005060544026478021,0.001514675368428745,0.0014414144534423805,
0.005053708301398686,0.0015146940969639746,0.0015240804306625368,
0.005053658299131538,0.0015154723500538586,0.0016249519630092747,
0.00504913769300321,0.00151530710623482,0.0014078957982012986,
0.00503147118982408,0.0015150625748478347,0.001403819851722145,
0.005031228822906633,0.001514865835455609,0.0015411726465426544,
0.005016279593915613,0.0015147399589959625,0.0019147536974525243,
0.005009400903154382,0.0015145765821624722,0.003616897877586004,
0.005009354316293038,0.0015144461724234902,0.003076899320563399,
0.005004871645071288,0.0015142710740840282,0.0031339072110833435,
0.004989593081819083,0.0015138729328552504,0.002962258773285764,
0.0049893300394389575,0.0015142521767639006,0.0023103092122181094,
0.004976391595431861,0.0015144619642377013,0.0021737043765638286,
0.00496949124746776,0.0015143092093485985,0.001812204407603456,
0.004969442864319612,0.0015140208057186912,0.0018038193392461378,
0.0049651051069934974,0.0015117317489122977,0.0015503278649960405,
0.004952435611178126,0.0015117893426096773,0.0015823150698051026,
0.004952203183411335,0.001511729640441202,0.002856335616283315,
0.004941378915892329,0.0015116413153135062,0.0030036510315846745,
0.004934779831588707,0.0015116336250114099,0.003480723853427264,
0.0049347422497692285,0.0015116292238505004,0.0013350041141514783,
0.0049305323882777065,0.0015150259979564906,0.0013314138512875637,
0.004918173188460234,0.0015139817061371528,0.007625818388677872,
0.004917738278609254,0.0015139463596238662,0.007806025068611156,
0.004907525065730492,0.0015130679051853818,0.008100407008108688,
0.0049004557908127275,0.0015123790882186562,0.00825969531237144,
0.004900395857435022,0.0015124566889384242,0.007967834226370873,
0.004896399476142688,0.0015121640334548178,0.008472446091561947,
0.004885912217799397,0.0015103669712143316,0.006187171359738173,
0.004885531893253054,0.0015094630699177991,0.006102627475610994,
0.004876805329867532,0.0015094649599061436,0.006365890201602633,
0.004870118760461415,0.0015085190613630165,0.005946329237543314,
0.0048700644908672075,0.0015086839090024237,0.005494843540984639,
0.004866334818902922,0.0015111140832295745,0.005660758349563946,
0.0048570308345874755,0.001510818506065434,0.00499829052549121,
0.0048565951203602955,0.001513761869127369,0.004161902476785455,
0.004848944236466503,0.001524219312423564,0.004174321296885582,
0.00484255331482579,0.0015197672191656357,0.00415950548600924,
0.004842509464762945,0.0015199116009909906,0.004152425986230869,
0.004838839704952459,0.0015217909081808644,0.004170350364998324,
0.004831512776964265,0.0015217942761711805,0.004665119551553497,
0.0048312947772134966,0.0015216975203760663,0.004828481086131495,
0.004825010282953922,0.0015205867056900476,0.016929268601133106,
0.004819416046245191,0.0015178215376226343,0.01888882952870959,
0.004819395521651537,0.0015173288148767775,0.016962027058292462,
0.004815761057386125,0.001518251137545466,0.026324089976616016,
0.004809517845551899,0.001517794005486354,0.02614573152588671,
0.004809359799755696,0.0015183392940795722,0.00468088676761368,
0.004803907783356352,0.0015172662637652442,0.004870566574446138,
0.004798594260475812,0.0015160327170498943,0.004657220945652268,
0.004798580012691431,0.0015153155118441193,0.004914640054085536,
0.004795010962117746,0.001515373010800742,0.01272196170717427,
0.004789451813510459,0.0015155199376407542,0.009173672846542483,
0.004789292581599352,0.001515953602960187,0.040769759218483866,
0.004784425631212384,0.001509126110570828,0.04524977152355025,
0.004779262979398163,0.0015085967719224735,0.009216264301221081,
0.004779253071804684,0.001507976849804325,0.0035781966241336207,
0.004775665988621374,0.0015078569404814873,0.00356812944221218,
0.004770623434690209,0.0015074498154862984,0.0035100136735515385,
0.004770476992783683,0.0015071861852489626,0.0035140894029070924,
0.004766031974661645,0.0015071601069355845,0.0035487826310038996,
0.004760805426256529,0.0015068954813482272,0.0037531603132369184,
0.004760792477777651,0.0015064951586144443,0.003458014739001417,
0.004757396835480116,0.0015064510096436297,0.003481754874590146,
0.004752545165295466,0.001508311585232447,0.0034687443065969446,
0.004752279609816565,0.001508949376980199,0.0034158742579791933,
0.004748124591319393,0.0015105943471355261,0.003446101889559274,
0.00474276469414656,0.001510361451721401,0.00347655045120616,
0.004742749566963095,0.001511275702064078,0.0032577947548005025,
0.004739422075935141,0.0015301775005045729,0.0032481623036972724,
0.004735371872780335,0.00153023615958784,0.0030690397698442933,
0.004735212514119699,0.0015302149894402357,0.0029011439916670867,
0.004731646437973562,0.0015301600463163308,0.0027370837766919915,
0.004726679029031869,0.0015301533507283756,0.0025894692592068626,
0.004726667039610898,0.0015300849537782952,0.0027189272513093122,
0.004723559364253789,0.001530008484600586,0.0026273678736200073,
0.004720021565979921,0.0015310764844349573,0.0024520892919395174,
0.004719847951602686,0.0015303477703410232,0.06006962553225313,
0.004716744146407258,0.0015303192129956422,0.05704396757202766,
0.004712038791060911,0.001530416841590747,0.04855834081520232,
0.00471202887032912,0.0015297319340560162,0.04806084560198105,
0.004709066279804461,0.0015299682382981582,0.04080580971954797,
0.004705835524360027,0.0015306198618783664,0.03209444597575865,
0.004705628955626096,0.0015301143327993275,0.02249245800030381,
0.004702818789899902,0.0015305740117153304,0.02189082302696238,
0.004698155569218098,0.0015310351628402147,0.021614384882029863,
0.004698144057708189,0.0015600892013825534,0.021310430434396573,
0.004695379303570667,0.0015456072906691672,0.019864213040809587,
0.004692658102065146,0.001545442507052275,0.02198000261495991,
0.0046924889176769395,0.0015454467649192412,0.07271849537165855,
0.004690099287949083,0.001545500604875111,0.07045664546391837,
0.004685845205018179,0.0015455435824354193,0.09857221676648888,
0.0046858372198537585,0.0015453077041342432,0.055471979039318955,
0.004683202584048563,0.0015452167754155064,0.029572261580779947,
0.004680795872531242,0.0015452916059840085,0.02828171328929735,
0.004680629223635655,0.0015450231979418777,0.017727346497243064,
0.004678514132920298,0.0015451526327286522,0.017528123857532652,
0.004674437423272376,0.0015451513204812009,0.020832319050480823,
0.0046744300376177295,0.001545108858318965,0.02025308837380854,
0.004671941039917064,0.0015456995867243698,0.019241306963218113,
0.0046697684394433284,0.0015469259778867776,0.018860720127342585,
0.00466958007537764,0.00154586283159546,0.017753078833018594,
0.0046676841043703675,0.0015454319333663372,0.017070209560882024,
0.004663736768117721,0.001544633149065916,0.016649696823095833,
0.004663730027758645,0.0015444870036380185,0.016631996103179336,
0.004661332662073719,0.0015444602287425244,0.0164153178481564,
0.004659531107656834,0.0015443292985293858,0.01617109177304475,
0.004659415195398022,0.001543798540509026,0.015938851800571186,
0.004657804916971267,0.0015441204265037927,0.016176785285799376,
0.004654234683113117,0.00154411878386189,0.016275242368903986,
0.004654230055623055,0.0015441195922058992,0.01673775106406246,
0.00465197365259393,0.001544165118432545,0.016234649219286856,
0.004650522198396184,0.0015443378809178818,0.01624457621089696,
0.004650456143328135,0.0015445625748109174,0.028626425396605155,
0.004649128430079637,0.001544368583782408,0.04684969709491116,
0.0046460076273604715,0.0015445862562176507,0.04526714467073423,
0.004646005810222787,0.0015471129809502752,0.02361277532624575,
0.004643785026309978,0.0015447223361260826,0.022345367587129954,
0.004642523088175689,0.0015430569493688566,0.02249543349884396,
0.0046424751622786515,0.001543137012821846,0.023204138907114417,
0.004641305528902638,0.0015430321292883898,0.02238243438315636,
0.004638361757780763,0.0015429523339191861,0.022109579949903466,
0.004638360856128153,0.0015427802463970578,0.022090472254363887,
0.004636142089056053,0.0015434213862526723,0.022015042779777852,
0.00463503469230636,0.001545950620987838,0.02198407393788041,
0.004635004264630307,0.0015428891604736318,0.022196186806909914,
0.004633961963893407,0.0015462957403589654,0.022166932282070898,
0.004631102441945027,0.0015486436686366304,0.0221135490107572,
0.004631101742962633,0.0015487905409852555,0.02204348235364141,
0.004628939006420594,0.0015682278466063642,0.02097620828015248,
0.004627947069086123,0.0015328592981632108,0.020961890489545176,
0.004627910347157182,0.0015295459594181075,0.020540176133303042,
0.004626977459816213,0.0015393396365309734,0.0193885512135438,
0.004624163917838735,0.0015382249982453546,0.019371891994383158,
0.004624163230462515,0.0015383761852441132,0.019470319861179527,
0.004622068595833003,0.0015386522467769983,0.01943991591039213,
0.004621234646715827,0.0015389718959042736,0.019271902082433748,
0.0046212136296597105,0.0015363566928149614,0.019296326080597472,
0.004620417420714523,0.0015369978904408422,0.021730627450171822,
0.004617780597638843,0.0015418877701322766,0.02271332881337933,
0.004617780270703167,0.0015417338700899868,0.022663490467097938,
0.004615728725369607,0.0015491261558163274,0.021470217371466104,
0.004614989697519144,0.0015436229131135823,0.021061960637100873,
0.004614964160617035,0.0015450029452309159,0.020754763328903473,
0.004614258373797166,0.0015445854083218922,0.020719599776154157,
0.004611676837091678,0.0015441076976320835,0.020188856083971748,
0.004611676582948651,0.0015500612306344444,0.01969878683844889,
0.004609656965709343,0.0015644747726267895,0.019243087014447643,
0.004609032478723651,0.0015609757870653248,0.018788637632356827,
0.0046090206682861245,0.0015598792228983544,0.0479139949977945,
0.004608415256025771,0.0015608508084875479,0.043550279809944616,
0.00460594922771157,0.0015611192819519877,0.026112972941618115,
0.004605949098819945,0.0015608168383826413,0.025298142220634433,
0.004603965175874114,0.0015607230962082154,0.023123351037281175,
0.00460343891985445,0.0015605334210781596,0.023522262062286258,
0.0046034299742807195,0.0015618472667314406,0.022633631225687668,
0.004602916167385848,0.001559877199665688,0.022666529254642753,
0.004600536293864292,0.001557793551700186,0.021758495376123416,
0.004600536235805342,0.001556648592306327,0.02408532466511156,
0.00459856325763442,0.009255894193286877,0.023274777265332194,
0.004598112838099392,0.0027610106008767966,0.02274575771211089,
0.004598103038730511,0.002794386413909542,0.022645698704972468,
0.004597661801890918,0.0014693712612201264,0.022688634125180168,
0.004595316890811027,0.0013455393623842502,0.02310761103705848,
0.004595316854580756,0.0013455630099778655,0.023051529079804966,
0.004593347065538783,0.0013470338314737877,0.0221184896111055,
0.0045929616106734445,0.0013574092801307053,0.022081334695807236,
0.004592949249512411,0.0013469558845489952,0.020962115933084204,
0.004592570735643901,0.0013469542059150277,0.020773235252568426,
0.004590188793331844,0.0013469655756256685,0.020787409410002997,
0.0045901887303228285,0.0013462327003004773,0.021267262070217802,
0.004588256379770903,0.0013463220540867594,0.01993143009805542,
0.004587947045733498,0.0013462158370235412,0.01977776357110057,
0.0045879095641042445,0.0013456182803524008,0.01966891889915355,
0.004587605735688905,0.0013469085849795697,0.019579862950865085,
0.004584917752855239,0.0013511283426722131,0.01959589768146125,
0.004584917399508939,0.0013806043671359784,0.019094286525507445,
0.004582945844726944,0.0013810852753904316,0.01885926949673837,
0.004582755762461129,0.0013799134913625266,0.018795106593207773,
0.004533430379324731,0.001377300082722002,0.020265771997816578,
0.004532624577472207,0.0013757160864419896,0.02025014259223149,
0.004507636636146651,0.0013779594620670378,0.019809573503352648,
0.004505067220106001,0.001379117702826995,0.019891149978609763,
0.0045039903460247785,0.0013776526210428014,0.020091431118461237,
0.0045021205789706085,0.0013806498914339636,0.02011210057878021,
0.0044915043755339775,0.001381133315508525,0.020180739491219155,
0.004491465114189509,0.001381065958972027,0.05046343907575315,
0.004487376037265211,0.0013811022288903897,0.03220848598366775,
0.00448732743403813,0.0013806632984555349,0.03056872216715876,
0.004487220698401787,0.001380523180859126,0.02712654872488921,
0.0044871211981438956,0.0013807990132977301,0.027002626084496866,
0.00448436029125969,0.0013806927275117002,0.026296559348436506,
0.004484273826412479,0.0013806706508912626,0.026886993242748708,
0.004483653232863108,0.0013708797036339258,0.038363673581676465,
0.00448345324855759,0.0013671186115134504,0.037279662247913285,
0.004483405018151864,0.0013661780014430432,0.03607434393215882,
0.004483204245243156,0.001366378622440654,0.07359960529385906,
0.0044830632906998034,0.0013657733706017932,0.10678316915017243,
0.004483048473268891,0.0013639029149015327,0.07809414563616887,
0.00448227185696244,0.001360173376084749,0.06858936183479364,
0.004482270094282733,0.0013596068067755788,0.04284643327477463,
0.004481873677866909,0.0013588463668944724,0.04248518906172746,
0.004481856049058116,0.0013594005903997768,0.032071612390076096,
0.004481526446785801,0.0013593490059235576,0.030420108043093048,
0.004481525718483967,0.0013590537179484323,0.03031529304306081,
0.004481460142889962,0.0013586427455577542,0.030402595382615114,
0.004481456243316803,0.0013588174281571838,0.03019531386206298,
0.004481435689456841,0.0013588453449898655,0.030104145841948735,
0.004481431776157628,0.0013588321474119964,0.031047835469626008,
0.004481363177829032,0.0013587838012799665,0.030952797514484928,
0.004481363175215342,0.001358740268191383,0.030896369319974016,
0.004481324138387948,0.0013591424604897174,0.02986004421433909,
0.0044813227532118595,0.001358860119656479,0.029158568127220962,
0.00448128268821451,0.001362107545197129,0.028435389503846498,
0.004481282057110886,0.0013593742087347135,0.030082489267265814,
0.004481229951819507,0.001359396445581844,0.029160613480438847,
0.0044811619664355505,0.0013593980574567747,0.028219227550247018,
0.004481156372078013,0.0013592192369860884,0.02817389867779084,
0.004481149089599762,0.0013592164619294139,0.028269446077653304,
0.004481122921301596,0.001359216553579215,0.02820280933056136,
0.004481113817883486,0.0013591906070079937,0.027661610976125104,
0.0044810937447901135,0.0013591294140380705,0.02763587754946971,
0.0044810452896629285,0.0013593572328825937,0.027746481351551833,
0.004481021769667159,0.0013596608650771863,0.02771037294975948,
0.0044809022928523025,0.0013597046200294592,0.024391654719040923,
0.004480792890967523,0.0013596307040175896,0.024429209753390836,
0.004480783017125047,0.0013595111432770828,0.0246248231491755,
0.004480726242401598,0.0013594794568300018,0.0245987902508853,
0.0044806912886989235,0.0013595848415459666,0.02461496952158006,
0.00448068951824944,0.0013597728260251254,0.024547210373158587,
0.004480645940777565,0.0013622876355330969,0.024534469718494135,
0.0044805778406064945,0.0013623018279669923,0.023996407283997566,
0.004480577366922564,0.001362090822508822,0.023540511744384346,
0.004480517312080645,0.0013620817132884411,0.02342876076689462,
0.004480483808726273,0.001362205359742116,0.02880474070433699,
0.004480483614093064,0.001362200068866211,0.027453142680774135,
0.004480448721878939,0.0013611002914571352,0.026138998128408558,
0.004480388682322354,0.0013610282458965722,0.18228531314463794,
0.0044803886387197725,0.0013611036303730931,0.18081155668901344,
0.004480333585757551,0.0013609543284672173,0.17238571113838824,
0.004480303937298562,0.00136089065045748,0.18730154890220257,
0.0044803038911644935,0.0013606195285823896,0.041525970968228104,
0.004480272660157835,0.0013605333347377914,0.03610136130400242,
0.004480213270104045,0.001361568994794255,0.03811781874200389,
0.004480213254420989,0.0013615534037300374,0.04664142767947057,
0.004480157439180278,0.001361502665643803,0.043166959894868746,
0.004480129455550011,0.001361532111032144,0.026924932423748705,
0.004480129434725293,0.001361440469398234,0.024578444150878762,
0.004480100551141534,0.0013613612092044055,0.030374075485542704,
0.004480043115608251,0.0013614360662554676,0.018807704365032887,
0.00448004310597718,0.0013615312956052235,0.018618978115386844,
0.0044799875251197155,0.0013613935609285623,0.01770281414167265,
0.004479960054193822,0.0013614093970784648,0.017650887186888013,
0.004479960034505394,0.0013614500318693957,0.017622172996706254,
0.004479931217851408,0.0013614191055588134,0.01745733039110457,
0.004479872733949558,0.00136106381049271,0.01735332609750562,
0.004479872719629394,0.0013603885578203879,0.017346792992900782,
0.004479817736793219,0.0013609395438684978,0.017597949880741308,
0.004479791330468977,0.0013609098105563594,0.01746778834918175,
0.00447979128343212,0.0013612681744810313,0.016184493862355577,
0.004479763376824408,0.0013613682168446119,0.01576656720337126,
0.004479703916799022,0.0013628616621713327,0.015747873252131346,
0.004479703872422344,0.0013628528983220028,0.032464824611348905,
0.004479648372475665,0.001360719936962486,0.032653524075241254,
0.0044796233508528046,0.0013578909209785333,0.030428042753702977,
0.004479623194188899,0.0013574373879296636,0.041074021380224875,
0.004479595985928265,0.0013572116714733956,0.03952593236843232,
0.004479533465083255,0.001357362589051122,0.03542704221173245,
0.004479533322665268,0.00135669685829684,0.029734767096852636,
0.00447947717965913,0.0013560490705622477,0.02882695940157048,
0.004479454293752216,0.0013559455416388866,0.02683404439703693,
0.004479453624075689,0.0013558156313431557,0.022494643817238532,
0.0044794268582904855,0.00135586029308714,0.01855503318290005,
0.004479355861517536,0.0013557627371297994,0.018091641841853814,
0.004479354680352318,0.0013562146252826888,0.017907225033741564,
0.004479302969371287,0.0013536561603772806,0.017571675189303325,
0.00447928906921618,0.0013534386071347316,0.0167292003593811,
0.004479248676188734,0.0013530885209665708,0.016486485975759996,
0.004479243425626081,0.0013529571638259631,0.016594574991225786,
0.004479233773537107,0.0013529670456253564,0.01538550456281168,
0.004479233752245099,0.001354045401914393,0.014245756644051156,
0.004479223511664945,0.001354051746186081,0.01347863176351522,
0.004479215117354342,0.0013514834544983087,0.013534858459370802,
0.004479214470019357,0.00135123239604017,0.013437015364201067,
0.004479206764771928,0.0013515717261411483,0.0132511758490471,
0.0044791899106463515,0.0013518082222839837,0.012961084853466793,
0.00447918987472483,0.0013516808448050784,0.012967377759796556,
0.00447917361250623,0.0013503364182570307,0.012634420273135091,
0.004479160907105954,0.0013541571310050544,0.012526356054818371,
0.004479154721097707,0.0013499781710258401,0.012462405232501065,
0.0044791433897487035,0.0013499345348401916,0.012451711857186958,
0.004479097834032738,0.0013498776153914027,0.012478750836738405,
0.00447905351655665,0.0013497346763723804,0.02298121666697066,
0.0044790429158307965,0.0013490377737761271,0.0020342995708889007,
0.004479023116987503,0.0013511488563091522,0.00202341563218019,
0.0044782569433137395,0.0013512188198730496,0.002045789117557964,
0.004476902420133725,0.0013513169236444135,0.002026421991170303,
0.004475074778269834,0.0013512226565249635,0.001963926199325406,
0.004473733182849288,0.0013512254839611704,0.001950355207574396,
0.0044692627250565746,0.0013511396662475377,0.001938231923717214,
0.004469259920205807,0.001350730919461502,0.0020539024194295096,
0.004469256801361561,0.0013508101956487928,0.002045626344565445,
0.00446925675697681,0.0013507831860746053,0.0018921988614994307,
0.004469256004956298,0.001352119952011641,0.0016647078799014556,
0.004469115394758381,0.0013527806340121746,0.0016645704114311183,
0.004469112009146268,0.0013548152210917147,0.0017144534851368496,
0.004469085048392639,0.0013552293059575897,0.0017126626994779218,
0.004469083396283898,0.0013544514545578742,0.001695565013099164,
0.0044690799480652365,0.0013538288721680468,0.001697705232367518,
0.004469079090456111,0.0013549560470577455,0.0016910268745707255,
0.004469046048088533,0.0013563649301434465,0.0016895631265670856,
0.0044690459494852505,0.0013579855402225465,0.001713550390710846,
0.004469024432062656,0.0013570864046217007,0.0016818097317652572,
0.004469023760988044,0.0013588632973227262,0.0016797254990490356,
0.00446902369573672,0.001358832658855295,0.0016767003946937449,
0.004469023043453799,0.001357160321639516,0.0016464084616037928,
0.00446900562253206,0.0013568207569653941,0.0016818582254436755,
0.004469005591984841,0.0013567461878885528,0.0016295663206198712,
0.00446899081183207,0.0013565742707033735,0.004134546272895375,
0.004468990078524287,0.0013564839790930208,0.0021345614933772237,
0.004468951842287536,0.0013556563523371321,0.007683461150505022,
0.004468950907580099,0.0013554790219607639,0.007998204840148447,
0.004468935001230676,0.00135526154283821,0.00531331653996247,
0.004468934115999929,0.0013551808979533207,0.0025843041156027023,
0.004468932558192675,0.0013549746487512922,0.0033428958113910796,
0.004468932064695013,0.0013546965328785966,0.003029283586835732,
0.00446892528870802,0.0013549953529218392,0.0020271637518180547,
0.004468925253517997,0.0013552455994800712,0.0020360279794320855,
0.004468916694458586,0.0013556624055428522,0.0022421990710130985,
0.004468916428522413,0.001355640915975218,0.002228786433592541,
0.004468916312931327,0.0013554174860930708,0.0021899672443635066,
0.004468915981398595,0.0013552843378706173,0.001965315870570802,
0.004468909524889342,0.001355244467084388,0.0020819278919258317,
0.004468909515136143,0.0013555283092768632,0.0020771670321024253,
0.004468901964236815,0.0013549144064749395,0.0020545873376563817,
0.004468901697113302,0.0013543457923951903,0.0020341304261942304,
0.004468901690287194,0.0013540141573877454,0.002020734934957592,
0.004468901409450538,0.0013546854317805705,0.0018582420257106252,
0.004468895425617751,0.0013546802978988493,0.0018517271072663614,
0.004468895420618096,0.0013545573374544417,0.0018508254073593838,
0.004468888678730985,0.0013543990683387182,0.0018467781977892371,
0.004468888442233318,0.0013546138784106437,0.0018048307201860648,
0.004468888370433665,0.0013547865818906747,0.0018014726469241247,
0.004468888085234991,0.001355085649916804,0.0017899759388982006,
0.004468881671374348,0.0013550616169220985,0.0017998929550114,
0.004468881666502442,0.0013549559297591765,0.0018762736049035846,
0.004468874314687752,0.0013548880769126642,0.0017803971053797442,
0.004468874084258562,0.0013548038174360747,0.0017158710107730761,
0.004468874005759033,0.0013546007163963098,0.0016392242658553845,
0.00446887372500584,0.0013545874301639233,0.001617374100446816,
0.004468867504243315,0.0013547068706057876,0.0012455133296621786,
0.004468867486122866,0.0013533775901063698,0.0012278536564599616,
0.004468859209733541,0.01196551803229837,0.0011593833814191237,
0.004468858973702765,0.004794257136754437,0.0012046705292351532,
0.004468858844588379,0.00737646322352258,0.005064213438854857,
0.0044688586592837535,0.0010018451834496848,0.07832343991392667,
0.0044688527525332394,0.0009864325006712694,0.07437672727741927,
0.004468852655033524,0.0009863884042993559,0.0032233854289129035,
0.004468840710056427,0.0009864008851276176,0.004244515049492832,
0.004468835182310148,0.0009863427423976155,0.0016558237815781367,
0.004468611789392247,0.0009863880070806368,0.0014686274690336107,
0.004468591706481106,0.000986377621374564,0.0009150035197788721,
0.004468438778963417,0.0009864631362583739,0.0008920230876925891,
0.004468433649040402,0.0009865854183136098,0.0008004313235458651,
0.00446842758311025,0.0009713681870956728,0.0008755747081804368,
0.004468390049701103,0.0009708783068559549,0.001839991523610285,
0.004468006780696751,0.0009696501565323413,0.001753989381674153,
0.004467916611612415,0.0009696290944248451,0.0014836228985013187,
0.004467408482127576,0.0009696671510195719,0.0013576161534099465,
0.004467395919862146,0.0009686433027572064,0.0007825447611867224,
0.004467385453657957,0.0009683513011869076,0.0007625955797237894,
0.004467017243526427,0.0009684140284019364,0.0007420962368870369,
0.0044664379557757565,0.000967850787746848,0.0007320210537849903,
0.0044663719831176275,0.0009699233436592792,0.0006738346752255425,
0.0044658967989331475,0.0009727517798409104,0.0006732353809875103,
0.004465826548982643,0.0009739174414068606,0.0007517333501644328,
0.004465822043983133,0.0009738968652365537,0.0007475348547547915,
0.004465760497437,0.000977577569511286,0.0007035034501115728,
0.0044655934063668554,0.0009764996106237316,0.0007796773855200107,
0.0044655933891418155,0.0009760247826889898,0.000779699390788551,
0.004465546580800956,0.0009745968711249005,0.0007753809188186683,
0.00446554308557914,0.0009737743718938676,0.0007631820830979058,
0.004465542677400408,0.000977588636999665,0.0009174087930203874,
0.004465539539176522,0.0009721405820396079,0.000880358865334632,
0.004465522431551197,0.000970091345245291,0.000870427409064902,
0.004465522265789583,0.0013330864735842012,0.0007167110255894906,
0.004465507360523848,0.0011516108927514172,0.0006986032665259269,
0.0044655053475734395,0.00113490884788026,0.0006978566749768254,
0.004465490367733491,0.0011079084519698636,0.000694535786495197,
0.004465488913524237,0.0009985130356398454,0.0006988816636190843,
0.004465442942207444,0.0009901863919569373,0.0006986705846125231,
0.004465442840178485,0.0009962907899880307,0.000696611384800195,
0.004465396256205085,0.0009933325691164313,0.0006943409367999682,
0.0044653883878732125,0.0010438678140627302,0.0006979051789282375,
0.004465374763681229,0.0010389634867795589,0.0006970529597534519,
0.004465368687336065,0.0010390204482036405,0.000684787226337427,
0.0044653602231597015,0.0009249966895528624,0.0006791756033014126,
0.004465360158944698,0.0009163185295682201,0.0006784511447492532,
0.004465352977987886,0.0013006571399790212,0.0006784124187093607,
0.004465351397632008,0.0012261461253218783,0.0006766490451956799,
0.00446534866900517,0.0011948811391439382,0.0006754077791307151,
0.004465346885203431,0.000875940846806037,0.0006739758989014615,
0.0044653433491440575,0.0008667660384297847,0.0007584227138145747,
0.004465343081449696,0.0008667413718367905,0.0005263666777186878,
0.004465335506549581,0.000866738336489197,0.0005282495264584942,
0.004465335243250954,0.0008666856661152928,0.000515390158768741,
0.004465335186549708,0.0008666015368389005,0.0005167413587742703,
0.004465334971908154,0.0008665255433448743,0.0005133476319334396,
0.0044653299148393515,0.0008663958857607763,0.000501816732049346,
0.004465329707823124,0.0008664093456938727,0.0005001313529562068,
0.004465328629473261,0.0008664357430370554,0.0004976601189095475,
0.004465328211853606,0.0008664050357583709,0.00048742151779758794,
0.004465327589499847,0.0008663759272928174,0.0004896310518115293,
0.0044653273816038595,0.0008663576519980978,0.0004854068461840162,
0.004465318789503401,0.0008663460186763131,0.00048587298725394915,
0.004465318561703827,0.0008663268252197886,0.0004909677421480037,
0.0044653132785858335,0.0008663226493838868,0.0004814270768560023,
0.004465312389357747,0.0008663081242980417,0.0018564096858296637,
0.004465300677253345,0.0008662818424117573,0.0020597630478546925,
0.004465300652487027,0.0008662608276399658,0.0001727631994067781,
0.0044652637977069445,0.0008663857329969387,0.00017281446775891174,
0.004465258866370666,0.0008664238702136124,0.00016836973947913797,
0.004465250306299392,0.0008739056765827443,0.00016423373402343905,
0.004465243353143798,0.0008680516584606533,0.0001617221579555742,
0.0044651447289517756,0.00086766220176156,0.0001613987134025705,
0.004465144683869783,0.0008676265315937985,0.00015277203035197313,
0.004454846542527101,0.0008676587117800169,0.00015237530725154276,
0.004453662172468252,0.000867693369952515,0.00015233387494885384,
0.004453631575845047,0.0008677793276099384,0.00015216799652315515,
0.004452427255569226,0.0008678242804060187,0.00014856853972900074,
0.004428391561051145,0.0008676821390596696,0.00014492467092691645,
0.004428387721220978,0.000867569770873618,0.00014725726980365135,
0.004426403273857759,0.0008676678297832806,0.00014569355596557012,
0.004426150325118198,0.000867821844213518,0.00014525027330500401,
0.00442614825054109,0.0008678644738760071,0.00014343088316615368,
0.0044259372966261095,0.0008678072533731242,0.00014073994029042847,
0.0044196820472166614,0.0008677907263936963,0.0001381236735879473,
0.0044196808114707236,0.0008689912579887724,0.0001360583897957471,
0.004418015352878829,0.0008844749025276703,0.0001354889012340046,
0.004417864488540615,0.0013033267626576493,0.00013517626990349445,
0.004417864002881269,0.0008683785515529684,0.00013482591722324797,
0.004417731325069289,0.0008683987633412889,0.00013848841152239895,
0.0044153643170020684,0.0008684224680487332,0.00013876113992530934,
0.004415363778040012,0.0008684552059246644,0.00013709179249150796,
0.004410596023483048,0.0008685108145195641,0.00013656733542694757,
0.004410588514825533,0.0008685289698275746,0.00013667220482410612,
0.0044105881122407445,0.0008684977175974977,0.00013664476952768198,
0.004410581112725527,0.000868724871885521,0.00013637550130772837,
0.004410380374812734,0.0008687083950102708,0.00013346200518309984,
0.004410380371512366,0.0008679605305033951,0.00016319644061270184,
0.004410327646564074,0.0008662326799887778,0.00016811360925675622,
0.004410326899776556,0.0008660940806808987,0.00018128433643790117,
0.004410326877025034,0.0008661260386094293,0.00015215941267581574,
0.004410326110386842,0.0008674499559925054,0.00014717389681164706,
0.004410277955206758,0.0008664976830042675,0.00014680724423328563,
0.0044102779243616295,0.0008665028706614846,0.00014395568039418395,
0.0044102446893579846,0.0008653233424158268,0.0001514221961277895,
0.004410244213274615,0.0008647427404753171,0.00014690530652070646,
0.004410228423302521,0.0008637889180918733,0.00014604562528264028,
0.004410227802016174,0.0008635746525364542,0.0001435899211066003,
0.004410171195012713,0.0008632734808812283,0.00014312998891649446,
0.004410171177807269,0.0008632694552370897,0.00013983809746541994,
0.00441013922607703,0.0008632415920862177,0.00014035898792291574,
0.004410137802334567,0.0008632496615329799,0.00014309393352304373,
0.004410129041762012,0.0008631977865291245,0.00013679437696092748,
0.004410127151144455,0.0008632690645559444,0.0001580894568017295,
0.004409992226457596,0.0008632090085902277,0.000163711078322541,
0.004409991798311802,0.0008629325565132575,0.00014750372014079351,
0.0044099670246273495,0.0008628660014021851,0.00014180773060385268,
0.004409964119564004,0.0008629129396833847,0.00014156501325701207,
0.0044097893556957575,0.000863373502175946,0.00014190288583628053,
0.004409788963460163,0.0008638202698072227,0.0001386792803816832,
0.004409661996105243,0.0008666459898800502,0.00013635785460138077,
0.004409659317196489,0.000867691634235635,0.00013625545734470923,
0.004409659064527333,0.0008684758791796277,0.00013524888652309027,
0.004409656502996987,0.0008683920944725762,0.00013561934647842344,
0.004409616317793697,0.0008680764424631128,0.00013707464520554358,
0.004409616309204926,0.0008667994737086039,0.00013702438230230483,
0.00440959692905087,0.0008668362751703406,0.00013773102615247633,
0.0044095957042418156,0.0008668688860308527,0.00013761222236155488,
0.004409544336658736,0.0008668499416861148,0.0001376281041237013,
0.00440954431352247,0.0008670765516769611,0.00013692713368079483,
0.004409491584263172,0.0008670475063891088,0.00013996887744252047,
0.0044094908435105854,0.0008670288822850983,0.00013998652140350505,
0.0044094908219840055,0.0008670717711751584,0.00013830460224096476,
0.004409490064052643,0.0008671179492088245,0.00013806430528290895,
0.0044094768083317235,0.0008677248574179981,0.00013917971581949362,
0.00440947680732986,0.0008678088975682015,0.00013875167742602416,
0.004409463179393407,0.000867844569663437,0.00013878413423877966,
0.004409462755513481,0.0008678615495122467,0.00013792519781879152,
0.004409462405602342,0.0008680556594544602,0.00013776108258679076,
0.004409462003666424,0.0008694015503221415,0.00014262712181207195,
0.004409446998989139,0.000869163287553973,0.00014072988881955062,
0.004409446896728488,0.0008683589216166196,0.00014012127921059805,
0.004409435257496227,0.0008677887715914065,0.00013996325610236978,
0.0044094349753683254,0.0008679514251789026,0.00013563608177625034,
0.004409434885972844,0.000868018230342854,0.00013484391809040038,
0.0044094345967239535,0.0008679526901565094,0.00013306123856047825,
0.004409368605883057,0.0008679668625884668,0.0001834971334108951,
0.004409348345777218,0.0008679657978842004,0.00014354999486244923,
0.00440917468515008,0.0008679643319420488,0.0001311046887980843,
0.004409149860126809,0.0008679663693602203,0.00014212899217616457,
0.004408689915098304,0.0008681012195704531,0.00014297954538977837,
0.004408689676833622,0.0008680480118859256,0.00014298004503511763,
0.004408562512441103,0.0008688836937852543,0.0001382260991321522,
0.004408534985006119,0.0008688459694432424,0.0001370635583118499,
0.004408362049125691,0.0008690267546723211,0.00013004815790014176,
0.004408329779820929,0.0008690556566635193,0.0001286139025798083,
0.00440778000095201,0.0008689529429289102,0.00012813294387194532,
0.004407779684659981,0.0008689791799676019,0.00012774276036786914,
0.0044076968762365,0.0008689683743712698,0.00011867251733296089,
0.004407690372998385,0.0008689417498946155,0.00011690922038587138,
0.004407551591287134,0.0008689428597954706,0.00013309775454099603,
0.004407548062333167,0.0008689410763723713,0.00011650975756689934,
0.004407480337844745,0.0008690417162155941,0.00011576977945013118,
0.004407480144832856,0.000869101116479541,0.0001125646260840233,
0.0044074522432773645,0.0008691340519915372,0.00011037316457606879,
0.004407451481170557,0.0008691815110535056,0.00013175575587404546,
0.004407450903562913,0.0008692030197519704,0.0001280659054874448,
0.004407450208658046,0.0008691372159399849,0.000116335759335877,
0.004407438775153134,0.0008690385551658944,0.0001160785963669979,
0.0044074327870441184,0.0008690303413632704,0.00011246056518189012,
0.004407424368370762,0.0008687738238112492,0.00010908877666214284,
0.004407422426346937,0.0008691910418193528,0.000105767324786607,
0.004407421696717585,0.0008686579964727198,0.00010286487409985402,
0.004407417733711756,0.000868737863483564,0.00010224621489620882,
0.004407386743914335,0.0008687350899521348,0.00010235190564829114,
0.004407386022130293,0.0008687727107697524,0.00010392729970502155,
0.004407348847034262,0.0008688221078491354,0.00010368125800455109,
0.004407347794533261,0.0008681364913585534,0.00010259367046375805,
0.004407315611409186,0.0008681929348578387,0.00010264589536680733,
0.004407311662811563,0.00086817331968007,0.00010337045176885841,
0.0044072913584342,0.0008681815172206276,0.00010539835337800559,
0.004407290033944155,0.000868245081280081,0.00010504290596872735,
0.004407258488361198,0.0008682487931040798,0.00010453007944719702,
0.0044072573034782325,0.0008685740398979618,0.00010432812299721306,
0.004407255117702508,0.0008685165817600802,0.0001041581163598114,
0.004407254773246545,0.0008685214026100237,0.00010364624959555916,
0.0044072490251446635,0.0008684942200205055,0.00010353202266234806,
0.004407248853999476,0.0008685182352934304,0.00010577748722486613,
0.004407248056977644,0.0008685160415928774,0.00010532282950171277,
0.0044072476317475375,0.0008685191696937761,0.00010456898755084346,
0.004407229107819352,0.0008685211140559485,0.00010384333065261874,
0.004407228818837061,0.0008682944027844518,0.00010476686180140208,
0.00440722341224048,0.0008681740677559406,0.00010459086128353826,
0.004407223018117437,0.0008680617568155909,0.00010416685986958086,
0.004407222748059425,0.0008678928122950175,0.0001041715586954261,
0.004407222378139956,0.0008678358256799409,0.00010153524797275206,
0.004407215394856642,0.0008678719000563307,0.00010185011138288135,
0.004407215392106256,0.0008676621626401313,9.506872215791067e-5,
0.004407208590327372,0.0008676882824824157,9.214451882825938e-5,
0.004407208170684062,0.0008676958153512821,9.204341425289143e-5,
0.004407208149265943,0.0008677192613678759,8.862939678736201e-5,
0.004407207731120438,0.0008677155606612115,8.422683593950133e-5,
0.004407199335652425,0.00086768192994563,8.329815475170428e-5,
0.004407198852823073,0.000867558153167883,8.32638878232208e-5,
0.004407190379266646,0.0008675953111309011,8.309789870966492e-5,
0.004407188479783119,0.0008675349314176828,7.584729440530606e-5,
0.004407188229284335,0.0008675377697204796,7.565687678351772e-5,
0.004407186760373299,0.0008675407732218701,7.360168660987017e-5,
0.004407167287884826,0.0008675405567262232,7.353868118727999e-5,
0.004407164868351853,0.0008677434627545774,7.804378800000941e-5,
0.004407143355139909,0.0008676744368762253,7.6305970420132e-5,
0.004407135566507392,0.0008676265073989274,7.643127530593755e-5,
0.00440713526002254,0.0008668113777303449,7.130372621017929e-5,
0.0044071233745998405,0.0008668106900231212,7.128034458973468e-5,
0.004406962827501356,0.0008668065278419572,6.944161645861566e-5,
0.004406960393034957,0.0008668042467706576,6.950123345542715e-5,
0.00440681655688552,0.0008669323609710096,7.0075760003982e-5,
0.004406813522634049,0.0008669526727174406,7.014252857727415e-5,
0.00440681268923219,0.0008669158553696204,7.014042966834156e-5,
0.004406808536076064,0.0008673259832698145,7.003552402444131e-5,
0.004406736060987434,0.0008675816932193494,6.912034269575276e-5,
0.0044067331912078615,0.0008674115226935786,6.950628954665042e-5,
0.004406681425845691,0.0008620273572404433,6.939116659929304e-5,
0.004406681251408288,0.0008616675645464401,6.931142988951467e-5,
0.004406680703177354,0.0008616734834250582,6.956275110647455e-5,
0.004406680629943364,0.0008616978633664693,7.180054516564814e-5,
0.004406678203442972,0.0008617497940982133,7.169789683663187e-5,
0.004406677901378673,0.0008617788225980151,7.202422959014715e-5,
0.004406677406000416,0.0008618426929626351,7.192157236285196e-5,
0.004406677190969098,0.0008619932347343041,7.13350738663622e-5,
0.004406673005069118,0.0008620188553593071,7.123910137535313e-5,
0.004406672995256642,0.0008617636827303064,6.812731401611653e-5,
0.00440666983826134,0.0008617880769488104,6.584325655522631e-5,
0.004406669603866767,0.0008617628292127803,0.00018130800923509916,
0.004406669536086464,0.0008618308073391595,1.805014112304539e-5,
0.004406669323638499,0.0008655681301257994,1.78602395370595e-5,
0.00440666544008725,0.0008621467062073627,1.7130957660377587e-5,
0.004406665437540487,0.0008619564030077474,1.6311648831501717e-5,
0.0044066620236244735,0.0008617819027455899,1.6586869340770964e-5,
0.004406661777258285,0.0008617737722071442,1.6330182505498518e-5,
0.004406661148977282,0.0008618603324003325,1.6294894254533752e-5,
0.0044066609599229855,0.0008619352061962001,1.5967735498647153e-5,
0.004406655033763847,0.0008609583864783825,1.5951154691709956e-5,
0.004406631798565964,0.0008597692276581268,1.2206059275202042e-5,
0.004406475694578269,0.0008590877830406764,1.218657280298738e-5,
0.004406464582958579,0.000858995561935126,2.1831708590449213e-5,
0.004406318239474516,0.0008590221728525818,2.1660537597056064e-5,
0.004406316163393125,0.0008589969296891273,2.442761466936809e-5,
0.004406248426225271,0.0008589702434355575,1.90796055821707e-5,
0.004406237755706331,0.0008589817784828383,4.6644205191755076e-5,
0.004406223685632406,0.0008590105729777774,3.0265236609422995e-5,
0.004406215985716721,0.0008590037466879762,1.9411311744504842e-5,
0.004406130745618027,0.00085900337876228,2.3835091491370698e-5,
0.004406130092687165,0.0008590035217004671,1.5495202535038284e-5,
0.004406116499102323,0.0008589965885952089,1.5745226902133376e-5,
0.00440611516987302,0.0008589908935866568,1.553474393123635e-5,
0.004406106879815235,0.0008589860240992312,1.5230678717180977e-5,
0.004406106317175635,0.0008589635741704133,1.5222491014865648e-5,
0.00440609376394005,0.0008589537586632852,1.3274272443182674e-5,
0.004406093641233699,0.0008589191519293803,1.27311474482637e-5,
0.004406089840602811,0.0008589335858829784,1.2694310949081177e-5,
0.004406089266383441,0.0008589387973342439,1.278256921773487e-5,
0.004406085864849686,0.000858943012422081,1.275948073102223e-5,
0.004406085531299899,0.0008589438195419675,1.2552368827576485e-5,
0.004406075996565499,0.0008590100964584587,1.2489642357779725e-5,
0.004406075952675028,0.0008590094440197015,1.2494290760650075e-5,
0.004406071202154896,0.000859016209104076,1.2163487478808923e-5,
0.004406070623760183,0.0008589818073478184,1.2137070228479549e-5,
0.004406053076891217,0.0008590055000889359,1.2105806106749003e-5,
0.004406052835106909,0.0008589437421288028,1.3083520975700776e-5,
0.004406025384089607,0.0008589818835766147,1.111035137768701e-5,
0.004406025178017425,0.0008589864271783139,9.723705146903353e-6,
0.0044060213842581734,0.0008589877411293505,7.120420071824583e-6,
0.004406020559376984,0.0008589372212446141,7.107642672269924e-6,
0.0044058528595066265,0.000858880577929453,6.936863438221428e-6,
0.004405852847744208,0.0008588850980544556,6.775326223023206e-6,
0.004405811508872503,0.0008589798007214126,5.650669447804815e-6,
0.004405808102223589,0.0008596845926837624,5.61295259094124e-6,
0.004405808061954296,0.0008595151248078646,5.149722636267854e-6,
0.004405804591595058,0.0008595074871067128,5.051839103996609e-6,
0.004405776327080672,0.0008595042122354792,5.029793716235674e-6,
0.004405776322464668,0.0008595038010949132,4.974630621808296e-6,
0.004405750942160916,0.000859237445850091,4.959524404000731e-6,
0.0044057486621104916,0.0008592336231649365,4.967845803454296e-6,
0.004405748431659807,0.000859002677773615,4.9504505426625464e-6,
0.0044057459780399676,0.000858950557490626,5.383993302759783e-6,
0.004405728722390768,0.0008589384172151017,5.3529811638544206e-6,
0.004405728719894519,0.000858922660883676,5.2227025570842305e-6,
0.004405705310152132,0.0008588039763495766,5.1156224991670325e-6,
0.004405703923061691,0.0008588237866216527,5.117446123249997e-6,
0.004405701595863201,0.0008586717479108182,5.100189216762717e-6,
0.004405700070775312,0.0008587554085195924,5.078274068967522e-6,
0.004405688297396164,0.0008587551074494889,5.075461160694355e-6,
0.004405688145147002,0.0008582767340013126,5.210437045351881e-6,
0.004405673632928078,0.0008584029842691011,5.178372792845642e-6,
0.004405669595018016,0.0008582748138990157,5.129060126017797e-6,
0.00440566513592692,0.0008582582213130206,4.865603394769112e-6,
0.004405663696844284,0.0008583680341856601,4.753217559671426e-6,
0.004405655921102099,0.0008584757329533075,4.755916449580495e-6,
0.004405655529040054,0.0008587354500116276,4.809458381152688e-6,
0.004405655398250556,0.0008586626971213021,4.806398325902595e-6,
0.004405654894486941,0.0008586888822917884,5.1238896056442385e-6,
0.004405650838787445,0.0008587049836600427,5.087286123335811e-6,
0.004405650794593764,0.0008588108199905623,6.127432946621091e-6,
0.004405645727332196,0.00085880161488951,6.2797437304718204e-6,
0.0044056454937486415,0.000858790858701178,5.045418426366855e-6,
0.004405645362101376,0.0008588130377709963,5.0459584528039496e-6,
0.004405644969149977,0.0008589579424529765,5.127066170871497e-6,
0.0044056402367173685,0.0008589292639647281,4.979514481830203e-6,
0.004405640222124615,0.0008589883369188207,4.995790095675197e-6,
0.004405634783948054,0.0008588921861061998,4.989629252854685e-6,
0.004405634519828088,0.0008587850234421891,5.018824799826626e-6,
0.004405634467862679,0.0008586917250572285,4.9610002983734454e-6,
0.004405634150450398,0.0008585061668102363,5.00490921129328e-6,
0.004405630107002282,0.0008584702071297126,5.0126420881015045e-6,
0.0044056300943516,0.0008584811632847203,4.831241399806154e-6,
0.004405625415373308,0.0008584776785430792,4.721883875518248e-6,
0.0044056252040981575,0.0008583936754669272,4.719081426053592e-6,
0.004405625183747855,0.0008583968141148825,4.592086372165591e-6,
0.004405624940301422,0.0008584115110650273,4.58995789610482e-6,
0.004405621534942301,0.0008584674729409178,4.6733949415324536e-6,
0.004405621529844896,0.0008585575713214369,4.663813122084306e-6,
0.004405617648633151,0.0008580487911596231,4.572486121356775e-6,
0.00440561746224105,0.0008571236608806517,4.554068411347938e-6,
0.004405617461376218,0.0008565269562975642,4.539469859433915e-6,
0.004405617266915958,0.00085648841635585,4.55421076428594e-6,
0.0044056145149797615,0.0008564885498144548,4.5425739961552345e-6,
0.004405614513103429,0.0008564921210641811,4.599360267257902e-6,
0.0044056120481433024,0.0008566589327955839,4.606135413917624e-6,
0.004405611842858629,0.0008568133753724421,4.611470101090087e-6,
0.004405611837478706,0.0008568552257363591,4.70533169720798e-6,
0.004405611609146827,0.0008570340684814474,4.907391661479748e-6,
0.004405608843226236,0.000856803150347064,4.982570409735274e-6,
0.004405608840839897,0.0008599570421726565,4.773963584945246e-6,
0.0044056054710922745,0.0008563312606344617,4.6983097615534265e-6,
0.0044056052980740385,0.0008563330513774097,4.572777881798313e-6,
0.004405605288019881,0.0008563898379407037,4.600966928942876e-6,
0.004405605089138594,0.000856435609814328,4.618098153144122e-6,
0.00440560239360416,0.0008564396148058471,1.873347389622216e-5,
0.004405602331788636,0.0008566220851797731,6.865428938192264e-7,
0.004405601063551193,0.0008566268367412289,4.465532271004613e-7,
0.00440560076936346,0.0008565210275796435,5.41050084271549e-7,
0.004405600282636896,0.000856522680938658,1.9397155535695007e-7,
0.004405600225684894,0.0008564762573151505,1.6416024175288067e-7,
0.0044055977343423905,0.0008564078944500203,1.554822852433657e-7,
0.004405597598571183,0.0008564138395052067,1.6187165406213992e-7,
0.004405596806267623,0.0008563842289846045,1.5381292155512258e-7,
0.004405596408947062,0.0008563258932752762,1.5345376721439573e-7,
0.004405596177884902,0.0008560769803659446,1.5101544770925572e-7,
0.00440559601794706,0.0008560504528971447,1.5447458225443613e-7,
0.004405589870917694,0.0008560555998687872,1.520123260212376e-7,
0.0044055898287966135,0.0008560541402157525,1.505331401573279e-7,
0.0044055877898444866,0.0008560689456093756,1.4961246648379658e-7,
0.004405584617647509,0.0008561234406796747,1.5023537659634395e-7,
0.004405584605506917,0.0008561307673630711,1.4953329197479002e-7,
0.0044055825053497324,0.0008561238473442034,1.495696320830102e-7,
0.004405580359370352,0.0008561262922262473,1.445571010547582e-7,
0.004405580337278913,0.0008561136354807543,1.4481303979681506e-7,
0.00440557834122804,0.0008561162380291712,1.4494421428672416e-7,
0.00440557543285806,0.0008561430609569239,1.4499936979733276e-7,
0.004405575394964237,0.0008561459280040872,1.40946922191615e-7,
0.0044055735514261195,0.0008561589059747696,1.4018808063038546e-7,
0.004405571509554094,0.000856217049514228,1.4070073543968324e-7,
0.0044055542519459276,0.0008562259288009482,1.3692784277664218e-7,
0.0044055457324418835,0.0008561133968840074,1.3637059134237235e-7,
0.004405543972348266,0.0008562180705911469,1.3346639738786297e-7,
0.004405537716159817,0.0008562216878121313,1.3358774324984532e-7,
0.004405510820163039,0.0008561620494961961,1.3133276982005655e-7,
0.0044054997963053465,0.0008561184839498674,1.3127065506297037e-7,
0.004405458503586358,0.0008560888486714846,1.2945187679390097e-7,
0.004405402220459024,0.0008561278517781915,1.295480207059219e-7,
0.00440539869283627,0.0008563501087325052,1.2947093058342792e-7,
0.0044053935906162795,0.0008579849883990942,1.3010286500889967e-7,
0.004405393567664904,0.0008578762754773607,1.3011873969771944e-7,
0.004405388715716514,0.0008578752117240395,1.2949620065788622e-7,
0.004405384709280121,0.0008578754142865748,1.292874327795471e-7,
0.004405384708132917,0.0008578749769922967,1.2924179676904934e-7,
0.0044053806045511075,0.0008578759135622269,1.2890125482758758e-7,
0.00440537535950489,0.0008578735358962219,1.290162855455319e-7,
0.0044053753464498085,0.0008578729072003032,1.2771977738415008e-7,
0.004405370067972852,0.0008578730134466094,1.2764608548221905e-7,
0.0044053653508341235,0.0008576160923440008,1.2385290159440267e-7,
0.004405365336367018,0.000857562344759027,1.2298674287508425e-7,
0.004405360291833471,0.0008575398406933876,1.2305365592369936e-7,
0.004405353472842052,0.0008579059534997096,1.4851660382059474e-7,
0.004405351444066513,0.0008575965108117255,1.3623172202396645e-7,
0.0044053449332309156,0.0008580349465455244,1.289013425932517e-7,
0.004405329537289609,0.0008577676015114452,1.2933985097709047e-7,
0.004405329487264385,0.0008576799715914627,1.2924278046945995e-7,
0.004405316308587295,0.0008579255824813148,1.2924926688566012e-7,
0.0044053046009572844,0.0008579122432016579,1.2929631394485159e-7,
0.00440527349917615,0.0008578786984503375,1.2885105143207775e-7,
0.004405255822966934,0.0008578518718130465,1.2868223177464933e-7,
0.0044052516982703615,0.0008578243413691162,1.2875323899685513e-7,
0.004405251682503177,0.00085794959025394,1.3418633804247628e-7,
0.004405248173289475,0.0008583254396846724,1.2987063324618335e-7,
0.004405238519300328,0.000858412031093548,1.2707915802350526e-7,
0.00440523841031235,0.0008584111393287078,1.2665507872845994e-7,
0.004405229740507836,0.0008584102051498641,1.2678713403122705e-7,
0.004405224598177382,0.0008584786129450774,1.2682999779425678e-7,
0.004405224500515953,0.0009334052511593605,1.2669955829185132e-7,
0.004405221542795675,0.0008535557684230952,1.1810720763115003e-7,
0.0044052127991922535,0.0008535603338540613,1.263067437815417e-7,
0.004405212350216917,0.0008535521607024059,1.248403217037026e-7,
0.004405205217222286,0.0008537658377974416,1.3900074117648755e-7,
0.004405197816808545,0.0008538730507104288,1.3047944322258846e-7,
0.004405189581267998,0.00085358766841372,3.920612987181968e-6,
0.004405108066853338,0.0008538887000738284,3.388784613507894e-6,
0.004405057116416405,0.0008540450966564467,5.0969709574219944e-6,
0.004405048851096848,0.0008557406425574169,4.973272947960449e-6,
0.0044049762823832215,0.0008557824576985025,3.447339970554424e-7,
0.004404961436933044,0.0008619652209827656,3.2222659348059323e-7,
0.004404954210820258,0.0008617515122009806,1.9210029538804797e-7,
0.004404947947843466,0.0008615938969872285,1.909354482669443e-7,
0.004404947770701087,0.0008614383991861267,1.9436277202113143e-7,
0.004404944878077129,0.000862039870674348,2.166463799693798e-7,
0.004404944348375365,0.0008710507995763643,2.1103832240811828e-7,
0.0044049434706207,0.0009716914194342254,1.9250535497959954e-7,
0.004404920650340335,0.0008989837799169281,2.0255277392063566e-7,
0.004404878072063575,0.0022441339672540656,2.0631933213026967e-7,
0.004404812871749663,0.0008536691932677988,2.0604289363801264e-7,
0.004404787257978384,0.0008582732401824468,2.0928785489445286e-7,
0.004404648352671629,0.0008421816954483726,2.0919981490428174e-7,
0.00440464547531623,0.000836405505099534,2.0706332802699166e-7,
0.004404643253421257,0.0008365555225803368,2.0356550581608614e-7,
0.004404643223407681,0.0008365586675817064,2.1796358918226656e-7,
0.004404641100839616,0.0008365293101521605,2.203054186090653e-7,
0.004404637647141097,0.0008365279770413602,1.9741684956550025e-7,
0.004404637643375558,0.0008363530027594767,1.9701018104747954e-7,
0.004404634131633374,0.000836296832399326,1.8647497625949614e-7,
0.004404631680113784,0.0008362246953169866,1.8663608264104696e-7,
0.004404631300184611,0.0008361538347986075,1.867317143585919e-7,
0.0044046293209536866,0.0008359184256524684,1.8692853474060333e-7,
0.004404623800746518,0.0008363166090308847,2.0718692625633404e-7,
0.004404623636371636,0.0008380039487753517,1.9131166995522553e-7,
0.0044046182652289064,0.0008385996745834343,1.8838734547697776e-7,
0.004404613157088231,0.0008392987754359613,1.882287494703196e-7,
0.0044046112091906935,0.000839097222556503,1.8474733373553342e-7,
0.00440460662899648,0.0008387542124444873,1.837971426213047e-7,
0.00440460495736141,0.0008398240843981909,1.774535246839353e-7,
0.004404603181599574,0.0008390217183323612,1.763681396296283e-7,
0.004404602901552494,0.0008390241558796388,1.7554159053603519e-7,
0.004404599694544745,0.0008390438062061232,1.754187598569446e-7,
0.004404599626453918,0.0008394291176231447,1.7078789896482842e-7,
0.004404596198885485,0.0008394233401068158,1.704660687758908e-7,
0.004404590213492593,0.0008355377475872741,1.7036458082403827e-7,
0.00440458937759856,0.0008169745073757477,1.699685890025925e-7,
0.004404583613359421,0.0008177484428143632,1.697697110954048e-7,
0.004404574875491865,0.0008177397849901906,1.7068653545446481e-7,
0.0044045746958110855,0.0008178672619430284,1.9020977935980927e-7,
0.004404564865607697,0.000817798104836902,1.9028817179729202e-7,
0.004404548261505959,0.0008188115162441923,1.9031027258492394e-7,
0.004404512644519368,0.000819189272751516,1.9014169354015358e-7,
0.004404489162465945,0.0008191774675540151,1.8991001884340333e-7,
0.004404382067662584,0.0008202361590840582,1.9006640618337236e-7,
0.004404381767876755,0.0008211951636204495,1.8998519273189343e-7,
0.004404335273250313,0.0008075476944356759,1.900183391158953e-7,
0.004404286436255113,0.000807434182313788,1.8996389087326348e-7,
0.004404277584780926,0.0008074241025706486,1.908264679162765e-7,
0.004404221252322887,0.00080742491423688,1.9074137097575836e-7,
0.004404124059968508,0.000807476727490264,1.907890285670748e-7,
0.004404123797299675,0.0008074860261175566,1.9075833258361656e-7,
0.0044040724250807625,0.0008074762622770249,1.9066403490454967e-7,
0.00440401971337533,0.0008074459110664252,1.908321760426535e-7,
0.004404013744997944,0.0008076208047837187,1.9077172721237744e-7,
0.0044039534159603525,0.0008077120056230016,1.910194763065696e-7,
0.004403859713011428,0.0008078295466859936,1.9140809211946495e-7,
0.004403859562197921,0.0008078459986663258,1.9370130529573884e-7,
0.004403809587906724,0.0008080530020386978,1.9270480729378228e-7,
0.00440375831938446,0.0008080623040295239,1.926303513390893e-7,
0.004403755400488546,0.0008080776866257836,1.9377846096617867e-7,
0.004403698056410275,0.0008080814454709466,1.9440514428922323e-7,
0.004403619609810098,0.0008080974405327335,1.9423797188873635e-7,
0.004403619491597429,0.0008082672286423738,1.9472901943002945e-7,
0.004403573663294161,0.0008082741151943326,1.946812110676234e-7,
0.004403527548695121,0.0008083733344777092,1.9456802959055595e-7,
0.004403525061571458,0.0008084140317267915,1.9438806045936628e-7,
0.004403474020424286,0.0008085438318614405,1.9423016387618948e-7,
0.0044034033653839715,0.0008076772041335825,1.933507162524093e-7,
0.004403402913697494,0.0008076165393501411,1.9306540419750632e-7,
0.004403357617667338,0.0008076704546042847,1.928227819973357e-7,
0.004403317731816285,0.000807790290765926,1.928873743114018e-7,
0.004403312747776373,0.0008064360981599279,1.9283925183870276e-7,
0.004403266013047839,0.0008066248570810266,1.9276652080993807e-7,
0.0044031875403688706,0.0008067120481721532,1.9283649499554761e-7,
0.004403165555127112,0.0008069398379255103,1.9303351209916562e-7,
0.004403118795998887,0.000807023551316398,1.9139909186580022e-7,
0.004402994122710104,0.000807007367513608,1.9130554072245802e-7,
0.004402898372888301,0.0008070211042303727,1.9119511129293768e-7,
0.004402841011569652,0.0008069719102713963,1.911857917236743e-7,
0.004402836591090802,0.0008069963710232372,1.9109236249906984e-7,
0.0044028364678394116,0.0008484801719534481,1.911184028158872e-7,
0.004402832543395315,0.0008084648163916763,1.910912380857341e-7,
0.0044028282529282895,0.0008069404985420149,1.9114152818440893e-7,
0.00440282738856779,0.0008069629584343417,1.91201047632135e-7,
0.004402824232802922,0.0008069678011077288,1.9131065309930304e-7,
0.00440281877720883,0.0008069812576420743,1.915289247770468e-7,
0.004402818613403732,0.0008069410007284846,1.914501024715438e-7,
0.004402813790915018,0.000806985616788558,1.9156214351993187e-7,
0.004402809357711288,0.0008068893065769411,1.9200543504080387e-7,
0.004402747436506076,0.0008068160045206358,1.9202829823035085e-7,
0.004402735740789201,0.0008067143636536207,1.9188420391505403e-7,
0.0044027174967436866,0.0008065988110260804,1.9195592962893934e-7,
0.004402700664571006,0.0008066086641728651,1.9190483406461266e-7,
0.004402599970506046,0.0008066074043352457,1.9195870150037096e-7,
0.004402567847412239,0.0008065928682823775,1.9172513745767316e-7,
0.004402511381365707,0.0008066425483950176,1.9159553332531774e-7,
0.0044024599483823675,0.0008066400917248504,1.9137504508683248e-7,
0.004402456966216225,0.0008066368215398931,1.9140831929322392e-7,
0.004402454018149208,0.000806633490519144,1.9133723793964295e-7,
0.004402441665889147,0.0008066307787067063,1.7474485594841675e-7,
0.004402439557242961,0.0008070742528545186,1.7641152640355332e-7,
0.004402436052490006,0.0008070499979427235,1.7531381390041377e-7,
0.004402430402018781,0.0008072773217966296,1.7452809357024805e-7,
0.004402429468262093,0.0008072898668822837,1.749598823057791e-7,
0.004402424323976316,0.0008072840460235439,1.7480617293464606e-7,
0.004402412574415411,0.0008072721466011589,1.7459995493140522e-7,
0.004402410383980407,0.0008072611456795448,1.7437324072531682e-7,
0.004402378536289188,0.0008072609935872666,1.6478729183905027e-7,
0.004402376295951462,0.0008072934422628488,1.632073177217011e-7,
0.004402370708985499,0.0008073264438930775,1.6305196219506983e-7,
0.004402367429250058,0.0008073546940452181,1.5920920436449517e-7,
0.004402363978955707,0.0008073857786246396,1.7326345908547344e-7,
0.00440236352308334,0.0008074003821307777,1.932737366001465e-7,
0.004402356951743766,0.0008074496128204921,1.9002618210912993e-7,
0.0044023567095716025,0.0008072108734004131,2.2859038118722825e-6,
0.004402353603347728,0.0008071938985854299,4.962196806918373e-7,
0.004402350962186207,0.0008071029812933014,2.0816402542662664e-7,
0.004402347514346979,0.0008071163331006006,2.0938017310688214e-7,
0.004402347062642497,0.0008074398636060047,2.1103819601348533e-7,
0.004402302454865928,0.0008077529793840542,2.1262961092530076e-7,
0.004402296505158198,0.0008076751394414147,2.1616519953035598e-7,
0.00440227960031709,0.0008074148873097112,2.2982471519575946e-7,
0.004402273951724443,0.0008068763872235503,2.2930682074606986e-7,
0.00440227258956541,0.000806553794448187,2.56584884426944e-7,
0.004402269399804482,0.0008068801749492004,3.067002595045453e-7,
0.004402260094593834,0.0008068551686187734,3.043991730835981e-7,
0.004402259178171702,0.0008068422777999326,3.5951391459928246e-7,
0.004402247154171225,0.0008068433475725945,3.4477056934218266e-7,
0.0044022465450391105,0.0008067952112489811,3.4231513752951857e-7,
0.004402246131570736,0.0008067021840461894,3.129350541777729e-7,
0.004402245510885283,0.0008066480896226144,2.2159498484705787e-7,
0.0044022371957764634,0.000806639018966532,2.2331545607278729e-7,
0.004402237189165552,0.0008066203157870064,2.1540165472970989e-7,
0.0044022280430449845,0.0008064969759082914,2.1486688148502867e-7,
0.004402226831653857,0.0008064790637182401,2.3374410142580725e-7,
0.004402225389314211,0.0008064803358650651,3.026614731834737e-7,
0.004402224267966509,0.0008064810310818864,5.44446872521152e-7,
0.004402210044837491,0.0008064659488425109,5.408772941493461e-7,
0.004402210037453629,0.0008064936184190662,4.867276024655469e-7,
0.004402201595514189,0.00080658995541573,4.5129721925383915e-7,
0.004402200865918664,0.0008065293893186175,2.060156134517504e-7,
0.004402151385260649,0.0008065673393851374,2.0469675984086596e-7,
0.004402150426599759,0.0008115697073882429,2.0439427169470326e-7,
0.004401992693972709,0.0008788690941719493,2.0428172022811576e-7,
0.004401992238258215,0.0008090152848458655,2.0410208970346358e-7,
0.004401985759223856,0.0008090443673194704,2.0371235711898183e-7,
0.004401985516269213,0.0008090761896957095,4.015272022852416e-7,
0.004401817119381453,0.0008091510900947214,3.973392774035037e-7,
0.004401815841003043,0.0008091857242275521,4.2604634915436585e-7,
0.004401597414961969,0.0008091889608118538,4.0674657320600675e-7,
0.004401595877113786,0.0008092061650294961,4.132879836129884e-7,
0.004401594353793828,0.0008083568261782749,2.985389785737441e-7,
0.004401593097868657,0.0008081546636729605,2.7377058964962553e-7,
0.004401563838883129,0.0008079070637691218,2.7467316726044814e-7,
0.00440156383788845,0.000808595316553645,2.7671083028714416e-7,
0.004401551875992393,0.0008089454457881199,2.696920238906995e-7,
0.004401551485645545,0.0008088997054643785,2.7073760178186417e-7,
0.0044015504114376615,0.0008088023478091234,2.695375780099119e-7,
0.004401550049669155,0.0008088367669022768,2.697424296394146e-7,
0.0044015434170784455,0.0008090141769543015,2.818178655152313e-7,
0.004401543368341175,0.0008090489460349712,2.811255212626731e-7,
0.004401535811773863,0.000809007778717057,2.81047962413907e-7,
0.004401535375334731,0.0008090072071026071,2.8099721530604703e-7,
0.0044012968006864155,0.000809008351683438,2.844816753292931e-7,
0.004401296144968808,0.0008089076292830141,2.829652906561346e-7,
0.004401158500265503,0.0008089131620392289,2.821552675318048e-7,
0.004401153029323761,0.0008090896300285594,2.813529711380953e-7,
0.004401143334707197,0.0008088318280567441,2.8433941039471057e-7,
0.004401139414122371,0.0008089279690034801,2.8276236757225475e-7,
0.004401100426210881,0.0008090270857266337,2.992788355711528e-7,
0.0044011003516284545,0.0008090289660846053,2.978747739164068e-7,
0.0044010888801788335,0.0008090059333411326,2.81420999343217e-7,
0.004401088131376237,0.0008086793309799616,2.813248850671533e-7,
0.004401073194302832,0.0008083187461513357,3.264322913164651e-7,
0.0044010731182286805,0.0008083154384980329,2.9174979792577986e-7,
0.00440106396176803,0.0008080280874484429,3.8406259728835575e-7,
0.004401063879682953,0.0008163396344042764,3.7563825221193056e-7,
0.00440106345481629,0.0008086024884608182,4.006397855313573e-7,
0.004401063286460006,0.0008063430707643636,4.190987207168157e-7,
0.004401055938747952,0.0008064141422379694,3.664791405768184e-7,
0.0044010559211870035,0.0008070488778119827,3.090290307029063e-7,
0.004401048006718486,0.0008090200186910855,5.004851706011195e-7,
0.004401047805106632,0.0008065142069029658,4.4979162357273e-7,
0.004401047673429819,0.0008059512410852115,2.87392759098288e-7,
0.004401047512319677,0.000805798987998488,2.8542744394669534e-7,
0.004401042833570539,0.0008058140651221329,2.630475882523406e-7,
0.004401042829008838,0.0008057810247496111,2.6276503661332047e-7,
0.004401039146711173,0.0008058031994282557,2.6533188490417454e-7,
0.004401038995062923,0.0008058981690751675,3.040083204205677e-7,
0.004401038376505356,0.0008060138763186834,2.5609923243755985e-7,
0.004401038286745923,0.0008053930868644045,2.540914592075987e-7,
0.004401034424748983,0.0008042460731012723,2.5351637261238267e-7,
0.004401034391256034,0.0008030914195209001,2.53512929003257e-7,
0.004401032504483615,0.000803130059546245,2.3806658366514507e-7,
0.004401032335138693,0.000802049386783031,2.7197418671885596e-7,
0.004401029770443358,0.0008010339865225196,2.2623634259980514e-7,
0.004401029685686813,0.0008010134009143929,2.2756939725262038e-7,
0.0044010216328999405,0.0008009886513809523,2.402802182288052e-7,
0.004401019946663264,0.0008015503444793815,2.474534793539338e-7,
0.004401003924275741,0.0008052303884715585,2.300243597143543e-7,
0.004401002981965589,0.0008048833545480303,2.28513613234791e-7,
0.004400981913899172,0.0008045365446274373,2.284301032435799e-7,
0.0044009815727747295,0.0008041390727331511,2.2831444111498758e-7,
0.0044001000379605085,0.000804248390206138,2.3715846014330433e-7,
0.004400093134048979,0.0008043060826424033,2.3603991684546692e-7,
0.004398503053970641,0.0008041816526599469,2.3548404969775923e-7,
0.004398498016509827,0.0008041274523022391,2.3363032192103709e-7,
0.004398392624008762,0.0008041565794428342,2.3079085847021057e-7,
0.004398392490127098,0.0008041579460420511,2.305122935488487e-7,
0.004395653114357031,0.0008041639603005963,2.3519598404924303e-7,
0.004395647739854527,0.0008041584672743535,2.3327431356513443e-7,
0.004393912998962423,0.0008041171337737514,2.3214487999470425e-7,
0.004393907556087989,0.0008040808277364855,2.407624893450082e-7,
0.004393817624018512,0.0008040394622976071,2.4281308503143547e-7,
0.004393817339255387,0.0008040686418450359,2.4087263855499314e-7,
0.004393783160154547,0.0008039617158219277,2.3837059821017366e-7,
0.004393782507621421,0.0008039603318787576,2.2881098197988642e-7,
0.0043937708760664745,0.0008039590162400237,2.286180951789535e-7,
0.004393770422683437,0.0008038933390815781,2.2864572352979968e-7,
0.004393746506872311,0.0008038838968385726,2.2969219155344428e-7,
0.004393746067441561,0.0008039235923942743,2.2963578059351236e-7,
0.004393741357062163,0.0008039650174800053,2.2945930102679506e-7,
0.0043937410706063424,0.0008039701285142604,2.304779162276855e-7,
0.00439368031457892,0.0008040724032792193,2.3031681915991594e-7,
0.004393680198340005,0.000804018696944474,2.305794005837948e-7,
0.004393643183219545,0.0008038850717015113,2.2742550392811161e-7,
0.004393641705801611,0.0008044273398270498,2.2701865130304714e-7,
0.004393631926960123,0.0008039489578427661,2.2687186937866827e-7,
0.004393631528054716,0.0008039223957716104,2.2557217469263252e-7,
0.0043936197725614285,0.0008039073423637251,2.254903419376583e-7,
0.004393619597617089,0.0008040174035557992,2.260499092608526e-7,
0.004393618070612894,0.0008040857621493239,2.260630973623824e-7,
0.0043936178630665885,0.0008041097486747382,2.2598629180759212e-7,
0.004393612347577459,0.0008038013749380503,2.2519589328269254e-7,
0.00439361234632486,0.0008035121898302542,2.2511615291875868e-7,
0.0043936068112296585,0.0008038379414690807,2.2480693419147075e-7,
0.0043936066270700335,0.000803605274019263,4.3174388084566993e-7,
0.0043936064126013806,0.0008035850038925727,1.7737442081124784e-7,
0.004393606241851304,0.0008036013194252135,1.7752395979031862e-7,
0.0043936001998735475,0.0008036112592566232,1.7739205224666257e-7,
0.004393600194358118,0.0008036584437609548,1.7707708535552914e-7,
0.004393594800010976,0.000803485300767857,1.7712023070271873e-7,
0.0043935945263535465,0.0008034092138549203,1.771865058353545e-7,
0.004393590223756365,0.0008034649186691458,1.7704445459893624e-7,
0.004393589909758771,0.0008034287814607473,1.767495283070983e-7,
0.004393558950871581,0.000803387379229765,1.7664031525174746e-7,
0.004393558714230426,0.0008033259993982678,1.7549187194861555e-7,
0.004393554838328752,0.0008033177388513775,1.7544452941138114e-7,
0.004393554702417289,0.0008032999802966608,1.7546695398578052e-7,
0.004393252488444353,0.00080322491602698,1.755962349903772e-7,
0.004393251977339521,0.0008032915274676213,1.7267456192903664e-7,
0.0043929454151479825,0.0008033176251155285,1.7067299707587483e-7,
0.004392944396638036,0.000803288623215552,1.6889354631081405e-7,
0.004392937680231057,0.0008032711392045402,1.6870900320582256e-7,
0.004392937017586627,0.0008032520763436046,1.686903809479374e-7,
0.004392887424751819,0.0008032894229390804,1.686712563218035e-7,
0.0043928873109817385,0.0008033220069215619,1.6873795353038866e-7,
0.004392876533620271,0.0008033278081415813,1.6879316116034812e-7,
0.004392876398817219,0.0008032080762046935,1.6870052227642487e-7,
0.0043928551034574876,0.0008069426446825765,1.6874734888687024e-7,
0.004392855078701201,0.0008052240765432507,1.6873187398832413e-7,
0.004392834863455802,0.0008053306859596653,1.6510971365588717e-7,
0.00439283450580549,0.0008053328553028991,1.6484272266223928e-7,
0.004392831325012349,0.0008056203602340164,1.6487413557037302e-7,
0.004392830967647885,0.0008052094592103891,1.6481621936403426e-7,
0.004392821528330274,0.0008047557850894186,1.6504112481483754e-7,
0.0043928211967555475,0.0008044723660504385,1.6511545121196563e-7,
0.004392817158471841,0.0008044328735278641,1.6505515874532984e-7,
0.004392816822857477,0.0008044356104136916,1.650428324432982e-7,
0.004392809529655697,0.0008040024108913392,1.650268746534105e-7,
0.004392808860907178,0.0008037208127597971,1.650094844721876e-7,
0.0043928024676318485,0.0008072747357058186,1.6496528420266578e-7,
0.004392801847064917,0.0008073378295076952,1.6390746814932044e-7,
0.004392793892846864,0.0008070019077190619,1.6362605596072107e-7,
0.004392787961069897,0.000807007220542114,1.6245680808867543e-7,
0.004392780710127205,0.0008070479166816572,1.6229676857594102e-7,
0.004392774497474849,0.0008070379994080677,1.6278096955910885e-7,
0.004392765813453111,0.0008070143849537443,1.6265252487332915e-7,
0.004392765647533489,0.0008070214920017851,1.63562061714724e-7,
0.004392754438375585,0.0008069221265519897,1.634675358348831e-7,
0.004392754213907659,0.0008069702393653666,1.6436853176972332e-7,
0.004392747972402829,0.0008069427789989338,1.6382288191496842e-7,
0.0043927478581456654,0.0008069742052058443,1.6386970662725123e-7,
0.004392735785741943,0.0008069435185014394,1.6514383944064159e-7,
0.004392735641224323,0.0008070900528066083,1.6515889654336067e-7,
0.004392728294298745,0.0008070998686118697,1.651265323189702e-7,
0.004392728182279589,0.0008071228502460996,1.6585307242589446e-7,
0.004392563982798742,0.0008071120681716099,1.663497437331744e-7,
0.004392563914196491,0.0008071113425034944,1.665637924566728e-7,
0.004392412923716856,0.0008071447599472398,1.665356488789137e-7,
0.004392412750648305,0.0008071481977885734,1.664549912021534e-7,
0.004389726263272621,0.0008071535093209392,1.6634085105539731e-7,
0.004389719495882332,0.0008071578157423236,1.6619660085775791e-7,
0.004387068628541136,0.000807159281057257,1.6618034383957495e-7,
0.00438706363203934,0.000807234120007811,1.6610795546674942e-7,
0.004387052133577506,0.0008072182912040849,1.6540792097928965e-7,
0.004387043857655412,0.0008072248977811188,1.655949426075282e-7,
0.004366826521208173,0.0008072475278287199,1.6548868427356636e-7,
0.00436682266508936,0.0008073314677205359,1.6549522769223838e-7,
0.004353188704726851,0.000807237637059189,1.6547342063734542e-7,
0.004352838055676191,0.0008072260143796487,1.6540369100751472e-7,
0.004351901346071193,0.0008072084061470197,1.762336115780337e-7,
0.004351754144214985,0.0008065328778075361,1.7025244389807086e-7,
0.004350889470059684,0.0008048694777186136,1.728317968078783e-7,
0.004350878921033257,0.0008049326760306269,1.728263275471089e-7,
0.004350813053265088,0.0008055189441045497,1.634068019543512e-7,
0.004350798444831208,0.0008041838163699483,1.6389886053572793e-7,
0.004350492308695115,0.0008042724887608681,1.5805521235553678e-7,
0.0043504920429199515,0.0008043279810204192,1.5800578629664246e-7,
0.004350331087349934,0.0008042809541382003,1.5800350479055111e-7,
0.004350328504190526,0.0008042919329504078,1.5790416249433932e-7,
0.0043503240397120705,0.0008037341508912297,1.620737183908522e-7,
0.004350320897725893,0.0008034121837213289,1.6238032922573084e-7,
0.004350248095294296,0.0008038815525037637,1.6004434557639868e-7,
0.004350247884217445,0.0008040767707633362,1.597583067162053e-7,
0.004350210159585277,0.0008042586749505823,1.5961644622100166e-7,
0.004350209786891329,0.0008046075356204618,1.5918459624163232e-7,
0.004350206177272345,0.0008044870286436611,1.5908099019374244e-7,
0.004350205522276062,0.0008043816784897785,1.5940961644634344e-7,
0.004350185644639033,0.0008043359314452462,1.5916715977007752e-7,
0.004350185460429812,0.0008042717639117473,1.591658007060455e-7,
0.004350179606762877,0.0008042407360945702,1.59142417299254e-7,
0.0043501793759255615,0.0008042899764344737,1.5908610287892842e-7,
0.0043501780342468585,0.0008043563376795483,1.5382260607283082e-7,
0.0043501773999492874,0.0008038928545830548,1.537302928934006e-7,
0.004350135858687822,0.0008040427594750543,1.5374542219677298e-7,
0.004350135643736912,0.0008147347879354101,1.536462504306178e-7,
0.004350111547929346,0.0008076062599440803,1.5395730007163539e-7,
0.004350111163924168,0.0008074341855905069,1.5399913237925464e-7,
0.004350106471385499,0.0008075851607452846,1.5408624004506582e-7,
0.004350106457980542,0.0008076093295189976,1.5250721518593833e-7,
0.004350102021515777,0.000807602305171304,1.5246979623976249e-7,
0.004350101510178555,0.0008075517078066553,1.5247727228574315e-7,
0.004350100810829158,0.0008075257091128952,1.5275908140268328e-7,
0.004350100382486995,0.0008094096968554073,1.5264479685683868e-7,
0.004350092617688988,0.000808894116620891,1.5268183792700504e-7,
0.004350092249341475,0.0008087610022273415,1.5699564413848196e-7,
0.004350087208418652,0.0008083348714308339,1.4941234817787986e-7,
0.00435008701172554,0.000808524638587267,1.4925658888138674e-7,
0.0043500867442994385,0.0008086745425226616,1.4919182959134914e-7,
0.004350086645351082,0.0008097343407830788,1.4914239942396372e-7,
0.004350085307811768,0.0008095429941952597,1.4935997439607112e-7,
0.004350085295063069,0.0008094703419909807,1.492662751081047e-7,
0.004350082490967152,0.0008093324674830708,1.49546374216076e-7,
0.004350081882746457,0.000807891155494886,1.4979357705371454e-7,
0.004350081498428727,0.0008080474300973434,1.4981798133659518e-7,
0.004350081060353129,0.0008080791619326364,1.499148256740086e-7,
0.00435007725450355,0.0008079026189152698,1.4969774790862794e-7,
0.004350077249144047,0.0008078794243774187,1.4762768556597693e-7,
0.004350076280249125,0.0008080965874468056,1.4797178286711316e-7,
0.0043500758394700205,0.0008080694171364828,1.479744308086287e-7,
0.004350075560906535,0.0008074687018344653,1.4783226999098987e-7,
0.004350075318625372,0.000807456328816595,1.417650859853868e-7,
0.004350073620728892,0.0008073091904838055,1.4135490173608658e-7,
0.004350073615518791,0.0008073979242164488,1.419564910417257e-7,
0.00435007338246144,0.0008074298724653073,1.421603766354126e-7,
0.004350072262611119,0.0008077057102779385,1.4047630571525626e-7,
0.004350071953051203,0.000807498084679338,1.402748748481323e-7,
0.004350071832113426,0.0008074560012119912,1.3555900538363175e-7,
0.004350071302600559,0.0008073193373447352,1.3364196765204664e-7,
0.004350070918425702,0.0008074257445989402,1.3335903736002315e-7,
0.004350070876300217,0.0008075028674738708,1.301572093179989e-7,
0.0043500698205876836,0.0008072350403224488,1.3612647161018027e-7,
0.0043500694786941085,0.0008071746791456732,1.320896175470445e-7,
0.004350069366605733,0.0008071608469465675,1.3204774890046072e-7,
0.00435006879549335,0.0008071469214325333,1.3674870982719444e-7,
0.00435006824661662,0.0008070666452440145,1.3596223634667308e-7,
0.004350068232855642,0.0008070104752723575,1.301907315151985e-7,
0.0043500673106554935,0.0008071022485029781,1.3022433114349701e-7,
0.0043500669336268005,0.0008069768445164186,1.3036219929853538e-7,
0.004350066873651044,0.0008068832154312907,1.3044577395485373e-7,
0.004350066313902277,0.0008068650942652015,1.3069442057003108e-7,
0.004350065759311553,0.0008074192095645134,1.3138856203912624e-7,
0.004350065751807416,0.0008070936400245395,1.2823235067389725e-7,
0.0043500649370897745,0.0008070946824284711,1.235277960443223e-7,
0.004350064444160523,0.0008071590274090939,1.235251507360661e-7,
0.004350064431693017,0.0008071335957367228,1.2001720446871228e-7,
0.00435006384012926,0.0008070175148320834,1.1981422022082768e-7,
0.00435006323800804,0.0008070520671019005,1.1926565734428605e-7,
0.004350063235454007,0.000807044259503955,1.1900196949501843e-7,
0.0043500624491271955,0.0008070600867929822,1.1889286510250171e-7,
0.004350061853943498,0.0008083437626357973,1.1896526263943792e-7,
0.004350061851898501,0.0008078982474125571,3.946145806941774e-7,
0.004350061121001279,0.00080785989011351,3.035303957628693e-7,
0.004350060521756757,0.000807873881788501,3.1718602471366975e-7,
0.004350060515860241,0.0008079440906863557,2.4151079993230765e-7,
0.004350060066692498,0.0008079392464694569,6.426456366812464e-7,
0.0043500594317151964,0.0008079320773144419,1.939948591756113e-7,
0.0043500594291919345,0.0008079348334493314,1.7108509515131825e-7,
0.004350058645286934,0.0008079277317096762,2.2262466338334185e-7,
0.004350058288359856,0.0008078523242751635,2.646688629040195e-7,
0.004350058287639017,0.0008078183241460253,2.544822729852759e-7,
0.004350057985066224,0.0008077814948029394,3.472208248337826e-7,
0.004350056963465347,0.0008077434177016766,3.614450584624582e-7,
0.004350056959076397,0.000807882866643034,3.000697922096445e-7,
0.004350056148552169,0.0008077966500245321,2.894988354290886e-7,
0.0043500558425834095,0.0008078228004461906,3.6351734682305056e-7,
0.004350055830678502,0.0008080451334048012,1.5549590995543503e-7,
0.004350055381747807,0.0008080285245620169,2.661905122196271e-7,
0.004350055007546191,0.0008080298526613062,1.5801588321136172e-7,
0.004350054947201569,0.000808208039441429,2.0294424668019066e-7,
0.004350054232045722,0.0008080548105827483,2.6740560999950104e-7,
0.004350054069557887,0.0008080308912965925,2.8407566154298674e-7,
0.0043500540089778245,0.0008078691861352672,2.1017248863325193e-6,
0.004350053577232958,0.0008077358317557927,1.5861343197027512e-7,
0.004350053131001798,0.0008074187233982702,1.3137587893725244e-7,
0.004350053085290571,0.0008077954941699914,8.141738636064063e-8,
0.0043500523119041155,0.0008077623662313214,8.13016596585417e-8,
0.004350052175149393,0.0008080973163681805,8.152187390010467e-8,
0.004350052085970805,0.0009698389420472217,8.162005002625738e-8,
0.0043500516184568966,0.0007702405848642702,8.158874599710844e-8,
0.004350050905978663,0.0007685749697358188,8.144268918415701e-8,
0.004350050886720301,0.0007675941031052431,8.148453088858246e-8,
0.0043500499022605795,0.0007666862051988201,8.142541748125543e-8,
0.004350049532862379,0.0007629949587712374,8.145827632916285e-8,
0.00435004953211914,0.0007922350676325501,8.149008390134062e-8,
0.004350048999359183,0.000790744642485871,8.137203013917347e-8,
0.00435004821104623,0.0007905631983382784,8.139866911964211e-8,
0.004350048208062378,0.000788151259597771,8.13256094271891e-8,
0.004350047528569022,0.00079251120641252,8.137824760853503e-8,
0.004350046663148429,0.0007926876689157653,8.126759968607618e-8,
0.0043500466487750656,0.0007710768761826584,8.127533529964378e-8,
0.004350046091280645,0.0007709518938341938,8.124435197388445e-8,
0.004350045269662681,0.0007709044148610412,8.209278819917157e-8,
0.0043500452453503185,0.0007614832010593798,8.192249618831816e-8,
0.0043500445958582195,0.0007624975737406684,8.194395237921971e-8,
0.004350043751503137,0.0007553582737464938,8.200448027058827e-8,
0.004350043742976694,0.0007558657689335545,8.19935008652155e-8,
0.004350043158643129,0.0007563895709849471,8.198764696913089e-8,
0.004350042245595004,0.0007563795521711295,8.205837080582367e-8,
0.004350042201508649,0.0007562203294319453,8.202520114826755e-8,
0.004350041509938745,0.0007560623058556745,8.200154364243048e-8,
0.004350040544811623,0.0007550370332368658,8.201276411115538e-8,
0.00435004052886329,0.0007456499480343066,8.198890675553848e-8,
0.004350039926942178,0.0007464551998970256,8.197543501303312e-8,
0.004350039190895662,0.0007356390644744164,8.20353486743921e-8,
0.004350039179959323,0.0007368676851290965,8.197907182515175e-8,
0.004350038550969134,0.0007362768178885679,8.202331007178674e-8,
0.004350037744420994,0.0007357709740279102,8.205696414681505e-8,
0.004350037740689559,0.0007358878827703425,8.198241284846327e-8,
0.004350037112379075,0.0007358718115476019,8.189157685304676e-8,
0.004350035857680533,0.0007358308029908471,8.197112108162826e-8,
0.004350035714013149,0.0007357561642086463,8.255838823460901e-8,
0.004350034875480913,0.0007357519906732602,8.232021677486681e-8,
0.004350032846909814,0.0007357188711267519,8.224449075889072e-8,
0.004350032642286504,0.0007364332294645889,8.136504627489579e-8,
0.004350032123418576,0.0007356726320971085,8.103181310109754e-8,
0.00435002176218827,0.0007354953044247887,8.259747930144203e-8,
0.004350002995322709,0.0007355067351318722,8.026217337851249e-8,
0.0043499994252399286,0.0007354666933712976,8.039791876456009e-8,
0.0043499986271966365,0.00077159412956763,8.029478200858281e-8,
0.004349997288185252,0.0007715954398845114,8.27299310877739e-8,
0.004349942901937606,0.0007710163589527727,8.066771750107819e-8,
0.0043499370901460615,0.0007641252018808926,8.058297702113568e-8,
0.004349923148978013,0.0007621677086655786,8.0147509253567e-8,
0.004349912779266852,0.0011721110757376319,8.002536466340679e-8,
0.004349900574769684,0.0008032452440621842,7.956672761176441e-8,
0.004349900299398189,0.0007512668584151391,7.953603948476622e-8,
0.004349865143891054,0.0007470902812834053,7.936615759629833e-8,
0.004349852868784774,0.0007436447019876189,7.953551304635953e-8,
0.004349851086936048,0.0007436262777707652,7.989656779385824e-8,
0.00434983653487234,0.0007437264091360357,7.994683715389779e-8,
0.00434981641682182,0.0007410494422670884,7.98946507487212e-8,
0.004349816316396294,0.0007409244931220917,7.942304418661137e-8,
0.004349778867617977,0.0007408861043286527,7.954135170525301e-8,
0.0043497611681571225,0.0007408779997541791,7.923215365494389e-8,
0.0043497606803263094,0.0007411925268351312,7.905481231243728e-8,
0.004349741437249456,0.0007435994522838063,7.906278837431562e-8,
0.004349712654045965,0.0007425833445930164,7.846614231916721e-8,
0.00434971262931604,0.0007425064175153422,7.84154952040975e-8,
0.004349675610265563,0.0007429683872494555,1.0062639514787183e-7,
0.004349656875788573,0.0007433255087392164,8.838057712835818e-8,
0.0043496565320987,0.0007436305433680769,8.26417521130326e-8,
0.004349636544882162,0.0007485451057161772,8.229223380263097e-8,
0.004349607030350444,0.0007482566057184869,8.176019664950326e-8,
0.004349607010283193,0.0007478932783045756,1.8503835836653304e-7,
0.004349569208038544,0.0007472087525801801,1.7450361580818578e-7,
0.004349549322010836,0.0007484257842085682,1.6145974402580702e-7,
0.004349549022831723,0.0007488515186825528,6.883035498164376e-8,
0.004349527824781269,0.0007490037131357287,6.744854516942131e-8,
0.004349496705405526,0.0007482634968556836,6.740270479539418e-8,
0.004349496690479609,0.0007506783504955628,6.78727829315289e-8,
0.004349459273634553,0.0007505682910891017,6.775261870709558e-8,
0.004349439084603254,0.0007550276816443715,6.780540356195302e-8,
0.0043494388114550565,0.0007529808200694618,6.777634715481578e-8,
0.00434941747765027,0.0007508650193365248,6.785685823013084e-8,
0.004349386616455016,0.0007505795709417181,6.788468621872691e-8,
0.004349386601300089,0.0007492436388286652,6.758482955081051e-8,
0.00434935238325102,0.00074941245055463,6.74960269748681e-8,
0.004349334103591356,0.0007447960682689673,9.490893891610595e-8,
0.004349333788012684,0.0007450439235156793,9.575685728321034e-8,
0.004349314264872571,0.0007439707889448216,9.884841051277256e-8,
0.004349286845039535,0.0007437900530656021,8.919430808252574e-8,
0.00434928682296529,0.0007438025175107856,7.654601601152019e-8,
0.004349253818286164,0.0007456004739754855,7.608089697875561e-8,
0.0043492363855523065,0.0007448787805617359,7.295343118084968e-8,
0.004349235992878366,0.0007446369048412108,7.29032439296869e-8,
0.004349217338146078,0.0007426714060515681,7.285731961184741e-8,
0.004349192077461212,0.0007425708566687934,7.2914270864259e-8,
0.004349192041414449,0.0007424983381170422,7.285804319629993e-8,
0.004349159361604762,0.0007423818739636187,7.513966924799501e-8,
0.004349142495927835,0.0007422821481269361,7.484042089274693e-8,
0.004349141977271007,0.0007422461766000783,7.48454724787043e-8,
0.004349123638545845,0.0007421887875425024,7.47182796020756e-8,
0.0043490994254289485,0.0007421514768703272,3.803306500010151e-7,
0.004349099381562561,0.0007421404152225605,3.71193634010371e-8,
0.00434906759163618,0.0007421392750017802,3.661838295960447e-8,
0.004349051700674346,0.0007421386376686217,3.611261134770365e-8,
0.004349051020399832,0.0007421398488769033,3.633392085109768e-8,
0.004349033309861108,0.0007421418319530628,3.7986092255965134e-8,
0.004349010573338104,0.0007420995398439358,3.740130875318192e-8,
0.004349010518488036,0.0007419978394825401,3.6908845967024055e-8,
0.004348978285395553,0.0007418324398790175,3.455385771018163e-8,
0.004348961746593503,0.0007421856464055163,3.380600330719537e-8,
0.00434896111182071,0.0007420527600852316,3.295923876395666e-8,
0.004348942741031049,0.0007416287994727656,3.272011809945261e-8,
0.004348919220146289,0.000741307953145989,3.263937614284737e-8,
0.004348919171469963,0.00075239707789594,3.5548822659328606e-8,
0.0043488900048798,0.0007505865450838489,3.438467743932771e-8,
0.004348875676878766,0.0007499080060637042,3.496415970334722e-8,
0.004348874894447802,0.0007509183574815728,3.4774481808771995e-8,
0.004348858715807093,0.0007508901756525029,3.580970829484787e-8,
0.004348838905689248,0.0007509515586145473,3.4740893400045735e-8,
0.004348838834930558,0.0007504699632130352,3.4728576818241884e-8,
0.004348809112157507,0.001039055656561384,4.1058071237466424e-8,
0.004348794051685016,0.0009060033302542369,3.7398340452747386e-8,
0.0043487933293992346,0.0009033527533979541,3.9291275186498036e-8,
0.004348776472975078,0.0009109836130023924,3.378988935446554e-8,
0.004348755803165826,0.0007656708458697245,3.3657289567198915e-8,
0.004348755742250846,0.0007430072244706558,3.400524470100721e-8,
0.0043487281401077185,0.0007405810434022874,3.403385735804501e-8,
0.00434871424776076,0.0007412420170192018,3.367258691401721e-8,
0.00434871352107746,0.0007383906615445935,3.366368329644641e-8,
0.0043486976092154935,0.0007381599176005828,3.388022073817488e-8,
0.004348678438430322,0.0007372212440383868,3.372528175152947e-8,
0.004348678376752452,0.0007369276739269883,3.3635202684735804e-8,
0.0043486512021012535,0.000736834580281408,3.360918202089975e-8,
0.0043486370682796595,0.0007368335548678552,3.3691035988674354e-8,
0.004348636413995208,0.000736833594666076,3.367235934278424e-8,
0.004348620385880074,0.000736700181007494,3.3956673731038796e-8,
0.0043486012047020154,0.0007366431451081989,3.3628074013152766e-8,
0.004348601148957965,0.0007366660897226643,3.360359561353731e-8,
0.004348573201041836,0.0007366641426543402,3.423313339224756e-8,
0.004348557764833688,0.000736687269849755,3.361332716113782e-8,
0.004348557252938108,0.0007364302161427336,3.35726103056857e-8,
0.0043485402014936374,0.0007363099143659039,3.3501683862865885e-8,
0.00434851998152536,0.0007364232441431528,3.3910182133446576e-8,
0.004348519923018752,0.000736401842523724,3.3465936727258197e-8,
0.004348493338396144,0.0007365610539926352,3.343574638088568e-8,
0.004348479562063344,0.0007365222452710518,3.365585366460136e-8,
0.004348478812687371,0.0007365359091550703,3.3272877029329694e-8,
0.004348462908603707,0.0007365493295549074,3.334408069916733e-8,
0.00434844461469764,0.000736564612321553,3.339052924634005e-8,
0.004348444545379606,0.000736602240039905,3.319996034485486e-8,
0.004348417873798357,0.0007366345862624604,3.320494611788727e-8,
0.004348403015038491,0.0007364351933564767,3.31322780967558e-8,
0.0043484024835383816,0.000736422740699168,3.307412826191928e-8,
0.004348385844654455,0.0007364517127674422,3.307297969811923e-8,
0.004348366719126078,0.0007364288294289399,3.314048380265279e-8,
0.004348366655030051,0.0007364369938294464,3.311479232724842e-8,
0.004348338856428177,0.0007364670575708286,3.349539934100378e-8,
0.004348323273903901,0.0007361686337711027,3.361337311309288e-8,
0.004348322686766641,0.0007361250948417248,3.309649665016123e-8,
0.004348305174116085,0.0007360886472610306,3.3222914872399584e-8,
0.004348285211699757,0.0007360657364708652,3.3071428888607074e-8,
0.004348285147769696,0.0007360786465166222,3.3146310740393614e-8,
0.004348257255794753,0.0007360434134652521,3.386714948115838e-8,
0.004348241350569327,0.0007359547311343891,3.3116432775400035e-8,
0.004348240789431999,0.000735868359340686,3.310155584289504e-8,
0.004348222852490868,0.0007359367823137218,3.3083940374201045e-8,
0.004348202132900367,0.0007361031702535197,3.3832128771310474e-8,
0.004348202091103194,0.0007361261533317948,3.3683981864299485e-8,
0.004348174414375479,0.0007361824101227048,3.364876444771191e-8,
0.00434815734304457,0.0007366747119326704,3.386174855121383e-8,
0.004348157008678715,0.0007366646360958662,3.364800992547903e-8,
0.004348138346194204,0.000736685814527721,3.383628677470622e-8,
0.004348116594677596,0.0007366566391821762,3.362498962415933e-8,
0.004348116562074836,0.0007366308640158906,3.388755438595738e-8,
0.004348088993963955,0.0007366841380905551,3.385288155893436e-8,
0.004348071565647128,0.000736414527333006,3.408921550959658e-8,
0.0043480712698081925,0.0007366190424519622,3.389806011187229e-8,
0.004348052476689101,0.0007366448168733857,3.554739411564233e-8,
0.004348030779035334,0.0007367342876029152,3.489857746049406e-8,
0.00434803074676258,0.0007367230219665527,3.4797511480174724e-8,
0.0043480022786723735,0.0007368091119866456,3.505899970446812e-8,
0.004347983878592459,0.0007368939068869974,3.468842404028061e-8,
0.004347983600897685,0.0007370134949696488,3.401799527024062e-8,
0.004347963797788553,0.000737388663955081,3.396519715675524e-8,
0.004347941016857619,0.0007377675470141092,3.4226183413364235e-8,
0.0043479409873411826,0.0007369936547491651,3.4003003977540536e-8,
0.004347912850934088,0.0007369762833029958,3.4128674768842055e-8,
0.004347894551277589,0.0007368362145560531,3.551633084101094e-8,
0.004347894267608348,0.000736831085369665,3.4056638216843434e-8,
0.0043478744342472266,0.0007368223326217651,3.385397173441556e-8,
0.004347851808916207,0.0007368221150344712,3.372162095988452e-8,
0.004347851779978057,0.0007368179354700418,3.3596649919665285e-8,
0.004347822489837872,0.0007368084767505171,3.3256043812525494e-8,
0.004347802599333795,0.0007368290342318264,3.3241373519173317e-8,
0.004347802398329829,0.0007369213908468441,3.350644798475162e-8,
0.004347781214988449,0.0007369253395296939,3.3224034886305476e-8,
0.004347756928588071,0.0007370161614893558,3.337065449594949e-8,
0.004347756906688096,0.0007369978731985889,3.4512746701421364e-8,
0.004347727652888715,0.0007369729142198434,3.323683401501606e-8,
0.004347707530942821,0.0007371691038113382,3.342882120719641e-8,
0.004347707331917236,0.0007371364034920903,3.317757285862672e-8,
0.004347685894345888,0.0007371517135497793,3.3164494444521697e-8,
0.004347661427053842,0.0007371642604798754,3.3195685545621385e-8,
0.004347661408248255,0.0007371917609573612,3.3926745560426794e-8,
0.004347631597995804,0.0007372394433094475,3.328075612803216e-8,
0.0043476106636295845,0.0007372409476734292,3.372642004821557e-8,
0.004347610485272787,0.0007381157908226775,3.3234450379264306e-8,
0.00434758833695858,0.0007329272753042084,3.318275214743899e-8,
0.004347563232454153,0.0007329292204047067,3.4481086445932986e-8,
0.004347563214164483,0.0007329165003569324,3.4516178811680724e-8,
0.004347535473107969,0.0007328555769070653,3.416281135894261e-8,
0.004347516072947926,0.0007328353128435486,3.410097289178314e-8,
0.004347515882359886,0.0007328664166792408,3.4876785906189685e-8,
0.004347495076518443,0.0007328871982450537,3.4103256125638935e-8,
0.004347471813010797,0.0007329305164701817,3.5743072178546996e-8,
0.0043474717931855904,0.0007913797909846749,3.421183739926242e-8,
0.004347445731896459,0.0007338276378772503,3.437395290741952e-8,
0.004347427666725583,0.0007338264523375445,3.408695297158803e-8,
0.004347427445802671,0.0007338366111771168,3.407676417174455e-8,
0.0043474080260004315,0.0007338210405457577,3.403512823313308e-8,
0.004347386807077603,0.000733797368740222,3.402065030872552e-8,
0.004347386779636606,0.0007337935590805393,3.396063833601806e-8,
0.004347361269153675,0.000733796665347443,3.398889244671839e-8,
0.004347343542698566,0.000733824724715816,3.402802200427707e-8,
0.004347343314316355,0.0007338249536605364,3.395601663044932e-8,
0.004347324166656042,0.0007338371804403956,3.3992695664352786e-8,
0.004347303366552458,0.0007337534499020722,3.397547246889996e-8,
0.004347303342791083,0.0007337504828572327,3.401529030368599e-8,
0.004347277756789085,0.0007337428596675423,3.427190396982801e-8,
0.004347259309363518,0.0007337375800799583,3.39561136121749e-8,
0.0043472591444763484,0.0007337283188009201,3.4930359332595045e-8,
0.004347239529265167,0.0007336957711596515,3.394094031580868e-8,
0.004347218041166655,0.0007334455413112915,3.421395594319172e-8,
0.004347218026709923,0.00083938082353873,3.402173669957629e-8,
0.004347192972785959,0.0007290275680388482,3.406830053619687e-8,
0.0043471745563960235,0.0007284458813611206,3.39774197908482e-8,
0.004347174410897809,0.0007284428038779281,3.394782447290083e-8,
0.004347154891372552,0.0007284332518472139,3.356115377149955e-8,
0.004347133789721632,0.0007284384805424757,3.337181749278854e-8,
0.0043471337708479866,0.0007284401361601747,3.351624624276449e-8,
0.004347108697181955,0.0007284844343477235,3.3936394116659234e-8,
0.0043470899214706924,0.0007285610835865347,3.315588584054291e-8,
0.004347089797916916,0.0007286185336637819,3.3096844501708366e-8,
0.004347069930665992,0.0007286006511707253,3.3476877861889746e-8,
0.00434704857783458,0.0007286179012416297,3.343684510116289e-8,
0.004347048560942752,0.000728614967822197,3.347961407286186e-8,
0.004347024120979089,0.0007286141477239618,3.3841608566883166e-8,
0.004347005935858739,0.0007286727436595699,3.3445337462139665e-8,
0.00434700577750615,0.0007287138545938963,3.348682286038282e-8,
0.004346986298259143,0.0007286282756434911,3.350957052924432e-8,
0.004346965759856742,0.0007286604912220429,3.344050750906335e-8,
0.004346965738718636,0.0007286444619630518,3.354576931044071e-8,
0.004346941669444248,0.0007286459469507079,3.350774818711491e-8,
0.004346923799130011,0.000728646719445986,3.395961029815669e-8,
0.004346923618159122,0.0007286476926343017,3.354341585659055e-8,
0.004346904478338303,0.0007286024016329612,3.34714341422168e-8,
0.004346884583811225,0.0007286122830523215,3.401454332660117e-8,
0.004346884562554892,0.0007286132849500007,3.3922167891709576e-8,
0.004346860493566936,0.0007285362029766275,3.384135629915403e-8,
0.004346842242047363,0.0007284671022146124,3.3798553849287316e-8,
0.004346842087806903,0.0007282342377024663,3.4131382471518836e-8,
0.0043468226827369635,0.0007282444559481732,3.3720152587354975e-8,
0.004346802569667791,0.0007282933594319786,3.393831827112948e-8,
0.00434680255020395,0.000728532004463686,3.412603240555727e-8,
0.004346779299311957,0.0007287442453719281,3.396426939279817e-8,
0.004346761697857266,0.0007299599706395522,3.3984928519350066e-8,
0.004346761526885131,0.0007277148940889446,3.407810059218201e-8,
0.004346742512822472,0.0007276652935575741,3.377761722955379e-8,
0.004346723005862806,0.0007277381565138223,3.386055088981243e-8,
0.004346722987502562,0.0007277040103142527,3.3815579147647515e-8,
0.004346699971406007,0.0007277029741759326,3.425148736963256e-8,
0.004346682082035275,0.0007275579512816618,3.374966212763337e-8,
0.004346681947060272,0.0007273802833049077,3.3664258271103435e-8,
0.004346662833065259,0.000727359923676194,3.370452264788392e-8,
0.004346643237434476,0.0007273473751760063,3.3732822027053906e-8,
0.004346643222730848,0.0007273097568889889,3.371489719428934e-8,
0.004346620676107316,0.0007271620229270516,3.390873107758987e-8,
0.004346602825063228,0.0007271738706200669,3.401591939842432e-8,
0.004346602707534159,0.0007271804330701933,3.3689151682599874e-8,
0.0043465837496347685,0.0007272101681155957,3.361112732607606e-8,
0.004346564605794626,0.0007272024767128737,3.379865281356681e-8,
0.004346564585610539,0.0007271969977518431,3.41193226838796e-8,
0.00434654221913034,0.0007271948188190396,3.3690677320973825e-8,
0.004346524696991157,0.0007271958870897596,3.3676345999796144e-8,
0.004346524540878609,0.00072719508543733,3.39066770987842e-8,
0.004346505769602731,0.0007271833928233898,3.412305145995146e-8,
0.004346487172702729,0.000727164750945722,3.369188881564843e-8,
0.00434648714932418,0.0007271550113385128,3.3695716388494376e-8,
0.00434646502898987,0.0007264965136914771,3.373157163171408e-8,
0.00434644751579488,0.0007265048418347059,3.4144805075339736e-8,
0.004346447369138105,0.0007267083963770011,3.3655321103406324e-8,
0.004346428637198493,0.0007267214156291932,3.375884409241642e-8,
0.004346410265020587,0.0007267250128768762,3.372846381092786e-8,
0.004346410240153434,0.0007266913656592348,3.369023397522967e-8,
0.004346388770563738,0.0007266600469715044,3.392666162828379e-8,
0.00434637176650165,0.0007264369666158073,3.387504199013017e-8,
0.004346371609982974,0.0007263188272706646,3.3759356506939973e-8,
0.004346353262786631,0.0007257330785104023,3.43724961040089e-8,
0.00434633533616213,0.0007255678652564012,3.365611848772237e-8,
0.004346335317452802,0.0007254030233945642,3.3769634322712154e-8,
0.004346314100665105,0.0007253555288925378,3.399956393569506e-8,
0.004346296757869328,0.0007253855568851692,3.502948698031614e-8,
0.0043462966409193666,0.0007253706232697383,3.469701289464824e-8,
0.004346278175518944,0.000725433328377285,3.4632231527620455e-8,
0.004346260234545289,0.0007254484385317155,3.498454156990337e-8,
0.004346260214328236,0.0007252894319300831,3.481584879981359e-8,
0.004346239195949913,0.0007251013322278554,3.4628383147782226e-8,
0.00434622196843454,0.0007251833837185825,3.4942770964766864e-8,
0.0043462218409448,0.0007252539250900328,3.5935080567495746e-8,
0.004346203309884169,0.0007252815662290243,3.500867619196137e-8,
0.004346185382359071,0.000725436030211626,3.4805198306544986e-8,
0.0043461853670568335,0.0007254636382348471,3.3545071064574284e-8,
0.0043461638966974395,0.0007254788260120434,3.445662939207158e-8,
0.004346145723726222,0.0007254435939397669,3.3526229640563136e-8,
0.00434614562749662,0.0007254018867469432,3.350170405819075e-8,
0.004346126437423626,0.0007253826772480896,3.423542905202082e-8,
0.004346107997309054,0.0007253765778838844,3.3586868846482885e-8,
0.004346107980698908,0.0007253323013230441,3.372142613381125e-8,
0.00434608669421565,0.0007253342847578397,3.3402839434456304e-8,
0.004346068551237324,0.0007253367331222909,3.350754346131356e-8,
0.0043460684554293885,0.0007253433583253886,3.353102845919123e-8,
0.0043460492412831075,0.0007253550427153318,3.3513643763353345e-8,
0.004346030916782021,0.0007254202842434218,3.342416919461172e-8,
0.0043460309018836475,0.000725445874154604,3.341284163427952e-8,
0.004346009932814398,0.0007254493003845027,3.371650603538605e-8,
0.004345991888530136,0.0007254418214619438,3.341320420176312e-8,
0.004345991789324148,0.000725499230337995,3.3652435557473436e-8,
0.004345972755600738,0.0007253705564606113,3.35263451776765e-8,
0.004345954884284337,0.0007253855073536438,3.342246652561025e-8,
0.0043459548661917485,0.0007253107036695913,3.3566196549788884e-8,
0.004345933190258265,0.0007253079771355164,3.3365186204126153e-8,
0.00434591439559508,0.0007252988191068154,3.3712141587636836e-8,
0.004345914285756275,0.0007252842500135668,3.336874455637156e-8,
0.0043458942189567125,0.0007252947418087876,3.348860293790662e-8,
0.004345875569851557,0.0007251675958007483,3.335759262682377e-8,
0.004345875551527922,0.0007251663572541206,3.3389950069290624e-8,
0.004345854007183512,0.0007249775462679072,3.336249045092196e-8,
0.004345835152182097,0.0007249090933063058,3.34970576968874e-8,
0.0043458350469972925,0.0007248531553883753,3.331120285150043e-8,
0.004345815007006349,0.0007249280621116082,3.3342082474870025e-8,
0.00434579664211212,0.0007258905063352298,3.3455751719457175e-8,
0.004345796619193901,0.0007255221911071152,3.3665801809364775e-8,
0.004345775490949635,0.0007255366706800313,3.367122509719768e-8,
0.004345756901936949,0.0007254896533525134,3.348378477074024e-8,
0.004345756796290382,0.0007254748134984212,3.330915414078311e-8,
0.004345736941711956,0.0007254374495967618,3.334141579936412e-8,
0.004345718761171208,0.000725522588477542,3.349161323875343e-8,
0.004345718746616233,0.0007253510980328786,3.40141534939248e-8,
0.00434569771825876,0.0007251326992084302,3.328526595007921e-8,
0.004345678979359563,0.000725123636963976,3.2377101165733764e-8,
0.004345678868166563,0.0007251228570104325,3.22912666529589e-8,
0.004345659044367268,0.0007251430218586661,3.225822232533662e-8,
0.004345641150481429,0.0007251412103885882,3.260748450596987e-8,
0.004345641132888781,0.000725144471245741,3.245093759982858e-8,
0.004345620644811852,0.0007251417928314961,3.241129361242977e-8,
0.00434560239538368,0.000725080117965442,3.281545577537143e-8,
0.004345602275319066,0.0007250782639536839,3.233023888333443e-8,
0.004345582754100999,0.0007250782688081201,3.245787937355955e-8,
0.004345565317017899,0.0007250762837928266,3.22312868736905e-8,
0.004345565299058513,0.0007250645690925115,3.2159509861118904e-8,
0.004345544993952891,0.0007250997423801452,3.2568169601664524e-8,
0.004345526575382953,0.00072507531277643,3.2239844571259924e-8,
0.004345526479622528,0.0007250918665888101,3.2187905274194885e-8,
0.004345506946065585,0.0007250897521041831,3.372096389529965e-8,
0.004345489555675737,0.0007250850170425661,3.3803154912783533e-8,
0.004345489537987534,0.0007249945815385727,3.325810442902113e-8,
0.004345469103426619,0.0007250241826407841,3.278786035953928e-8,
0.0043454501491631105,0.0007250530446878166,3.438784677019587e-8,
0.004345450076240306,0.0007246926213336117,3.658533493097057e-8,
0.00434543009096517,0.0007247230650934701,3.462689086374119e-8,
0.004345412273811727,0.0007246893784788749,3.423916049618238e-8,
0.004345412259128002,0.0007246411405577265,3.9379025202629455e-8,
0.00434539161070791,0.0007245079386938252,5.539083289926402e-8,
0.0043453723275359525,0.0007245372433386535,5.1932372425994076e-8,
0.004345372239952509,0.0007245920039358662,5.535790454275409e-8,
0.004345351885668484,0.0007245849947078462,5.462494578576352e-8,
0.004345333985852384,0.0007246183045050075,5.3369748457453835e-8,
0.004345333972755358,0.0007246296999738433,4.4048916321905295e-8,
0.0043453132987248885,0.0007246525701204254,4.031295758558451e-8,
0.004345293504294673,0.0007246527697230117,3.9126461985159755e-8,
0.004345293444924061,0.0007246636419870598,3.780649340846631e-8,
0.00434527271437615,0.0007246577540295193,3.369351233706612e-8,
0.0043452544862740555,0.0007247794814674069,3.280332597978159e-8,
0.004345254473385099,0.0007249431852020555,3.270199351727025e-8,
0.0043452335973726336,0.0007248753480578317,3.4920939832860904e-8,
0.004345213512476346,0.0007247670015864666,3.489565567131675e-8,
0.0043452134353914144,0.000748196601324318,3.4547252796999604e-8,
0.004345192281437313,0.000685613835405564,3.6435018804854294e-8,
0.004345173993714032,0.0006855989635563046,3.668718929891117e-8,
0.004345173981701801,0.0006855785656594019,3.043985341702382e-8,
0.004345153273875183,0.0006855704124385383,2.9956898051167615e-8,
0.0043451331188733506,0.0006855738250357345,2.9932860221318574e-8,
0.004345133044581192,0.0006855664657990538,3.080931938695075e-8,
0.00434511183268298,0.0006855630194599373,3.003772011976294e-8,
0.004345093733377831,0.0006855724211687212,3.011255275014988e-8,
0.004345093718169233,0.000685615015992677,3.008678248391621e-8,
0.004345072696498482,0.0006856084395219487,3.0030592120942575e-8,
0.004345052111769611,0.000685622771230255,3.014848727833626e-8,
0.004345052027281672,0.0006856101778236079,2.99210762775168e-8,
0.004345030216170536,0.0006856077761269936,3.008929681114189e-8,
0.004345011855105464,0.0006856120801480131,2.990277296907321e-8,
0.0043450118401035616,0.0006856089221139724,2.9740712268654637e-8,
0.004344991091626592,0.0006856111317891502,3.016416827035895e-8,
0.004344970653440458,0.0006856104612436896,3.434797080380967e-8,
0.004344970561538517,0.0006856104014611649,3.460543251819162e-8,
0.0043449489090293825,0.000685611790619445,3.599430261164476e-8,
0.004344930919465785,0.00068561193818932,3.272957307913642e-8,
0.004344930904359574,0.0006856458881479076,3.215794559323159e-8,
0.00434491046400479,0.0006856304604370829,3.230809268760254e-8,
0.0043448900363443005,0.0006856189377214975,3.138062952812353e-8,
0.004344889961773983,0.0006856146667925204,2.8734812225851113e-8,
0.004344868359545142,0.0006856215727458039,2.90552409434271e-8,
0.004344850442296923,0.0006856286075122902,2.8742400973087344e-8,
0.004344850427356501,0.000685641141514218,2.891492985348228e-8,
0.004344829672987524,0.0006856625933010115,2.864920936517374e-8,
0.004344808794925224,0.0006856949450109225,2.8639360388587377e-8,
0.004344808703718467,0.0006856933107264731,2.8867082747131197e-8,
0.004344786609648824,0.0006856932222136946,2.8556993969245035e-8,
0.004344768624523816,0.0006856922775492706,2.8898642266770004e-8,
0.004344768608210702,0.0006856966050298048,2.857027571060809e-8,
0.004344747726318243,0.0006856920027619211,2.886676707962202e-8,
0.0043447266281461585,0.0006856880024422335,2.8509505687245227e-8,
0.004344726519160713,0.0006856866504428807,2.915540788284115e-8,
0.004344704013681698,0.0006857740275410675,2.8492624523417834e-8,
0.004344686097048722,0.000685732807220564,2.8713363045996887e-8,
0.0043446860714468575,0.0006857179050695383,2.9021133444396162e-8,
0.004344664597037332,0.0006857126945094432,2.8500596248515197e-8,
0.0043446430021710425,0.000685714080880608,2.8671687279106445e-8,
0.004344642865214749,0.0006857338650056375,2.8485128188111255e-8,
0.0043446198252017065,0.0006857855093036191,2.8837339405262385e-8,
0.0043446018983003135,0.0006857738819057322,2.849928427106278e-8,
0.004344601866823249,0.0006892415637905622,2.8537541676556803e-8,
0.0043445802883885325,0.0006882385835570702,2.8552748082438206e-8,
0.0043445586813133695,0.0006881724167011607,2.850857370654102e-8,
0.004344558494933213,0.0006880511834000697,2.849484425281499e-8,
0.004344535074800436,0.0006880065919633347,2.8722376280200426e-8,
0.004344517317408549,0.0006879968273388453,2.86240353223782e-8,
0.004344517286900515,0.0006879925991165279,2.8813283757917493e-8,
0.0043444957905438356,0.0006881241188091239,2.8533146954952672e-8,
0.004344473923811381,0.0006882103344869566,2.852083812345249e-8,
0.0043444737796200575,0.0006883586494862277,2.864123806504741e-8,
0.004344450255960394,0.0006881276002141764,2.8634355523042386e-8,
0.00434443231488735,0.0006881329419573052,2.850836187628757e-8,
0.004344432283539711,0.0006881583809561939,2.871295967134067e-8,
0.004344411085410047,0.0006881506234609462,2.862045326041883e-8,
0.004344389518875684,0.0006880721366622452,2.8712145167653608e-8,
0.004344389336935247,0.000688061701681435,2.8469788143523395e-8,
0.004344366025306681,0.0006880713468078362,2.8797386467929985e-8,
0.004344348655505156,0.0006880816790687943,2.8459047780477117e-8,
0.004344348619899271,0.0006879041967915466,2.8854962669502604e-8,
0.004344327159580719,0.0006877459111639801,2.8756743102961568e-8,
0.004344305077556288,0.0006876742970752342,2.8607650227809006e-8,
0.004344304918898171,0.0006875991738884038,2.8719399178631105e-8,
0.004344281050350698,0.0006875796965569165,2.862027771530886e-8,
0.0043442632802614895,0.0006877730123163254,2.8924003370893155e-8,
0.004344263240046146,0.0006877567986442977,2.8600114233867442e-8,
0.004344240411730388,0.0006876748931247817,2.863715838867825e-8,
0.004344216912637208,0.0006876883838594237,2.8609100467936367e-8,
0.004344216678653272,0.0006876657652234627,2.9178969821405475e-8,
0.00434419109684812,0.0006876542876425145,2.860241909279846e-8,
0.004344172719962611,0.0006877105833203933,2.8607887790596218e-8,
0.0043441726751171925,0.0006877409027886687,2.9380222269735416e-8,
0.004344149502392227,0.0006877153628180555,2.8791181648509813e-8,
0.004344125467281514,0.0006877145734307256,2.9142654808410803e-8,
0.004344125240384246,0.0006877002027879744,2.859212567262546e-8,
0.0043440989867336265,0.0006874104433646418,2.861186514511512e-8,
0.004344080247776819,0.0006870579218855532,2.8574651439704445e-8,
0.004344080211144571,0.000686880231669378,2.8609853983212968e-8,
0.004344058366468673,0.0006868631653014009,2.8965748394834203e-8,
0.004344035406765622,0.0006865963553612603,2.911586931673753e-8,
0.004344035211091032,0.0006857965491042036,2.8649102713419558e-8,
0.0043440102976659714,0.0006858438247556533,2.8552933192930553e-8,
0.004343992441868575,0.0006858922539321585,2.9345790263673944e-8,
0.004343992410763405,0.000685963867102429,2.851864495198106e-8,
0.00434397073333593,0.0006859098755269507,2.866659445479395e-8,
0.004343947567809579,0.0006859120494514008,2.8531230928727958e-8,
0.0043439473948276115,0.0006858843827180685,2.85228615821975e-8,
0.004343922402083876,0.0006858700698742464,2.8550044327814233e-8,
0.004343904533240519,0.0006857998990320068,2.8636856339526223e-8,
0.004343904501294076,0.0006857176656995453,2.894634943781377e-8,
0.004343883658573828,0.0006861377908900802,2.8600927199989762e-8,
0.004343861242672665,0.0006861191959663324,2.8566380147561915e-8,
0.004343861074738369,0.0006861209140005326,2.884513949747619e-8,
0.0043438367847717565,0.0006860367260862612,2.871248430067069e-8,
0.00434381954966623,0.000686042181633177,2.8568514758190593e-8,
0.004343819514515023,0.0006845311016382572,2.8756218783004012e-8,
0.004343797916931468,0.000684323384468055,2.883734983475925e-8,
0.0043437744320826395,0.0006842945239290917,2.862596108578874e-8,
0.004343774272360803,0.000684257397940292,2.8641194189746273e-8,
0.004343748974477472,0.0006842549907232377,2.8808048664885455e-8,
0.004343731143005947,0.0006842439003505134,2.868417535638001e-8,
0.004343731113043812,0.000684233292923941,2.8518815368361393e-8,
0.004343710028301081,0.0006842301321793346,2.8553665200113686e-8,
0.004343686679907105,0.0006842433147272481,2.876088957810742e-8,
0.004343686555012326,0.0006842580887313461,2.8549322562060266e-8,
0.004343661611643084,0.0006842697607421813,2.8791700498941893e-8,
0.00434364393372885,0.0006842552514975261,2.8681799320734674e-8,
0.00434364391014229,0.000684279848402133,2.9017840521604743e-8,
0.004343623468988308,0.0006841819709369705,2.890161381665014e-8,
0.004343600432336271,0.0006840150922942936,2.8568217598937263e-8,
0.004343600313768213,0.0006837612074274109,2.8546261851076597e-8,
0.0043435757041202045,0.0006837282940784901,3.3988646707731186e-8,
0.004343558423103914,0.0006861233003618206,3.390616690136099e-8,
0.004343558397039313,0.0006872615885799816,3.397027857222196e-8,
0.0043435379931651375,0.0006820776819224322,3.398188279657883e-8,
0.004343514764024118,0.000681688633922244,3.3895458013139195e-8,
0.004343514647085519,0.0006817036343763472,3.3695813541019587e-8,
0.004343489794262626,0.0006816416532054705,3.3797243798724775e-8,
0.004343472539718289,0.0006816374609991228,3.409241179372919e-8,
0.00434347252118223,0.000681636404093254,3.378474300784316e-8,
0.004343453133804289,0.0006816266318660459,3.3735336202070064e-8,
0.004343430588893601,0.0006816139767585929,3.396975432774972e-8,
0.004343430496177083,0.0006816423754700242,3.363659103612815e-8,
0.004343406491697943,0.0006816369447476688,3.4124117625365546e-8,
0.004343389812583796,0.0006816291174364518,3.3986857935527425e-8,
0.004343389791932425,0.0006815201765344274,3.365587269760673e-8,
0.00434337031132272,0.0006816974508914526,3.393473592991053e-8,
0.004343347312307388,0.000681941313818353,3.421542443727817e-8,
0.004343347244915372,0.0006819277862498551,3.365735142317082e-8,
0.004343323037451657,0.0006817063607892034,3.392410553482185e-8,
0.004343306180482637,0.0006812397547205297,3.377318227781165e-8,
0.0043433061668233285,0.0006813350950818092,3.427527556592827e-8,
0.004343287343984628,0.0006819662208796624,3.398160521057183e-8,
0.004343264734787132,0.0006817660411495039,3.375760512701595e-8,
0.0043432646416422475,0.0006817610688532148,3.364516256525194e-8,
0.004343240653370555,0.0006819651138499471,3.362902776784765e-8,
0.004343224474605508,0.0006786740649803672,3.3716776167616754e-8,
0.004343224450717841,0.0006768624338062951,3.380397473522238e-8,
0.004343205720164696,0.0006768609868292565,3.3846735740589424e-8,
0.004343183328592811,0.0006769144598572396,3.400230691299643e-8,
0.004343183212326596,0.0006765547561174024,3.3922376957872726e-8,
0.004343159238260718,0.000677480219387944,3.382287238440033e-8,
0.004343143467101695,0.0006773290872297507,3.3985148164612294e-8,
0.004343143443946411,0.0006773138780833978,3.428631663488283e-8,
0.004343125538621801,0.0006773106698008547,3.380255882637178e-8,
0.004343103947767195,0.000687882692891992,3.383651143614813e-8,
0.004343103836074428,0.0006863980706189062,3.380106335064759e-8,
0.004343080636251216,0.0006917176930714517,3.389206053362357e-8,
0.004343065483883417,0.0006964604769487998,3.412908947111049e-8,
0.004343065458271167,0.0006960361945970242,3.367303661488453e-8,
0.004343047461886017,0.0006976567517948888,3.3366243182506084e-8,
0.0043430256566579645,0.0007000743825105917,3.3225532829662636e-8,
0.004343025523918966,0.000707389668973302,3.310236244904129e-8,
0.0043430018888188015,0.0007066987889225475,3.323248127733074e-8,
0.004342986859569572,0.0007062309949851543,3.313830147346069e-8,
0.004342986816345014,0.0007065674981520841,3.317369680566343e-8,
0.004342968218579898,0.0007104816043632217,3.328864001995061e-8,
0.004342945929393593,0.0007134877279240867,3.321626953096925e-8,
0.004342945740581924,0.0007138216178557355,3.33993852257287e-8,
0.004342921361623335,0.0007129378336487944,3.36376006489247e-8,
0.004342906404301701,0.0007114769580560976,3.3320448707487115e-8,
0.004342906353160966,0.0007114384311946243,3.3209033153533943e-8,
0.004342887144394756,0.0007115322835154777,3.3238194499517046e-8,
0.0043428640585991265,0.0006971390375252181,3.3195164681311626e-8,
0.004342863843830781,0.0006958729264488086,3.3363549178060347e-8,
0.0043428385848081705,0.0006950977375598421,3.345170692776568e-8,
0.004342823422732283,0.0006932911209581215,3.315593089656509e-8,
0.004342823369270406,0.0006922950332957335,3.319723277714416e-8,
0.004342804667063362,0.0006918131200004208,3.317222013888813e-8,
0.004342781960794564,0.0006920442005256104,3.31811882303848e-8,
0.0043427817822369015,0.0006910023938082755,3.370858352677753e-8,
0.004342756968752697,0.0006964951747888922,3.3532115027499605e-8,
0.004342741950386514,0.0007010147307036603,3.3145992756297615e-8,
0.004342741912044119,0.0006975603291687113,3.324043854451489e-8,
0.004342723717115978,0.0006926851520266683,3.3119589484369206e-8,
0.004342701148437227,0.0006924442824981266,3.359039789118923e-8,
0.00434270097207908,0.000694219169807357,3.3439264364572024e-8,
0.0043426762300167645,0.000692469683613843,3.321462580073559e-8,
0.0043426614473381035,0.0006902274188751506,3.3194073524492e-8,
0.004342661395294823,0.0006875769999687935,3.3189976040760364e-8,
0.0043426430826137485,0.0006875256428328792,3.319963896818642e-8,
0.004342620470885621,0.0006871231583326279,3.313346708945872e-8,
0.0043426202608673,0.0006867655411020606,3.393391600568513e-8,
0.0043425953590110035,0.0006865567215693795,3.3154336935695805e-8,
0.0043425808820931845,0.0006864716525156447,3.313330141789277e-8,
0.004342580818269293,0.0006865458709195015,3.357828844707709e-8,
0.0043425623066712105,0.0006867778120724204,3.309161013986415e-8,
0.004342539353104054,0.0006865190646922541,3.3435677147018e-8,
0.004342539164831187,0.0006865134215750989,3.367074661650994e-8,
0.004342514033610639,0.000686191620478426,3.3175154880905656e-8,
0.0043424993690139545,0.0006867099282624624,3.3091249521332856e-8,
0.0043424993225008555,0.000686509122348654,3.314119382151373e-8,
0.004342481003272559,0.0006878425808163238,3.3361349365344255e-8,
0.004342457808166281,0.0006893645613498818,3.307927665243643e-8,
0.004342457601997471,0.0006916519558921629,3.3089949082187204e-8,
0.004342432095478045,0.000687403885018682,3.3056838038201805e-8,
0.004342417495335735,0.0006872054195756309,3.3089210820731125e-8,
0.004342417447037785,0.0006870945294876936,3.3171478399724966e-8,
0.004342399352750154,0.0006866447674641751,3.331158313544844e-8,
0.004342376173082384,0.0006855911694663101,3.315938742533512e-8,
0.004342376005264715,0.0006890830084414508,3.304075960989447e-8,
0.0043423507040998765,0.0006886627992082585,3.337655103261323e-8,
0.004342336129009979,0.0006891995890931363,3.342573334424039e-8,
0.004342336076420997,0.0006891992758153543,3.363818533153608e-8,
0.004342317639331724,0.0006889425450573132,3.3540292694998284e-8,
0.004342293722577634,0.0006876983594393905,3.3337384119950525e-8,
0.004342293574963776,0.0006870683990589145,3.346819783337242e-8,
0.004342267562016825,0.0006800453961748954,3.331732235861638e-8,
0.004342252617262178,0.000678740377691348,3.3334379615762537e-8,
0.004342252560189133,0.0006783557154989039,3.3363733698890734e-8,
0.004342233498481878,0.0006779196948296378,3.3593025482462615e-8,
0.004342208545791239,0.0006765654174452091,3.352784636437036e-8,
0.004342208333097225,0.0006743597970964238,3.363058172173361e-8,
0.004342180792375844,0.000681034397811016,3.4230653521200425e-8,
0.004342165657856814,0.0006790650418816302,3.356959319840496e-8,
0.004342165613231419,0.0006789102748884223,3.3543608264628405e-8,
0.004342147058685033,0.0006796205858725822,3.356080021301862e-8,
0.004342122140530456,0.0006797068376894893,3.36037103154678e-8,
0.00434212200276141,0.0006807180698965174,3.353107522598638e-8,
0.004342095143481761,0.0006971366402893486,3.3703965665576944e-8,
0.004342080028607093,0.0007304601366423306,3.3959694355396485e-8,
0.004342079994401395,0.0006785535399685069,3.409474542052929e-8,
0.004342061798313129,0.0006841416580164925,3.384481531530911e-8,
0.004342036775019108,0.0006840197412522326,3.380226043418562e-8,
0.004342036637753434,0.0006844835799489438,3.384791405248036e-8,
0.004342009628745288,0.0006833423033761352,3.3817989014767244e-8,
0.004341994683386375,0.0006834046932180939,3.440831227471862e-8,
0.004341994637893781,0.000683267255514276,3.3964620300967156e-8,
0.004341976199563403,0.0006827696786395613,3.3928754536981e-8,
0.0043419506633933826,0.0006827013455905957,3.3987144345527865e-8,
0.0043419505099246865,0.0006828405483325307,3.392012604438538e-8,
0.004341922730004055,0.0006827092566959248,3.4018131052853816e-8,
0.004341907750213683,0.0006826632297316629,3.431341419920238e-8,
0.004341907714186825,0.0006815007903597517,3.392452957236157e-8,
0.00434188962198566,0.0006846594934343133,3.3934157373561e-8,
0.004341863930185775,0.0006781951525772883,3.392500763570428e-8,
0.004341863790470172,0.0006922458210659611,3.436699682120215e-8,
0.004341835908396458,0.0006929844228806459,3.39219245681186e-8,
0.004341821058410614,0.0007267470956852443,3.3994936066070635e-8,
0.004341821028654596,0.0007586874107755471,3.4011225201358904e-8,
0.004341803615632241,0.0010962314393893188,3.400209043620755e-8,
0.0043417781879810415,0.0017454979036471026,3.4494865920660365e-8,
0.0043417781053909695,0.0018878669806153903,3.394136235968638e-8,
0.004341750995740737,0.0013205305987949029,3.4015545249291645e-8,
0.004341736348705286,0.0014056033167989385,3.390114230240229e-8,
0.004341736326588731,0.0009879856513685197,3.3933590996367185e-8,
0.004341719259820876,0.0007024831324138596,3.390918249191639e-8,
0.004341693556946863,0.0007025770691077744,3.422575185605091e-8,
0.004341693463875824,0.00070222169504849,3.493225751553498e-8,
0.004341665852172123,0.0007183736134054247,3.395122850133663e-8,
0.004341651440381041,0.0009218889058125679,3.45422473403388e-8,
0.004341651413705382,0.0008456432000778435,3.395437406811539e-8,
0.004341634386057934,0.0007411181087343592,3.393625734079389e-8,
0.004341608175303972,0.0007464009404155232,3.396120960523167e-8,
0.00434160811129517,0.00073125535850387,3.401006848087845e-8,
0.004341580150874977,0.0007234754238494948,3.3925837405436476e-8,
0.00434156585049316,0.0007268570779895982,4.874823802697966e-8,
0.004341565830492871,0.0007207853770277699,4.857564075201661e-8,
0.004341549662094267,0.0007115960441816782,4.8292859897418986e-8,
0.00434152335984056,0.000708428504057134,4.834988584695984e-8,
0.004341523275823161,0.0007143111451063382,4.839180930956309e-8,
0.0043414950037703095,0.0007197470929628426,4.823990228498868e-8,
0.0043414812953070075,0.0007191221067337759,4.8240231947565446e-8,
0.00434148126248356,0.0007166694447614211,4.829790728323707e-8,
0.004341465017721979,0.000715931020103313,4.814591701513823e-8,
0.004341438213147334,0.0007143854598784684,4.857817085363469e-8,
0.0043414380870924465,0.0007140791370116646,4.843681401835907e-8,
0.004341408936975105,0.0007142532337126773,4.842989220541951e-8,
0.004341395571411747,0.000715301465151577,4.8501696003304304e-8,
0.004341395540012528,0.0007155191929603128,4.8761010184852644e-8,
0.00434137977694348,0.000715509069636504,4.839778225537453e-8,
0.004341353212587605,0.0007155203350631685,4.8480463824162495e-8,
0.004341353082907386,0.0007157707990744212,4.8618800088411866e-8,
0.004341324210248499,0.0007199430926752589,4.854128287447738e-8,
0.004341311288727387,0.000722182809912267,4.890201946360117e-8,
0.004341311245689931,0.0007216544338736345,4.8482604539180144e-8,
0.004341295630864222,0.0007206971592697394,4.84009588628763e-8,
0.004341269005364035,0.0007214963270147043,4.879489415443028e-8,
0.004341268872836887,0.0007253201493152254,4.837200935439403e-8,
0.004341239747615006,0.0007282785546769034,4.776390132575421e-8,
0.004341227070717996,0.000731561435625853,4.785495809179235e-8,
0.004341227030549519,0.0007312671097390816,4.772837335655441e-8,
0.004341211729598147,0.000733358204344499,4.776206805398869e-8,
0.004341185004459267,0.001464923622282288,4.779131825481028e-8,
0.00434118484942934,0.000838704569481551,4.770409658382129e-8,
0.004341155441113502,0.0008281146730460946,4.764395398187538e-8,
0.004341143152895606,0.0008246470819043749,4.7636611566140156e-8,
0.004341143096763604,0.0008344758145639491,4.787818480699343e-8,
0.004341128136596793,0.0008424982490499112,4.773729783141013e-8,
0.004341101675903189,0.0008410803781327266,4.7617333086469086e-8,
0.004341101525600586,0.000839310076318447,4.7666562332988476e-8,
0.004341072402962108,0.0008944305554853013,4.762044955372323e-8,
0.0043410604964360805,0.0019538220436875957,4.802302625890891e-8,
0.004341060442752587,0.004837234763027446,4.781443703050385e-8,
0.004341045855114883,0.004519590873357099,4.760794330044628e-8,
0.004341019424408665,0.004278846794246115,3.689035023584739e-8,
0.004341019296966839,0.005649006684197658,3.205633595905029e-8,
0.0043409903653563,0.0008511625633288739,3.214253690331741e-8,
0.004340978637706697,0.0005175938757035263,3.2524969096101614e-8,
0.004340978597830751,0.0005182388608341661,3.240437745799369e-8,
0.004340964691357306,0.0005127962986998507,3.210817624451905e-8,
0.004340938668069211,0.000511233476083778,3.1964813753348726e-8,
0.004340938554608095,0.000510627686274736,3.137031855227789e-8,
0.004340910232677695,0.000510628929138223,3.1342002598784774e-8,
0.004340898862109354,0.0005106245254816561,3.164391864951278e-8,
0.004340898833200299,0.0005106141805576768,3.136687092311757e-8,
0.0043408855333830895,0.0005106092879880985,3.225549820048804e-8,
0.004340859913435084,0.0005105764785709521,3.152837458334398e-8,
0.004340859833860895,0.0005106012264763491,3.154567695871778e-8,
0.004340832180952758,0.0005106012815649111,3.1353377684764107e-8,
0.004340821056081785,0.0005106009216942612,3.1974420586449886e-8,
0.004340821005636176,0.000510593191984148,3.143358515932944e-8,
0.004340807149648945,0.0005105856355718657,3.14220463151763e-8,
0.004340780361699988,0.0005104886223805556,3.1402659341357964e-8,
0.004340780204380241,0.0005104956720557463,3.127688442164563e-8,
0.004340750555716876,0.0005104443070944345,3.123768908702398e-8,
0.004340739573075297,0.0005104089359378695,3.157057652926587e-8,
0.004340739509258479,0.0005104048071930964,3.1214656267241576e-8,
0.004340725875110594,0.0005104200708257695,3.133352956957214e-8,
0.004340699190192663,0.0005103275134741104,3.1877568853062165e-8,
0.0043406990441975405,0.0005107194225029876,3.165700181455964e-8,
0.004340669619688895,0.0005100683995072628,3.135529917503336e-8,
0.004340658870546064,0.0005100646149704842,3.123843387424637e-8,
0.004340658819370321,0.0005100613422866732,3.1440582963752204e-8,
0.0043406457191905055,0.0005100570053261517,3.132682456762349e-8,
0.0043406193485569615,0.000509902887195138,3.134773719113453e-8,
0.0043406192212421665,0.0005105766603638307,3.1336639348321897e-8,
0.004340590248015139,0.0005104394934662295,3.1282123017727306e-8,
0.004340579765987538,0.0005104963120460954,3.1335054094830136e-8,
0.004340579702654757,0.0005118241340353343,3.166637219077971e-8,
0.004340566712777875,0.0005120802831092753,3.1486937156416716e-8,
0.004340540239083605,0.0005116463091391338,3.1319128262980673e-8,
0.004340540104559503,0.0005121368876886276,3.164816066548962e-8,
0.004340510938650046,0.0005121636598392887,3.136867263214784e-8,
0.004340500630193505,0.0005121491851061174,3.154909902615797e-8,
0.004340500585767554,0.0005121789408078773,3.132099777383548e-8,
0.004340488023602207,0.0005123129263155621,3.1283586081342795e-8,
0.004340461652558648,0.0005123286503194151,3.767086355276078e-8,
0.0043404615242237,0.0005123618176044336,2.9247738735360495e-8,
0.0043404324377624036,0.0005124090925974174,2.924091569827958e-8,
0.004340422337240759,0.0005123797992036019,2.938680621210619e-8,
0.004340422293868053,0.0005125520570855659,2.9273356855838514e-8,
0.004340410285373124,0.0005125657035569007,2.983544478807519e-8,
0.004340384570653936,0.0005146016714262022,3.0708789213991707e-8,
0.004340384443990541,0.0005134515603410395,2.9267157622263616e-8,
0.004340356047630225,0.0005134109216884588,2.9234621957591858e-8,
0.004340346375327115,0.0005133102519570991,2.9362369954583282e-8,
0.004340346339753283,0.0005132422349377333,2.9318275553479184e-8,
0.004340335047900197,0.0005132190306939806,2.9367271831240585e-8,
0.004340310223417706,0.0005132180592965817,2.9278658828547572e-8,
0.0043403101446145035,0.0005132185968206738,2.9302226593189246e-8,
0.004340283145728184,0.0005132203453721238,2.9500203788219715e-8,
0.004340273782193819,0.0005131580721271187,2.9262960585575094e-8,
0.004340273740337177,0.0005131605827907239,2.9383194047778288e-8,
0.004340262387977263,0.0005131673312622259,2.9247907294507623e-8,
0.004340237097725962,0.0005131815928313205,3.0251205438625927e-8,
0.004340236988909124,0.0005131928611903163,2.923374882770672e-8,
0.004340209169073842,0.0005131952133001678,2.914518621108515e-8,
0.0043401999924693084,0.0005131299218416315,2.9165700680611476e-8,
0.00434019991726473,0.0005130954160242153,2.911477770178755e-8,
0.004340188159551435,0.0005129780587661173,2.997015062061405e-8,
0.004340162153780256,0.0005129028467695438,3.0820464294742183e-8,
0.004340161956765286,0.0005129173367798427,2.9683514750150282e-8,
0.0043401324557994884,0.0005129139989666355,2.9709580755131462e-8,
0.004340123500177742,0.0005129121830665529,2.968266454861674e-8,
0.0043401234340872275,0.000512911380505022,2.9652350951979667e-8,
0.004340112477412984,0.0005129497487841695,2.98920667832326e-8,
0.00434008771893652,0.0005130979389009816,2.985773480933917e-8,
0.004340087581201804,0.0005130515704897968,2.987744545554973e-8,
0.004340060062259089,0.0005130571459685058,2.9810776974492006e-8,
0.004340051523366865,0.0005130598393168651,3.1667008019005174e-8,
0.004340051454168627,0.000513061707122107,3.107054805030677e-8,
0.004340040720130408,0.0005130624878782547,2.7782012943911938e-8,
0.004340016108983249,0.0005130654006419042,2.7745567037219028e-8,
0.004340016001602917,0.0005130668816907027,2.7724186926486848e-8,
0.004339988983429366,0.0005130659849187581,2.8156641176497407e-8,
0.004339980511553858,0.0005130694396373182,2.7727264706500797e-8,
0.004339980470249004,0.0005130611741149353,2.809181931794189e-8,
0.004339970443945828,0.0005130540806670585,2.811266427431728e-8,
0.004339946696263191,0.0005130734420844115,2.801925060900263e-8,
0.004339946596652198,0.0005131360253975057,2.7721741786486832e-8,
0.0043399204794525035,0.0005131303464134383,2.80601438418453e-8,
0.0043399123605429146,0.000513118295155857,2.7806092611352138e-8,
0.004339912314683979,0.0005128171230674677,2.9462168556765228e-8,
0.004339902488079614,0.0005127442059438169,2.7820750304547964e-8,
0.004339878839918067,0.0005127586364120166,2.7859759740396927e-8,
0.004339878772303904,0.0005127717298584518,2.774507636957377e-8,
0.004339853086519327,0.0005128567469768643,2.248287718920837e-8,
0.004339844983431749,0.0005128289202645891,2.008780436025892e-8,
0.004339844951603265,0.0005127807251756307,1.969303361304876e-8,
0.004339835388110607,0.0005127775065280706,1.969366277820482e-8,
0.004339811792109158,0.000513168062395993,1.9578407863068577e-8,
0.004339811714436753,0.0005132132370011268,1.9475868539683128e-8,
0.004339786000694521,0.0005132033354162103,1.9915805311342433e-8,
0.004339778100813197,0.000513192838276334,2.069801653263651e-8,
0.004339778070665373,0.0005131918042264793,1.9443134206600346e-8,
0.004339768909070221,0.0005131905035965081,1.9654268219217402e-8,
0.00433974596939738,0.0005131858855690329,2.0442122263045368e-8,
0.0043397458966237465,0.000513177841870633,1.9625549088856315e-8,
0.004339720876446982,0.0005131737821201687,1.958665628322435e-8,
0.004339713301571983,0.0005131696207900838,2.6248074914212978e-8,
0.004339713239714661,0.0005131685515444606,2.770219099169095e-8,
0.004339703681796881,0.0005131751509083458,2.7842786075429175e-8,
0.004339680120859241,0.0005131792399080646,3.0562723809189204e-8,
0.004339680006207297,0.0005131768661064661,2.7292900328510386e-8,
0.004339653828401167,0.0005131762174263168,2.738433536531242e-8,
0.004339646283105214,0.0005131722241092774,3.2115667640755706e-8,
0.004339646240173914,0.0005131658361576895,3.685044623179622e-8,
0.00433963715482642,0.0005131345995788298,3.8052354458565925e-8,
0.004339614146507558,0.0005131355414842091,1.0885577799004314e-7,
0.004339614064857103,0.0005132793071475477,4.594238897330299e-8,
0.00433958893464329,0.0005130401914281897,3.855874078937432e-8,
0.004339581578942874,0.0005132209030562393,3.7367012882485985e-8,
0.004339581538308908,0.000513230785296207,3.328496835022157e-8,
0.0043395728941959194,0.0005133245208281055,3.15407776200835e-8,
0.004339550738072277,0.0005133196136210115,2.663043033268961e-8,
0.004339550659916529,0.0005133760791959635,2.4923266088773016e-8,
0.0043395263943722204,0.0005133746379537288,2.3800839748697535e-8,
0.004339519371819808,0.0005133729020249834,2.3506379872272733e-8,
0.004339519318143315,0.000513374020412283,2.2109813762521662e-8,
0.004339510652940445,0.0005133740385552184,2.202906900443765e-8,
0.004339488458141867,0.0005133740755081373,2.234260477965033e-8,
0.004339488361754816,0.0005133664484842707,2.228189624420557e-8,
0.004339463636216585,0.000513368347824341,2.193897654698362e-8,
0.004339456690306945,0.0005133625944216656,2.6530769643575177e-8,
0.004339456633432162,0.0005133522713992366,2.7801857667425464e-8,
0.004339447934252392,0.0005133494196897391,2.722451452773634e-8,
0.004339425450154536,0.000513248556016649,4.3701147640183186e-8,
0.004339425349384821,0.0005130825708370407,5.367896099761429e-8,
0.004339400362016384,0.0005130166035230675,3.714113612680395e-8,
0.004339393493506423,0.0005130595307550023,3.928580774789108e-8,
0.004339393400498661,0.0005132808123490866,3.053430237545698e-8,
0.004339384238374482,0.0005127851552030902,3.039312926340244e-8,
0.004339360836817599,0.0005127571420431186,3.005113993492543e-8,
0.004339360697316302,0.0005127637892724801,3.083390673415991e-8,
0.004339334246411539,0.0005127615968515852,2.269513628825537e-8,
0.00433932727844199,0.000512726084316824,2.3356266128099932e-8,
0.004339327200449318,0.0005128628658061297,2.2843376679560517e-8,
0.004339318381387192,0.0005129619025800446,2.34009369575485e-8,
0.004339295432592419,0.0005129504172511953,2.3144955306135338e-8,
0.004339295300872895,0.000512945681816564,2.992941940199813e-8,
0.004339269438062069,0.0005129682597691097,2.9421227818292344e-8,
0.004339262669091189,0.0005129573666715269,2.4903085123632938e-8,
0.004339262589535555,0.0005129516867665989,2.5030860373792995e-8,
0.004339253849621031,0.000512968349122949,2.8296885485606194e-8,
0.004339230935923264,0.000513001240286232,2.6894742492431148e-8,
0.004339230785197794,0.0005130095586574976,2.6850067569461597e-8,
0.004339204601278776,0.0005130077327409432,2.9619803271789665e-8,
0.004339197934328463,0.0005130094086529823,2.9676921506265173e-8,
0.004339197865578383,0.0005130176674334418,2.4925651589193043e-8,
0.0043391895628219325,0.0005130010994087112,2.3183235332412385e-8,
0.004339167332629702,0.0005129916409808738,2.3026962225755912e-8,
0.004339167223714816,0.000513026272078215,2.3036079325708524e-8,
0.004339142270757401,0.000513039445759809,2.3815067045087888e-8,
0.004339135774871002,0.0005131148583675204,2.3332515192980667e-8,
0.004339135725072415,0.0005131183517704127,2.2961137670286225e-8,
0.004339127842834269,0.0005131050579673199,2.269495131840178e-8,
0.004339106011655093,0.000513067465929916,2.2629923960514858e-8,
0.0043391059526257025,0.0005130501949056767,2.2553458805204565e-8,
0.004339082174705321,0.0005130501681221625,2.3257589550452242e-8,
0.0043390757436431605,0.0005130529028983523,2.3078108253300952e-8,
0.004339075698937687,0.0005130568327898443,2.002451786762428e-8,
0.004339067769504959,0.0005130701624040529,2.017490893753668e-8,
0.004339045397592534,0.0005131219854651344,2.0133054868922905e-8,
0.0043390453253003254,0.000513071454070553,2.019308283339243e-8,
0.004339020663608719,0.0005130765888420513,2.0630944341263814e-8,
0.004339014204985003,0.000513146680442917,2.0204894646824912e-8,
0.004339014169955624,0.0005131686859840287,2.0277454741774134e-8,
0.004339006608165329,0.0005131659575557352,2.0233981203021143e-8,
0.004338984817735515,0.0005130901691715796,1.9992093985786802e-8,
0.004338984752118689,0.0005130823964142519,2.071080005724606e-8,
0.004338960832214199,0.0005130299670013479,2.0325470405122812e-8,
0.004338954634330125,0.0005130443956354148,2.0053670524689397e-8,
0.004338954573474332,0.0005130408476460045,2.052368130416909e-8,
0.004338946656285202,0.0005130343590382464,2.0033577505175525e-8,
0.004338924008491127,0.000513066525500961,2.0033387682323727e-8,
0.004338923912739701,0.0005130672248591363,2.0087114111608846e-8,
0.0043388986567315995,0.0005129977881423464,2.0060680048202657e-8,
0.004338892422880396,0.0005130076792112373,2.0742620137675187e-8,
0.004338892363091457,0.000513010036372809,2.0047599118354683e-8,
0.0043388845915184986,0.000513006238662729,2.006101782515396e-8,
0.004338862066361759,0.0005130168378642358,2.011343418633404e-8,
0.004338861970382602,0.0005130915885172699,2.0058386443884113e-8,
0.0043388368879506084,0.000513088504672983,2.003635907966824e-8,
0.0043388307970901345,0.0005130921648843582,2.0047029397983066e-8,
0.004338830730624486,0.000513191731568593,2.0041694597567755e-8,
0.0043388230597664465,0.0005133760325686445,2.0161482868933182e-8,
0.004338800751209398,0.0005131974227116801,2.051070093900021e-8,
0.00433880063153434,0.0005132356744131641,2.148713487514439e-8,
0.004338775417164961,0.0005132830989639289,2.002943630912589e-8,
0.004338769510714631,0.0005132963090687254,2.035227896496124e-8,
0.004338769445908991,0.0005126240970837655,2.0043183844999296e-8,
0.004338762029568104,0.0005125761456042642,2.0018124634048856e-8,
0.0043387401824016856,0.0005125757466790877,2.077218729949417e-8,
0.00433874006833315,0.0005125774547473985,2.003765342636396e-8,
0.004338715311525152,0.0005125819998934593,2.0005546703856293e-8,
0.004338709584021765,0.0005125794329177955,6.58035593606454e-8,
0.004338709517194777,0.0005125572500405409,2.3295216496071437e-8,
0.004338702363103027,0.000512500353054012,2.3779901070544097e-8,
0.0043386810569964246,0.0005124848902568637,2.3753879088039986e-8,
0.004338680955986934,0.0005123936281346467,2.4750216707057728e-8,
0.004338657002193738,0.0005123684675336214,2.362505572521654e-8,
0.004338651456604201,0.0005123359487670962,2.334909569365624e-8,
0.0043386514037289095,0.0005123273785504016,2.4382133499251353e-8,
0.004338644586082159,0.0005123270793631853,2.3296004873674936e-8,
0.004338624026928141,0.0005123279773180212,2.3345753416281833e-8,
0.004338623916259676,0.000512329160576593,2.324489750573457e-8,
0.004338600755116531,0.000512288682092237,2.416520052026808e-8,
0.0043385955280779934,0.000512234374967242,2.4176813083906173e-8,
0.0043385954594656,0.0005122377640996701,2.5528608596914567e-8,
0.004338588906610191,0.0005122151911378419,2.4146038986507264e-8,
0.004338569007332367,0.0005122258784893732,2.4357337227301406e-8,
0.004338568929176884,0.0005122532301181571,2.469381417418187e-8,
0.0043385466862938035,0.0005122663246532397,2.4155217314027463e-8,
0.004338541573069939,0.0005123418990517249,2.427516742901246e-8,
0.004338541490969213,0.0005123361813713737,2.4567394040433744e-8,
0.004338534773294454,0.0005123205448153585,2.4236166791163977e-8,
0.004338514586296124,0.0005123199792635661,2.4239094919160823e-8,
0.00433851445209615,0.0005123238767178995,2.4225503892026793e-8,
0.00433849124142341,0.0005123293462657434,2.432289809080941e-8,
0.004338486234982748,0.0005123951000361105,2.503262492835933e-8,
0.004338486156153974,0.0005123692821853436,2.437679422053863e-8,
0.004338479526477788,0.0005124610612020515,2.440679087899733e-8,
0.004338459124935236,0.0005124977569237936,2.4413549504495975e-8,
0.0043384590277351625,0.0005124989076632226,2.431696097743982e-8,
0.004338435952155128,0.0005124995947833858,2.430056655238555e-8,
0.004338430876004356,0.0005124538966503123,2.5541557821308738e-8,
0.004338430789502299,0.0005123695302900666,2.4840245379471867e-8,
0.004338424042578286,0.0005124929550433118,2.472790328507674e-8,
0.004338403124249873,0.0005123721730033722,2.484804837119136e-8,
0.0043384030193075775,0.0005122418148705043,2.445042502884693e-8,
0.004338379339474673,0.0005122461699757089,2.4527602144797614e-8,
0.004338374237917871,0.0005122971113494285,2.4903541207560522e-8,
0.004338374160222116,0.0005123277108459844,2.439470482309692e-8,
0.004338367556990722,0.0005123512516653361,2.461221121605804e-8,
0.004338346638641369,0.0005123628577666487,2.4300788795260655e-8,
0.004338346548574438,0.0005123522511241092,2.4295472861950543e-8,
0.004338323028179842,0.0005123344318601502,2.4380571442104675e-8,
0.004338317934794275,0.0005123260652766543,2.4407749238804858e-8,
0.004338317878538305,0.0005123004118301095,2.4197793472476218e-8,
0.004338311447358965,0.0005122274710034814,2.4325094178371022e-8,
0.004338290433765982,0.0005121814909499169,2.4933164398134862e-8,
0.004338290359080475,0.0005118977555186602,2.483072952968588e-8,
0.004338266961266768,0.0005118990843576222,2.4207274211401495e-8,
0.004338261884060688,0.000511874049431152,2.4238931548450707e-8,
0.004338261832329758,0.0005118179316421279,2.4812098439183164e-8,
0.004338255478717247,0.0005118811569778163,2.4651604736486887e-8,
0.004338234387621808,0.000511895146266074,2.4271798821201548e-8,
0.004338234299213969,0.0005119153293813532,2.4673438232064623e-8,
0.00433821063250952,0.0005119689019058447,2.435185538462462e-8,
0.004338205672670426,0.0005119544467926556,2.4660379278233176e-8,
0.0043382056172943,0.0005119118070775575,2.4255972197302508e-8,
0.004338199437303474,0.0005118814457665806,2.4298729112705735e-8,
0.004338178692460275,0.0005118203820025638,2.4235531555477618e-8,
0.004338178603554481,0.0005115777035292013,2.4300328272827504e-8,
0.004338155189394637,0.0005115818920269181,2.4232029578872653e-8,
0.004338150385716234,0.0005115887191664718,2.4257578300637823e-8,
0.004338150285834627,0.0005115783529401184,2.4410919473958255e-8,
0.004338143678896062,0.00051156842272335,2.5188786589218034e-8,
0.004338121797996467,0.0005115607554826215,2.423293648027476e-8,
0.004338121669834696,0.0005116388294448439,2.4183303872693727e-8,
0.004338096545570649,0.0005115477492235466,2.4018536108818633e-8,
0.004338091703062254,0.0005115695274998817,2.3994271108518063e-8,
0.0043380915872796525,0.00051158488699271,2.3704560496772795e-8,
0.00433808490861779,0.0005115778141612141,2.4002969730687142e-8,
0.004338062587832236,0.0005115993166140401,2.4085156118098393e-8,
0.004338062431020693,0.0005118813013510804,2.3767799521161066e-8,
0.004338036397435646,0.0005118791598220667,2.4005974406091072e-8,
0.004338031630315274,0.0005118288365372996,2.3705728355316408e-8,
0.004338031452847802,0.0005118325024246307,2.370370185893696e-8,
0.0043380244008657965,0.0005118325675696224,2.3689322349319598e-8,
0.004338001120397267,0.0005118347899584832,2.3540464796783383e-8,
0.004338000848960998,0.0005118429790626986,2.4188774725986777e-8,
0.004337972612615048,0.0005118479951971664,2.3552997741311938e-8,
0.004337968001518106,0.0005118456281298831,2.3971302896881634e-8,
0.004337967787483362,0.0005119889676753097,2.4273373169094102e-8,
0.0043379607203957345,0.0005118994914068471,2.3582456061639817e-8,
0.004337937386702249,0.0005118957477164784,2.353687707048711e-8,
0.004337937069138066,0.0005119024073974614,2.3612279582852188e-8,
0.004337908404360882,0.0005119057962971835,2.3891163413677906e-8,
0.004337903976408922,0.0005119856856485048,2.3784733243110174e-8,
0.004337903742430676,0.0005121392804826576,2.353359934991767e-8,
0.004337896885295697,0.0005121365402891843,2.3329859471638214e-8,
0.004337873958000077,0.0005121367301725338,2.3325544924911264e-8,
0.0043378737347600504,0.0005121400689800351,2.327707427238686e-8,
0.004337846242760177,0.0005121350117436212,2.332051589751255e-8,
0.004337841790143218,0.0005121380344883815,2.53257202886443e-8,
0.004337841620194672,0.0005121419479311207,2.3538892195019974e-8,
0.004337835089776061,0.0005121447456589298,2.3522987861045308e-8,
0.004337812302074675,0.0005121463824089515,2.3313082674722403e-8,
0.004337811992123132,0.0005121408269319977,2.4064469788095148e-8,
0.004337783734778925,0.0005121458771838986,2.3794182839219644e-8,
0.004337779579343371,0.0005121500900819885,2.333863807002182e-8,
0.004337779486187862,0.0005121528524178033,2.329423807217006e-8,
0.00433777410097423,0.0005121604724920904,2.3718100875008583e-8,
0.0043377541342460935,0.0005121908956038867,2.404136897144229e-8,
0.004337754027269495,0.0005121265541905066,2.3315776068974012e-8,
0.004337730936574453,0.0005121195104545455,2.3287191324780937e-8,
0.004337726995676305,0.0005121186028045402,2.3468562278660445e-8,
0.00433772691274367,0.0005121182567853403,2.346848776334919e-8,
0.004337721684893917,0.0005121187147174755,2.3498507291082974e-8,
0.004337701831200808,0.0005121273496806526,2.3327763307980547e-8,
0.004337701698824014,0.0005121297006836097,2.3352927704911695e-8,
0.0043376785339604785,0.0005121351570131176,2.3470979132170027e-8,
0.004337674794352341,0.0005121539198933892,2.3418606242571005e-8,
0.0043376746838555925,0.000512133330353222,2.385869918610168e-8,
0.004337669492389111,0.0005121324004452266,2.5363073196775177e-8,
0.004337649701256633,0.0005121328157173998,2.3288681006986508e-8,
0.004337649591659718,0.0005121258186568993,2.4901457232728416e-8,
0.004337626701467129,0.0005121563909059353,2.322877925080311e-8,
0.004337622993835838,0.0005120603492343416,2.3169022414709268e-8,
0.004337622869053487,0.0005120645074323812,2.3433977990112147e-8,
0.004337617578091365,0.0005110802099366391,2.3340967037254967e-8,
0.0043375971657983355,0.000511077498381657,2.332527557390076e-8,
0.004337596975004185,0.0005110772362427965,2.4036514720839196e-8,
0.004337572357451968,0.0005110754159765636,2.317627573855829e-8,
0.0043375688185310415,0.0005110787547701049,2.348807124095846e-8,
0.004337568647764741,0.0005110926121478072,2.3238500833596275e-8,
0.004337563355370683,0.0005110740291146866,2.4091494801611678e-8,
0.004337542940068643,0.000511043637087936,2.357189257881912e-8,
0.004337542780237634,0.0005110148039216046,2.382586105309302e-8,
0.004337518513073875,0.0005111712524463586,2.3459208023213142e-8,
0.004337514997082802,0.0005117179866684424,2.3285864701393947e-8,
0.004337514894441358,0.0005115930918722129,2.314792881155841e-8,
0.00433751004045674,0.0005115574742450084,2.31478954099705e-8,
0.004337490356206101,0.0005115093821897273,2.321939991250618e-8,
0.004337490151889133,0.0005114906674502771,2.3186915022627824e-8,
0.00433746616866361,0.00051153050338514,2.355583501803053e-8,
0.004337462970658349,0.0005115292265992409,2.3464719914951032e-8,
0.004337462698686172,0.0005115210898396669,2.321069844082955e-8,
0.004337457453627621,0.0005115412189058408,2.333933797934038e-8,
0.004337437408557619,0.0005115371241854294,2.3182434420675133e-8,
0.004337437031926966,0.0005115290320373836,2.315741079998379e-8,
0.004337410987923101,0.0005112432586907503,2.3242706818291896e-8,
0.00433740806865977,0.000510776455774084,2.3960766445986342e-8,
0.004337407771438628,0.0005091770345688462,2.3146287816182402e-8,
0.004337402794332885,0.0005097859949959256,2.3388858992017886e-8,
0.0043373839100425,0.0005094396259621436,2.3180523594244505e-8,
0.004337383435069455,0.0005088826170719523,2.3265821365899622e-8,
0.004337357986106333,0.0005083401335925641,2.414686182654498e-8,
0.004337355431803422,0.0005081803000470949,2.324766803285724e-8,
0.0043373551445967905,0.0005080952125945872,2.3451451575659924e-8,
0.00433735084231792,0.0005080318662748154,2.3946277259539564e-8,
0.004337334379017302,0.0005080603561509292,2.3271597919365285e-8,
0.004337334138220741,0.0005080122213628551,2.3195687433762182e-8,
0.0043373132333576385,0.0005079591515185262,2.3374782961982355e-8,
0.004337310788918287,0.0005079610927990396,2.317046507376535e-8,
0.00433731049930938,0.0005079323521133478,2.3581981104914424e-8,
0.0043373062603927265,0.0005079537136291319,2.3198946275643782e-8,
0.004337289665323675,0.000507958657911167,2.3187582987949244e-8,
0.004337289507253291,0.0005078799663456325,2.324120093046749e-8,
0.004337269272967511,0.0005078708152545489,2.3195889552217372e-8,
0.004337266704313692,0.0005078846679902977,2.379145486370741e-8,
0.00433726649724001,0.0005080457390938866,2.3147273541559862e-8,
0.004337262366872058,0.0005082572487450347,2.3573580692385796e-8,
0.004337245521279802,0.0005088976815964762,2.3159060985688646e-8,
0.004337245285479113,0.0005088690430358438,2.3499502002758256e-8,
0.00433722396003148,0.0005088515306403107,2.429501484583479e-8,
0.004337221539600345,0.0005088379802814847,2.3543993173912768e-8,
0.004337221217694203,0.0005088840526196475,2.3392645756261246e-8,
0.004337217043192083,0.0005089363616935053,2.350406033687849e-8,
0.00433720074300626,0.000508858027259952,2.390033273456239e-8,
0.004337200448534486,0.0005088304810234311,2.347910063311959e-8,
0.004337179034606348,0.0005088271843105946,2.315001983796544e-8,
0.004337176764317451,0.0005088136292315915,2.334125083437294e-8,
0.004337176503393812,0.0005087925754102705,2.3128022499052388e-8,
0.00433717262560942,0.0005087947046711473,2.3108210093974936e-8,
0.004337156856268521,0.000508982742000307,2.422485289083012e-8,
0.004337156681699744,0.0005087819495272238,2.310502550065909e-8,
0.004337137170732515,0.0005087817688918874,2.317729030631991e-8,
0.004337134872355175,0.00050878231013403,2.3407151959667393e-8,
0.004337134592656883,0.0005087680371840322,2.3276275268844523e-8,
0.004337130567971439,0.0005087679044537973,2.342408420072105e-8,
0.0043371141613191225,0.0005087682503542969,2.3079663194642372e-8,
0.0043371138776285055,0.0005087817383445817,2.335284222305349e-8,
0.004337092231252968,0.0005087856766345186,2.391325953276231e-8,
0.004337089999977011,0.0005087861076897972,2.3192233203603856e-8,
0.0043370896735514,0.0005087903484932748,2.317719744537696e-8,
0.00433708578912178,0.0005088113684270755,2.3190533083317667e-8,
0.004337070293271439,0.0005089570663809174,2.3162791202242973e-8,
0.00433706995461223,0.0005090670212947152,2.3867439066181598e-8,
0.0043370488313498245,0.0005088131848313243,2.302671564986495e-8,
0.004337046813143112,0.0005087867598671424,2.3422941891902905e-8,
0.004337046353005656,0.000508785494459724,2.3389645355975118e-8,
0.004337042212243796,0.0005088510911153257,2.3297157947779467e-8,
0.004337026155530247,0.0005087834010736752,2.3371478583109113e-8,
0.004337025733873587,0.0005089831630776345,2.3363087272961496e-8,
0.004337003261603922,0.0005089853706168365,2.3343205401305273e-8,
0.004337001283355961,0.0005089772494728946,2.3374213029308286e-8,
0.00433700077926626,0.0005086516302378231,2.3900720164646685e-8,
0.0043369965307900145,0.0005085351491052962,2.340818183614292e-8,
0.004336979870227261,0.0005083892509781896,2.3308145209803297e-8,
0.004336979469791339,0.00050843894504875,2.34276733054211e-8,
0.004336956469728623,0.0005084108461698491,2.328898532324724e-8,
0.004336954440983134,0.0005099770181469449,2.4997301137454153e-8,
0.004336954097027106,0.0005096672534930945,2.3389882318143654e-8,
0.004336950311317154,0.0005096949401201335,2.3718628772069158e-8,
0.004336934529244451,0.000509264342210478,2.3178763057399392e-8,
0.0043369342028044275,0.0005091359294992412,2.3357155738339994e-8,
0.004336912776013693,0.0005089876487695623,2.4259225073384898e-8,
0.004336910845839139,0.0005141771586176807,2.331880230387515e-8,
0.004336910317817862,0.0005078546811951144,2.3655124947682103e-8,
0.004336906235205611,0.000507718962299951,2.3334694335157784e-8,
0.004336889751595013,0.000507720792340061,2.3893039617481698e-8,
0.004336889313573726,0.0005077137025980327,2.3232675432006976e-8,
0.004336865993456571,0.0005076628507829534,2.3403956426071285e-8,
0.004336864135559113,0.0005077177785423916,2.322245925512502e-8,
0.004336863570219496,0.000507707275119972,2.372113671876211e-8,
0.004336859545233193,0.0005077010415307017,2.3431412938208466e-8,
0.004336843131361476,0.0005077000543298749,2.3288405601518538e-8,
0.004336842695304326,0.0005076507523663741,2.3178214144965172e-8,
0.004336819463596037,0.0005076926366804629,2.323587445426182e-8,
0.004336817671773967,0.000507654503851523,2.3252750524212964e-8,
0.004336816471205532,0.0005078552217860009,2.345593498250905e-8,
0.004336811221132616,0.0005078648372095802,2.4133494566378917e-8,
0.004336791456096427,0.0005466073175488417,2.3245321217982073e-8,
0.004336790369384587,0.0005197674465409557,2.3571715633869916e-8,
0.004336758251941259,0.0005172269357762287,2.3624640626804966e-8,
0.004336756605596732,0.0005161524095396298,2.3226850950464748e-8,
0.004336754894564094,0.0005148627345043853,2.330780489165737e-8,
0.004336749190060886,0.0005765606902901117,2.3301698729388083e-8,
0.004336728592504067,0.0005417476818634755,2.42990510849702e-8,
0.004336727312106228,0.0005380035721899911,2.3226854154192237e-8,
0.004336692942803191,0.000847838744053051,2.3265821706649764e-8,
0.004336691389080777,0.0007754788561747532,2.32987214958721e-8,
0.004336689171910883,0.0007378266831353994,2.324605019154332e-8,
0.0043366830774971485,0.0007181868983214672,2.3632044094933054e-8,
0.004336661539686645,0.0007480170461234319,2.3520794274445623e-8,
0.004336660252267456,0.0007753770880904411,2.3401679315071987e-8,
0.004336624160280447,0.0007633835535285061,2.3781059343711966e-8,
0.0043366225412065,0.0007724959601868906,2.3303938153967146e-8,
0.004336621921981372,0.0007656930513007671,2.3381195351889457e-8,
